OBJECTID,INCKEY,COLDETKEY,REPORTNO,STATUS,ADDRTYPE,INTKEY,LOCATION,EXCEPTRSNC,EXCEPTRSND,SEVERITYCO,SEVERITYDE,COLLISIONT,PERSONCOUN,PEDCOUNT,PEDCYLCOUN,VEHCOUNT,INJURIES,SERIOUSINJ,FATALITIES,INCDATE,INCDTTM,JUNCTIONTY,SDOT_COLCO,SDOT_COLDE,INATTENTIO,UNDERINFL,WEATHER,ROADCOND,LIGHTCOND,PEDROWNOTG,SDOTCOLNUM,SPEEDING,ST_COLCODE,ST_COLDESC,SEGLANEKEY,CROSSWALKK,HITPARKEDC,geometry,near_str_index,min_length,weather_group
2989,16729,16729,3551423,Matched,Block,,NE 47TH ST BETWEEN 24TH AVE NE AND 25TH AVE NE,,,1,Property Damage Only Collision,Cycles,2,0,1,1,0,0,0,2013-04-08T00:00:00.000Z,4/8/2013 2:36:00 PM,Mid-Block (but intersection related),18,"MOTOR VEHICLE STRUCK PEDALCYCLIST, FRONT END AT ANGLE",,N,Overcast,Dry,Daylight,,,,45.0,Vehicle - Pedalcyclist,0,0,N,POINT (1278714.9036742 245342.8177112788),11332.0,1.3043565298019258e-05,Overcast
3142,16776,16776,3562743,Matched,Block,,1ST AVE S BETWEEN S MAIN ST AND S JACKSON ST,,,2,Injury Collision,Cycles,2,0,1,1,1,0,0,2013-04-11T00:00:00.000Z,4/11/2013 2:09:00 PM,Mid-Block (not related to intersection),18,"MOTOR VEHICLE STRUCK PEDALCYCLIST, FRONT END AT ANGLE",,N,Raining,Wet,Daylight,Y,,,45.0,Vehicle - Pedalcyclist,36127,0,N,POINT (1270153.443825439 222335.9730157256),15986.0,2.486473257438164e-05,Raining
3269,16663,16663,3645768,Matched,Intersection,30192.0,18TH AVE AND E JEFFERSON ST,NEI,"Not Enough Information, or Insufficient Location Information",1,Property Damage Only Collision,Cycles,2,0,1,1,0,0,0,2013-04-08T00:00:00.000Z,4/8/2013 5:40:00 PM,At Intersection (intersection related),0,NOT ENOUGH INFORMATION / NOT APPLICABLE,,N,Unknown,Unknown,Daylight,,,,45.0,Vehicle - Pedalcyclist,10022,0,N,POINT (1276426.313527852 224602.1469700485),6861.0,0.0,
3288,16494,16494,3597407,Matched,Intersection,37899.0,35TH AVE NE AND NE 95TH ST,,,2,Injury Collision,Cycles,2,0,1,1,1,0,0,2013-04-03T00:00:00.000Z,4/3/2013 1:40:00 PM,At Intersection (intersection related),18,"MOTOR VEHICLE STRUCK PEDALCYCLIST, FRONT END AT ANGLE",,N,Clear or Partly Cloudy,Dry,Daylight,Y,,,45.0,Vehicle - Pedalcyclist,0,524610,N,POINT (1281597.667389154 257808.669372052),11780.0,0.0,Clear or Partly Cloudy
3308,16969,16969,1213255,Matched,Intersection,28050.0,1ST AVE N AND FLORENTIA ST,,,2b,Serious Injury Collision,Cycles,3,0,1,1,1,1,0,2004-08-11T00:00:00.000Z,8/11/2004 6:35:00 PM,At Intersection (intersection related),18,"MOTOR VEHICLE STRUCK PEDALCYCLIST, FRONT END AT ANGLE",,0,Clear or Partly Cloudy,Dry,Daylight,,4224038.0,,45.0,Vehicle - Pedalcyclist,0,0,N,POINT (1265229.690924391 239674.7869854867),2274.0,0.0,Clear or Partly Cloudy
3344,16977,16977,1482733,Matched,Block,,2ND AVE BETWEEN PINE ST AND STEWART ST,,,2b,Serious Injury Collision,Cycles,2,0,1,1,1,1,0,2004-12-02T00:00:00.000Z,12/2/2004,Mid-Block (not related to intersection),54,PEDALCYCLIST STRUCK MOTOR VEHICLE REAR END,,0,Clear or Partly Cloudy,Dry,Daylight,,4337020.0,,45.0,Vehicle - Pedalcyclist,0,0,N,POINT (1268766.583536014 226374.9470998645),10130.0,2.7192938257903273e-05,Clear or Partly Cloudy
3445,17291,17291,1472875,Matched,Intersection,29253.0,28TH AVE E AND E MADISON ST,,,2,Injury Collision,Cycles,2,0,1,1,1,0,0,2004-06-10T00:00:00.000Z,6/10/2004 5:06:00 PM,At Intersection (intersection related),18,"MOTOR VEHICLE STRUCK PEDALCYCLIST, FRONT END AT ANGLE",,0,Clear or Partly Cloudy,Dry,Daylight,Y,4162021.0,,45.0,Vehicle - Pedalcyclist,0,0,N,POINT (1279691.762491196 230853.6022084504),6879.0,0.0,Clear or Partly Cloudy
3463,17149,17149,1782185,Matched,Intersection,36606.0,25TH AVE NE AND NE 125TH ST,,,2,Injury Collision,Cycles,2,0,1,1,1,0,0,2004-06-21T00:00:00.000Z,6/21/2004 3:06:00 PM,At Intersection (intersection related),18,"MOTOR VEHICLE STRUCK PEDALCYCLIST, FRONT END AT ANGLE",,0,Clear or Partly Cloudy,Dry,Daylight,Y,4173012.0,,45.0,Vehicle - Pedalcyclist,0,0,N,POINT (1278959.356474444 265833.1030442715),1360.0,0.0,Clear or Partly Cloudy
3531,17170,17170,1793707,Matched,Intersection,25393.0,15TH AVE NW AND NW 61ST ST,,,2,Injury Collision,Cycles,2,0,1,1,1,0,0,2004-05-27T00:00:00.000Z,5/27/2004 8:15:00 PM,At Intersection (intersection related),18,"MOTOR VEHICLE STRUCK PEDALCYCLIST, FRONT END AT ANGLE",,0,Raining,Wet,Dusk,Y,4148045.0,,45.0,Vehicle - Pedalcyclist,0,0,N,POINT (1260324.484647363 249332.334003374),12827.0,0.0,Raining
3577,17448,17448,1795026,Matched,Block,,40TH AVE NE BETWEEN NE 73RD N ST AND NE 75TH ST,,,1,Property Damage Only Collision,Cycles,2,0,1,1,0,0,0,2004-09-19T00:00:00.000Z,9/19/2004 3:01:00 PM,Mid-Block (not related to intersection),21,"MOTOR VEHICLE STRUCK PEDALCYCLIST, REAR END",,1,Clear or Partly Cloudy,Dry,Daylight,Y,4263009.0,,45.0,Vehicle - Pedalcyclist,0,0,N,POINT (1282826.852862418 252273.6701343805),412.0,7.246340476086676e-06,Clear or Partly Cloudy
3783,17612,17612,1772159,Matched,Intersection,29922.0,BOREN AVE AND MARION ST,,,1,Property Damage Only Collision,Cycles,2,0,1,1,0,0,0,2004-06-15T00:00:00.000Z,6/15/2004 8:15:00 AM,At Intersection (intersection related),18,"MOTOR VEHICLE STRUCK PEDALCYCLIST, FRONT END AT ANGLE",,0,Clear or Partly Cloudy,Dry,Daylight,Y,4167029.0,,45.0,Vehicle - Pedalcyclist,0,0,N,POINT (1272609.620787948 225571.2106510401),3654.0,0.0,Clear or Partly Cloudy
3896,17535,17535,1771605,Matched,Block,,BEACON AVE S BETWEEN S HANFORD ST AND S HORTON ST,,,2,Injury Collision,Cycles,2,0,1,1,1,0,0,2004-05-12T00:00:00.000Z,5/12/2004 5:17:00 PM,Mid-Block (not related to intersection),51,PEDALCYCLIST STRUCK MOTOR VEHICLE FRONT END AT ANGLE,,0,Clear or Partly Cloudy,Dry,Daylight,,4133006.0,,45.0,Vehicle - Pedalcyclist,0,0,N,POINT (1276176.738871604 213077.3132942468),3361.0,7.324608281073104e-09,Clear or Partly Cloudy
3937,17129,17129,1798936,Matched,Block,,BOREN AVE BETWEEN E FIR ST AND E ALDER ST,,,2,Injury Collision,Cycles,2,0,1,1,1,0,0,2004-09-03T00:00:00.000Z,9/3/2004,Mid-Block (not related to intersection),18,"MOTOR VEHICLE STRUCK PEDALCYCLIST, FRONT END AT ANGLE",,0,Clear or Partly Cloudy,Dry,Dark - Street Lights On,,4247008.0,,45.0,Vehicle - Pedalcyclist,0,0,N,POINT (1273750.779701114 223688.6916091144),3389.0,4.977467696869214e-06,Clear or Partly Cloudy
3951,18118,18118,1773848,Matched,Intersection,25188.0,BALLARD BR ON RP AND NW BALLARD WAY,,,2,Injury Collision,Cycles,2,0,1,1,1,0,0,2004-08-11T00:00:00.000Z,8/11/2004 11:41:00 AM,At Intersection (intersection related),18,"MOTOR VEHICLE STRUCK PEDALCYCLIST, FRONT END AT ANGLE",,0,Clear or Partly Cloudy,Dry,Daylight,,4224045.0,,45.0,Vehicle - Pedalcyclist,0,0,N,POINT (1260223.177255273 245629.7258715779),1660.0,0.0,Clear or Partly Cloudy
3962,17545,17545,1777048,Matched,Intersection,30542.0,6TH AVE S AND S DEARBORN ST,,,2,Injury Collision,Cycles,1,0,1,0,1,0,0,2004-06-17T00:00:00.000Z,6/17/2004 11:12:00 AM,At Intersection (intersection related),51,PEDALCYCLIST STRUCK MOTOR VEHICLE FRONT END AT ANGLE,,0,Clear or Partly Cloudy,Dry,Daylight,,4169017.0,,45.0,Vehicle - Pedalcyclist,0,0,N,POINT (1272053.794867381 220916.7845342755),4454.0,0.0,Clear or Partly Cloudy
4181,18024,18024,1777584,Matched,Intersection,29619.0,MADISON ST AND WESTERN AVE,,,2,Injury Collision,Cycles,5,0,1,1,1,0,0,2004-08-28T00:00:00.000Z,8/28/2004 3:41:00 PM,At Intersection (intersection related),51,PEDALCYCLIST STRUCK MOTOR VEHICLE FRONT END AT ANGLE,,0,Clear or Partly Cloudy,Dry,Daylight,,4241006.0,,45.0,Vehicle - Pedalcyclist,0,0,N,POINT (1269406.242608666 224030.3988734633),6761.0,0.0,Clear or Partly Cloudy
4184,17747,17747,1787962,Matched,Block,,14TH AVE S BETWEEN S COLLEGE ST AND BEACON AVE S,,,2b,Serious Injury Collision,Cycles,2,0,1,1,1,1,0,2004-07-01T00:00:00.000Z,7/1/2004,Driveway Junction,18,"MOTOR VEHICLE STRUCK PEDALCYCLIST, FRONT END AT ANGLE",Y,0,Overcast,Dry,Daylight,,4183021.0,,45.0,Vehicle - Pedalcyclist,0,0,N,POINT (1274838.711926237 215970.8453932106),10824.0,1.4673360793660886e-05,Overcast
4190,17741,17741,1217005,Matched,Intersection,30145.0,19TH AVE AND E UNION ST,,,2,Injury Collision,Cycles,2,0,1,1,1,0,0,2004-08-18T00:00:00.000Z,8/18/2004 5:07:00 PM,At Intersection (intersection related),18,"MOTOR VEHICLE STRUCK PEDALCYCLIST, FRONT END AT ANGLE",,0,Clear or Partly Cloudy,Dry,Daylight,,4231018.0,,45.0,Vehicle - Pedalcyclist,0,0,N,POINT (1276827.780664265 227049.1508765519),126.0,0.0,Clear or Partly Cloudy
4217,18037,18037,1216773,Matched,Block,,E MADISON ST BETWEEN LAKE WASHINGTON BLVD E AND 32ND AVE E,,,2,Injury Collision,Cycles,3,0,1,1,1,0,0,2004-08-04T00:00:00.000Z,8/4/2004,Mid-Block (not related to intersection),56,PEDALCYCLIST STRUCK MOTOR VEHICLE LEFT SIDE SIDESWIPE,,0,Clear or Partly Cloudy,Dry,Daylight,Y,4217030.0,,45.0,Vehicle - Pedalcyclist,0,0,N,POINT (1280822.949180365 231945.5932495743),18101.0,4.1918109452514015e-06,Clear or Partly Cloudy
4252,18190,18190,1772885,Matched,Intersection,33710.0,LAKE WASHINGTON BLVD S AND S ORCAS ST,,,2,Injury Collision,Cycles,2,0,1,1,1,0,0,2004-05-17T00:00:00.000Z,5/17/2004 6:49:00 PM,At Intersection (intersection related),18,"MOTOR VEHICLE STRUCK PEDALCYCLIST, FRONT END AT ANGLE",Y,0,Clear or Partly Cloudy,Dry,Daylight,Y,4138008.0,,45.0,Vehicle - Pedalcyclist,0,0,N,POINT (1288286.985796005 204269.0295092314),17297.0,0.0,Clear or Partly Cloudy
4335,18181,18181,1774719,Matched,Intersection,36655.0,LAKE CITY WAY NE AND NE 115TH ST,,,1,Property Damage Only Collision,Cycles,2,0,1,1,0,0,0,2004-05-20T00:00:00.000Z,5/20/2004 8:50:00 AM,At Intersection (intersection related),18,"MOTOR VEHICLE STRUCK PEDALCYCLIST, FRONT END AT ANGLE",,0,Overcast,Dry,Daylight,Y,4141022.0,,45.0,Vehicle - Pedalcyclist,0,0,N,POINT (1279487.867450997 263169.9911055416),787.0,0.0,Overcast
4364,18075,18075,1781887,Matched,Intersection,25790.0,11TH AVE NE AND NE 50TH ST,,,1,Property Damage Only Collision,Cycles,2,0,1,1,0,0,0,2004-10-12T00:00:00.000Z,10/12/2004 5:58:00 PM,At Intersection (intersection related),18,"MOTOR VEHICLE STRUCK PEDALCYCLIST, FRONT END AT ANGLE",,0,Clear or Partly Cloudy,Dry,Dusk,,4286032.0,,45.0,Vehicle - Pedalcyclist,0,0,N,POINT (1275016.001590416 246065.9995360225),7253.0,0.0,Clear or Partly Cloudy
4398,17946,17946,1321791,Matched,Block,,PINE ST BETWEEN BOREN AVE AND MINOR AVE,,,2,Injury Collision,Cycles,2,0,1,1,1,0,0,2004-08-22T00:00:00.000Z,8/22/2004 10:08:00 PM,Mid-Block (not related to intersection),18,"MOTOR VEHICLE STRUCK PEDALCYCLIST, FRONT END AT ANGLE",,0,Raining,Wet,Dark - Street Lights On,,4235015.0,,45.0,Vehicle - Pedalcyclist,0,0,N,POINT (1271473.77195479 227805.7726373225),22554.0,2.3332869507233626e-05,Raining
4512,18099,18099,1794103,Matched,Block,,NE 45TH ST BETWEEN U VILLAGE DR AND NE 45TH PL,,,1,Property Damage Only Collision,Cycles,2,0,1,1,0,0,0,2004-08-30T00:00:00.000Z,8/30/2004 2:50:00 PM,Driveway Junction,18,"MOTOR VEHICLE STRUCK PEDALCYCLIST, FRONT END AT ANGLE",,0,Clear or Partly Cloudy,Dry,Daylight,Y,4243002.0,,45.0,Vehicle - Pedalcyclist,0,0,N,POINT (1280304.947131827 244621.4339025468),9520.0,3.0031165339074816e-05,Clear or Partly Cloudy
4536,18403,18403,1790777,Matched,Intersection,32134.0,28TH AVE SW AND SW YANCY ST,,,2b,Serious Injury Collision,Cycles,2,0,1,1,2,1,0,2004-08-31T00:00:00.000Z,8/31/2004 1:51:00 PM,At Intersection (intersection related),51,PEDALCYCLIST STRUCK MOTOR VEHICLE FRONT END AT ANGLE,,0,Clear or Partly Cloudy,Dry,Daylight,,4244003.0,,45.0,Vehicle - Pedalcyclist,0,0,N,POINT (1261557.258536637 210826.6348919421),5428.0,0.0,Clear or Partly Cloudy
4665,18437,18437,1789748,Matched,Block,,15TH AVE E BETWEEN E DENNY WAY AND E JOHN SR ST,,,2,Injury Collision,Cycles,2,0,1,1,1,0,0,2004-09-28T00:00:00.000Z,9/28/2004 9:01:00 AM,Mid-Block (not related to intersection),56,PEDALCYCLIST STRUCK MOTOR VEHICLE LEFT SIDE SIDESWIPE,,0,Overcast,Dry,Daylight,,4272032.0,,45.0,Vehicle - Pedalcyclist,0,0,N,POINT (1275581.875254989 229332.3000628948),18616.0,2.400357292368956e-05,Overcast
4800,18592,18592,1798902,Matched,Block,,E OLIVE WAY BETWEEN HARVARD AVE E AND BROADWAY E,,,2,Injury Collision,Cycles,4,0,1,1,1,0,0,2004-08-20T00:00:00.000Z,8/20/2004 6:00:00 PM,Driveway Junction,51,PEDALCYCLIST STRUCK MOTOR VEHICLE FRONT END AT ANGLE,,0,Clear or Partly Cloudy,Dry,Daylight,,4233007.0,Y,45.0,Vehicle - Pedalcyclist,0,0,N,POINT (1273416.125492781 229670.3703352362),13843.0,6.516428281786797e-11,Clear or Partly Cloudy
4824,18467,18467,1786942,Matched,Intersection,28258.0,10TH AVE E AND E NEWTON ST,,,2,Injury Collision,Cycles,2,0,1,1,1,0,0,2004-01-11T00:00:00.000Z,1/11/2004 3:51:00 PM,At Intersection (intersection related),18,"MOTOR VEHICLE STRUCK PEDALCYCLIST, FRONT END AT ANGLE",,0,Clear or Partly Cloudy,Dry,Daylight,Y,4011003.0,,45.0,Vehicle - Pedalcyclist,0,0,N,POINT (1273898.280501276 235990.4813177139),9849.0,0.0,Clear or Partly Cloudy
4828,18335,18335,1794345,Matched,Intersection,25213.0,28TH AVE NW AND NW 59TH ST,,,2b,Serious Injury Collision,Cycles,2,0,1,1,1,1,0,2004-09-09T00:00:00.000Z,9/9/2004,At Intersection (intersection related),51,PEDALCYCLIST STRUCK MOTOR VEHICLE FRONT END AT ANGLE,,0,Clear or Partly Cloudy,Dry,Daylight,,4253021.0,,45.0,Vehicle - Pedalcyclist,0,0,N,POINT (1256210.39312315 248890.5320189148),5419.0,0.0,Clear or Partly Cloudy
4905,18627,18627,1772596,Matched,Block,,LAKE WASHINGTON BLVD E BETWEEN E MADISON ST AND ARBORETUM DR E,,,2,Injury Collision,Cycles,2,0,1,1,1,0,0,2004-06-19T00:00:00.000Z,6/19/2004 11:10:00 AM,Mid-Block (not related to intersection),23,"MOTOR VEHICLE STRUCK PEDALCYCLIST, LEFT SIDE SIDESWIPE",,0,Clear or Partly Cloudy,Dry,Daylight,,4171003.0,,45.0,Vehicle - Pedalcyclist,0,0,N,POINT (1280506.198972031 232193.5976018161),21803.0,4.019627683587087e-06,Clear or Partly Cloudy
4915,18363,18363,1482511,Matched,Intersection,27842.0,BLAINE ST AND QUEEN ANNE AVE N,,,2,Injury Collision,Cycles,2,0,1,1,1,0,0,2004-07-20T00:00:00.000Z,7/20/2004 5:53:00 PM,At Intersection (intersection related),18,"MOTOR VEHICLE STRUCK PEDALCYCLIST, FRONT END AT ANGLE",,0,Clear or Partly Cloudy,Dry,Daylight,Y,4202033.0,,45.0,Vehicle - Pedalcyclist,0,0,N,POINT (1264787.077931941 235253.3318769485),638.0,0.0,Clear or Partly Cloudy
4917,18362,18362,1072239,Matched,Intersection,29933.0,5TH AVE AND SPRING ST,,,2,Injury Collision,Cycles,2,0,1,1,1,0,0,2004-07-12T00:00:00.000Z,7/12/2004 4:20:00 PM,At Intersection (intersection related),18,"MOTOR VEHICLE STRUCK PEDALCYCLIST, FRONT END AT ANGLE",,0,Clear or Partly Cloudy,Dry,Daylight,,4194004.0,,45.0,Vehicle - Pedalcyclist,0,0,N,POINT (1270635.753265932 225114.0573705733),481.0,0.0,Clear or Partly Cloudy
4925,18360,18360,1319746,Matched,Intersection,25033.0,SEAVIEW AVE NW AND NW 61ST ST,,,2b,Serious Injury Collision,Cycles,2,0,1,1,1,1,0,2004-06-14T00:00:00.000Z,6/14/2004 5:37:00 PM,At Intersection (intersection related),18,"MOTOR VEHICLE STRUCK PEDALCYCLIST, FRONT END AT ANGLE",,0,Clear or Partly Cloudy,Dry,Daylight,Y,4166022.0,,45.0,Vehicle - Pedalcyclist,0,0,N,POINT (1252900.118815765 249362.7557633966),14837.0,0.0,Clear or Partly Cloudy
4928,18353,18353,1317775,Matched,Intersection,24330.0,LINDEN AVE N AND N 72ND ST,,,2,Injury Collision,Cycles,2,0,1,1,1,0,0,2004-04-03T00:00:00.000Z,4/3/2004,At Intersection (intersection related),18,"MOTOR VEHICLE STRUCK PEDALCYCLIST, FRONT END AT ANGLE",,0,Clear or Partly Cloudy,Dry,Daylight,Y,4094003.0,,45.0,Vehicle - Pedalcyclist,0,0,N,POINT (1267568.612142786 252092.7471901923),811.0,0.0,Clear or Partly Cloudy
5156,18826,18826,1797905,Matched,Block,,37TH AVE SW BETWEEN FAUNTLEROY WAY SW AND SW OREGON ST,,,2b,Serious Injury Collision,Cycles,2,0,1,1,1,1,0,2004-08-04T00:00:00.000Z,8/4/2004,Mid-Block (not related to intersection),18,"MOTOR VEHICLE STRUCK PEDALCYCLIST, FRONT END AT ANGLE",Y,0,Overcast,Dry,Daylight,,4217029.0,,45.0,Vehicle - Pedalcyclist,0,0,N,POINT (1258887.949349895 209221.3427302986),2908.0,0.0,Overcast
5162,19261,19261,1213635,Matched,Intersection,30484.0,4TH AVE AND JEFFERSON ST,,,2,Injury Collision,Cycles,2,0,1,1,1,0,0,2004-10-11T00:00:00.000Z,10/11/2004 1:45:00 PM,At Intersection (intersection related),18,"MOTOR VEHICLE STRUCK PEDALCYCLIST, FRONT END AT ANGLE",,0,Clear or Partly Cloudy,Dry,Daylight,Y,4285017.0,,45.0,Vehicle - Pedalcyclist,0,0,N,POINT (1271294.124082595 223369.603736788),778.0,0.0,Clear or Partly Cloudy
5178,19117,19117,1781939,Matched,Intersection,27149.0,15TH AVE NE AND NE PACIFIC ST,,,2,Injury Collision,Cycles,6,0,1,1,1,0,0,2004-07-22T00:00:00.000Z,7/22/2004 9:07:00 AM,At Intersection (intersection related),18,"MOTOR VEHICLE STRUCK PEDALCYCLIST, FRONT END AT ANGLE",,0,Clear or Partly Cloudy,Dry,Daylight,,4204005.0,,45.0,Vehicle - Pedalcyclist,0,0,N,POINT (1275885.728567302 241688.8779955506),1534.0,0.0,Clear or Partly Cloudy
5190,19268,19268,1788731,Matched,Block,,LAKE WASHINGTON BLVD S BETWEEN LAKE PARK DR S AND S HORTON NR ST,,,1,Property Damage Only Collision,Cycles,2,0,1,1,0,0,0,2004-01-18T00:00:00.000Z,1/18/2004 2:39:00 PM,Mid-Block (not related to intersection),23,"MOTOR VEHICLE STRUCK PEDALCYCLIST, LEFT SIDE SIDESWIPE",,0,Overcast,Wet,Daylight,,4018012.0,,45.0,Vehicle - Pedalcyclist,0,0,N,POINT (1282466.716670036 214528.5998877287),16656.0,1.729022140382883e-05,Overcast
5195,18975,18975,1795005,Matched,Intersection,25184.0,SHILSHOLE AVE NW AND NW 46TH ST,,,2,Injury Collision,Cycles,2,0,1,1,1,0,0,2004-09-22T00:00:00.000Z,9/22/2004 7:58:00 AM,At Intersection (intersection related),51,PEDALCYCLIST STRUCK MOTOR VEHICLE FRONT END AT ANGLE,,0,Overcast,Dry,Daylight,,4266008.0,,45.0,Vehicle - Pedalcyclist,0,0,N,POINT (1259729.65200676 245374.2066393197),957.0,0.0,Overcast
5358,18880,18880,1326988,Matched,Intersection,30092.0,32ND AVE AND E ALDER N ST,,,2,Injury Collision,Cycles,2,0,1,1,1,0,0,2004-05-14T00:00:00.000Z,5/14/2004 7:43:00 PM,At Intersection (intersection related),18,"MOTOR VEHICLE STRUCK PEDALCYCLIST, FRONT END AT ANGLE",,0,Clear or Partly Cloudy,Dry,Daylight,,4135042.0,,45.0,Vehicle - Pedalcyclist,0,0,N,POINT (1280693.569084227 223913.6715773493),3852.0,0.0,Clear or Partly Cloudy
5529,19207,19207,1482781,Matched,Intersection,26694.0,3RD AVE W AND W BERTONA ST,,,2,Injury Collision,Cycles,2,0,1,1,2,0,0,2004-08-02T00:00:00.000Z,8/2/2004,At Intersection (intersection related),18,"MOTOR VEHICLE STRUCK PEDALCYCLIST, FRONT END AT ANGLE",,0,Clear or Partly Cloudy,Dry,Daylight,Y,4215002.0,,45.0,Vehicle - Pedalcyclist,0,0,N,POINT (1263936.750379071 240988.8518828303),277.0,0.0,Clear or Partly Cloudy
5557,18788,18788,1773851,Matched,Intersection,37292.0,COLLEGE WAY N AND N 100TH ST,,,2,Injury Collision,Cycles,2,0,1,1,1,0,0,2004-01-29T00:00:00.000Z,1/29/2004 12:00:00 PM,At Intersection (intersection related),51,PEDALCYCLIST STRUCK MOTOR VEHICLE FRONT END AT ANGLE,,0,Raining,Wet,Daylight,,4029006.0,,45.0,Vehicle - Pedalcyclist,0,0,N,POINT (1270650.132529944 259461.2568937391),3440.0,0.0,Raining
5731,19819,19819,1789114,Matched,Intersection,34850.0,DELRIDGE WAY SW AND SW CLOVERDALE ST,,,2,Injury Collision,Cycles,2,0,1,1,1,0,0,2004-05-05T00:00:00.000Z,5/5/2004,At Intersection (intersection related),51,PEDALCYCLIST STRUCK MOTOR VEHICLE FRONT END AT ANGLE,,0,Clear or Partly Cloudy,Dry,Daylight,,4126042.0,,45.0,Vehicle - Pedalcyclist,0,0,N,POINT (1263140.836650252 195790.8204765469),8776.0,0.0,Clear or Partly Cloudy
5752,19412,19412,1779892,Matched,Intersection,25227.0,26TH AVE NW AND NW MARKET ST,,,2,Injury Collision,Cycles,2,0,1,1,1,0,0,2004-05-20T00:00:00.000Z,5/20/2004 5:17:00 PM,At Intersection (intersection related),18,"MOTOR VEHICLE STRUCK PEDALCYCLIST, FRONT END AT ANGLE",,0,Clear or Partly Cloudy,Dry,Daylight,Y,4141024.0,,45.0,Vehicle - Pedalcyclist,0,0,N,POINT (1256859.674659818 247789.3958897889),1669.0,0.0,Clear or Partly Cloudy
5783,19854,19854,1781878,Matched,Intersection,37486.0,8TH AVE NE AND NE 100TH ST,,,2,Injury Collision,Cycles,2,0,1,1,1,0,0,2004-05-05T00:00:00.000Z,5/5/2004,At Intersection (intersection related),51,PEDALCYCLIST STRUCK MOTOR VEHICLE FRONT END AT ANGLE,,0,Overcast,Dry,Dawn,,4126005.0,,45.0,Vehicle - Pedalcyclist,0,0,N,POINT (1274268.640309647 259352.5508456379),9090.0,0.0,Overcast
5862,19834,19834,1771783,Matched,Block,,68TH AVE S BETWEEN S BANGOR CT AND 66TH AVE S,,,2,Injury Collision,Cycles,2,0,1,1,1,0,0,2004-08-31T00:00:00.000Z,8/31/2004 5:36:00 PM,Driveway Junction,18,"MOTOR VEHICLE STRUCK PEDALCYCLIST, FRONT END AT ANGLE",,0,Clear or Partly Cloudy,Dry,Daylight,,4244002.0,,45.0,Vehicle - Pedalcyclist,0,0,N,POINT (1290428.817734197 187195.3946757466),13701.0,2.118715325034297e-05,Clear or Partly Cloudy
5950,19727,19727,1774259,Matched,Block,,LAKE CITY WAY NE BETWEEN NE 98TH ST AND NE 100TH ST,,,2b,Serious Injury Collision,Cycles,2,0,1,1,1,1,0,2004-06-25T00:00:00.000Z,6/25/2004 7:50:00 PM,Mid-Block (but intersection related),51,PEDALCYCLIST STRUCK MOTOR VEHICLE FRONT END AT ANGLE,,0,Clear or Partly Cloudy,Dry,Daylight,,4177003.0,,45.0,Vehicle - Pedalcyclist,0,0,N,POINT (1278566.434362054 259056.6595173329),14803.0,2.5538525446799827e-09,Clear or Partly Cloudy
5961,19464,19464,1788090,Matched,Intersection,30575.0,31ST AVE AND E YESLER WAY,,,2,Injury Collision,Cycles,3,0,1,1,1,0,0,2004-07-05T00:00:00.000Z,7/5/2004,At Intersection (intersection related),18,"MOTOR VEHICLE STRUCK PEDALCYCLIST, FRONT END AT ANGLE",Y,0,Clear or Partly Cloudy,Dry,Daylight,,4187007.0,,45.0,Vehicle - Pedalcyclist,0,0,N,POINT (1280446.052411973 222875.5805682838),2781.0,0.0,Clear or Partly Cloudy
5,323465,324965,E936558,Matched,Intersection,29260.0,29TH AVE E AND E HARRISON ST,,,2,Injury Collision,Cycles,2,0,1,1,1,0,0,2019-06-30T00:00:00.000Z,6/30/2019 4:26:00 PM,At Intersection (intersection related),18,"MOTOR VEHICLE STRUCK PEDALCYCLIST, FRONT END AT ANGLE",,N,Clear or Partly Cloudy,Dry,Daylight,,,,5.0,Vehicle Strikes Pedalcyclist,0,0,N,POINT (1280020.673595533 230493.2934720814),254.0,0.0,Clear or Partly Cloudy
42,323515,325015,E940592,Matched,Intersection,25489.0,EAST GREEN LAKE WAY N AND WEST GREEN LAKE WAY N,,,2,Injury Collision,Cycles,2,0,1,1,1,0,0,2019-06-18T00:00:00.000Z,6/18/2019 5:39:00 PM,At Intersection (intersection related),18,"MOTOR VEHICLE STRUCK PEDALCYCLIST, FRONT END AT ANGLE",,N,Clear or Partly Cloudy,Dry,Daylight,,,,6.0,Pedalcyclist Strikes Moving Vehicle,42025,0,N,POINT (1269226.197552487 247789.821617797),6840.0,0.0,Clear or Partly Cloudy
51,323507,325007,E939179,Matched,Intersection,30084.0,M L KING JR WAY AND E JEFFERSON ST,,,2,Injury Collision,Cycles,3,0,1,1,1,0,0,2019-06-23T00:00:00.000Z,6/23/2019 4:30:00 PM,At Intersection (intersection related),24,MOTOR VEHCILE STRUCK PEDESTRIAN,Y,N,Overcast,Dry,Daylight,,,,5.0,Vehicle Strikes Pedalcyclist,0,0,N,POINT (1279423.872058928 224545.9155459851),1104.0,0.0,Overcast
55,323516,325016,E940594,Matched,Intersection,36409.0,FREMONT AVE N AND N 109TH ST,,,2,Injury Collision,Cycles,4,0,1,1,1,0,0,2019-06-29T00:00:00.000Z,6/29/2019 1:19:00 PM,At Intersection (intersection related),51,PEDALCYCLIST STRUCK MOTOR VEHICLE FRONT END AT ANGLE,,N,Clear or Partly Cloudy,Dry,Daylight,,,,6.0,Pedalcyclist Strikes Moving Vehicle,0,0,N,POINT (1266999.021102205 261937.3877122849),6365.0,0.0,Clear or Partly Cloudy