OBJECTID,INCKEY,COLDETKEY,REPORTNO,STATUS,ADDRTYPE,INTKEY,LOCATION,EXCEPTRSNC,EXCEPTRSND,SEVERITYCO,SEVERITYDE,COLLISIONT,PERSONCOUN,PEDCOUNT,PEDCYLCOUN,VEHCOUNT,INJURIES,SERIOUSINJ,FATALITIES,INCDATE,INCDTTM,JUNCTIONTY,SDOT_COLCO,SDOT_COLDE,INATTENTIO,UNDERINFL,WEATHER,ROADCOND,LIGHTCOND,PEDROWNOTG,SDOTCOLNUM,SPEEDING,ST_COLCODE,ST_COLDESC,SEGLANEKEY,CROSSWALKK,HITPARKEDC,geometry,near_str_index,min_length,weather_group
212,30200,30200,1776531,Matched,Intersection,25792.0,BROOKLYN AVE NE AND NE 50TH ST,,,2,Injury Collision,Cycles,2,0,1,1,1,0,0,2004-08-09T00:00:00.000Z,8/9/2004,At Intersection (intersection related),18,"MOTOR VEHICLE STRUCK PEDALCYCLIST, FRONT END AT ANGLE",,0,Clear or Partly Cloudy,Dry,Daylight,,4222005.0,,45.0,Vehicle - Pedalcyclist,0,0,N,POINT (1275539.245622948 246048.9179360121),652.0,0.0,Clear or Partly Cloudy
271,1064,1064,3550081,Matched,Intersection,31315.0,13TH AVE S AND S STEVENS ST,,,2,Injury Collision,Cycles,2,0,1,1,1,0,0,2013-03-25T00:00:00.000Z,3/25/2013 10:57:00 PM,At Intersection (intersection related),18,"MOTOR VEHICLE STRUCK PEDALCYCLIST, FRONT END AT ANGLE",,N,Clear or Partly Cloudy,Dry,Dark - Street Lights On,,,,45.0,Vehicle - Pedalcyclist,0,0,N,POINT (1274478.466869861 213952.5676951408),8418.0,0.0,Clear or Partly Cloudy
275,1063,1063,3503600,Matched,Block,,S DEARBORN ST BETWEEN DEARBORN OFF RP AND DEARBORN ST OFF RP,,,1,Property Damage Only Collision,Cycles,2,0,1,1,0,0,0,2013-03-25T00:00:00.000Z,3/25/2013 1:00:00 PM,Mid-Block (not related to intersection),18,"MOTOR VEHICLE STRUCK PEDALCYCLIST, FRONT END AT ANGLE",,N,Clear or Partly Cloudy,Dry,Daylight,,,,45.0,Vehicle - Pedalcyclist,5867,0,N,POINT (1273553.715380922 220883.9168222398),7667.0,6.236127493812365e-06,Clear or Partly Cloudy
326,1290,1290,3581633,Matched,Intersection,29878.0,BOREN AVE AND PIKE ST,,,2,Injury Collision,Cycles,3,0,1,1,1,0,0,2013-03-29T00:00:00.000Z,3/29/2013 11:53:00 AM,At Intersection (intersection related),18,"MOTOR VEHICLE STRUCK PEDALCYCLIST, FRONT END AT ANGLE",,N,Clear or Partly Cloudy,Dry,Unknown,Y,,,45.0,Vehicle - Pedalcyclist,25242,0,N,POINT (1271552.335410863 227358.0148768723),6588.0,0.0,Clear or Partly Cloudy
329,1099,1099,3503283,Matched,Intersection,27149.0,15TH AVE NE AND NE PACIFIC ST,,,1,Property Damage Only Collision,Cycles,2,0,1,1,0,0,0,2013-03-28T00:00:00.000Z,3/28/2013 3:30:00 PM,At Intersection (intersection related),18,"MOTOR VEHICLE STRUCK PEDALCYCLIST, FRONT END AT ANGLE",,N,Clear or Partly Cloudy,Dry,Daylight,Y,,,45.0,Vehicle - Pedalcyclist,0,520838,N,POINT (1275885.728567302 241688.8779955506),1534.0,0.0,Clear or Partly Cloudy
399,39000,39000,2023608,Matched,Intersection,25949.0,25TH AVE NE AND NE BLAKELEY ST,,,2,Injury Collision,Cycles,2,0,1,1,1,0,0,2005-06-15T00:00:00.000Z,6/15/2005 7:12:00 PM,At Intersection (intersection related),18,"MOTOR VEHICLE STRUCK PEDALCYCLIST, FRONT END AT ANGLE",,0,Clear or Partly Cloudy,Dry,Daylight,,5166021.0,,45.0,Vehicle - Pedalcyclist,0,0,N,POINT (1278900.484922394 246480.058544457),210.0,0.0,Clear or Partly Cloudy
413,1138,1138,3605914,Matched,Intersection,29810.0,11TH AVE AND E JEFFERSON ST,,,2,Injury Collision,Cycles,2,0,1,1,1,0,0,2013-03-29T00:00:00.000Z,3/29/2013 6:10:00 PM,At Intersection (intersection related),18,"MOTOR VEHICLE STRUCK PEDALCYCLIST, FRONT END AT ANGLE",,N,Clear or Partly Cloudy,Dry,Daylight,Y,,,45.0,Vehicle - Pedalcyclist,10453,0,N,POINT (1274165.216565549 224658.7667461038),6859.0,0.0,Clear or Partly Cloudy
421,22600,22600,1482540,Matched,Block,,1ST AVE BETWEEN BATTERY ST AND WALL ST,,,2,Injury Collision,Cycles,2,0,1,1,1,0,0,2004-07-02T00:00:00.000Z,7/2/2004,Mid-Block (not related to intersection),55,PEDALCYCLIST STRUCK MOTOR VEHICLE RIGHT SIDE SIDESWIPE,,0,Clear or Partly Cloudy,Dry,Daylight,,4184005.0,,45.0,Vehicle - Pedalcyclist,0,0,N,POINT (1266783.304877982 227799.4086693227),4940.0,0.0,Clear or Partly Cloudy
428,22000,22000,1079891,Matched,Block,,N 92ND ST BETWEEN DENSMORE AVE N AND WALLINGFORD AVE N,,,2,Injury Collision,Other,1,0,1,0,1,0,0,2004-10-11T00:00:00.000Z,10/11/2004 4:00:00 PM,Mid-Block (but intersection related),69,PEDALCYCLIST OVERTURNED IN ROAD,,0,Clear or Partly Cloudy,Dry,Daylight,,4285019.0,,52.0,Vehicle overturned,0,0,N,POINT (1270132.74276942 257483.5187797248),11298.0,2.401066749540305e-05,Clear or Partly Cloudy
449,1309,1309,3507768,Matched,Block,,NE 75TH ST BETWEEN 19TH AVE NE AND 20TH AVE NE,,,2,Injury Collision,Cycles,2,0,1,1,1,0,0,2013-04-01T00:00:00.000Z,4/1/2013 3:30:00 PM,Mid-Block (not related to intersection),23,"MOTOR VEHICLE STRUCK PEDALCYCLIST, LEFT SIDE SIDESWIPE",,N,Clear or Partly Cloudy,Dry,Daylight,,,,45.0,Vehicle - Pedalcyclist,40890,0,N,POINT (1277383.039160833 252630.9942307472),20687.0,2.748982472009525e-06,Clear or Partly Cloudy
450,1139,1139,3562732,Matched,Intersection,29512.0,BELL ST AND DENNY WAY,,,1,Property Damage Only Collision,Cycles,2,0,1,1,0,0,0,2013-03-26T00:00:00.000Z,3/26/2013 6:12:00 PM,At Intersection (intersection related),18,"MOTOR VEHICLE STRUCK PEDALCYCLIST, FRONT END AT ANGLE",,N,Clear or Partly Cloudy,Dry,Daylight,Y,,,45.0,Vehicle - Pedalcyclist,14255,0,N,POINT (1268895.825456142 229261.1191348135),3480.0,0.0,Clear or Partly Cloudy
536,25000,25000,1777159,Matched,Block,,DEXTER AVE N BETWEEN HARRISON ST AND REPUBLICAN ST,,,2,Injury Collision,Cycles,2,0,1,1,1,0,0,2004-01-23T00:00:00.000Z,1/23/2004 8:45:00 AM,Mid-Block (not related to intersection),56,PEDALCYCLIST STRUCK MOTOR VEHICLE LEFT SIDE SIDESWIPE,,0,Unknown,Unknown,Daylight,,4023036.0,,45.0,Vehicle - Pedalcyclist,0,0,N,POINT (1268300.280687541 230767.9765443653),12567.0,2.557776577818591e-05,
564,1350,1350,3380693,Matched,Intersection,35095.0,10TH AVE S AND S CLOVERDALE ST,,,2,Injury Collision,Cycles,5,0,1,1,1,0,0,2013-04-02T00:00:00.000Z,4/2/2013 7:15:00 PM,At Intersection (intersection related),51,PEDALCYCLIST STRUCK MOTOR VEHICLE FRONT END AT ANGLE,Y,N,Overcast,Dry,Dusk,,,,45.0,Vehicle - Pedalcyclist,29054,0,N,POINT (1273067.12504442 195585.1011803299),7642.0,0.0,Overcast
587,1355,1355,3546508,Matched,Block,,DEXTER AVE N BETWEEN GARFIELD N ST AND HAYES ST,,,2,Injury Collision,Cycles,2,0,1,1,1,0,0,2013-04-02T00:00:00.000Z,4/2/2013 8:59:00 AM,Mid-Block (not related to intersection),18,"MOTOR VEHICLE STRUCK PEDALCYCLIST, FRONT END AT ANGLE",,N,Clear or Partly Cloudy,Dry,Daylight,Y,,,45.0,Vehicle - Pedalcyclist,12978,0,N,POINT (1268399.828079641 234799.1962604821),6300.0,2.970072014406835e-06,Clear or Partly Cloudy
604,1218,1218,3593839,Matched,Intersection,29855.0,BELLEVUE AVE AND E OLIVE ST,,,2,Injury Collision,Cycles,2,0,1,1,1,0,0,2013-03-30T00:00:00.000Z,3/30/2013 8:30:00 PM,At Intersection (intersection related),18,"MOTOR VEHICLE STRUCK PEDALCYCLIST, FRONT END AT ANGLE",,N,Clear or Partly Cloudy,Dry,Dusk,Y,,,45.0,Vehicle - Pedalcyclist,36282,0,N,POINT (1272096.873011425 228396.7085099369),3377.0,0.0,Clear or Partly Cloudy
631,1361,1361,3593847,Matched,Intersection,29817.0,BOREN AVE AND JEFFERSON ST,,,2,Injury Collision,Cycles,2,0,1,1,1,0,0,2013-04-02T00:00:00.000Z,4/2/2013 6:42:00 PM,At Intersection (intersection related),18,"MOTOR VEHICLE STRUCK PEDALCYCLIST, FRONT END AT ANGLE",,N,Clear or Partly Cloudy,Dry,Daylight,,,,45.0,Vehicle - Pedalcyclist,25156,0,N,POINT (1273233.142580584 224517.6429059654),3390.0,0.0,Clear or Partly Cloudy
655,27600,27600,1772594,Matched,Block,,10TH AVE E BETWEEN E LYNN ST AND E MILLER ST,,,2b,Serious Injury Collision,Cycles,3,0,1,1,1,1,0,2004-06-12T00:00:00.000Z,6/12/2004 12:31:00 PM,Mid-Block (not related to intersection),55,PEDALCYCLIST STRUCK MOTOR VEHICLE RIGHT SIDE SIDESWIPE,,0,Clear or Partly Cloudy,Dry,Daylight,,4164010.0,,45.0,Vehicle - Pedalcyclist,0,0,N,POINT (1273925.49368529 237156.6547589004),2294.0,2.1654952116353888e-05,Clear or Partly Cloudy
668,28900,28900,1798856,Matched,Block,,E MADISON ST BETWEEN LAKE WASHINGTON BLVD E AND 32ND AVE E,,,2,Injury Collision,Cycles,2,0,1,1,1,0,0,2004-10-12T00:00:00.000Z,10/12/2004 5:30:00 PM,Driveway Junction,23,"MOTOR VEHICLE STRUCK PEDALCYCLIST, LEFT SIDE SIDESWIPE",,0,Clear or Partly Cloudy,Dry,Daylight,Y,4286031.0,,45.0,Vehicle - Pedalcyclist,0,0,N,POINT (1280822.949180365 231945.5932495743),18101.0,4.1918109452514015e-06,Clear or Partly Cloudy
679,1003,1003,3503158,Matched,Block,,AURORA AVE N BETWEEN N 117TH PL AND N 125TH ST,,,2,Injury Collision,Cycles,2,0,1,1,1,0,0,2013-03-14T00:00:00.000Z,3/14/2013 5:30:00 PM,Driveway Junction,18,"MOTOR VEHICLE STRUCK PEDALCYCLIST, FRONT END AT ANGLE",,N,Clear or Partly Cloudy,Dry,Daylight,Y,,,45.0,Vehicle - Pedalcyclist,15057,0,N,POINT (1268353.833967596 265256.6096676737),23335.0,2.4171703300871364e-05,Clear or Partly Cloudy
776,44200,44200,1792972,Matched,Block,,STEWART ST BETWEEN MINOR AVE AND YALE AVE,,,1,Property Damage Only Collision,Cycles,2,0,1,1,0,0,0,2005-08-03T00:00:00.000Z,8/3/2005,Driveway Junction,51,PEDALCYCLIST STRUCK MOTOR VEHICLE FRONT END AT ANGLE,,0,Clear or Partly Cloudy,Dry,Daylight,,5215009.0,,45.0,Vehicle - Pedalcyclist,0,0,N,POINT (1270963.685362265 229002.4007985592),9812.0,4.0721188011115294e-05,Clear or Partly Cloudy
791,58800,58800,2188851,Matched,Intersection,24363.0,PHINNEY AVE N AND N 65TH ST,,,2b,Serious Injury Collision,Cycles,1,0,1,0,1,1,0,2006-05-07T00:00:00.000Z,5/7/2006,At Intersection (intersection related),51,PEDALCYCLIST STRUCK MOTOR VEHICLE FRONT END AT ANGLE,,0,Overcast,Dry,Daylight,,6127003.0,,45.0,Vehicle - Pedalcyclist,0,0,N,POINT (1265729.658924907 250295.0803723633),3701.0,0.0,Overcast
814,57800,57800,2410889,Matched,Block,,21ST AVE W BETWEEN ELLIOTT BAY TRL AND THORNDYKE AVE W,,,2,Injury Collision,Cycles,2,0,1,1,1,0,0,2006-08-09T00:00:00.000Z,8/9/2006,Mid-Block (not related to intersection),18,"MOTOR VEHICLE STRUCK PEDALCYCLIST, FRONT END AT ANGLE",,0,Clear or Partly Cloudy,Dry,Daylight,Y,6221003.0,,45.0,Vehicle - Pedalcyclist,0,0,N,POINT (1258356.434085354 238534.4863123149),5278.0,1.4908614779940506e-05,Clear or Partly Cloudy
836,72200,72200,2806490,Matched,Block,,FAIRVIEW AVE N BETWEEN ALOHA ST AND WARD ST,,,2,Injury Collision,Cycles,2,0,1,1,1,0,0,2007-12-06T00:00:00.000Z,12/6/2007,Driveway Junction,18,"MOTOR VEHICLE STRUCK PEDALCYCLIST, FRONT END AT ANGLE",Y,0,Clear or Partly Cloudy,Dry,Dark - Street Lights On,,7340002.0,,45.0,Vehicle - Pedalcyclist,0,0,N,POINT (1270776.09617807 232487.1348821223),21055.0,0.0,Clear or Partly Cloudy
845,59500,59500,2060439,Matched,Intersection,33034.0,1ST AVE S AND S LUCILE ST,,,2b,Serious Injury Collision,Cycles,2,0,1,1,1,1,0,2006-04-27T00:00:00.000Z,4/27/2006 11:08:00 AM,At Intersection (intersection related),51,PEDALCYCLIST STRUCK MOTOR VEHICLE FRONT END AT ANGLE,,0,Clear or Partly Cloudy,Dry,Daylight,,6117003.0,,45.0,Vehicle - Pedalcyclist,0,0,N,POINT (1269817.637681097 205487.1865664721),9335.0,0.0,Clear or Partly Cloudy
872,47700,47700,2026404,Matched,Intersection,32617.0,48TH AVE S AND S ALASKA ST,,,1,Property Damage Only Collision,Cycles,3,0,1,1,0,0,0,2005-08-10T00:00:00.000Z,8/10/2005 7:47:00 AM,At Intersection (intersection related),51,PEDALCYCLIST STRUCK MOTOR VEHICLE FRONT END AT ANGLE,,0,Overcast,Dry,Daylight,,5222006.0,,45.0,Vehicle - Pedalcyclist,0,0,N,POINT (1284927.025984555 207807.4945368469),5860.0,0.0,Overcast
912,61000,61000,2188253,Matched,Intersection,25756.0,ROOSEVELT WAY NE AND NE RAVENNA WB BV,,,2,Injury Collision,Cycles,2,0,1,1,1,0,0,2006-04-18T00:00:00.000Z,4/18/2006 12:45:00 PM,At Intersection (intersection related),18,"MOTOR VEHICLE STRUCK PEDALCYCLIST, FRONT END AT ANGLE",,0,Clear or Partly Cloudy,Dry,Daylight,Y,6108005.0,,45.0,Vehicle - Pedalcyclist,0,0,N,POINT (1274814.161718205 248748.2492667735),936.0,0.0,Clear or Partly Cloudy
916,73900,73900,2621531,Matched,Block,,EASTLAKE AVE E BETWEEN E HOWE ST AND E NEWTON ST,,,2,Injury Collision,Cycles,1,0,1,0,1,0,0,2007-01-30T00:00:00.000Z,1/30/2007 7:27:00 AM,Mid-Block (not related to intersection),69,PEDALCYCLIST OVERTURNED IN ROAD,,0,Clear or Partly Cloudy,Ice,Daylight,,7030036.0,,45.0,Vehicle - Pedalcyclist,24776,0,N,POINT (1272495.951539829 235677.6184693873),11079.0,0.0,Clear or Partly Cloudy
7008,20568,20568,1778926,Matched,Intersection,26911.0,STONE WAY N AND N NORTHLAKE WAY,,,2,Injury Collision,Cycles,2,0,1,1,1,0,0,2004-04-22T00:00:00.000Z,4/22/2004 5:55:00 PM,At Intersection (intersection related),18,"MOTOR VEHICLE STRUCK PEDALCYCLIST, FRONT END AT ANGLE",,0,Clear or Partly Cloudy,Dry,Daylight,Y,4113004.0,,45.0,Vehicle - Pedalcyclist,0,0,N,POINT (1268377.505327612 240079.1889058948),15602.0,0.0,Clear or Partly Cloudy
7102,20952,20952,1780448,Matched,Block,,STONE WAY N BETWEEN N 46TH ST AND N 47TH ST,,,2,Injury Collision,Cycles,2,0,1,1,1,0,0,2004-09-01T00:00:00.000Z,9/1/2004,Mid-Block (not related to intersection),54,PEDALCYCLIST STRUCK MOTOR VEHICLE REAR END,Y,0,Raining,Wet,Dark - Street Lights On,,4245003.0,,45.0,Vehicle - Pedalcyclist,0,0,N,POINT (1268719.197871968 245295.9559512436),8922.0,1.98515369615876e-05,Raining
7122,20597,20597,1793814,Matched,Block,,NE 65TH ST BETWEEN 20TH AVE NE AND 21ST W AVE NE,,,2b,Serious Injury Collision,Cycles,2,0,1,1,1,1,0,2004-09-24T00:00:00.000Z,9/24/2004 5:22:00 AM,Mid-Block (not related to intersection),18,"MOTOR VEHICLE STRUCK PEDALCYCLIST, FRONT END AT ANGLE",,0,Clear or Partly Cloudy,Dry,Dark - Street Lights On,,4268005.0,,45.0,Vehicle - Pedalcyclist,0,0,N,POINT (1277639.297849104 249974.1924360245),9915.0,7.296875480015206e-09,Clear or Partly Cloudy
7228,20618,20618,1797951,Matched,Intersection,31954.0,48TH AVE SW AND SW SPOKANE ST,,,2,Injury Collision,Cycles,2,0,1,1,1,0,0,2004-08-22T00:00:00.000Z,8/22/2004 8:30:00 PM,At Intersection (intersection related),18,"MOTOR VEHICLE STRUCK PEDALCYCLIST, FRONT END AT ANGLE",,0,Overcast,Wet,Dusk,Y,4235014.0,,45.0,Vehicle - Pedalcyclist,0,0,N,POINT (1255339.46806626 212581.4493577331),3097.0,0.0,Overcast
7257,20757,20757,1782774,Matched,Intersection,26218.0,40TH AVE NE AND NE 55TH ST,,,2,Injury Collision,Cycles,2,0,1,1,1,0,0,2004-08-20T00:00:00.000Z,8/20/2004 5:20:00 PM,At Intersection (intersection related),51,PEDALCYCLIST STRUCK MOTOR VEHICLE FRONT END AT ANGLE,,0,Clear or Partly Cloudy,Dry,Daylight,,4233005.0,,45.0,Vehicle - Pedalcyclist,0,0,N,POINT (1282803.917630389 247224.1911532134),411.0,0.0,Clear or Partly Cloudy
7272,20628,20628,1772408,Matched,Intersection,29744.0,HARVARD AVE AND E PIKE ST,,,2,Injury Collision,Cycles,2,0,1,1,1,0,0,2004-10-14T00:00:00.000Z,10/14/2004 7:00:00 PM,At Intersection (intersection related),18,"MOTOR VEHICLE STRUCK PEDALCYCLIST, FRONT END AT ANGLE",,0,Clear or Partly Cloudy,Dry,Dark - Street Lights On,Y,4288023.0,,45.0,Vehicle - Pedalcyclist,0,0,N,POINT (1273234.02603659 227544.4404770583),1144.0,0.0,Clear or Partly Cloudy
7287,21180,21180,1220155,Matched,Intersection,23936.0,21ST AVE NW AND NW 67TH ST,,,2,Injury Collision,Cycles,4,0,1,1,1,0,0,2004-08-14T00:00:00.000Z,8/14/2004 7:49:00 PM,At Intersection (intersection related),51,PEDALCYCLIST STRUCK MOTOR VEHICLE FRONT END AT ANGLE,,0,Clear or Partly Cloudy,Dry,Daylight,,4227014.0,,45.0,Vehicle - Pedalcyclist,0,0,N,POINT (1258632.513829634 251051.0112531334),165.0,0.0,Clear or Partly Cloudy
7362,21193,21193,1780432,Matched,Block,,NE 45TH ST BETWEEN 17TH NB AVE NE AND 18TH AVE NE,,,2,Injury Collision,Cycles,2,0,1,1,1,0,0,2004-03-14T00:00:00.000Z,3/14/2004 2:50:00 AM,Driveway Junction,18,"MOTOR VEHICLE STRUCK PEDALCYCLIST, FRONT END AT ANGLE",,0,Clear or Partly Cloudy,Dry,Dark - Street Lights On,Y,4074023.0,,45.0,Vehicle - Pedalcyclist,0,0,N,POINT (1276810.394616246 244693.1558226198),1401.0,3.6948207998715207e-07,Clear or Partly Cloudy
7386,21064,21064,1798167,Matched,Intersection,34008.0,35TH AVE SW AND SW MORGAN ST,,,2,Injury Collision,Cycles,3,0,1,1,1,0,0,2004-07-21T00:00:00.000Z,7/21/2004 12:47:00 PM,At Intersection (intersection related),18,"MOTOR VEHICLE STRUCK PEDALCYCLIST, FRONT END AT ANGLE",,0,Clear or Partly Cloudy,Dry,Daylight,Y,4203036.0,,45.0,Vehicle - Pedalcyclist,0,0,N,POINT (1259327.720230356 202504.7837474197),15934.0,0.0,Clear or Partly Cloudy
7405,21204,21204,1777359,Matched,Intersection,29704.0,BELL ST AND WESTERN AVE,,,2,Injury Collision,Cycles,2,0,1,1,1,0,0,2004-01-05T00:00:00.000Z,1/5/2004,At Intersection (intersection related),51,PEDALCYCLIST STRUCK MOTOR VEHICLE FRONT END AT ANGLE,,0,Overcast,Dry,Daylight,,4005004.0,,45.0,Vehicle - Pedalcyclist,0,0,N,POINT (1266994.756398201 227171.5380766839),632.0,0.0,Overcast
7485,21538,21538,1785094,Matched,Intersection,29621.0,1ST AVE AND MADISON ST,,,2b,Serious Injury Collision,Cycles,2,0,1,1,1,1,0,2004-11-09T00:00:00.000Z,11/9/2004,At Intersection (intersection related),18,"MOTOR VEHICLE STRUCK PEDALCYCLIST, FRONT END AT ANGLE",,0,Clear or Partly Cloudy,Dry,Dark - Street Lights On,,4314007.0,,45.0,Vehicle - Pedalcyclist,0,0,N,POINT (1269683.396144956 224194.549401626),4939.0,0.0,Clear or Partly Cloudy
7586,21390,21390,1772038,Matched,Block,,FAIRVIEW AVE N BETWEEN YALE AVE N AND FAIRVIEW AVE E,,,1,Property Damage Only Collision,Cycles,3,0,1,1,0,0,0,2004-04-09T00:00:00.000Z,4/9/2004,Driveway Junction,18,"MOTOR VEHICLE STRUCK PEDALCYCLIST, FRONT END AT ANGLE",,0,Clear or Partly Cloudy,Dry,Dusk,,4100012.0,,45.0,Vehicle - Pedalcyclist,0,0,N,POINT (1271679.684978992 233497.5190111548),18951.0,2.572876065691608e-05,Clear or Partly Cloudy
7635,21520,21520,1776959,Matched,Intersection,30494.0,4TH AVE S AND S WASHINGTON ST,,,2,Injury Collision,Cycles,5,0,1,2,1,0,0,2004-02-28T00:00:00.000Z,2/28/2004 8:50:00 AM,At Intersection (intersection related),18,"MOTOR VEHICLE STRUCK PEDALCYCLIST, FRONT END AT ANGLE",,1,Clear or Partly Cloudy,Dry,Daylight,,4059004.0,,45.0,Vehicle - Pedalcyclist,0,0,N,POINT (1271450.890546769 222766.5872881711),2971.0,0.0,Clear or Partly Cloudy
7668,21138,21138,1069908,Matched,Intersection,28762.0,BOREN AVE N AND MERCER SR ST,,,2,Injury Collision,Cycles,2,0,1,1,1,0,0,2004-09-27T00:00:00.000Z,9/27/2004 4:14:00 PM,At Intersection (intersection related),18,"MOTOR VEHICLE STRUCK PEDALCYCLIST, FRONT END AT ANGLE",,0,Clear or Partly Cloudy,Dry,Daylight,,4271023.0,,45.0,Vehicle - Pedalcyclist,0,0,N,POINT (1269926.182961196 231430.9392970353),3663.0,0.0,Clear or Partly Cloudy
7786,21303,21303,1217102,Matched,Intersection,28303.0,EASTLAKE AVE E AND E LOUISA ST,,,2,Injury Collision,Cycles,2,0,1,1,1,0,0,2004-07-27T00:00:00.000Z,7/27/2004 9:46:00 AM,At Intersection (intersection related),18,"MOTOR VEHICLE STRUCK PEDALCYCLIST, FRONT END AT ANGLE",,0,Clear or Partly Cloudy,Dry,Daylight,Y,4209024.0,,45.0,Vehicle - Pedalcyclist,0,0,N,POINT (1272500.319795832 237760.9773195237),6316.0,0.0,Clear or Partly Cloudy
7895,21763,21763,1198286,Matched,Intersection,29739.0,11TH AVE AND E PINE ST,,,2,Injury Collision,Cycles,2,0,1,1,1,0,0,2004-11-02T00:00:00.000Z,11/2/2004,At Intersection (intersection related),18,"MOTOR VEHICLE STRUCK PEDALCYCLIST, FRONT END AT ANGLE",,0,Raining,Wet,Daylight,,4307038.0,,45.0,Vehicle - Pedalcyclist,0,0,N,POINT (1274216.837429598 227958.9433894902),28.0,0.0,Raining
7974,21774,21774,1481224,Matched,Block,,CALIFORNIA AVE SW BETWEEN SW STEVENS ST AND SW HANFORD ST,,,2,Injury Collision,Cycles,2,0,1,1,1,0,0,2004-07-16T00:00:00.000Z,7/16/2004 10:40:00 AM,Driveway Junction,18,"MOTOR VEHICLE STRUCK PEDALCYCLIST, FRONT END AT ANGLE",,0,Clear or Partly Cloudy,Dry,Daylight,Y,4198006.0,,45.0,Vehicle - Pedalcyclist,0,0,N,POINT (1257019.326435983 214090.6673432887),16644.0,1.149740205116848e-05,Clear or Partly Cloudy
7988,21914,21914,1080361,Matched,Intersection,27039.0,FREMONT AVE N AND N 34TH ST,,,1,Property Damage Only Collision,Cycles,2,0,1,1,0,0,0,2004-06-29T00:00:00.000Z,6/29/2004 12:30:00 PM,At Intersection (intersection related),18,"MOTOR VEHICLE STRUCK PEDALCYCLIST, FRONT END AT ANGLE",,0,Clear or Partly Cloudy,Dry,Daylight,Y,4181027.0,,45.0,Vehicle - Pedalcyclist,0,0,N,POINT (1266674.116909876 240632.7658664584),1223.0,0.0,Clear or Partly Cloudy
6002,19740,19740,1205118,Matched,Block,,NE 50TH ST BETWEEN 15TH AVE NE AND 16TH AVE NE,,,2,Injury Collision,Cycles,2,0,1,1,1,0,0,2004-05-01T00:00:00.000Z,5/1/2004,Driveway Junction,18,"MOTOR VEHICLE STRUCK PEDALCYCLIST, FRONT END AT ANGLE",,0,Clear or Partly Cloudy,Dry,Daylight,Y,4122033.0,,45.0,Vehicle - Pedalcyclist,0,0,N,POINT (1276238.864823669 246028.187439993),7254.0,7.673532852974898e-09,Clear or Partly Cloudy
6097,19762,19762,1788177,Matched,Block,,LAKESIDE AVE S BETWEEN S LANE ST AND 35TH AVE S,,,2,Injury Collision,Cycles,2,0,1,1,1,0,0,2004-07-02T00:00:00.000Z,7/2/2004,Driveway Junction,18,"MOTOR VEHICLE STRUCK PEDALCYCLIST, FRONT END AT ANGLE",,0,Overcast,Dry,Daylight,Y,4184003.0,,45.0,Vehicle - Pedalcyclist,0,0,N,POINT (1281611.845437169 220900.1728862524),6460.0,2.1353141601677646e-05,Overcast
6106,19362,19362,1781530,Matched,Block,,HIGHLAND PARK WAY SW BETWEEN SW OTHELLO ST AND SW HOLDEN N ST,,,2,Injury Collision,Cycles,2,0,1,1,1,0,0,2004-02-19T00:00:00.000Z,2/19/2004 4:10:00 PM,Mid-Block (not related to intersection),21,"MOTOR VEHICLE STRUCK PEDALCYCLIST, REAR END",,0,Clear or Partly Cloudy,Dry,Daylight,Y,4050001.0,,45.0,Vehicle - Pedalcyclist,0,0,N,POINT (1266494.826157689 198915.6221437454),23289.0,8.886520973497348e-06,Clear or Partly Cloudy
6136,19646,19646,1772332,Matched,Block,,12TH AVE BETWEEN E PIKE ST AND E PINE ST,,,2,Injury Collision,Cycles,2,0,1,1,1,0,0,2004-05-03T00:00:00.000Z,5/3/2004,Driveway Junction,18,"MOTOR VEHICLE STRUCK PEDALCYCLIST, FRONT END AT ANGLE",,0,Clear or Partly Cloudy,Dry,Daylight,Y,4124027.0,,45.0,Vehicle - Pedalcyclist,0,0,N,POINT (1274536.955509916 227744.1176612675),15662.0,4.397364332129107e-06,Clear or Partly Cloudy
6162,19502,19502,1080204,Matched,Block,,NW 63RD ST BETWEEN 11TH AVE NW AND 14TH AVE NW,,,2,Injury Collision,Cycles,3,0,1,1,1,0,0,2004-07-25T00:00:00.000Z,7/25/2004 3:41:00 PM,Driveway Junction,51,PEDALCYCLIST STRUCK MOTOR VEHICLE FRONT END AT ANGLE,,0,Clear or Partly Cloudy,Dry,Daylight,,4207001.0,,45.0,Vehicle - Pedalcyclist,0,0,N,POINT (1261252.795048326 249844.5082118958),1593.0,1.601244354040348e-10,Clear or Partly Cloudy
6182,20067,20067,1780673,Matched,Intersection,36912.0,24TH AVE NW AND NW 98TH N ST,,,2,Injury Collision,Cycles,2,1,1,0,2,0,0,2004-02-29T00:00:00.000Z,2/29/2004 3:21:00 PM,At Intersection (intersection related),64,PEDALCYCLIST STRUCK PEDESTRIAN,,0,Clear or Partly Cloudy,Dry,Daylight,,4060004.0,,45.0,Vehicle - Pedalcyclist,0,0,N,POINT (1257731.131940708 259371.9479656518),8500.0,0.0,Clear or Partly Cloudy
6275,20373,20373,1482659,Matched,Block,,PIKE ST BETWEEN 7TH AVE AND 8TH AVE,,,2,Injury Collision,Cycles,2,0,1,1,1,0,0,2004-05-04T00:00:00.000Z,5/4/2004,Mid-Block (not related to intersection),18,"MOTOR VEHICLE STRUCK PEDALCYCLIST, FRONT END AT ANGLE",,0,Clear or Partly Cloudy,Dry,Daylight,,4125008.0,,45.0,Vehicle - Pedalcyclist,0,0,N,POINT (1270582.500145867 226783.1736602783),6587.0,3.7955195578848465e-09,Clear or Partly Cloudy