OBJECTID,INCKEY,COLDETKEY,REPORTNO,STATUS,ADDRTYPE,INTKEY,LOCATION,EXCEPTRSNC,EXCEPTRSND,SEVERITYCO,SEVERITYDE,COLLISIONT,PERSONCOUN,PEDCOUNT,PEDCYLCOUN,VEHCOUNT,INJURIES,SERIOUSINJ,FATALITIES,INCDATE,INCDTTM,JUNCTIONTY,SDOT_COLCO,SDOT_COLDE,INATTENTIO,UNDERINFL,WEATHER,ROADCOND,LIGHTCOND,PEDROWNOTG,SDOTCOLNUM,SPEEDING,ST_COLCODE,ST_COLDESC,SEGLANEKEY,CROSSWALKK,HITPARKEDC,geometry,near_str_index,min_length,weather_group
6317,20392,20392,1780170,Matched,Block,,LAKE CITY WAY NE BETWEEN 16TH AVE NE AND NE 82ND ST,,,2,Injury Collision,Cycles,2,0,1,1,1,0,0,2004-11-04T00:00:00.000Z,11/4/2004,Mid-Block (not related to intersection),21,"MOTOR VEHICLE STRUCK PEDALCYCLIST, REAR END",,0,Clear or Partly Cloudy,Dry,Daylight,,4309002.0,,45.0,Vehicle - Pedalcyclist,0,0,N,POINT (1276510.281527936 254593.5267127603),6447.0,2.4605695501222792e-05,Clear or Partly Cloudy
6378,20119,20119,1059929,Matched,Block,,DENNY WAY BETWEEN STEWART ST AND MELROSE AVE,,,2,Injury Collision,Cycles,6,0,1,2,1,0,0,2004-12-18T00:00:00.000Z,12/18/2004 1:29:00 AM,Mid-Block (but intersection related),56,PEDALCYCLIST STRUCK MOTOR VEHICLE LEFT SIDE SIDESWIPE,Y,1,Overcast,Wet,Dark - Street Lights On,,4353006.0,,45.0,Vehicle - Pedalcyclist,0,0,N,POINT (1271494.205362812 229177.3080627322),17903.0,1.1697567150221174e-05,Overcast
6416,20412,20412,1777481,Matched,Intersection,29675.0,3RD AVE AND VINE ST,,,2,Injury Collision,Cycles,3,0,1,1,1,0,0,2004-03-18T00:00:00.000Z,3/18/2004 2:02:00 AM,At Intersection (intersection related),51,PEDALCYCLIST STRUCK MOTOR VEHICLE FRONT END AT ANGLE,,0,Overcast,Dry,Dark - Street Lights On,,4078003.0,,45.0,Vehicle - Pedalcyclist,0,0,N,POINT (1266876.69943808 228585.2112941295),13811.0,0.0,Overcast
6427,20126,20126,1779391,Matched,Intersection,32606.0,46TH AVE S AND S SNOQUALMIE ST,,,2,Injury Collision,Cycles,2,0,1,1,1,0,0,2004-04-25T00:00:00.000Z,4/25/2004 6:00:00 PM,At Intersection (intersection related),51,PEDALCYCLIST STRUCK MOTOR VEHICLE FRONT END AT ANGLE,,0,Clear or Partly Cloudy,Dry,Daylight,,4116008.0,,45.0,Vehicle - Pedalcyclist,0,0,N,POINT (1284313.253183931 208244.2095452994),4596.0,0.0,Clear or Partly Cloudy
6473,20137,20137,1182148,Matched,Intersection,27047.0,ETRURIA ST AND NICKERSON ST,,,2,Injury Collision,Cycles,2,0,1,1,1,0,0,2004-03-31T00:00:00.000Z,3/31/2004 1:20:00 PM,At Intersection (intersection related),18,"MOTOR VEHICLE STRUCK PEDALCYCLIST, FRONT END AT ANGLE",,0,Clear or Partly Cloudy,Dry,Daylight,Y,4091001.0,,45.0,Vehicle - Pedalcyclist,0,0,N,POINT (1265779.929900959 239986.4273058027),11082.0,0.0,Clear or Partly Cloudy
6503,20147,20147,1794028,Matched,Intersection,26604.0,8TH AVE NW AND NW 44TH ST,,,1,Property Damage Only Collision,Cycles,2,0,1,1,0,0,0,2004-06-14T00:00:00.000Z,6/14/2004 3:45:00 PM,At Intersection (intersection related),18,"MOTOR VEHICLE STRUCK PEDALCYCLIST, FRONT END AT ANGLE",,0,Clear or Partly Cloudy,Dry,Dark - Street Lights On,,4166023.0,,45.0,Vehicle - Pedalcyclist,0,0,N,POINT (1262711.846697807 244799.7265107334),1564.0,0.0,Clear or Partly Cloudy
6526,20416,20416,1774490,Matched,Block,,BROOKLYN AVE NE BETWEEN NE 41ST ST AND NE 42ND ST,,,2,Injury Collision,Cycles,2,0,1,1,1,0,0,2004-04-06T00:00:00.000Z,4/6/2004,Mid-Block (not related to intersection),18,"MOTOR VEHICLE STRUCK PEDALCYCLIST, FRONT END AT ANGLE",,0,Clear or Partly Cloudy,Dry,Daylight,Y,4097003.0,,45.0,Vehicle - Pedalcyclist,0,0,N,POINT (1275445.301878855 243379.6239812821),18913.0,3.111708723611271e-05,Clear or Partly Cloudy
6818,20928,20928,1794277,Matched,Block,,NE 80TH ST BETWEEN 15TH AVE NE AND 16TH AVE NE,,,2,Injury Collision,Cycles,2,0,1,1,1,0,0,2004-05-28T00:00:00.000Z,5/28/2004 5:47:00 PM,Driveway Junction,18,"MOTOR VEHICLE STRUCK PEDALCYCLIST, FRONT END AT ANGLE",Y,0,Overcast,Wet,Daylight,,4149009.0,,45.0,Vehicle - Pedalcyclist,0,0,N,POINT (1276330.157879755 253975.3555761278),15976.0,2.8423813930017212e-05,Overcast
6820,20927,20927,1783738,Matched,Intersection,29722.0,LENORA ST AND WESTERN AVE,,,2,Injury Collision,Cycles,2,0,1,1,1,0,0,2004-10-04T00:00:00.000Z,10/4/2004,At Intersection (intersection related),18,"MOTOR VEHICLE STRUCK PEDALCYCLIST, FRONT END AT ANGLE",,0,Clear or Partly Cloudy,Dry,Daylight,Y,4278003.0,,45.0,Vehicle - Pedalcyclist,0,0,N,POINT (1267625.032238841 226598.1682200879),6319.0,0.0,Clear or Partly Cloudy
6937,20959,20959,1773518,Matched,Block,,15TH AVE NW BETWEEN NW 65TH ST AND NW 67TH ST,,,2,Injury Collision,Cycles,2,0,1,1,1,0,0,2004-06-03T00:00:00.000Z,6/3/2004,Mid-Block (but intersection related),54,PEDALCYCLIST STRUCK MOTOR VEHICLE REAR END,,1,Clear or Partly Cloudy,Dry,Daylight,,4155030.0,,45.0,Vehicle - Pedalcyclist,0,0,N,POINT (1260216.284071252 250695.9724687636),84.0,1.7029672792868542e-05,Clear or Partly Cloudy
6944,20818,20818,1785157,Matched,Block,,DEXTER AVE N BETWEEN JOHN ST AND THOMAS ST,,,1,Property Damage Only Collision,Cycles,2,0,1,1,0,0,0,2004-09-24T00:00:00.000Z,9/24/2004 8:44:00 AM,Mid-Block (not related to intersection),56,PEDALCYCLIST STRUCK MOTOR VEHICLE LEFT SIDE SIDESWIPE,Y,0,Overcast,Dry,Daylight,,4268008.0,,45.0,Vehicle - Pedalcyclist,0,0,N,POINT (1268278.570927516 229916.2397754937),3489.0,1.3003542269227931e-06,Overcast
6961,20549,20549,1777213,Matched,Block,,WESTERN AVE BETWEEN SENECA ST AND UNIVERSITY ST,,,2,Injury Collision,Cycles,2,0,1,1,1,0,0,2004-02-12T00:00:00.000Z,2/12/2004 4:30:00 PM,Driveway Junction,18,"MOTOR VEHICLE STRUCK PEDALCYCLIST, FRONT END AT ANGLE",Y,0,Clear or Partly Cloudy,Dry,Daylight,,4043031.0,,45.0,Vehicle - Pedalcyclist,0,0,N,POINT (1269016.777392268 224688.2739461362),18060.0,2.453745129685409e-05,Clear or Partly Cloudy
9069,23019,23019,1772507,Matched,Intersection,29743.0,BOYLSTON AVE AND E PIKE ST,,,2,Injury Collision,Cycles,2,0,1,1,1,0,0,2004-05-31T00:00:00.000Z,5/31/2004 12:03:00 AM,At Intersection (intersection related),51,PEDALCYCLIST STRUCK MOTOR VEHICLE FRONT END AT ANGLE,,0,Clear or Partly Cloudy,Dry,Dark - Street Lights On,,4152002.0,,45.0,Vehicle - Pedalcyclist,0,0,N,POINT (1272915.798580259 227551.9919650704),3931.0,0.0,Clear or Partly Cloudy
9122,22892,22892,1080304,Matched,Block,,UNIVERSITY BR BETWEEN POINT B AND EASTLAKE AVE NE,,,2,Injury Collision,Cycles,4,0,1,1,1,0,0,2004-06-18T00:00:00.000Z,6/18/2004 9:12:00 AM,Mid-Block (not related to intersection),21,"MOTOR VEHICLE STRUCK PEDALCYCLIST, REAR END",Y,0,Clear or Partly Cloudy,Dry,Daylight,,4170008.0,,45.0,Vehicle - Pedalcyclist,0,0,N,POINT (1274226.014453605 242173.6891320348),12661.0,1.403072973435018e-06,Clear or Partly Cloudy
9190,22905,22905,1774191,Matched,Intersection,26713.0,14TH AVE NW AND NW 45TH ST,,,2b,Serious Injury Collision,Cycles,2,0,1,1,1,1,0,2004-09-26T00:00:00.000Z,9/26/2004 9:50:00 AM,At Intersection (intersection related),51,PEDALCYCLIST STRUCK MOTOR VEHICLE FRONT END AT ANGLE,,0,Clear or Partly Cloudy,Dry,Daylight,,4270013.0,,45.0,Vehicle - Pedalcyclist,0,0,N,POINT (1260883.407143936 245083.1118550152),67.0,0.0,Clear or Partly Cloudy
9394,22682,22682,1778846,Matched,Block,,8TH AVE NW BETWEEN NW 78TH ST AND NW 79TH ST,,,3,Fatality Collision,Cycles,2,0,1,1,0,0,1,2004-08-02T00:00:00.000Z,8/2/2004,Mid-Block (not related to intersection),56,PEDALCYCLIST STRUCK MOTOR VEHICLE LEFT SIDE SIDESWIPE,,0,Clear or Partly Cloudy,Dry,Daylight,,4215038.0,,45.0,Vehicle - Pedalcyclist,0,0,N,POINT (1262931.157418042 253928.8585520834),3268.0,7.44885899623021e-09,Clear or Partly Cloudy
9530,23269,23269,1482355,Matched,Block,,STEWART ST BETWEEN 2ND AVE AND 3RD AVE,,,2,Injury Collision,Cycles,2,0,1,1,1,0,0,2004-03-11T00:00:00.000Z,3/11/2004 8:20:00 AM,Driveway Junction,18,"MOTOR VEHICLE STRUCK PEDALCYCLIST, FRONT END AT ANGLE",,0,Clear or Partly Cloudy,Dry,Daylight,Y,4071005.0,,45.0,Vehicle - Pedalcyclist,0,0,N,POINT (1268796.992176041 226619.9648921192),17167.0,1.346230068719621e-06,Clear or Partly Cloudy
9533,23268,23268,1482325,Matched,Block,,STEWART ST BETWEEN 7TH AVE AND 8TH AVE,,,2,Injury Collision,Cycles,2,0,1,1,1,0,0,2004-08-05T00:00:00.000Z,8/5/2004,Driveway Junction,18,"MOTOR VEHICLE STRUCK PEDALCYCLIST, FRONT END AT ANGLE",,0,Overcast,Wet,Daylight,Y,4218004.0,,45.0,Vehicle - Pedalcyclist,0,0,N,POINT (1269880.35307315 227811.3806373328),8918.0,1.3324707456569407e-05,Overcast
9537,23552,23552,1774162,Matched,Intersection,27294.0,25TH AVE NE AND NE 44TH ST,,,2,Injury Collision,Cycles,2,0,1,1,1,0,0,2004-03-19T00:00:00.000Z,3/19/2004 9:59:00 AM,At Intersection (intersection related),18,"MOTOR VEHICLE STRUCK PEDALCYCLIST, FRONT END AT ANGLE",,1,Clear or Partly Cloudy,Dry,Daylight,Y,4079007.0,,45.0,Vehicle - Pedalcyclist,0,0,N,POINT (1278786.247738272 244381.9913423061),5349.0,0.0,Clear or Partly Cloudy
9646,23723,23723,1782884,Matched,Intersection,25265.0,8TH AVE NW AND NW 62ND S ST,,,2,Injury Collision,Cycles,2,0,1,1,1,0,0,2004-07-09T00:00:00.000Z,7/9/2004,At Intersection (intersection related),18,"MOTOR VEHICLE STRUCK PEDALCYCLIST, FRONT END AT ANGLE",,0,Raining,Wet,Daylight,,4191006.0,,45.0,Vehicle - Pedalcyclist,0,0,N,POINT (1262817.696809918 249544.5797635913),3264.0,0.0,Raining
9760,23735,23735,1781041,Matched,Block,,FREMONT AVE N BETWEEN FREMONT PL N AND N 36TH ST,,,2,Injury Collision,Cycles,1,0,1,0,1,0,0,2004-06-27T00:00:00.000Z,6/27/2004 2:01:00 PM,Mid-Block (not related to intersection),69,PEDALCYCLIST OVERTURNED IN ROAD,,0,Clear or Partly Cloudy,Dry,Daylight,,4179007.0,,45.0,Vehicle - Pedalcyclist,0,0,N,POINT (1266649.644717842 241107.6027309448),11938.0,7.838010636447276e-09,Clear or Partly Cloudy
9787,23476,23476,1778548,Matched,Block,,NE 45TH ST BETWEEN MONTLAKE BLVD NE AND U VILLAGE DR,,,2,Injury Collision,Cycles,2,0,1,1,1,0,0,2004-06-04T00:00:00.000Z,6/4/2004,Driveway Junction,18,"MOTOR VEHICLE STRUCK PEDALCYCLIST, FRONT END AT ANGLE",,0,Clear or Partly Cloudy,Dry,Daylight,Y,4156006.0,,45.0,Vehicle - Pedalcyclist,0,0,N,POINT (1279627.135291129 244625.5566545576),21861.0,1.9788959181428966e-05,Clear or Partly Cloudy
9819,23489,23489,1796933,Matched,Intersection,25949.0,25TH AVE NE AND NE BLAKELEY ST,,,2,Injury Collision,Cycles,3,0,1,1,1,0,0,2004-12-05T00:00:00.000Z,12/5/2004,At Intersection (intersection related),18,"MOTOR VEHICLE STRUCK PEDALCYCLIST, FRONT END AT ANGLE",,0,Clear or Partly Cloudy,Dry,Daylight,,4340009.0,,45.0,Vehicle - Pedalcyclist,0,0,N,POINT (1278900.484922394 246480.058544457),210.0,0.0,Clear or Partly Cloudy
9928,23517,23517,1782452,Matched,Intersection,26803.0,STONE WAY N AND N 44TH ST,,,2,Injury Collision,Cycles,2,0,1,1,1,0,0,2004-03-20T00:00:00.000Z,3/20/2004 2:45:00 PM,At Intersection (but not related to intersection),21,"MOTOR VEHICLE STRUCK PEDALCYCLIST, REAR END",,0,Clear or Partly Cloudy,Dry,Daylight,Y,4080003.0,,45.0,Vehicle - Pedalcyclist,0,0,N,POINT (1268603.962415844 244378.0983503014),972.0,0.0,Clear or Partly Cloudy
9930,23516,23516,1782251,Matched,Intersection,27025.0,PHINNEY AVE N AND N 35TH ST,,,2,Injury Collision,Cycles,2,0,1,1,1,0,0,2004-03-21T00:00:00.000Z,3/21/2004 9:37:00 AM,At Intersection (intersection related),18,"MOTOR VEHICLE STRUCK PEDALCYCLIST, FRONT END AT ANGLE",,0,Clear or Partly Cloudy,Dry,Daylight,,4081006.0,,45.0,Vehicle - Pedalcyclist,0,0,N,POINT (1265521.252908692 241319.970475167),4003.0,0.0,Clear or Partly Cloudy
9979,23667,23667,1798550,Matched,Block,,BROADWAY E BETWEEN E DENNY WAY AND E OLIVE WAY,,,2,Injury Collision,Cycles,2,0,1,1,1,0,0,2004-10-05T00:00:00.000Z,10/5/2004,Driveway Junction,51,PEDALCYCLIST STRUCK MOTOR VEHICLE FRONT END AT ANGLE,,0,Raining,Wet,Dark - Street Lights On,,4279011.0,,45.0,Vehicle - Pedalcyclist,0,0,N,POINT (1273578.660532936 229455.3690550178),650.0,2.2848738557753846e-05,Raining
8136,21678,21678,1780442,Matched,Intersection,27062.0,UNIVERSITY WAY NE AND NE 45TH ST,,,2,Injury Collision,Cycles,2,0,1,1,1,0,0,2004-06-15T00:00:00.000Z,6/15/2004 8:12:00 AM,At Intersection (intersection related),18,"MOTOR VEHICLE STRUCK PEDALCYCLIST, FRONT END AT ANGLE",,0,Clear or Partly Cloudy,Dry,Daylight,,4167031.0,,45.0,Vehicle - Pedalcyclist,0,0,N,POINT (1275779.900215194 244716.6202066392),10399.0,0.0,Clear or Partly Cloudy
8176,21958,21958,1780006,Matched,Intersection,37717.0,17TH AVE NE AND NE 97TH ST,,,2,Injury Collision,Cycles,2,0,1,1,1,0,0,2004-01-12T00:00:00.000Z,1/12/2004 8:45:00 AM,At Intersection (intersection related),18,"MOTOR VEHICLE STRUCK PEDALCYCLIST, FRONT END AT ANGLE",,0,Clear or Partly Cloudy,Dry,Daylight,Y,4012010.0,,45.0,Vehicle - Pedalcyclist,0,0,N,POINT (1276937.208376378 258610.3866208792),5151.0,0.0,Clear or Partly Cloudy
8195,21960,21960,1333996,Matched,Intersection,33963.0,DELRIDGE WAY SW AND SW ORCHARD ST,,,2,Injury Collision,Cycles,2,0,1,1,1,0,0,2004-10-08T00:00:00.000Z,10/8/2004,At Intersection (intersection related),18,"MOTOR VEHICLE STRUCK PEDALCYCLIST, FRONT END AT ANGLE",,0,Raining,Wet,Daylight,Y,4282015.0,,45.0,Vehicle - Pedalcyclist,0,0,N,POINT (1263070.140970185 199975.3299208283),8775.0,0.0,Raining
8372,22148,22148,1779990,Matched,Block,,NW 85TH ST BETWEEN 1ST AVE NW AND 3RD AVE NW,,,2,Injury Collision,Cycles,1,0,1,0,1,0,0,2004-09-18T00:00:00.000Z,9/18/2004 4:46:00 PM,Mid-Block (but intersection related),66,PEDALCYCLIST STRUCK OBJECT IN ROAD,,0,Raining,Wet,Daylight,,4262012.0,,45.0,Vehicle - Pedalcyclist,0,0,N,POINT (1264613.160619766 255642.0997698307),13957.0,1.4454267926620086e-05,Raining
8380,21737,21737,1772565,Matched,Block,,E OLIVE WAY BETWEEN E DENNY WAY AND SUMMIT AVE E,,,2b,Serious Injury Collision,Cycles,2,0,1,1,1,1,0,2004-06-30T00:00:00.000Z,6/30/2004 3:35:00 PM,Mid-Block (but intersection related),54,PEDALCYCLIST STRUCK MOTOR VEHICLE REAR END,,0,Clear or Partly Cloudy,Dry,Daylight,,4182034.0,,45.0,Vehicle - Pedalcyclist,0,0,N,POINT (1272439.664563775 229247.6443828046),21362.0,2.9333782525935816e-05,Clear or Partly Cloudy
8483,22442,22442,1788500,Matched,Block,,E OLIVE WAY BETWEEN SUMMIT AVE E AND E JOHN ST,,,1,Property Damage Only Collision,Cycles,2,0,1,1,0,0,0,2004-05-19T00:00:00.000Z,5/19/2004 11:28:00 PM,Driveway Junction,51,PEDALCYCLIST STRUCK MOTOR VEHICLE FRONT END AT ANGLE,,1,Overcast,Dry,Dark - Street Lights On,,4140003.0,,45.0,Vehicle - Pedalcyclist,0,0,N,POINT (1272600.543667942 229456.8583350182),9852.0,8.518760906156732e-06,Overcast
8682,22354,22354,1790146,Matched,Intersection,27153.0,EASTLAKE AVE E AND FUHRMAN AVE E,,,2,Injury Collision,Cycles,2,0,1,1,1,0,0,2004-07-20T00:00:00.000Z,7/20/2004 1:51:00 PM,At Intersection (intersection related),11,"MOTOR VEHICLE STRUCK MOTOR VEHICLE, FRONT END AT ANGLE",,0,Clear or Partly Cloudy,Dry,Daylight,Y,4202034.0,,45.0,Vehicle - Pedalcyclist,0,0,N,POINT (1273704.647989064 241221.0042030662),995.0,0.0,Clear or Partly Cloudy
8815,22532,22532,1798928,Matched,Block,,24TH AVE E BETWEEN E PROSPECT ST AND E HIGHLAND DR,,,2,Injury Collision,Cycles,2,0,1,1,1,0,0,2004-08-24T00:00:00.000Z,8/24/2004 6:38:00 PM,Driveway Junction,18,"MOTOR VEHICLE STRUCK PEDALCYCLIST, FRONT END AT ANGLE",,0,Clear or Partly Cloudy,Dry,Daylight,Y,4237047.0,,45.0,Vehicle - Pedalcyclist,0,0,N,POINT (1278387.282233864 233174.3974748254),20475.0,0.0,Clear or Partly Cloudy
8926,22555,22555,1782600,Matched,Block,,MERIDIAN AVE N BETWEEN N 112TH ST AND N 113TH ST,,,2,Injury Collision,Cycles,2,0,1,1,1,0,0,2004-01-14T00:00:00.000Z,1/14/2004 6:35:00 AM,Driveway Junction,18,"MOTOR VEHICLE STRUCK PEDALCYCLIST, FRONT END AT ANGLE",,0,Raining,Wet,Dark - Street Lights On,Y,4014060.0,,45.0,Vehicle - Pedalcyclist,0,0,N,POINT (1270980.512178287 262596.7982729524),19878.0,7.4503591179236755e-09,Raining
8984,22978,22978,1790836,Matched,Block,,CALIFORNIA AVE SW BETWEEN SW OREGON ST AND SW ALASKA ST,,,2,Injury Collision,Cycles,2,0,1,1,1,0,0,2004-10-20T00:00:00.000Z,10/20/2004 6:22:00 PM,Mid-Block (not related to intersection),55,PEDALCYCLIST STRUCK MOTOR VEHICLE RIGHT SIDE SIDESWIPE,,0,Clear or Partly Cloudy,Dry,Dark - Street Lights On,,4294004.0,,45.0,Vehicle - Pedalcyclist,0,0,N,POINT (1256904.120995864 208875.4186339378),18917.0,1.732656074009561e-05,Clear or Partly Cloudy
11026,24483,24483,1794628,Matched,Intersection,27299.0,MONTLAKE BLVD NE AND NE PACIFIC ST,,,1,Property Damage Only Collision,Cycles,2,0,1,1,0,0,0,2004-10-01T00:00:00.000Z,10/1/2004,At Intersection (intersection related),18,"MOTOR VEHICLE STRUCK PEDALCYCLIST, FRONT END AT ANGLE",,0,Clear or Partly Cloudy,Dry,Daylight,Y,4275009.0,,45.0,Vehicle - Pedalcyclist,0,0,N,POINT (1277798.016569257 240200.7080100179),12233.0,0.0,Clear or Partly Cloudy
11137,25342,25342,1777036,Matched,Block,,4TH AVE S BETWEEN W SEA BR EB 4 AV OFF RP AND S INDUSTRIAL WB WAY,,,2,Injury Collision,Cycles,2,0,1,1,1,0,0,2004-03-06T00:00:00.000Z,3/6/2004,Mid-Block (not related to intersection),18,"MOTOR VEHICLE STRUCK PEDALCYCLIST, FRONT END AT ANGLE",,0,Clear or Partly Cloudy,Dry,Daylight,,4066004.0,,45.0,Vehicle - Pedalcyclist,0,0,N,POINT (1271198.779570505 211060.9522681832),8329.0,2.3178279289073968e-05,Clear or Partly Cloudy
11148,25068,25068,1793377,Matched,Block,,BEACON AVE S BETWEEN S HANFORD ST AND S HORTON ST,,,2,Injury Collision,Cycles,2,0,1,1,1,0,0,2004-08-26T00:00:00.000Z,8/26/2004 7:19:00 PM,Mid-Block (not related to intersection),18,"MOTOR VEHICLE STRUCK PEDALCYCLIST, FRONT END AT ANGLE",,0,Overcast,Dry,Dusk,,4239005.0,,45.0,Vehicle - Pedalcyclist,0,0,N,POINT (1276176.738871604 213077.3132942468),3361.0,7.324608281073104e-09,Overcast
11196,25216,25216,1774253,Matched,Intersection,24214.0,8TH AVE NW AND NW 65TH ST,,,2b,Serious Injury Collision,Cycles,2,0,1,1,1,1,0,2004-05-14T00:00:00.000Z,5/14/2004 9:47:00 AM,At Intersection (intersection related),18,"MOTOR VEHICLE STRUCK PEDALCYCLIST, FRONT END AT ANGLE",,0,Clear or Partly Cloudy,Dry,Daylight,Y,4135001.0,,45.0,Vehicle - Pedalcyclist,0,0,N,POINT (1262854.94301796 250338.5430283993),6060.0,0.0,Clear or Partly Cloudy
11256,25091,25091,1778847,Matched,Intersection,25419.0,8TH AVE NW AND NW MARKET ST,,,2,Injury Collision,Cycles,2,0,1,1,1,0,0,2004-09-16T00:00:00.000Z,9/16/2004 2:22:00 PM,At Intersection (intersection related),51,PEDALCYCLIST STRUCK MOTOR VEHICLE FRONT END AT ANGLE,,0,Raining,Wet,Daylight,,4260013.0,,45.0,Vehicle - Pedalcyclist,0,0,N,POINT (1262763.608617872 247665.3825776577),3263.0,0.0,Raining
11295,25233,25233,1482603,Matched,Intersection,28788.0,DEXTER AVE N AND THOMAS ST,,,2,Injury Collision,Cycles,2,0,1,1,1,0,0,2004-05-26T00:00:00.000Z,5/26/2004 9:22:00 AM,At Intersection (intersection related),18,"MOTOR VEHICLE STRUCK PEDALCYCLIST, FRONT END AT ANGLE",,0,Overcast,Wet,Daylight,Y,4147018.0,,45.0,Vehicle - Pedalcyclist,0,0,N,POINT (1268283.993903518 230129.8392637074),3489.0,0.0,Overcast
11331,24975,24975,1220461,Matched,Intersection,25532.0,STONE AVE N AND N 50TH ST,,,2,Injury Collision,Cycles,2,0,1,1,1,0,0,2004-09-25T00:00:00.000Z,9/25/2004 6:04:00 PM,At Intersection (intersection related),18,"MOTOR VEHICLE STRUCK PEDALCYCLIST, FRONT END AT ANGLE",,0,Clear or Partly Cloudy,Dry,Dusk,Y,4269007.0,,45.0,Vehicle - Pedalcyclist,0,0,N,POINT (1268673.590063915 246229.3454561979),7066.0,0.0,Clear or Partly Cloudy
11409,25276,25276,1782218,Matched,Block,,BROADWAY BETWEEN E HOWELL ST AND E DENNY WAY,,,2,Injury Collision,Cycles,3,0,1,1,1,0,0,2004-07-01T00:00:00.000Z,7/1/2004,Mid-Block (not related to intersection),14,"MOTOR VEHICLE STRUCK MOTOR VEHICLE, REAR END",,0,Clear or Partly Cloudy,Dry,Daylight,,4183023.0,,45.0,Vehicle - Pedalcyclist,0,0,N,POINT (1273574.993460938 229029.2310705781),14763.0,1.6301366547239527e-05,Clear or Partly Cloudy
11454,25412,25412,1781890,Matched,Block,,MERIDIAN AVE N BETWEEN N NORTHLAKE WAY AND N 34TH ST,,,2,Injury Collision,Cycles,2,0,1,1,1,0,0,2004-10-19T00:00:00.000Z,10/19/2004 8:42:00 AM,Mid-Block (but intersection related),18,"MOTOR VEHICLE STRUCK PEDALCYCLIST, FRONT END AT ANGLE",,0,Raining,Wet,Daylight,Y,4293036.0,,45.0,Vehicle - Pedalcyclist,0,0,N,POINT (1270559.229041845 239775.8079135865),17978.0,1.6341719992260715e-05,Raining
11507,25392,25392,1213763,Matched,Intersection,30447.0,8TH AVE S AND S DEARBORN ST,,,2b,Serious Injury Collision,Cycles,2,0,1,1,1,1,0,2004-03-28T00:00:00.000Z,3/28/2004 11:22:00 AM,At Intersection (intersection related),51,PEDALCYCLIST STRUCK MOTOR VEHICLE FRONT END AT ANGLE,,0,Clear or Partly Cloudy,Dry,Daylight,,4088011.0,,45.0,Vehicle - Pedalcyclist,0,0,N,POINT (1273019.573044375 220895.8416862488),3274.0,0.0,Clear or Partly Cloudy
11576,25181,25181,1930984,Matched,Intersection,25738.0,UNIVERSITY WAY NE AND NE RAVENNA EB BV,,,1,Property Damage Only Collision,Cycles,2,0,1,1,0,0,0,2004-12-20T00:00:00.000Z,12/20/2004 2:54:00 PM,At Intersection (intersection related),11,"MOTOR VEHICLE STRUCK MOTOR VEHICLE, FRONT END AT ANGLE",,0,Clear or Partly Cloudy,Dry,Daylight,Y,4355006.0,,45.0,Vehicle - Pedalcyclist,0,0,N,POINT (1275871.742263287 248260.0086262673),8934.0,0.0,Clear or Partly Cloudy
11589,24915,24915,1799126,Matched,Intersection,29037.0,14TH AVE E AND E THOMAS E ST,,,2,Injury Collision,Cycles,2,0,1,1,1,0,0,2004-09-30T00:00:00.000Z,9/30/2004 8:16:00 PM,At Intersection (intersection related),51,PEDALCYCLIST STRUCK MOTOR VEHICLE FRONT END AT ANGLE,,0,Overcast,Dry,Dark - Street Lights On,,4274026.0,,45.0,Vehicle - Pedalcyclist,0,0,N,POINT (1275200.838710606 230080.9511996508),5070.0,0.0,Overcast
11836,25789,25789,1781356,Matched,Block,,HARBOR AVE SW BETWEEN CALIFORNIA WAY SW AND FAIRMOUNT AVE SW,,,2,Injury Collision,Cycles,4,0,1,1,1,0,0,2004-05-23T00:00:00.000Z,5/23/2004 12:49:00 PM,Driveway Junction,18,"MOTOR VEHICLE STRUCK PEDALCYCLIST, FRONT END AT ANGLE",,0,Clear or Partly Cloudy,Dry,Daylight,Y,4144007.0,,45.0,Vehicle - Pedalcyclist,0,0,N,POINT (1258813.585125819 218426.0909637213),15569.0,1.0984254900840304e-05,Clear or Partly Cloudy
11873,25796,25796,1069998,Matched,Block,,NICKERSON ST BETWEEN CREMONA ST AND DRAVUS ST,,,2,Injury Collision,Cycles,2,0,1,1,1,0,0,2004-11-30T00:00:00.000Z,11/30/2004 11:30:00 AM,Driveway Junction,18,"MOTOR VEHICLE STRUCK PEDALCYCLIST, FRONT END AT ANGLE",,0,Overcast,Wet,Daylight,Y,4335028.0,,45.0,Vehicle - Pedalcyclist,0,0,N,POINT (1265078.440684244 240485.4698663056),21597.0,1.2542887797041924e-05,Overcast
11890,25672,25672,1798562,Matched,Block,,SW WILLOW ST BETWEEN 35TH AVE SW AND 36TH AVE SW,,,2,Injury Collision,Cycles,3,0,1,1,1,0,0,2004-09-30T00:00:00.000Z,9/30/2004 4:17:00 PM,Driveway Junction,18,"MOTOR VEHICLE STRUCK PEDALCYCLIST, FRONT END AT ANGLE",Y,0,Clear or Partly Cloudy,Dry,Daylight,,4274029.0,,45.0,Vehicle - Pedalcyclist,0,0,N,POINT (1259113.95869413 201182.8961300701),16310.0,0.0,Clear or Partly Cloudy
10020,23534,23534,1773648,Matched,Block,,6TH AVE NW BETWEEN NW 45TH ST AND NW 46TH ST,,,2,Injury Collision,Cycles,3,0,1,1,1,0,0,2004-06-20T00:00:00.000Z,6/20/2004 6:52:00 PM,Mid-Block (but intersection related),18,"MOTOR VEHICLE STRUCK PEDALCYCLIST, FRONT END AT ANGLE",,1,Clear or Partly Cloudy,Dry,Daylight,,4172014.0,,45.0,Vehicle - Pedalcyclist,0,0,N,POINT (1263249.385642365 245165.1817431003),20532.0,0.0,Clear or Partly Cloudy