OBJECTID,INCKEY,COLDETKEY,REPORTNO,STATUS,ADDRTYPE,INTKEY,LOCATION,EXCEPTRSNC,EXCEPTRSND,SEVERITYCO,SEVERITYDE,COLLISIONT,PERSONCOUN,PEDCOUNT,PEDCYLCOUN,VEHCOUNT,INJURIES,SERIOUSINJ,FATALITIES,INCDATE,INCDTTM,JUNCTIONTY,SDOT_COLCO,SDOT_COLDE,INATTENTIO,UNDERINFL,WEATHER,ROADCOND,LIGHTCOND,PEDROWNOTG,SDOTCOLNUM,SPEEDING,ST_COLCODE,ST_COLDESC,SEGLANEKEY,CROSSWALKK,HITPARKEDC,geometry,near_str_index,min_length,weather_group
10191,23990,23990,1482528,Matched,Intersection,29582.0,1ST AVE AND VIRGINIA ST,,,2,Injury Collision,Cycles,3,0,1,1,1,0,0,2004-04-22T00:00:00.000Z,4/22/2004 7:12:00 PM,At Intersection (intersection related),18,"MOTOR VEHICLE STRUCK PEDALCYCLIST, FRONT END AT ANGLE",,0,Clear or Partly Cloudy,Dry,Daylight,Y,4113039.0,,45.0,Vehicle - Pedalcyclist,0,0,N,POINT (1268156.847407386 226549.5873560458),2268.0,0.0,Clear or Partly Cloudy
10318,24026,24026,1772953,Matched,Intersection,35444.0,RAINIER AVE S AND S DIRECTOR S ST,,,2,Injury Collision,Cycles,2,0,1,1,1,0,0,2004-07-21T00:00:00.000Z,7/21/2004 1:21:00 PM,At Intersection (intersection related),18,"MOTOR VEHICLE STRUCK PEDALCYCLIST, FRONT END AT ANGLE",,0,Clear or Partly Cloudy,Dry,Daylight,,4203039.0,,45.0,Vehicle - Pedalcyclist,0,0,N,POINT (1285458.921025112 193688.5295303911),4459.0,0.0,Clear or Partly Cloudy
10337,24290,24290,1069699,Matched,Intersection,30367.0,ALASKAN WAY S AND S KING ST,,,2,Injury Collision,Cycles,2,0,1,1,1,0,0,2004-12-22T00:00:00.000Z,12/22/2004 7:44:00 AM,At Intersection (intersection related),51,PEDALCYCLIST STRUCK MOTOR VEHICLE FRONT END AT ANGLE,,0,Clear or Partly Cloudy,Dry,Daylight,,4357029.0,,45.0,Vehicle - Pedalcyclist,0,0,N,,,,Clear or Partly Cloudy
10349,23899,23899,1771327,Matched,Block,,RAINIER AVE S BETWEEN S FOREST ST AND M L KING JR WAY S,,,2,Injury Collision,Cycles,2,0,1,1,1,0,0,2004-01-27T00:00:00.000Z,1/27/2004 5:04:00 PM,Driveway Junction,18,"MOTOR VEHICLE STRUCK PEDALCYCLIST, FRONT END AT ANGLE",,0,Clear or Partly Cloudy,Dry,Dusk,Y,4027005.0,,45.0,Vehicle - Pedalcyclist,0,0,N,POINT (1279149.975418642 213887.4315030724),10372.0,8.050861236951097e-06,Clear or Partly Cloudy
10406,24181,24181,1072241,Matched,Intersection,30350.0,MARION ST AND WESTERN AVE,,,2,Injury Collision,Cycles,2,0,1,1,1,0,0,2004-07-14T00:00:00.000Z,7/14/2004 3:44:00 PM,At Intersection (intersection related),51,PEDALCYCLIST STRUCK MOTOR VEHICLE FRONT END AT ANGLE,,0,Clear or Partly Cloudy,Dry,Daylight,,4196012.0,,45.0,Vehicle - Pedalcyclist,0,0,N,POINT (1269562.016816825 223767.3386491984),3652.0,0.0,Clear or Partly Cloudy
10456,23790,23790,C628470,Matched,Block,,NE 145TH ST BETWEEN 15TH AVE NE AND 17TH AVE NE,,,2,Injury Collision,Cycles,2,0,1,1,1,0,0,2004-02-06T00:00:00.000Z,2/6/2004,Mid-Block (not related to intersection),54,PEDALCYCLIST STRUCK MOTOR VEHICLE REAR END,,0,Raining,Wet,Dark - Street Lights On,,4037047.0,,45.0,Vehicle - Pedalcyclist,0,0,N,POINT (1276715.704760149 271210.0434017777),16518.0,4.668306706616882e-06,Raining
10507,23801,23801,1797980,Matched,Block,,E JOHN ST BETWEEN SUMMIT AVE E AND E OLIVE WAY,,,2,Injury Collision,Cycles,3,0,1,1,1,0,0,2004-09-29T00:00:00.000Z,9/29/2004 11:46:00 PM,Driveway Junction,18,"MOTOR VEHICLE STRUCK PEDALCYCLIST, FRONT END AT ANGLE",Y,0,Clear or Partly Cloudy,Dry,Daylight,,4273018.0,,45.0,Vehicle - Pedalcyclist,0,0,N,POINT (1272623.476787969 229604.6706871688),8985.0,1.116243952769702e-06,Clear or Partly Cloudy
10516,23939,23939,1798531,Matched,Intersection,32795.0,35TH AVE SW AND SW BRANDON ST,,,2,Injury Collision,Cycles,2,0,1,1,1,0,0,2004-07-04T00:00:00.000Z,7/4/2004,At Intersection (intersection related),18,"MOTOR VEHICLE STRUCK PEDALCYCLIST, FRONT END AT ANGLE",,0,Clear or Partly Cloudy,Dry,Dark - Street Lights On,,4186005.0,,45.0,Vehicle - Pedalcyclist,0,0,N,POINT (1259436.038694456 205821.876358822),1954.0,0.0,Clear or Partly Cloudy
10572,24502,24502,1772380,Matched,Intersection,29026.0,FEDERAL AVE E AND E HARRISON ST,,,2,Injury Collision,Cycles,4,0,1,1,1,0,0,2004-05-01T00:00:00.000Z,5/1/2004,At Intersection (intersection related),51,PEDALCYCLIST STRUCK MOTOR VEHICLE FRONT END AT ANGLE,,0,Clear or Partly Cloudy,Dry,Daylight,,4122034.0,,45.0,Vehicle - Pedalcyclist,0,0,N,POINT (1274088.013621464 230414.0719680041),3527.0,0.0,Clear or Partly Cloudy
10642,24652,24652,1790603,Matched,Intersection,34147.0,16TH AVE SW AND SW HOLDEN ST,,,2,Injury Collision,Cycles,3,0,1,1,1,0,0,2004-05-18T00:00:00.000Z,5/18/2004 1:36:00 PM,At Intersection (intersection related),18,"MOTOR VEHICLE STRUCK PEDALCYCLIST, FRONT END AT ANGLE",,0,Clear or Partly Cloudy,Dry,Daylight,Y,4139002.0,,45.0,Vehicle - Pedalcyclist,0,0,N,POINT (1264535.759659678 198387.0721272081),4698.0,0.0,Clear or Partly Cloudy
10725,24540,24540,1856504,Matched,Block,,E ROANOKE ST BETWEEN BROADWAY E AND 10TH W AVE E,,,2,Injury Collision,Cycles,2,0,1,1,1,0,0,2004-02-26T00:00:00.000Z,2/26/2004 8:20:00 PM,Mid-Block (not related to intersection),18,"MOTOR VEHICLE STRUCK PEDALCYCLIST, FRONT END AT ANGLE",,1,Raining,Wet,Dark - Street Lights On,,4057040.0,,45.0,Vehicle - Pedalcyclist,0,0,N,POINT (1273847.204149216 238159.2889359295),18118.0,6.436268505674675e-06,Raining
10855,24862,24862,1775190,Matched,Block,,HARBOR AVE SW BETWEEN SW MARYLAND PL AND CALIFORNIA WAY SW,,,2,Injury Collision,Cycles,3,0,1,2,1,0,0,2004-04-10T00:00:00.000Z,4/10/2004 1:49:00 PM,Mid-Block (not related to intersection),56,PEDALCYCLIST STRUCK MOTOR VEHICLE LEFT SIDE SIDESWIPE,,0,Clear or Partly Cloudy,Dry,Daylight,,4101003.0,,45.0,Vehicle - Pedalcyclist,0,0,N,POINT (1258205.826917201 219540.360020861),6404.0,2.0954053904114126e-05,Clear or Partly Cloudy
13123,26535,26535,1780896,Matched,Block,,NE 40TH ST BETWEEN 7TH AVE NE AND UNIVERSITY BR OFF RP,,,2,Injury Collision,Cycles,2,0,1,1,1,0,0,2004-10-14T00:00:00.000Z,10/14/2004 5:30:00 PM,Mid-Block (not related to intersection),18,"MOTOR VEHICLE STRUCK PEDALCYCLIST, FRONT END AT ANGLE",,0,Unknown,Unknown,Unknown,,4288001.0,,45.0,Vehicle - Pedalcyclist,0,0,N,POINT (1274257.475829631 242649.8072765321),13899.0,1.7102748335079325e-05,
13239,26563,26563,1080205,Matched,Intersection,24214.0,8TH AVE NW AND NW 65TH ST,,,1,Property Damage Only Collision,Cycles,2,0,1,1,0,0,0,2004-07-26T00:00:00.000Z,7/26/2004 2:48:00 PM,At Intersection (intersection related),18,"MOTOR VEHICLE STRUCK PEDALCYCLIST, FRONT END AT ANGLE",,0,Clear or Partly Cloudy,Dry,Daylight,,4208015.0,,45.0,Vehicle - Pedalcyclist,0,0,N,POINT (1262854.94301796 250338.5430283993),6060.0,0.0,Clear or Partly Cloudy
13310,26991,26991,1321224,Matched,Block,,ALASKAN WAY BETWEEN VIRGINIA ST AND LENORA ST,,,2,Injury Collision,Cycles,3,0,1,1,1,0,0,2004-09-22T00:00:00.000Z,9/22/2004 5:51:00 AM,Mid-Block (not related to intersection),56,PEDALCYCLIST STRUCK MOTOR VEHICLE LEFT SIDE SIDESWIPE,,0,Clear or Partly Cloudy,Dry,Dawn,,4266044.0,,45.0,Vehicle - Pedalcyclist,0,0,N,POINT (1267398.513518617 226032.9394835085),6110.0,8.491434657810909e-06,Clear or Partly Cloudy
13347,27136,27136,1782358,Matched,Intersection,25464.0,LEARY WAY NW AND NW 46TH ST,,,2,Injury Collision,Cycles,2,0,1,1,1,0,0,2004-05-05T00:00:00.000Z,5/5/2004,At Intersection (intersection related),18,"MOTOR VEHICLE STRUCK PEDALCYCLIST, FRONT END AT ANGLE",,0,Clear or Partly Cloudy,Dry,Daylight,Y,4126006.0,,45.0,Vehicle - Pedalcyclist,0,0,N,POINT (1262301.018409386 245318.484655261),804.0,0.0,Clear or Partly Cloudy
13355,27289,27289,1785226,Matched,Block,,WALL ST BETWEEN ALASKAN WAY AND ELLIOTT AVE,,,2b,Serious Injury Collision,Cycles,2,0,1,1,1,1,0,2004-09-29T00:00:00.000Z,9/29/2004 6:06:00 PM,Driveway Junction,18,"MOTOR VEHICLE STRUCK PEDALCYCLIST, FRONT END AT ANGLE",,0,Clear or Partly Cloudy,Dry,Daylight,,4273019.0,,45.0,Vehicle - Pedalcyclist,0,0,N,POINT (1266146.21738933 227326.5637408346),6740.0,1.8300872351331008e-05,Clear or Partly Cloudy
13419,27166,27166,1779937,Matched,Intersection,25403.0,15TH AVE NW AND NW 58TH ST,,,2,Injury Collision,Cycles,2,0,1,1,1,0,0,2004-02-13T00:00:00.000Z,2/13/2004 11:34:00 PM,At Intersection (intersection related),18,"MOTOR VEHICLE STRUCK PEDALCYCLIST, FRONT END AT ANGLE",,0,Raining,Wet,Dark - Street Lights On,Y,4044008.0,,45.0,Vehicle - Pedalcyclist,0,0,N,POINT (1260308.138791353 248534.5780985504),2398.0,0.0,Raining
13486,27605,27605,1793741,Matched,Block,,AURORA AVE N BETWEEN N 100TH ST AND N 101ST ST,,,2,Injury Collision,Cycles,2,0,1,1,1,0,0,2004-10-31T00:00:00.000Z,10/31/2004 8:32:00 PM,Driveway Junction,18,"MOTOR VEHICLE STRUCK PEDALCYCLIST, FRONT END AT ANGLE",,1,Clear or Partly Cloudy,Dry,Dark - Street Lights On,Y,4305020.0,,45.0,Vehicle - Pedalcyclist,0,0,N,POINT (1268302.892335534 259645.5570539385),19741.0,2.894440245362095e-05,Clear or Partly Cloudy
13562,27592,27592,1482713,Matched,Intersection,29510.0,DENNY WAY AND WESTLAKE AVE,,,2,Injury Collision,Cycles,3,0,1,1,1,0,0,2004-05-14T00:00:00.000Z,5/14/2004 10:24:00 AM,At Intersection (intersection related),51,PEDALCYCLIST STRUCK MOTOR VEHICLE FRONT END AT ANGLE,Y,0,Clear or Partly Cloudy,Dry,Daylight,,4135005.0,,45.0,Vehicle - Pedalcyclist,0,0,N,POINT (1269228.121136487 229252.4793908149),1030.0,0.0,Clear or Partly Cloudy
13624,27616,27616,1318124,Matched,Intersection,24082.0,3RD AVE NW AND NW 73RD ST,,,2,Injury Collision,Cycles,2,0,1,1,1,0,0,2004-05-18T00:00:00.000Z,5/18/2004 6:42:00 AM,At Intersection (intersection related),18,"MOTOR VEHICLE STRUCK PEDALCYCLIST, FRONT END AT ANGLE",,0,Clear or Partly Cloudy,Dry,Daylight,Y,4139001.0,,45.0,Vehicle - Pedalcyclist,0,0,N,POINT (1264260.127275392 252429.4621985406),16117.0,0.0,Clear or Partly Cloudy
13664,27356,27356,1475098,Matched,Intersection,28668.0,ELLIOTT ER AVE W AND WESTERN AVE W,,,2,Injury Collision,Cycles,2,0,1,1,1,0,0,2004-03-02T00:00:00.000Z,3/2/2004,At Intersection (intersection related),18,"MOTOR VEHICLE STRUCK PEDALCYCLIST, FRONT END AT ANGLE",,0,Clear or Partly Cloudy,Dry,Daylight,Y,4062020.0,,45.0,Vehicle - Pedalcyclist,0,0,N,POINT (1263924.401707053 229960.5249595344),21828.0,0.0,Clear or Partly Cloudy
13773,27240,27240,1217195,Matched,Block,,LAKE WASHINGTON BLVD E BETWEEN ARBORETUM DR E AND E INTERLAKEN BLVD,,,2,Injury Collision,Cycles,1,0,1,0,1,0,0,2004-10-02T00:00:00.000Z,10/2/2004,Driveway Junction,69,PEDALCYCLIST OVERTURNED IN ROAD,,0,Clear or Partly Cloudy,Dry,Daylight,,4276012.0,,45.0,Vehicle - Pedalcyclist,0,0,N,POINT (1279763.806203276 232942.8689625859),790.0,7.777070419702952e-06,Clear or Partly Cloudy
13852,27539,27539,1220278,Matched,Block,,STONE WAY N BETWEEN N 38TH ST AND N 39TH ST,,,2b,Serious Injury Collision,Cycles,2,0,1,1,1,1,0,2004-08-27T00:00:00.000Z,8/27/2004 5:20:00 PM,Driveway Junction,18,"MOTOR VEHICLE STRUCK PEDALCYCLIST, FRONT END AT ANGLE",,0,Overcast,Dry,Daylight,Y,4240006.0,,45.0,Vehicle - Pedalcyclist,0,0,N,POINT (1268478.03998372 241992.2783158571),10391.0,4.096066534254264e-10,Overcast
13853,27544,27544,1482324,Matched,Block,,20TH AVE W BETWEEN ELLIOTT BAY TRL AND THORNDYKE AVE W,,,2,Injury Collision,Cycles,2,0,1,1,1,0,0,2004-07-23T00:00:00.000Z,7/23/2004 8:14:00 AM,Driveway Junction,18,"MOTOR VEHICLE STRUCK PEDALCYCLIST, FRONT END AT ANGLE",,0,Clear or Partly Cloudy,Dry,Daylight,Y,4205001.0,,45.0,Vehicle - Pedalcyclist,0,0,N,POINT (1258670.515173674 238844.1037206352),2537.0,3.81501812753153e-06,Clear or Partly Cloudy
13884,28111,28111,1214115,Matched,Intersection,334512.0,TAYLOR AVE N AND WARD PL,,,2,Injury Collision,Cycles,2,0,1,1,1,0,0,2004-10-07T00:00:00.000Z,10/7/2004,At Intersection (intersection related),51,PEDALCYCLIST STRUCK MOTOR VEHICLE FRONT END AT ANGLE,Y,0,Clear or Partly Cloudy,Dry,Daylight,,4281003.0,,45.0,Vehicle - Pedalcyclist,0,0,N,POINT (1267378.671150595 232522.3525461555),3817.0,0.0,Clear or Partly Cloudy
12003,25826,25826,1773432,Matched,Block,,HOLMAN RD NW BETWEEN 6TH AVE NW AND 4TH AVE NW,,,2,Injury Collision,Cycles,2,0,1,1,1,0,0,2004-10-22T00:00:00.000Z,10/22/2004 6:50:00 AM,Driveway Junction,18,"MOTOR VEHICLE STRUCK PEDALCYCLIST, FRONT END AT ANGLE",,0,Overcast,Dry,Dawn,Y,4296004.0,,45.0,Vehicle - Pedalcyclist,0,0,N,POINT (1263849.937514976 259587.4847978652),16027.0,3.664662104581522e-05,Overcast
12109,25455,25455,1781845,Matched,Block,,8TH AVE NW BETWEEN NW 87TH ST AND NW 88TH ST,,,2,Injury Collision,Cycles,2,0,1,1,1,0,0,2004-10-30T00:00:00.000Z,10/30/2004 9:10:00 AM,Mid-Block (not related to intersection),18,"MOTOR VEHICLE STRUCK PEDALCYCLIST, FRONT END AT ANGLE",,1,Clear or Partly Cloudy,Dry,Daylight,,4304010.0,,45.0,Vehicle - Pedalcyclist,0,0,N,POINT (1262979.458730087 256341.8743625432),575.0,3.1085839115462856e-05,Clear or Partly Cloudy
12154,25739,25739,1320450,Matched,Block,,12TH AVE S BETWEEN E YESLER WAY AND BOREN AVE S,,,2,Injury Collision,Cycles,1,0,1,0,1,0,0,2004-04-26T00:00:00.000Z,4/26/2004 9:51:00 PM,Mid-Block (but intersection related),26,MOTOR VEHICLE STRUCK OBJECT IN ROAD,Y,0,Clear or Partly Cloudy,Dry,Dark - Street Lights On,,4117019.0,,45.0,Vehicle - Pedalcyclist,0,0,N,POINT (1274435.638197824 222853.8910962641),8412.0,6.120024547927893e-09,Clear or Partly Cloudy
12199,25883,25883,1781267,Matched,Block,,HARBOR AVE SW BETWEEN CALIFORNIA WAY SW AND FAIRMOUNT AVE SW,,,2,Injury Collision,Cycles,2,0,1,1,1,0,0,2004-06-22T00:00:00.000Z,6/22/2004 5:37:00 PM,Mid-Block (not related to intersection),18,"MOTOR VEHICLE STRUCK PEDALCYCLIST, FRONT END AT ANGLE",,0,Clear or Partly Cloudy,Dry,Daylight,Y,4174007.0,,45.0,Vehicle - Pedalcyclist,0,0,N,POINT (1258813.585125819 218426.0909637213),15569.0,1.0984254900840304e-05,Clear or Partly Cloudy
12353,26328,26328,1776175,Matched,Intersection,27189.0,MERIDIAN AVE N AND N 44TH ST,,,2,Injury Collision,Cycles,2,0,1,1,1,0,0,2004-09-08T00:00:00.000Z,9/8/2004,At Intersection (intersection related),51,PEDALCYCLIST STRUCK MOTOR VEHICLE FRONT END AT ANGLE,,1,Overcast,Dry,Dark - No Street Lights,,4252039.0,,45.0,Vehicle - Pedalcyclist,0,0,N,POINT (1270694.243633986 244460.1606863886),3665.0,0.0,Overcast
12405,26350,26350,1219932,Matched,Intersection,26800.0,WOODLAND PARK AVE N AND N 45TH ST,,,2,Injury Collision,Cycles,2,0,1,1,1,0,0,2004-08-28T00:00:00.000Z,8/28/2004 11:51:00 PM,At Intersection (intersection related),51,PEDALCYCLIST STRUCK MOTOR VEHICLE FRONT END AT ANGLE,,0,Clear or Partly Cloudy,Dry,Dark - Street Lights Off,,4241007.0,,45.0,Vehicle - Pedalcyclist,0,0,N,POINT (1268037.223727271 244909.2141268402),7051.0,0.0,Clear or Partly Cloudy
12412,26076,26076,1775341,Matched,Intersection,34778.0,FAUNTLEROY WAY SW AND SW THISTLE ST,,,2,Injury Collision,Cycles,2,0,1,1,1,0,0,2004-08-24T00:00:00.000Z,8/24/2004 4:39:00 PM,At Intersection (but not related to intersection),18,"MOTOR VEHICLE STRUCK PEDALCYCLIST, FRONT END AT ANGLE",Y,0,Raining,Standing Water,Daylight,Y,4237048.0,,45.0,Vehicle - Pedalcyclist,0,0,N,POINT (1255186.525986105 196710.6970854849),4748.0,0.0,Raining
12441,26237,26237,1794982,Matched,Intersection,27281.0,MERIDIAN AVE N AND N NORTHLAKE WAY,,,2,Injury Collision,Cycles,2,0,1,1,1,0,0,2004-09-11T00:00:00.000Z,9/11/2004 12:25:00 PM,At Intersection (intersection related),18,"MOTOR VEHICLE STRUCK PEDALCYCLIST, FRONT END AT ANGLE",,0,Clear or Partly Cloudy,Dry,Daylight,Y,4255011.0,,45.0,Vehicle - Pedalcyclist,0,0,N,POINT (1270553.529905841 239563.4763933718),17978.0,0.0,Clear or Partly Cloudy
12443,26235,26235,1794855,Matched,Intersection,26900.0,CARR PL N AND N 35TH ST,,,2,Injury Collision,Cycles,2,0,1,1,1,0,0,2004-11-11T00:00:00.000Z,11/11/2004 5:18:00 PM,At Intersection (intersection related),51,PEDALCYCLIST STRUCK MOTOR VEHICLE FRONT END AT ANGLE,,0,Clear or Partly Cloudy,Dry,Dusk,,4316026.0,,45.0,Vehicle - Pedalcyclist,0,0,N,POINT (1269226.300208479 240444.3073702753),3429.0,0.0,Clear or Partly Cloudy
12484,26093,26093,1778629,Matched,Block,,AURORA AVE N BETWEEN HALLADAY ST AND RAYE ST,,,2,Injury Collision,Cycles,2,0,1,1,1,0,0,2004-04-01T00:00:00.000Z,4/1/2004,Mid-Block (not related to intersection),51,PEDALCYCLIST STRUCK MOTOR VEHICLE FRONT END AT ANGLE,,0,Clear or Partly Cloudy,Dry,Daylight,,4092004.0,,45.0,Vehicle - Pedalcyclist,0,0,N,POINT (1267287.648494497 238079.9548558444),16390.0,5.89017475811062e-06,Clear or Partly Cloudy
12561,26504,26504,1205169,Matched,Block,,N 105TH ST BETWEEN WHITMAN AVE N AND AURORA AVE N,,,2,Injury Collision,Cycles,1,0,1,0,1,0,0,2004-05-10T00:00:00.000Z,5/10/2004 2:27:00 PM,Driveway Junction,18,"MOTOR VEHICLE STRUCK PEDALCYCLIST, FRONT END AT ANGLE",,0,Raining,Wet,Daylight,,4131008.0,,45.0,Vehicle - Pedalcyclist,0,0,N,POINT (1268151.208431378 260838.8260471523),6973.0,1.3878991119233325e-05,Raining
12588,26126,26126,1789685,Matched,Block,,EASTLAKE AVE E BETWEEN HARVARD AVE E AND FUHRMAN AVE E,,,2,Injury Collision,Cycles,2,0,1,1,1,0,0,2004-06-05T00:00:00.000Z,6/5/2004,Driveway Junction,51,PEDALCYCLIST STRUCK MOTOR VEHICLE FRONT END AT ANGLE,,0,Raining,Dry,Daylight,,4157002.0,,45.0,Vehicle - Pedalcyclist,0,0,N,POINT (1273599.974708959 241029.8313388675),6317.0,1.4142158170737939e-05,Raining
12610,26004,26004,1198402,Matched,Intersection,30430.0,12TH AVE S AND S KING ST,,,2b,Serious Injury Collision,Cycles,4,0,1,1,1,1,0,2004-11-12T00:00:00.000Z,11/12/2004 4:55:00 PM,At Intersection (intersection related),18,"MOTOR VEHICLE STRUCK PEDALCYCLIST, FRONT END AT ANGLE",,0,Clear or Partly Cloudy,Dry,Dark - Street Lights On,,4317005.0,,45.0,Vehicle - Pedalcyclist,0,0,N,POINT (1274327.555381715 221785.0008551627),9996.0,0.0,Clear or Partly Cloudy
12664,26145,26145,1217326,Matched,Intersection,28303.0,EASTLAKE AVE E AND E LOUISA ST,,,2,Injury Collision,Cycles,3,0,1,1,1,0,0,2004-08-14T00:00:00.000Z,8/14/2004 6:47:00 PM,At Intersection (intersection related),18,"MOTOR VEHICLE STRUCK PEDALCYCLIST, FRONT END AT ANGLE",,0,Clear or Partly Cloudy,Dry,Daylight,,4227010.0,,45.0,Vehicle - Pedalcyclist,0,0,N,POINT (1272500.319795832 237760.9773195237),6316.0,0.0,Clear or Partly Cloudy
12821,26864,26864,1798528,Matched,Block,,SW BARTON ST BETWEEN 26TH AVE SW AND 29TH AVE SW,,,2,Injury Collision,Cycles,2,0,1,1,1,0,0,2004-06-25T00:00:00.000Z,6/25/2004 6:16:00 PM,Driveway Junction,18,"MOTOR VEHICLE STRUCK PEDALCYCLIST, FRONT END AT ANGLE",,1,Clear or Partly Cloudy,Dry,Daylight,,4177004.0,,45.0,Vehicle - Pedalcyclist,0,0,N,POINT (1261257.90519233 193836.8662345409),11526.0,9.724152838349038e-06,Clear or Partly Cloudy
12889,26753,26753,1080155,Matched,Intersection,24323.0,FREMONT AVE N AND N 73RD ST,,,2,Injury Collision,Cycles,2,0,1,1,1,0,0,2004-08-17T00:00:00.000Z,8/17/2004 4:18:00 PM,At Intersection (intersection related),51,PEDALCYCLIST STRUCK MOTOR VEHICLE FRONT END AT ANGLE,,0,Clear or Partly Cloudy,Dry,Daylight,,4230010.0,,45.0,Vehicle - Pedalcyclist,0,0,N,POINT (1266870.364206076 252381.6311585009),3536.0,0.0,Clear or Partly Cloudy
12962,27039,27039,1476139,Matched,Intersection,25132.0,24TH AVE NW AND NW 58TH ST,,,2,Injury Collision,Cycles,2,0,1,1,1,0,0,2004-05-07T00:00:00.000Z,5/7/2004,At Intersection (intersection related),18,"MOTOR VEHICLE STRUCK PEDALCYCLIST, FRONT END AT ANGLE",,0,Raining,Wet,Daylight,Y,4128004.0,,45.0,Vehicle - Pedalcyclist,0,0,N,POINT (1257506.266148478 248596.4105466157),7478.0,0.0,Raining
12981,27050,27050,1218473,Matched,Intersection,27039.0,FREMONT AVE N AND N 34TH ST,,,2b,Serious Injury Collision,Cycles,2,0,1,1,1,1,0,2004-04-29T00:00:00.000Z,4/29/2004 10:10:00 AM,At Intersection (intersection related),18,"MOTOR VEHICLE STRUCK PEDALCYCLIST, FRONT END AT ANGLE",,0,Clear or Partly Cloudy,Dry,Daylight,Y,4120010.0,,45.0,Vehicle - Pedalcyclist,0,0,N,POINT (1266674.116909876 240632.7658664584),1223.0,0.0,Clear or Partly Cloudy
12983,27049,27049,1217190,Matched,Block,,LAKE WASHINGTON BLVD BETWEEN E TERRACE ST AND E JEFFERSON ST,,,2,Injury Collision,Cycles,2,0,1,1,1,0,0,2004-08-14T00:00:00.000Z,8/14/2004 6:55:00 AM,Mid-Block (not related to intersection),18,"MOTOR VEHICLE STRUCK PEDALCYCLIST, FRONT END AT ANGLE",,0,Clear or Partly Cloudy,Dry,Daylight,,4227006.0,,45.0,Vehicle - Pedalcyclist,0,0,N,POINT (1282694.302654281 224157.6704255939),789.0,1.0774933041099153e-05,Clear or Partly Cloudy
14108,27887,27887,1213606,Matched,Intersection,29559.0,2ND AVE AND BLANCHARD ST,,,2,Injury Collision,Cycles,2,0,1,1,1,0,0,2004-05-13T00:00:00.000Z,5/13/2004 7:27:00 PM,At Intersection (intersection related),18,"MOTOR VEHICLE STRUCK PEDALCYCLIST, FRONT END AT ANGLE",,0,Clear or Partly Cloudy,Dry,Daylight,,4134003.0,,45.0,Vehicle - Pedalcyclist,0,0,N,POINT (1267743.290158972 227361.4358048737),3388.0,0.0,Clear or Partly Cloudy
14172,27764,27764,1777624,Matched,Intersection,30514.0,7TH AVE S AND S KING ST,,,2,Injury Collision,Cycles,3,0,1,1,1,0,0,2004-10-08T00:00:00.000Z,10/8/2004,At Intersection (intersection related),51,PEDALCYCLIST STRUCK MOTOR VEHICLE FRONT END AT ANGLE,Y,0,Raining,Wet,Daylight,,4282002.0,,45.0,Vehicle - Pedalcyclist,0,0,N,POINT (1272717.880372062 221820.5789671987),11477.0,0.0,Raining
14304,27796,27796,1771969,Matched,Intersection,32725.0,39TH AVE S AND S OREGON ST,,,2,Injury Collision,Cycles,2,0,1,1,1,0,0,2004-04-08T00:00:00.000Z,4/8/2004,At Intersection (intersection related),18,"MOTOR VEHICLE STRUCK PEDALCYCLIST, FRONT END AT ANGLE",,0,Clear or Partly Cloudy,Dry,Daylight,,4099026.0,,45.0,Vehicle - Pedalcyclist,0,0,N,POINT (1282315.131197885 208681.5722337514),4575.0,0.0,Clear or Partly Cloudy
14355,28091,28091,1220253,Matched,Block,,NE 65TH ST BETWEEN 25TH AVE NE AND 26TH AVE NE,,,2,Injury Collision,Cycles,2,0,1,1,1,0,0,2004-08-18T00:00:00.000Z,8/18/2004 8:20:00 AM,Driveway Junction,11,"MOTOR VEHICLE STRUCK MOTOR VEHICLE, FRONT END AT ANGLE",,0,Clear or Partly Cloudy,Dry,Daylight,Y,4231019.0,,45.0,Vehicle - Pedalcyclist,0,0,N,POINT (1279084.665786579 249945.3962759972),16282.0,3.6102478539266473e-06,Clear or Partly Cloudy
14449,28534,28534,1778253,Matched,Block,,DELRIDGE WAY SW BETWEEN SW ANDOVER ST AND SW DAKOTA ST,,,2,Injury Collision,Cycles,2,0,1,1,1,0,0,2004-02-05T00:00:00.000Z,2/5/2004,Mid-Block (not related to intersection),23,"MOTOR VEHICLE STRUCK PEDALCYCLIST, LEFT SIDE SIDESWIPE",,0,Clear or Partly Cloudy,Dry,Daylight,Y,4036005.0,,45.0,Vehicle - Pedalcyclist,0,0,N,POINT (1262739.523369849 210740.9371638596),6281.0,1.6720519305764873e-05,Clear or Partly Cloudy
14543,28425,28425,1783857,Matched,Intersection,28632.0,MERCER ST AND QUEEN ANNE AVE N,,,2,Injury Collision,Cycles,2,0,1,1,1,0,0,2004-08-12T00:00:00.000Z,8/12/2004 1:25:00 AM,At Intersection (intersection related),18,"MOTOR VEHICLE STRUCK PEDALCYCLIST, FRONT END AT ANGLE",,0,Clear or Partly Cloudy,Dry,Dark - Street Lights On,Y,4225006.0,,45.0,Vehicle - Pedalcyclist,0,0,N,POINT (1264777.956907928 231546.8404811621),904.0,0.0,Clear or Partly Cloudy
14624,28573,28573,1776526,Matched,Block,,4TH AVE S BETWEEN SEATTLE BLVD S AND I90 WB 4TH AV OFF RP,,,2,Injury Collision,Cycles,2,0,1,1,1,0,0,2004-04-21T00:00:00.000Z,4/21/2004 12:45:00 PM,Driveway Junction,18,"MOTOR VEHICLE STRUCK PEDALCYCLIST, FRONT END AT ANGLE",,0,Clear or Partly Cloudy,Wet,Daylight,,4112025.0,,45.0,Vehicle - Pedalcyclist,0,0,N,POINT (1271391.178034708 220765.3678941131),23365.0,2.479856931273597e-05,Clear or Partly Cloudy