OBJECTID,INCKEY,COLDETKEY,REPORTNO,STATUS,ADDRTYPE,INTKEY,LOCATION,EXCEPTRSNC,EXCEPTRSND,SEVERITYCO,SEVERITYDE,COLLISIONT,PERSONCOUN,PEDCOUNT,PEDCYLCOUN,VEHCOUNT,INJURIES,SERIOUSINJ,FATALITIES,INCDATE,INCDTTM,JUNCTIONTY,SDOT_COLCO,SDOT_COLDE,INATTENTIO,UNDERINFL,WEATHER,ROADCOND,LIGHTCOND,PEDROWNOTG,SDOTCOLNUM,SPEEDING,ST_COLCODE,ST_COLDESC,SEGLANEKEY,CROSSWALKK,HITPARKEDC,geometry,near_str_index,min_length,weather_group
18635,32069,32069,1781000,Matched,Block,,UNIVERSITY WAY NE BETWEEN NE 47TH ST AND NE 50TH ST,,,2,Injury Collision,Cycles,2,0,1,1,1,0,0,2004-07-30T00:00:00.000Z,7/30/2004 7:00:00 AM,Mid-Block (not related to intersection),56,PEDALCYCLIST STRUCK MOTOR VEHICLE LEFT SIDE SIDESWIPE,,0,Overcast,Dry,Daylight,Y,4212005.0,,45.0,Vehicle - Pedalcyclist,0,0,N,POINT (1275809.299383223 245710.9149916619),999.0,0.0,Overcast
18750,32095,32095,1793753,Matched,Block,,8TH AVE NW BETWEEN NW 48TH ST AND NW 49TH ST,,,1,Property Damage Only Collision,Cycles,2,0,1,1,0,0,0,2004-06-29T00:00:00.000Z,6/29/2004 3:40:00 PM,Mid-Block (not related to intersection),21,"MOTOR VEHICLE STRUCK PEDALCYCLIST, REAR END",,0,Clear or Partly Cloudy,Dry,Daylight,Y,4181041.0,,45.0,Vehicle - Pedalcyclist,0,0,N,POINT (1262726.860201836 245973.7390559316),572.0,1.2889341643526935e-05,Clear or Partly Cloudy
18881,32676,32676,C656010,Matched,Block,,N 36TH ST BETWEEN 1ST AVE NW AND PALATINE AVE N,,,2,Injury Collision,Cycles,2,0,1,1,1,0,0,2005-08-31T00:00:00.000Z,8/31/2005 8:00:00 PM,Mid-Block (not related to intersection),18,"MOTOR VEHICLE STRUCK PEDALCYCLIST, FRONT END AT ANGLE",,0,Clear or Partly Cloudy,Dry,Daylight,,5243053.0,,45.0,Vehicle - Pedalcyclist,0,0,N,POINT (1264878.454060033 241855.5707317144),16876.0,0.0,Clear or Partly Cloudy
18895,33069,33069,1792708,Matched,Block,,LAKE WASHINGTON BLVD E BETWEEN E MADISON ST AND ARBORETUM DR E,,,2,Injury Collision,Cycles,2,0,1,1,1,0,0,2005-04-30T00:00:00.000Z,4/30/2005 8:43:00 AM,Mid-Block (not related to intersection),21,"MOTOR VEHICLE STRUCK PEDALCYCLIST, REAR END",,0,Raining,Wet,Daylight,,5120002.0,,45.0,Vehicle - Pedalcyclist,0,0,N,POINT (1280506.198972031 232193.5976018161),21803.0,4.019627683587087e-06,Raining
19143,32876,32876,2185286,Matched,Block,,8TH AVE NW BETWEEN NW MARKET ST AND NW 56TH ST,,,2,Injury Collision,Cycles,2,0,1,1,1,0,0,2005-12-15T00:00:00.000Z,12/15/2005 6:24:00 PM,Driveway Junction,18,"MOTOR VEHICLE STRUCK PEDALCYCLIST, FRONT END AT ANGLE",,0,Clear or Partly Cloudy,Dry,Dark - Street Lights On,Y,5349008.0,,45.0,Vehicle - Pedalcyclist,0,0,N,POINT (1262766.301225871 247806.5837298036),3263.0,1.4607091259939395e-05,Clear or Partly Cloudy
19152,32871,32871,1198796,Matched,Intersection,29005.0,12TH AVE E AND E MERCER ST,,,2,Injury Collision,Cycles,2,0,1,1,1,0,0,2005-09-21T00:00:00.000Z,9/21/2005 12:27:00 AM,At Intersection (intersection related),51,PEDALCYCLIST STRUCK MOTOR VEHICLE FRONT END AT ANGLE,,0,Clear or Partly Cloudy,Dry,Dark - Street Lights On,,5264035.0,,45.0,Vehicle - Pedalcyclist,0,0,N,POINT (1274631.001654014 231237.3121608347),8408.0,0.0,Clear or Partly Cloudy
19227,33011,33011,2060811,Matched,Block,,NW BALLARD WAY BETWEEN 11TH AVE NW AND 14TH AVE NW,,,1,Property Damage Only Collision,Cycles,2,0,1,1,0,0,0,2005-11-09T00:00:00.000Z,11/9/2005,Driveway Junction,51,PEDALCYCLIST STRUCK MOTOR VEHICLE FRONT END AT ANGLE,,0,Overcast,Dry,Daylight,,5313031.0,,45.0,Vehicle - Pedalcyclist,0,0,N,POINT (1261243.064680308 245608.1266395599),19214.0,2.9011434857186322e-05,Overcast
19473,33215,33215,2020813,Matched,Block,,NE 40 UPPER ST BETWEEN 9TH AVE NE AND UNIVERSITY BR,,,2,Injury Collision,Cycles,2,0,1,1,1,0,0,2005-05-11T00:00:00.000Z,5/11/2005 5:52:00 PM,Driveway Junction,18,"MOTOR VEHICLE STRUCK PEDALCYCLIST, FRONT END AT ANGLE",,0,Overcast,Dry,Daylight,Y,5131038.0,,45.0,Vehicle - Pedalcyclist,0,0,N,POINT (1274416.182645798 242686.4616125673),4149.0,2.3856028554795582e-05,Overcast
19474,33207,33207,2023555,Matched,Intersection,23903.0,23RD AVE NW AND NW 75TH ST,,,2,Injury Collision,Cycles,2,0,1,1,1,0,0,2005-06-19T00:00:00.000Z,6/19/2005 7:30:00 PM,At Intersection (intersection related),51,PEDALCYCLIST STRUCK MOTOR VEHICLE FRONT END AT ANGLE,,0,Clear or Partly Cloudy,Dry,Daylight,,5170015.0,,45.0,Vehicle - Pedalcyclist,0,0,N,POINT (1258139.286821127 253061.9854631871),7529.0,0.0,Clear or Partly Cloudy
19529,33216,33216,C649330,Matched,Intersection,30478.0,5TH AVE AND JEFFERSON ST,,,2,Injury Collision,Cycles,2,0,1,1,1,0,0,2005-05-11T00:00:00.000Z,5/11/2005 5:05:00 PM,At Intersection (intersection related),24,MOTOR VEHCILE STRUCK PEDESTRIAN,,0,Clear or Partly Cloudy,Dry,Daylight,,5131040.0,,45.0,Vehicle - Pedalcyclist,0,0,N,POINT (1271571.328050882 223533.7517049462),778.0,0.0,Clear or Partly Cloudy
19590,33505,33505,1217302,Matched,Block,,12TH AVE BETWEEN E SPRING ST AND E MADISON ST,,,2,Injury Collision,Cycles,2,0,1,1,1,0,0,2005-01-26T00:00:00.000Z,1/26/2005 5:41:00 PM,Mid-Block (not related to intersection),18,"MOTOR VEHICLE STRUCK PEDALCYCLIST, FRONT END AT ANGLE",,0,Overcast,Wet,Dark - Street Lights On,,5026006.0,,45.0,Vehicle - Pedalcyclist,0,0,N,POINT (1274541.572597921 226847.3076763451),19417.0,3.347061679160341e-08,Overcast
19660,33258,33258,1795768,Matched,Block,,35TH AVE SW BETWEEN SW GRAHAM ST AND SW MORGAN ST,,,2,Injury Collision,Cycles,2,0,1,1,1,0,0,2005-11-14T00:00:00.000Z,11/14/2005 9:49:00 AM,Driveway Junction,11,"MOTOR VEHICLE STRUCK MOTOR VEHICLE, FRONT END AT ANGLE",,0,Clear or Partly Cloudy,Dry,Daylight,,5318007.0,,45.0,Vehicle - Pedalcyclist,0,0,N,POINT (1259339.947366357 202837.2973477542),17539.0,9.144054453791578e-06,Clear or Partly Cloudy
19691,33266,33266,1316800,Matched,Block,,ELLIOTT AVE W BETWEEN W GALER ST FLYOVER AND W GALER ST,,,2,Injury Collision,Cycles,2,0,1,1,1,0,0,2005-06-21T00:00:00.000Z,6/21/2005 7:31:00 AM,Mid-Block (not related to intersection),56,PEDALCYCLIST STRUCK MOTOR VEHICLE LEFT SIDE SIDESWIPE,,0,Clear or Partly Cloudy,Dry,Daylight,Y,5172028.0,,45.0,Vehicle - Pedalcyclist,0,0,N,POINT (1260282.714535326 234292.2795879692),17216.0,0.0,Clear or Partly Cloudy
19735,33287,33287,2023326,Matched,Block,,ROOSEVELT WAY NE BETWEEN PINEHURST N WAY NE AND NE 113TH S ST,,,2,Injury Collision,Cycles,2,0,1,1,1,0,0,2005-06-24T00:00:00.000Z,6/24/2005 5:36:00 PM,Mid-Block (but intersection related),21,"MOTOR VEHICLE STRUCK PEDALCYCLIST, REAR END",,0,Clear or Partly Cloudy,Dry,Daylight,Y,5175007.0,,45.0,Vehicle - Pedalcyclist,0,0,N,POINT (1274980.497206375 262669.5086730272),19916.0,2.944488379532288e-09,Clear or Partly Cloudy
19754,33282,33282,2028421,Matched,Block,,LAKE CITY WAY NE BETWEEN NE 117TH ST AND NE 120TH ST,,,2,Injury Collision,Cycles,2,0,1,1,1,0,0,2005-06-01T00:00:00.000Z,6/1/2005,Driveway Junction,18,"MOTOR VEHICLE STRUCK PEDALCYCLIST, FRONT END AT ANGLE",,0,Clear or Partly Cloudy,Dry,Daylight,Y,5152002.0,,45.0,Vehicle - Pedalcyclist,0,0,N,POINT (1279925.216571435 264207.8837786019),8831.0,1.7784325168217105e-05,Clear or Partly Cloudy
19809,33157,33157,2191927,Matched,Block,,MINOR AVE BETWEEN HOWELL ST AND STEWART ST,,,2,Injury Collision,Cycles,2,0,1,1,1,0,0,2005-12-02T00:00:00.000Z,12/2/2005,Mid-Block (but intersection related),18,"MOTOR VEHICLE STRUCK PEDALCYCLIST, FRONT END AT ANGLE",,0,Raining,Wet,Dark - Street Lights On,,5336010.0,,45.0,Vehicle - Pedalcyclist,0,0,N,POINT (1271012.915890321 228739.9853102863),8866.0,5.014892648510536e-09,Raining
19825,34087,34087,1059735,Matched,Block,,S ATLANTIC ST BETWEEN ALASKAN WAY S AND COLORADO AVE S,,,2,Injury Collision,Cycles,2,0,1,1,1,0,0,2005-09-07T00:00:00.000Z,9/7/2005,Mid-Block (but intersection related),55,PEDALCYCLIST STRUCK MOTOR VEHICLE RIGHT SIDE SIDESWIPE,Y,0,Clear or Partly Cloudy,Dry,Daylight,Y,5250017.0,,45.0,Vehicle - Pedalcyclist,0,0,N,POINT (1269406.699504673 219045.0782923549),4413.0,4.235007712939977e-07,Clear or Partly Cloudy
19927,33981,33981,1792798,Matched,Intersection,29515.0,DENNY WAY AND DEXTER AVE,,,2,Injury Collision,Cycles,2,0,1,1,1,0,0,2005-06-07T00:00:00.000Z,6/7/2005,At Intersection (intersection related),18,"MOTOR VEHICLE STRUCK PEDALCYCLIST, FRONT END AT ANGLE",,0,Overcast,Dry,Daylight,Y,5158030.0,,45.0,Vehicle - Pedalcyclist,0,0,N,POINT (1268262.3086555 229277.1954228282),6287.0,0.0,Overcast
19996,34164,34164,1785224,Matched,Block,,AIRPORT WAY S BETWEEN S HOLGATE SR ST AND S PLUM ST,,,2,Injury Collision,Cycles,2,0,1,1,1,0,0,2005-08-17T00:00:00.000Z,8/17/2005 7:08:00 AM,Mid-Block (but intersection related),51,PEDALCYCLIST STRUCK MOTOR VEHICLE FRONT END AT ANGLE,,0,Raining,Wet,Daylight,,5229012.0,,45.0,Vehicle - Pedalcyclist,0,0,N,POINT (1273210.972148567 217198.857746467),6098.0,1.8063049549050524e-05,Raining
20024,34170,34170,1932986,Matched,Intersection,29529.0,7TH AVE AND BLANCHARD ST,,,2,Injury Collision,Cycles,2,0,1,1,1,0,0,2005-07-26T00:00:00.000Z,7/26/2005 6:02:00 PM,At Intersection (intersection related),51,PEDALCYCLIST STRUCK MOTOR VEHICLE FRONT END AT ANGLE,,0,Clear or Partly Cloudy,Dry,Daylight,,5207009.0,,45.0,Vehicle - Pedalcyclist,0,0,N,POINT (1268827.045424074 228552.6893100888),6026.0,0.0,Clear or Partly Cloudy
20135,34032,34032,2061409,Matched,Block,,LAKE CITY WAY NE BETWEEN NE 117TH ST AND NE 120TH ST,,,2,Injury Collision,Cycles,3,0,1,1,1,0,0,2005-09-21T00:00:00.000Z,9/21/2005 2:22:00 PM,Driveway Junction,18,"MOTOR VEHICLE STRUCK PEDALCYCLIST, FRONT END AT ANGLE",,0,Clear or Partly Cloudy,Dry,Daylight,Y,5264006.0,,45.0,Vehicle - Pedalcyclist,0,0,N,POINT (1279925.216571435 264207.8837786019),8831.0,1.7784325168217105e-05,Clear or Partly Cloudy
20196,33916,33916,2128401,Matched,Intersection,28300.0,EASTLAKE AVE E AND E ROANOKE ST,,,2,Injury Collision,Cycles,2,0,1,1,1,0,0,2005-12-02T00:00:00.000Z,12/2/2005,At Intersection (intersection related),18,"MOTOR VEHICLE STRUCK PEDALCYCLIST, FRONT END AT ANGLE",,0,Raining,Wet,Dark - Street Lights On,Y,5336004.0,,45.0,Vehicle - Pedalcyclist,0,0,N,POINT (1272508.910643846 238184.0703119487),3943.0,0.0,Raining
20344,34616,34616,2027996,Matched,Block,,EASTLAKE AVE E BETWEEN HARVARD AVE E AND FUHRMAN AVE E,,,2,Injury Collision,Cycles,4,0,1,1,1,0,0,2005-05-07T00:00:00.000Z,5/7/2005,Mid-Block (not related to intersection),22,"MOTOR VEHICLE STRUCK PEDALCYCLIST, RIGHT SIDE SIDESWIPE",,0,Overcast,Dry,Dark - Street Lights On,Y,5127032.0,,45.0,Vehicle - Pedalcyclist,0,0,N,POINT (1273599.974708959 241029.8313388675),6317.0,1.4142158170737939e-05,Overcast
20462,34379,34379,1792669,Matched,Block,,5TH AVE S BETWEEN S WELLER ST AND S DEARBORN ST,,,1,Property Damage Only Collision,Cycles,4,0,1,1,0,0,0,2005-05-25T00:00:00.000Z,5/25/2005 4:02:00 PM,Mid-Block (not related to intersection),51,PEDALCYCLIST STRUCK MOTOR VEHICLE FRONT END AT ANGLE,,0,Clear or Partly Cloudy,Dry,Daylight,,5145002.0,,45.0,Vehicle - Pedalcyclist,0,0,N,POINT (1271737.21323505 221221.9010145813),492.0,1.2314445539912399e-05,Clear or Partly Cloudy
20549,34271,34271,1744992,Matched,Intersection,29917.0,9TH AVE AND SENECA ST,,,1,Property Damage Only Collision,Cycles,2,0,1,1,0,0,0,2005-02-10T00:00:00.000Z,2/10/2005 10:03:00 AM,At Intersection (intersection related),23,"MOTOR VEHICLE STRUCK PEDALCYCLIST, LEFT SIDE SIDESWIPE",,0,Clear or Partly Cloudy,Dry,Dark - Street Lights On,Y,5041004.0,,45.0,Vehicle - Pedalcyclist,0,0,N,POINT (1271587.616818905 226033.1447315067),3286.0,0.0,Clear or Partly Cloudy
20688,34183,34183,2028215,Matched,Block,,E MADISON ST BETWEEN 28TH AVE E AND 29TH W AVE E,,,2,Injury Collision,Cycles,2,0,1,1,1,0,0,2005-08-18T00:00:00.000Z,8/18/2005 4:12:00 PM,Mid-Block (not related to intersection),56,PEDALCYCLIST STRUCK MOTOR VEHICLE LEFT SIDE SIDESWIPE,Y,0,Clear or Partly Cloudy,Dry,Daylight,,5230001.0,,45.0,Vehicle - Pedalcyclist,0,0,N,POINT (1279781.067579299 230939.4231365323),16159.0,1.0534625056287564e-08,Clear or Partly Cloudy
20752,34575,34575,2061253,Matched,Intersection,24581.0,EAST GREEN LAKE DR N AND NE RAVENNA EB BV,,,2,Injury Collision,Cycles,3,0,1,2,1,0,0,2005-08-30T00:00:00.000Z,8/30/2005 12:25:00 PM,At Intersection (intersection related),18,"MOTOR VEHICLE STRUCK PEDALCYCLIST, FRONT END AT ANGLE",,0,Overcast,Dry,Daylight,Y,5242006.0,,45.0,Vehicle - Pedalcyclist,0,0,N,POINT (1272810.842420161 251540.7730456293),3880.0,0.0,Overcast
20764,34313,34313,2024585,Matched,Intersection,33747.0,40TH AVE SW AND SW MORGAN ST,,,2b,Serious Injury Collision,Cycles,3,0,1,1,1,1,0,2005-08-05T00:00:00.000Z,8/5/2005,At Intersection (intersection related),51,PEDALCYCLIST STRUCK MOTOR VEHICLE FRONT END AT ANGLE,,0,Clear or Partly Cloudy,Dry,Daylight,,5217010.0,,45.0,Vehicle - Pedalcyclist,0,0,N,POINT (1257671.886116654 202588.1288994998),2026.0,0.0,Clear or Partly Cloudy
20784,34587,34587,1796710,Matched,Intersection,37375.0,WALLINGFORD AVE N AND N 85TH ST,,,2b,Serious Injury Collision,Cycles,2,0,1,1,1,1,0,2005-07-08T00:00:00.000Z,7/8/2005,At Intersection (intersection related),51,PEDALCYCLIST STRUCK MOTOR VEHICLE FRONT END AT ANGLE,,0,Raining,Wet,Daylight,Y,5189009.0,,45.0,Vehicle - Pedalcyclist,0,0,N,POINT (1270244.851249531 255488.5772096813),1301.0,0.0,Raining
20944,35148,35148,1933675,Matched,Block,,MADISON ST BETWEEN WESTERN AVE AND POST AVE,,,2,Injury Collision,Cycles,2,0,1,1,1,0,0,2005-06-27T00:00:00.000Z,6/27/2005 6:11:00 PM,Mid-Block (but intersection related),56,PEDALCYCLIST STRUCK MOTOR VEHICLE LEFT SIDE SIDESWIPE,Y,0,Overcast,Dry,Daylight,,5178004.0,,45.0,Vehicle - Pedalcyclist,0,0,N,POINT (1269470.811760738 224068.6327295005),23383.0,4.087172540797772e-06,Overcast
20981,34911,34911,2028329,Matched,Intersection,30032.0,27TH AVE AND E SPRING ST,,,2,Injury Collision,Cycles,3,0,1,1,1,0,0,2005-05-17T00:00:00.000Z,5/17/2005 6:54:00 PM,At Intersection (intersection related),18,"MOTOR VEHICLE STRUCK PEDALCYCLIST, FRONT END AT ANGLE",,0,Clear or Partly Cloudy,Dry,Daylight,,5137036.0,,45.0,Vehicle - Pedalcyclist,0,0,N,POINT (1279281.856826782 226512.6194200069),232.0,0.0,Clear or Partly Cloudy
21021,35183,35183,1933351,Matched,Block,,6TH AVE BETWEEN PINE ST AND OLIVE WAY,,,2,Injury Collision,Cycles,2,0,1,1,1,0,0,2005-06-09T00:00:00.000Z,6/9/2005,Mid-Block (not related to intersection),21,"MOTOR VEHICLE STRUCK PEDALCYCLIST, REAR END",,0,Clear or Partly Cloudy,Dry,Daylight,,5160017.0,,45.0,Vehicle - Pedalcyclist,0,0,N,POINT (1269841.285361111 227087.6141725928),3200.0,2.4618179339475416e-05,Clear or Partly Cloudy
21223,34697,34697,1180665,Matched,Block,,LAKE WASHINGTON BLVD S BETWEEN S FRINK PL AND S DEARBORN ST,,,2,Injury Collision,Cycles,2,0,1,1,1,0,0,2005-06-22T00:00:00.000Z,6/22/2005 8:32:00 AM,Mid-Block (not related to intersection),56,PEDALCYCLIST STRUCK MOTOR VEHICLE LEFT SIDE SIDESWIPE,,0,Overcast,Dry,Daylight,,5173014.0,,45.0,Vehicle - Pedalcyclist,0,0,N,POINT (1281005.931836545 221576.1223269552),17951.0,2.260769606324659e-05,Overcast
21267,34717,34717,1930733,Matched,Intersection,27078.0,15TH AVE NE AND NE 43RD ST,,,2,Injury Collision,Cycles,2,0,1,1,1,0,0,2005-03-20T00:00:00.000Z,3/20/2005 11:17:00 AM,At Intersection (intersection related),18,"MOTOR VEHICLE STRUCK PEDALCYCLIST, FRONT END AT ANGLE",,0,Raining,Wet,Daylight,Y,5079020.0,,45.0,Vehicle - Pedalcyclist,0,0,N,POINT (1276039.793975458 244168.7922380865),10523.0,0.0,Raining
21299,34722,34722,1774658,Matched,Intersection,27230.0,2ND AVE NE AND NE 40TH ST,,,2,Injury Collision,Cycles,2,0,1,1,1,0,0,2005-12-13T00:00:00.000Z,12/13/2005 7:29:00 AM,At Intersection (intersection related),51,PEDALCYCLIST STRUCK MOTOR VEHICLE FRONT END AT ANGLE,,0,Raining,Wet,Dark - Street Lights On,,5347032.0,,45.0,Vehicle - Pedalcyclist,0,0,N,POINT (1272365.715251699 242693.3779645711),138.0,0.0,Raining
21334,35115,35115,2059552,Matched,Intersection,34649.0,SEWARD PARK AVE S AND S OTHELLO ST,,,2b,Serious Injury Collision,Cycles,3,0,1,1,1,1,0,2005-09-26T00:00:00.000Z,9/26/2005 5:39:00 PM,At Intersection (intersection related),18,"MOTOR VEHICLE STRUCK PEDALCYCLIST, FRONT END AT ANGLE",,0,Clear or Partly Cloudy,Dry,Daylight,,5269005.0,,45.0,Vehicle - Pedalcyclist,0,0,N,POINT (1286233.679425895 199172.9713920057),955.0,0.0,Clear or Partly Cloudy
21401,35664,35664,1791560,Matched,Intersection,34329.0,SHAFFER AVE S AND S HOLLY ST,,,2,Injury Collision,Cycles,2,0,1,1,1,0,0,2005-04-20T00:00:00.000Z,4/20/2005 7:16:00 PM,At Intersection (intersection related),18,"MOTOR VEHICLE STRUCK PEDALCYCLIST, FRONT END AT ANGLE",,0,Clear or Partly Cloudy,Dry,Daylight,Y,5110009.0,,45.0,Vehicle - Pedalcyclist,0,0,N,POINT (1279485.442362994 201368.9301782548),3763.0,0.0,Clear or Partly Cloudy
21405,35666,35666,2022966,Matched,Block,,N 45TH ST BETWEEN CORLISS AVE N AND SUNNYSIDE AVE N,,,2,Injury Collision,Cycles,3,0,1,2,1,0,0,2005-04-21T00:00:00.000Z,4/21/2005 2:46:00 PM,Mid-Block (but intersection related),55,PEDALCYCLIST STRUCK MOTOR VEHICLE RIGHT SIDE SIDESWIPE,,0,Clear or Partly Cloudy,Dry,Daylight,,5111027.0,,45.0,Vehicle - Pedalcyclist,0,0,N,POINT (1271436.620850742 244838.1199827641),14900.0,1.962190649771327e-05,Clear or Partly Cloudy
21410,35529,35529,1744929,Matched,Intersection,29878.0,BOREN AVE AND PIKE ST,,,2b,Serious Injury Collision,Cycles,2,0,1,1,1,1,0,2005-01-18T00:00:00.000Z,1/18/2005 7:58:00 AM,At Intersection (intersection related),18,"MOTOR VEHICLE STRUCK PEDALCYCLIST, FRONT END AT ANGLE",,0,Raining,Wet,Dawn,Y,5018004.0,Y,45.0,Vehicle - Pedalcyclist,0,0,N,POINT (1271552.335410863 227358.0148768723),6588.0,0.0,Raining
21627,35319,35319,1189844,Matched,Intersection,29052.0,BROADWAY E AND E OLIVE WAY,,,2,Injury Collision,Cycles,3,0,1,1,1,0,0,2005-02-23T00:00:00.000Z,2/23/2005 11:31:00 AM,At Intersection (intersection related),51,PEDALCYCLIST STRUCK MOTOR VEHICLE FRONT END AT ANGLE,,0,Clear or Partly Cloudy,Dry,Daylight,,5054012.0,,45.0,Vehicle - Pedalcyclist,0,0,N,POINT (1273580.513332948 229668.9325112402),650.0,0.0,Clear or Partly Cloudy
21631,35583,35583,1482425,Matched,Intersection,29865.0,BOREN AVE AND OLIVE WAY,,,2,Injury Collision,Cycles,2,0,1,1,1,0,0,2005-02-12T00:00:00.000Z,2/12/2005 1:50:00 AM,At Intersection (intersection related),18,"MOTOR VEHICLE STRUCK PEDALCYCLIST, FRONT END AT ANGLE",,0,Clear or Partly Cloudy,Dry,Dark - Street Lights On,Y,5043006.0,,45.0,Vehicle - Pedalcyclist,0,0,N,POINT (1271118.433586419 228090.2473256141),640.0,0.0,Clear or Partly Cloudy
21708,35604,35604,1795358,Matched,Block,,14TH AVE S BETWEEN S DONOVAN ST AND S TRENTON ST,,,2,Injury Collision,Cycles,2,0,1,1,1,0,0,2005-09-06T00:00:00.000Z,9/6/2005,Driveway Junction,18,"MOTOR VEHICLE STRUCK PEDALCYCLIST, FRONT END AT ANGLE",,0,Clear or Partly Cloudy,Dry,Dark - Street Lights On,Y,5249009.0,,45.0,Vehicle - Pedalcyclist,0,0,N,POINT (1274380.234101757 195089.4774998277),17138.0,1.2223685603962027e-05,Clear or Partly Cloudy
21824,35506,35506,2020460,Matched,Block,,WALLINGFORD AVE N BETWEEN N 85TH ST AND N 88TH ST,,,2,Injury Collision,Cycles,2,0,1,1,1,0,0,2005-05-27T00:00:00.000Z,5/27/2005 4:05:00 PM,Driveway Junction,18,"MOTOR VEHICLE STRUCK PEDALCYCLIST, FRONT END AT ANGLE",,0,Clear or Partly Cloudy,Dry,Daylight,Y,5147008.0,,45.0,Vehicle - Pedalcyclist,0,0,N,POINT (1270248.908593535 255820.4065860212),6746.0,0.0,Clear or Partly Cloudy
21825,35505,35505,1933030,Matched,Block,,PINE ST BETWEEN 5TH AVE AND 6TH AVE,,,2,Injury Collision,Cycles,2,0,1,1,1,0,0,2005-05-27T00:00:00.000Z,5/27/2005 7:00:00 AM,Mid-Block (not related to intersection),23,"MOTOR VEHICLE STRUCK PEDALCYCLIST, LEFT SIDE SIDESWIPE",,0,Clear or Partly Cloudy,Dry,Daylight,Y,5147006.0,,45.0,Vehicle - Pedalcyclist,0,0,N,POINT (1269810.738993078 226821.9626523256),3707.0,2.5790455135871742e-05,Clear or Partly Cloudy
21856,35638,35638,1076402,Matched,Intersection,33021.0,1ST AVE S AND S HUDSON ST,,,2,Injury Collision,Cycles,2,0,1,1,1,0,0,2005-07-26T00:00:00.000Z,7/26/2005 7:25:00 AM,At Intersection (intersection related),18,"MOTOR VEHICLE STRUCK PEDALCYCLIST, FRONT END AT ANGLE",,0,Clear or Partly Cloudy,Dry,Daylight,Y,5207011.0,,45.0,Vehicle - Pedalcyclist,0,0,N,POINT (1269846.438449115 206941.0423119664),4975.0,0.0,Clear or Partly Cloudy
21857,35633,35633,1220105,Matched,Intersection,37392.0,FREMONT AVE N AND N 102ND ST,,,2,Injury Collision,Cycles,2,0,1,1,1,0,0,2005-05-07T00:00:00.000Z,5/7/2005,At Intersection (intersection related),51,PEDALCYCLIST STRUCK MOTOR VEHICLE FRONT END AT ANGLE,,0,Clear or Partly Cloudy,Dry,Daylight,,5127030.0,,45.0,Vehicle - Pedalcyclist,0,0,N,POINT (1266982.788142189 260074.185406372),736.0,0.0,Clear or Partly Cloudy
21930,35791,35791,2026879,Matched,Block,,PHINNEY AVE N BETWEEN N 65TH ST AND N 67TH S ST,,,2,Injury Collision,Cycles,2,0,1,1,1,0,0,2005-08-09T00:00:00.000Z,8/9/2005,Mid-Block (not related to intersection),56,PEDALCYCLIST STRUCK MOTOR VEHICLE LEFT SIDE SIDESWIPE,,0,Clear or Partly Cloudy,Dry,Daylight,,5221010.0,,45.0,Vehicle - Pedalcyclist,0,0,N,POINT (1265734.636524916 250609.3324046731),3701.0,8.931834441393258e-06,Clear or Partly Cloudy
21956,36049,36049,2028059,Matched,Intersection,27153.0,EASTLAKE AVE E AND FUHRMAN AVE E,,,2,Injury Collision,Cycles,2,0,1,1,1,0,0,2005-05-03T00:00:00.000Z,5/3/2005,At Intersection (intersection related),51,PEDALCYCLIST STRUCK MOTOR VEHICLE FRONT END AT ANGLE,,0,Overcast,Dry,Daylight,,5123031.0,,45.0,Vehicle - Pedalcyclist,0,0,N,POINT (1273704.647989064 241221.0042030662),995.0,0.0,Overcast
21994,36058,36058,2024276,Matched,Block,,5TH AVE BETWEEN PINE ST AND OLIVE WAY,,,2,Injury Collision,Cycles,3,0,1,1,1,0,0,2005-09-01T00:00:00.000Z,9/1/2005,Mid-Block (but intersection related),55,PEDALCYCLIST STRUCK MOTOR VEHICLE RIGHT SIDE SIDESWIPE,,0,Clear or Partly Cloudy,Dry,Daylight,,5244037.0,Y,45.0,Vehicle - Pedalcyclist,0,0,N,POINT (1269564.233328834 226923.1312924176),482.0,2.621525138832741e-05,Clear or Partly Cloudy
22055,35967,35967,C657489,Matched,Block,,8TH AVE NW BETWEEN NW 64TH ST AND NW 65TH ST,,,2b,Serious Injury Collision,Cycles,2,0,1,1,1,1,0,2005-10-10T00:00:00.000Z,10/10/2005 7:45:00 AM,Driveway Junction,14,"MOTOR VEHICLE STRUCK MOTOR VEHICLE, REAR END",,0,Clear or Partly Cloudy,Dry,Daylight,,5283048.0,,45.0,Vehicle - Pedalcyclist,0,0,N,POINT (1262848.714537948 250207.34469226),8711.0,7.088890037813301e-09,Clear or Partly Cloudy
22077,35838,35838,2058837,Matched,Block,,N 85TH ST BETWEEN AURORA AVE N AND NESBIT AVE N,,,1,Property Damage Only Collision,Cycles,2,0,1,1,0,0,0,2005-12-02T00:00:00.000Z,12/2/2005,Driveway Junction,18,"MOTOR VEHICLE STRUCK PEDALCYCLIST, FRONT END AT ANGLE",,0,Clear or Partly Cloudy,Wet,Daylight,Y,5336008.0,,45.0,Vehicle - Pedalcyclist,0,0,N,POINT (1268386.874799624 255545.9857857376),9079.0,2.717873971226384e-05,Clear or Partly Cloudy
22170,36113,36113,2184862,Matched,Block,,NW 83RD ST BETWEEN 8TH AVE NW AND DIBBLE AVE NW,,,2,Injury Collision,Cycles,2,0,1,1,1,0,0,2005-12-19T00:00:00.000Z,12/19/2005 5:45:00 PM,Mid-Block (but intersection related),18,"MOTOR VEHICLE STRUCK PEDALCYCLIST, FRONT END AT ANGLE",,0,Overcast,Wet,Dark - Street Lights On,,5353008.0,,45.0,Vehicle - Pedalcyclist,0,0,N,POINT (1262800.012393907 255127.5832253098),4368.0,2.5569500233470652e-05,Overcast