OBJECTID,INCKEY,COLDETKEY,REPORTNO,STATUS,ADDRTYPE,INTKEY,LOCATION,EXCEPTRSNC,EXCEPTRSND,SEVERITYCO,SEVERITYDE,COLLISIONT,PERSONCOUN,PEDCOUNT,PEDCYLCOUN,VEHCOUNT,INJURIES,SERIOUSINJ,FATALITIES,INCDATE,INCDTTM,JUNCTIONTY,SDOT_COLCO,SDOT_COLDE,INATTENTIO,UNDERINFL,WEATHER,ROADCOND,LIGHTCOND,PEDROWNOTG,SDOTCOLNUM,SPEEDING,ST_COLCODE,ST_COLDESC,SEGLANEKEY,CROSSWALKK,HITPARKEDC,geometry,near_str_index,min_length,weather_group
22181,35993,35993,1060354,Matched,Intersection,26688.0,3RD AVE W AND W NICKERSON ST,,,2b,Serious Injury Collision,Cycles,3,0,1,1,1,1,0,2005-06-18T00:00:00.000Z,6/18/2005 3:03:00 PM,At Intersection (intersection related),18,"MOTOR VEHICLE STRUCK PEDALCYCLIST, FRONT END AT ANGLE",,0,Clear or Partly Cloudy,Dry,Daylight,,5169016.0,,45.0,Vehicle - Pedalcyclist,0,0,N,POINT (1263940.345131069 241139.0465709865),277.0,0.0,Clear or Partly Cloudy
22230,36137,36137,1197948,Matched,Block,,6TH AVE BETWEEN OLIVE WAY AND STEWART ST,,,1,Property Damage Only Collision,Cycles,2,0,1,1,0,0,0,2005-07-15T00:00:00.000Z,7/15/2005 9:43:00 AM,Mid-Block (not related to intersection),55,PEDALCYCLIST STRUCK MOTOR VEHICLE RIGHT SIDE SIDESWIPE,,0,Clear or Partly Cloudy,Dry,Daylight,Y,5196002.0,,45.0,Vehicle - Pedalcyclist,0,0,N,POINT (1269644.176560909 227362.5130528808),8688.0,1.7067578941517776e-10,Clear or Partly Cloudy
22240,36227,36227,1798863,Matched,Block,,LAKE WASHINGTON BLVD E BETWEEN E HOWELL ST AND E DENNY BLAINE S PL,,,2,Injury Collision,Cycles,2,0,1,1,1,0,0,2005-01-02T00:00:00.000Z,1/2/2005,Driveway Junction,18,"MOTOR VEHICLE STRUCK PEDALCYCLIST, FRONT END AT ANGLE",,0,Clear or Partly Cloudy,Dry,Daylight,Y,5002001.0,,45.0,Vehicle - Pedalcyclist,0,0,N,POINT (1283236.632958829 229085.7292466313),11111.0,1.3654270945898293e-05,Clear or Partly Cloudy
22264,35887,35887,2019688,Matched,Intersection,27153.0,EASTLAKE AVE E AND FUHRMAN AVE E,,,2,Injury Collision,Cycles,2,0,1,1,1,0,0,2005-09-07T00:00:00.000Z,9/7/2005,At Intersection (intersection related),18,"MOTOR VEHICLE STRUCK PEDALCYCLIST, FRONT END AT ANGLE",,0,Clear or Partly Cloudy,Dry,Daylight,Y,5250007.0,,45.0,Vehicle - Pedalcyclist,0,0,N,POINT (1273704.647989064 241221.0042030662),995.0,0.0,Clear or Partly Cloudy
22282,36141,36141,2108506,Matched,Intersection,30493.0,3RD AVE S AND S WASHINGTON ST,,,2,Injury Collision,Cycles,2,0,2,0,2,0,0,2005-10-10T00:00:00.000Z,10/10/2005 9:02:00 AM,At Intersection (intersection related),58,PEDALCYCLIST STRUCK PEDALCYCLIST FRONT END AT ANGLE,,0,Overcast,Dry,Daylight,,5283003.0,,45.0,Vehicle - Pedalcyclist,0,0,N,POINT (1271128.868146434 222773.4598641694),15041.0,0.0,Overcast
22316,35891,35891,2063794,Matched,Block,,12TH AVE BETWEEN E COLUMBIA ST AND E MARION ST,,,2,Injury Collision,Cycles,2,0,1,1,1,0,0,2005-10-05T00:00:00.000Z,10/5/2005,Mid-Block (not related to intersection),51,PEDALCYCLIST STRUCK MOTOR VEHICLE FRONT END AT ANGLE,,0,Overcast,Dry,Daylight,,5278011.0,,45.0,Vehicle - Pedalcyclist,0,0,N,POINT (1274518.8026779 225966.6191634387),8407.0,5.730560052789369e-06,Overcast
22376,35781,35781,2022858,Matched,Block,,15TH AVE NE BETWEEN NE 41ST ST AND NE 42ND ST,,,2,Injury Collision,Cycles,3,0,1,1,1,0,0,2005-04-22T00:00:00.000Z,4/22/2005 4:52:00 PM,Mid-Block (not related to intersection),23,"MOTOR VEHICLE STRUCK PEDALCYCLIST, LEFT SIDE SIDESWIPE",,0,Clear or Partly Cloudy,Dry,Daylight,,5112008.0,,45.0,Vehicle - Pedalcyclist,0,0,N,POINT (1276009.870839432 243359.0692932606),15665.0,1.055708443686189e-05,Clear or Partly Cloudy
22455,36323,36323,1933701,Matched,Intersection,29705.0,BATTERY ST AND ELLIOTT AVE,,,2b,Serious Injury Collision,Cycles,2,0,1,1,1,1,0,2005-04-08T00:00:00.000Z,4/8/2005,At Intersection (intersection related),18,"MOTOR VEHICLE STRUCK PEDALCYCLIST, FRONT END AT ANGLE",,0,Clear or Partly Cloudy,Dry,Daylight,Y,5098047.0,,45.0,Vehicle - Pedalcyclist,0,0,N,POINT (1266462.81706965 227220.0918047279),707.0,0.0,Clear or Partly Cloudy
22480,36720,36720,2023114,Matched,Intersection,24351.0,PHINNEY AVE N AND N 67TH S ST,,,2,Injury Collision,Cycles,2,0,1,1,1,0,0,2005-07-11T00:00:00.000Z,7/11/2005 9:44:00 PM,At Intersection (intersection related),18,"MOTOR VEHICLE STRUCK PEDALCYCLIST, FRONT END AT ANGLE",Y,0,Clear or Partly Cloudy,Dry,Dark - Street Lights On,,5192024.0,,45.0,Vehicle - Pedalcyclist,0,0,N,POINT (1265661.63306883 250896.8344849795),3701.0,0.0,Clear or Partly Cloudy
22507,36333,36333,2058776,Matched,Block,,BROOKLYN AVE NE BETWEEN NE 45TH ST AND NE 47TH ST,,,2,Injury Collision,Cycles,2,0,1,1,1,0,0,2005-10-29T00:00:00.000Z,10/29/2005 5:41:00 PM,Mid-Block (not related to intersection),18,"MOTOR VEHICLE STRUCK PEDALCYCLIST, FRONT END AT ANGLE",,0,Clear or Partly Cloudy,Dry,Daylight,,5302007.0,,45.0,Vehicle - Pedalcyclist,0,0,N,POINT (1275507.384758919 245057.1252949983),13325.0,2.752948333964772e-10,Clear or Partly Cloudy
22513,36586,36586,1791598,Matched,Block,,UNIVERSITY WAY NE BETWEEN NE 47TH ST AND NE 50TH ST,,,2,Injury Collision,Cycles,2,0,1,1,1,0,0,2005-03-18T00:00:00.000Z,3/18/2005 1:46:00 PM,Mid-Block (but intersection related),18,"MOTOR VEHICLE STRUCK PEDALCYCLIST, FRONT END AT ANGLE",,0,Clear or Partly Cloudy,Dry,Daylight,Y,5077009.0,,45.0,Vehicle - Pedalcyclist,0,0,N,POINT (1275809.299383223 245710.9149916619),999.0,0.0,Clear or Partly Cloudy
22555,36340,36340,2061427,Matched,Block,,UNIVERSITY WAY NE BETWEEN NE 47TH ST AND NE 50TH ST,,,2,Injury Collision,Cycles,3,0,1,1,1,0,0,2005-09-02T00:00:00.000Z,9/2/2005,Driveway Junction,18,"MOTOR VEHICLE STRUCK PEDALCYCLIST, FRONT END AT ANGLE",,0,Clear or Partly Cloudy,Dry,Daylight,Y,5245004.0,,45.0,Vehicle - Pedalcyclist,0,0,N,POINT (1275809.299383223 245710.9149916619),999.0,0.0,Clear or Partly Cloudy
22563,36337,36337,2108401,Matched,Intersection,28925.0,5TH AVE N AND HARRISON ST,,,1,Property Damage Only Collision,Cycles,2,0,1,1,0,0,0,2005-08-31T00:00:00.000Z,8/31/2005 12:20:00 PM,At Intersection (intersection related),18,"MOTOR VEHICLE STRUCK PEDALCYCLIST, FRONT END AT ANGLE",,0,Clear or Partly Cloudy,Dry,Daylight,,5243011.0,,45.0,Vehicle - Pedalcyclist,0,0,N,POINT (1267007.855662212 230587.8020161837),3572.0,0.0,Clear or Partly Cloudy
22569,36351,36351,2108591,Matched,Block,,ROY ST BETWEEN 3RD AVE N AND NOB HILL AVE N,,,2,Injury Collision,Cycles,2,0,1,1,1,0,0,2005-09-20T00:00:00.000Z,9/20/2005 5:09:00 PM,Driveway Junction,18,"MOTOR VEHICLE STRUCK PEDALCYCLIST, FRONT END AT ANGLE",Y,0,Clear or Partly Cloudy,Dry,Daylight,,5263012.0,,45.0,Vehicle - Pedalcyclist,0,0,N,POINT (1266234.269869417 231829.0021454543),16668.0,7.448201325011821e-09,Clear or Partly Cloudy
22599,36613,36613,1797334,Matched,Block,,S AUSTIN ST BETWEEN 40TH AVE S AND M L KING JR WR WAY S,,,1,Property Damage Only Collision,Cycles,3,0,1,1,0,0,0,2005-06-08T00:00:00.000Z,6/8/2005,Driveway Junction,51,PEDALCYCLIST STRUCK MOTOR VEHICLE FRONT END AT ANGLE,,0,Clear or Partly Cloudy,Dry,Dusk,,5159033.0,,45.0,Vehicle - Pedalcyclist,0,0,N,POINT (1282738.969278321 198225.7378550321),16097.0,7.450097168526752e-09,Clear or Partly Cloudy
22604,36345,36345,1069815,Matched,Intersection,28913.0,MERCER ST AND TAYLOR AVE N,,,2,Injury Collision,Cycles,3,0,1,1,1,0,0,2005-06-08T00:00:00.000Z,6/8/2005,At Intersection (intersection related),51,PEDALCYCLIST STRUCK MOTOR VEHICLE FRONT END AT ANGLE,,0,Clear or Partly Cloudy,Wet,Daylight,,5159032.0,,45.0,Vehicle - Pedalcyclist,0,0,N,POINT (1267352.501806572 231486.9510730952),6529.0,0.0,Clear or Partly Cloudy
22638,36628,36628,1792956,Matched,Intersection,29852.0,BOREN AVE AND HOWELL ST,,,1,Property Damage Only Collision,Cycles,2,0,1,1,0,0,0,2005-04-29T00:00:00.000Z,4/29/2005 7:50:00 AM,At Intersection (intersection related),18,"MOTOR VEHICLE STRUCK PEDALCYCLIST, FRONT END AT ANGLE",,0,Raining,Wet,Daylight,,5119032.0,,45.0,Vehicle - Pedalcyclist,0,0,N,POINT (1270954.168370247 228356.6383658946),640.0,0.0,Raining
22793,36273,36273,1792310,Matched,Block,,15TH AVE W BETWEEN W RUFFNER ST AND NICKERSON 15TH RP,,,2,Injury Collision,Cycles,2,0,1,1,1,0,0,2005-03-13T00:00:00.000Z,3/13/2005 12:44:00 PM,Mid-Block (not related to intersection),23,"MOTOR VEHICLE STRUCK PEDALCYCLIST, LEFT SIDE SIDESWIPE",,0,Clear or Partly Cloudy,Dry,Daylight,,5072020.0,,45.0,Vehicle - Pedalcyclist,0,0,N,POINT (1260173.236519217 241750.5591476113),17660.0,7.4500664865575104e-09,Clear or Partly Cloudy
22837,36677,36677,1791033,Matched,Block,,OCCIDENTAL AVE S BETWEEN RAILROAD WAY S AND S ROYAL BROUGHAM WAY,,,2,Injury Collision,Cycles,2,0,1,1,1,0,0,2005-07-26T00:00:00.000Z,7/26/2005 11:18:00 AM,Mid-Block (but intersection related),21,"MOTOR VEHICLE STRUCK PEDALCYCLIST, REAR END",,0,Clear or Partly Cloudy,Dry,Daylight,,5207010.0,,45.0,Vehicle - Pedalcyclist,0,0,N,POINT (1270338.681841627 220220.4696535617),6563.0,8.986296546287399e-07,Clear or Partly Cloudy
22856,36543,36543,2028335,Matched,Intersection,30032.0,27TH AVE AND E SPRING ST,,,2,Injury Collision,Cycles,3,0,1,1,1,0,0,2005-09-21T00:00:00.000Z,9/21/2005 6:38:00 PM,At Intersection (intersection related),18,"MOTOR VEHICLE STRUCK PEDALCYCLIST, FRONT END AT ANGLE",,0,Clear or Partly Cloudy,Dry,Dusk,Y,5264008.0,,45.0,Vehicle - Pedalcyclist,0,0,N,POINT (1279281.856826782 226512.6194200069),232.0,0.0,Clear or Partly Cloudy
23059,37259,37259,1791214,Matched,Intersection,32695.0,RAINIER AVE S AND S DAKOTA ST,,,2,Injury Collision,Cycles,2,0,1,1,1,0,0,2005-07-26T00:00:00.000Z,7/26/2005 5:42:00 PM,At Intersection (intersection related),18,"MOTOR VEHICLE STRUCK PEDALCYCLIST, FRONT END AT ANGLE",,0,Unknown,Dry,Unknown,Y,5207036.0,,45.0,Vehicle - Pedalcyclist,0,0,N,POINT (1281130.93254067 209910.4380270094),6613.0,0.0,
23392,36828,36828,1790715,Matched,Intersection,32204.0,11TH CR AVE SW AND SW SPOKANE ST,,,2,Injury Collision,Cycles,2,0,1,1,1,0,0,2005-06-29T00:00:00.000Z,6/29/2005 1:01:00 PM,At Intersection (intersection related),18,"MOTOR VEHICLE STRUCK PEDALCYCLIST, FRONT END AT ANGLE",,0,Clear or Partly Cloudy,Dry,Daylight,,5180002.0,,45.0,Vehicle - Pedalcyclist,0,0,N,POINT (1266345.98660554 212117.5517572612),2049.0,0.0,Clear or Partly Cloudy
23396,37089,37089,2025376,Matched,Block,,LAKE CITY WAY NE BETWEEN NE 88TH ST AND NE 89TH ST,,,2b,Serious Injury Collision,Cycles,2,0,1,1,1,1,0,2005-05-17T00:00:00.000Z,5/17/2005 5:28:00 PM,Driveway Junction,18,"MOTOR VEHICLE STRUCK PEDALCYCLIST, FRONT END AT ANGLE",,0,Clear or Partly Cloudy,Dry,Daylight,Y,5137039.0,,45.0,Vehicle - Pedalcyclist,0,0,N,POINT (1277851.35756132 256090.9624902904),19846.0,1.228027405518548e-05,Clear or Partly Cloudy
23491,37373,37373,1931247,Matched,Intersection,29540.0,7TH AVE AND VIRGINIA ST,,,2,Injury Collision,Cycles,2,0,1,1,1,0,0,2005-02-23T00:00:00.000Z,2/23/2005 11:54:00 PM,At Intersection (intersection related),51,PEDALCYCLIST STRUCK MOTOR VEHICLE FRONT END AT ANGLE,,0,Clear or Partly Cloudy,Dry,Dark - Street Lights On,,5054008.0,Y,45.0,Vehicle - Pedalcyclist,0,0,N,POINT (1269457.390128717 227979.2761895061),554.0,0.0,Clear or Partly Cloudy
23681,37415,37415,1791626,Matched,Block,,WALLINGFORD AVE N BETWEEN N 80TH ST AND N 82ND ST,,,2,Injury Collision,Cycles,2,0,1,1,1,0,0,2005-03-17T00:00:00.000Z,3/17/2005 2:26:00 PM,Mid-Block (not related to intersection),54,PEDALCYCLIST STRUCK MOTOR VEHICLE REAR END,Y,0,Clear or Partly Cloudy,Dry,Daylight,,5076020.0,,45.0,Vehicle - Pedalcyclist,0,0,N,POINT (1270232.255473509 254507.9582646638),12668.0,3.134783358994986e-05,Clear or Partly Cloudy
23704,37845,37845,2020480,Matched,Intersection,37558.0,1ST AVE NE AND NE 100TH ST,,,1,Property Damage Only Collision,Cycles,2,0,1,1,0,0,0,2005-05-24T00:00:00.000Z,5/24/2005 4:05:00 PM,At Intersection (intersection related),51,PEDALCYCLIST STRUCK MOTOR VEHICLE FRONT END AT ANGLE,,0,Clear or Partly Cloudy,Dry,Daylight,,5144026.0,,45.0,Vehicle - Pedalcyclist,0,0,N,POINT (1272276.659251615 259412.1719656885),4954.0,0.0,Clear or Partly Cloudy
23706,37844,37844,1933201,Matched,Intersection,28028.0,DEXTER AVE N AND GARFIELD N ST,,,2,Injury Collision,Cycles,2,0,1,1,1,0,0,2005-05-24T00:00:00.000Z,5/24/2005 7:30:00 AM,At Intersection (intersection related),18,"MOTOR VEHICLE STRUCK PEDALCYCLIST, FRONT END AT ANGLE",,0,Clear or Partly Cloudy,Dry,Daylight,Y,5144023.0,,45.0,Vehicle - Pedalcyclist,0,0,N,POINT (1268397.97150363 234699.651748389),3491.0,0.0,Clear or Partly Cloudy
23762,37707,37707,1793843,Matched,Intersection,27281.0,MERIDIAN AVE N AND N NORTHLAKE WAY,,,1,Property Damage Only Collision,Cycles,2,0,1,1,0,0,0,2005-02-13T00:00:00.000Z,2/13/2005 3:13:00 PM,At Intersection (intersection related),51,PEDALCYCLIST STRUCK MOTOR VEHICLE FRONT END AT ANGLE,,0,Clear or Partly Cloudy,Wet,Daylight,Y,5044002.0,,45.0,Vehicle - Pedalcyclist,0,0,N,POINT (1270553.529905841 239563.4763933718),17978.0,0.0,Clear or Partly Cloudy
23804,37580,37580,1060164,Matched,Intersection,30491.0,2ND AVE S AND S WASHINGTON ST,,,2,Injury Collision,Cycles,4,0,1,1,1,0,0,2005-02-19T00:00:00.000Z,2/19/2005 3:02:00 PM,At Intersection (intersection related),18,"MOTOR VEHICLE STRUCK PEDALCYCLIST, FRONT END AT ANGLE",,1,Clear or Partly Cloudy,Dry,Daylight,Y,5050023.0,,45.0,Vehicle - Pedalcyclist,0,0,N,POINT (1270807.32651411 222780.4975601882),8468.0,0.0,Clear or Partly Cloudy
23816,37586,37586,1059784,Matched,Intersection,26775.0,15TH AV W SB OFF RP AND W DRAVUS ST,,,2,Injury Collision,Cycles,2,0,1,1,1,0,0,2005-07-19T00:00:00.000Z,7/19/2005 10:22:00 PM,At Intersection (intersection related),51,PEDALCYCLIST STRUCK MOTOR VEHICLE FRONT END AT ANGLE,,0,Clear or Partly Cloudy,Dry,Dark - Street Lights On,,5200002.0,,45.0,Vehicle - Pedalcyclist,0,0,N,POINT (1260009.331239045 240357.7898661792),4780.0,0.0,Clear or Partly Cloudy
23872,37467,37467,2025241,Matched,Intersection,37083.0,28TH AVE NW AND NW 85TH ST,,,2,Injury Collision,Cycles,2,0,1,1,1,0,0,2005-10-19T00:00:00.000Z,10/19/2005 2:34:00 PM,At Intersection (intersection related),51,PEDALCYCLIST STRUCK MOTOR VEHICLE FRONT END AT ANGLE,,0,Overcast,Dry,Daylight,,5292014.0,Y,45.0,Vehicle - Pedalcyclist,0,0,N,POINT (1256318.194467261 255791.738553986),9619.0,0.0,Overcast
23891,37476,37476,1773473,Matched,Block,,NE 50TH ST BETWEEN 15TH AVE NE AND 16TH AVE NE,,,2,Injury Collision,Cycles,3,0,1,1,1,0,0,2005-03-23T00:00:00.000Z,3/23/2005 3:00:00 PM,Driveway Junction,18,"MOTOR VEHICLE STRUCK PEDALCYCLIST, FRONT END AT ANGLE",,0,Clear or Partly Cloudy,Dry,Daylight,Y,5082028.0,,45.0,Vehicle - Pedalcyclist,0,0,N,POINT (1276238.864823669 246028.187439993),7254.0,7.673532852974898e-09,Clear or Partly Cloudy
23973,37898,37898,2028375,Matched,Intersection,30023.0,27TH AVE AND E UNION ST,,,1,Property Damage Only Collision,Cycles,2,0,1,1,0,0,0,2005-09-10T00:00:00.000Z,9/10/2005 9:55:00 AM,At Intersection (intersection related),18,"MOTOR VEHICLE STRUCK PEDALCYCLIST, FRONT END AT ANGLE",,0,Raining,Wet,Daylight,,5253008.0,,45.0,Vehicle - Pedalcyclist,0,0,N,POINT (1279295.278906792 227015.6691485196),15462.0,0.0,Raining
24157,38361,38361,1796499,Matched,Block,,MERIDIAN AVE N BETWEEN N NORTHLAKE WAY AND N 34TH ST,,,2,Injury Collision,Cycles,2,0,1,1,1,0,0,2005-09-01T00:00:00.000Z,9/1/2005,Mid-Block (but intersection related),18,"MOTOR VEHICLE STRUCK PEDALCYCLIST, FRONT END AT ANGLE",,0,Clear or Partly Cloudy,Dry,Daylight,Y,5244009.0,,45.0,Vehicle - Pedalcyclist,0,0,N,POINT (1270559.229041845 239775.8079135865),17978.0,1.6341719992260715e-05,Clear or Partly Cloudy
24194,38323,38323,1797688,Matched,Intersection,32564.0,50TH AVE S AND LAKE WASHINGTON BLVD S,,,2,Injury Collision,Cycles,3,0,1,1,1,0,0,2005-11-18T00:00:00.000Z,11/18/2005 3:41:00 PM,At Intersection (intersection related),18,"MOTOR VEHICLE STRUCK PEDALCYCLIST, FRONT END AT ANGLE",Y,0,Clear or Partly Cloudy,Dry,Daylight,,5322051.0,,45.0,Vehicle - Pedalcyclist,0,0,N,POINT (1285582.845633239 210381.8186994791),792.0,0.0,Clear or Partly Cloudy
24253,38101,38101,2025377,Matched,Intersection,24799.0,20TH AVE NE AND NE 65TH ST,,,2,Injury Collision,Cycles,3,0,1,1,2,0,0,2005-05-19T00:00:00.000Z,5/19/2005 12:33:00 PM,At Intersection (intersection related),18,"MOTOR VEHICLE STRUCK PEDALCYCLIST, FRONT END AT ANGLE",,0,Raining,Wet,Daylight,Y,5139045.0,,45.0,Vehicle - Pedalcyclist,0,0,N,POINT (1277510.011192963 249976.833204031),7304.0,0.0,Raining
24307,38333,38333,2060807,Matched,Block,,GREENWOOD AVE N BETWEEN N 70TH ST AND N 71ST ST,,,2,Injury Collision,Cycles,2,0,1,1,1,0,0,2005-10-29T00:00:00.000Z,10/29/2005 2:40:00 PM,Mid-Block (not related to intersection),18,"MOTOR VEHICLE STRUCK PEDALCYCLIST, FRONT END AT ANGLE",,0,Clear or Partly Cloudy,Dry,Daylight,Y,5302006.0,,45.0,Vehicle - Pedalcyclist,0,0,N,POINT (1265520.828972697 251735.715125829),6389.0,7.446768325836636e-09,Clear or Partly Cloudy
24385,38130,38130,1076712,Matched,Intersection,33137.0,STANLEY AVE S AND S ALBRO PL,,,2,Injury Collision,Cycles,2,0,1,1,1,0,0,2005-09-06T00:00:00.000Z,9/6/2005,At Intersection (intersection related),18,"MOTOR VEHICLE STRUCK PEDALCYCLIST, FRONT END AT ANGLE",,0,Clear or Partly Cloudy,Dry,Daylight,,5249008.0,,45.0,Vehicle - Pedalcyclist,0,0,N,POINT (1274537.699381918 203048.0751399696),963.0,0.0,Clear or Partly Cloudy
24436,38268,38268,1791803,Matched,Intersection,26203.0,40TH AVE NE AND NE 58TH ST,,,2,Injury Collision,Cycles,2,0,1,1,1,0,0,2005-01-28T00:00:00.000Z,1/28/2005 3:00:00 PM,At Intersection (intersection related),18,"MOTOR VEHICLE STRUCK PEDALCYCLIST, FRONT END AT ANGLE",,0,Clear or Partly Cloudy,Dry,Daylight,,5028015.0,,45.0,Vehicle - Pedalcyclist,0,0,N,POINT (1282815.030846402 248204.5454582125),7278.0,0.0,Clear or Partly Cloudy
24553,38562,38562,876055,Matched,Intersection,32177.0,EAST MARGINAL WAY S AND S SPOKANE NR ST,,,2,Injury Collision,Cycles,0,0,1,1,1,0,0,2005-05-02T00:00:00.000Z,5/2/2005,At Intersection (intersection related),51,PEDALCYCLIST STRUCK MOTOR VEHICLE FRONT END AT ANGLE,,0,Clear or Partly Cloudy,Dry,Dark - Street Lights On,,5122007.0,,45.0,Vehicle - Pedalcyclist,0,0,N,POINT (1268598.965551838 212178.133133322),1120.0,0.0,Clear or Partly Cloudy
24593,38836,38836,1792771,Matched,Intersection,28765.0,9TH AVE N AND MERCER SR ST,,,2,Injury Collision,Cycles,2,0,1,1,1,0,0,2005-09-20T00:00:00.000Z,9/20/2005 8:20:00 PM,At Intersection (intersection related),18,"MOTOR VEHICLE STRUCK PEDALCYCLIST, FRONT END AT ANGLE",,0,Clear or Partly Cloudy,Dry,Dark - Street Lights On,Y,5263007.0,,45.0,Vehicle - Pedalcyclist,0,0,N,POINT (1268961.320496216 231450.3184970617),4920.0,0.0,Clear or Partly Cloudy
24643,38843,38843,1795660,Matched,Block,,58TH AVE SW BETWEEN SW LANDER W ST AND SW STEVENS ST,,,2,Injury Collision,Cycles,2,0,1,1,1,0,0,2005-07-04T00:00:00.000Z,7/4/2005,Driveway Junction,51,PEDALCYCLIST STRUCK MOTOR VEHICLE FRONT END AT ANGLE,,0,Clear or Partly Cloudy,Dry,Daylight,,5185004.0,,45.0,Vehicle - Pedalcyclist,0,0,N,POINT (1252113.623134956 215024.1200802326),19692.0,2.756802891038487e-05,Clear or Partly Cloudy
24742,38611,38611,2020003,Matched,Intersection,29046.0,BROADWAY E AND E THOMAS ST,,,2,Injury Collision,Cycles,2,0,1,1,1,0,0,2005-07-27T00:00:00.000Z,7/27/2005 5:28:00 PM,At Intersection (intersection related),18,"MOTOR VEHICLE STRUCK PEDALCYCLIST, FRONT END AT ANGLE",,1,Unknown,Unknown,Unknown,Y,5208013.0,,45.0,Vehicle - Pedalcyclist,0,0,N,POINT (1273584.119092941 230095.0335036665),1172.0,0.0,
24755,38474,38474,1198108,Matched,Block,,35TH AVE SW BETWEEN SW AUSTIN ST AND SW IDA ST,,,2,Injury Collision,Cycles,2,0,1,1,1,0,0,2005-03-13T00:00:00.000Z,3/13/2005 2:50:00 PM,Driveway Junction,18,"MOTOR VEHICLE STRUCK PEDALCYCLIST, FRONT END AT ANGLE",,0,Clear or Partly Cloudy,Dry,Daylight,Y,5072007.0,,45.0,Vehicle - Pedalcyclist,0,0,N,POINT (1259211.348134235 198774.1227515936),5619.0,2.603265272378672e-05,Clear or Partly Cloudy
24778,38486,38486,2071927,Matched,Block,,ELLIOTT AVE W BETWEEN W MERCER ST AND W MERCER PL,,,2,Injury Collision,Cycles,2,0,1,1,1,0,0,2005-12-21T00:00:00.000Z,12/21/2005 4:30:00 PM,Driveway Junction,18,"MOTOR VEHICLE STRUCK PEDALCYCLIST, FRONT END AT ANGLE",,0,Raining,Wet,Dark - Street Lights On,Y,5355009.0,,45.0,Vehicle - Pedalcyclist,0,0,N,POINT (1262242.290793329 231965.5804495811),21791.0,7.915761365491244e-06,Raining
24962,38795,38795,1791712,Matched,Intersection,24245.0,STROUD AVE N AND EAST GREEN LAKE DR N,,,2,Injury Collision,Cycles,4,0,1,1,1,0,0,2005-03-02T00:00:00.000Z,3/2/2005,At Intersection (intersection related),18,"MOTOR VEHICLE STRUCK PEDALCYCLIST, FRONT END AT ANGLE",,0,Clear or Partly Cloudy,Dry,Daylight,Y,5061010.0,,45.0,Vehicle - Pedalcyclist,0,0,N,POINT (1270260.463409543 253635.7472557724),11177.0,0.0,Clear or Partly Cloudy
25056,39081,39081,1789475,Matched,Intersection,30995.0,CALIFORNIA AVE SW AND SW ATLANTIC ST,,,2,Injury Collision,Cycles,1,0,1,0,1,0,0,2005-07-09T00:00:00.000Z,7/9/2005,At Intersection (intersection related),28,MOTOR VEHICLE RAN OFF ROAD - HIT FIXED OBJECT,,0,Clear or Partly Cloudy,Dry,Daylight,,5190037.0,,45.0,Vehicle - Pedalcyclist,0,0,N,POINT (1257261.005860239 219297.5182286203),656.0,0.0,Clear or Partly Cloudy
25063,39215,39215,2024424,Matched,Block,,DEXTER AVE N BETWEEN LEE ST AND GALER ST,,,2b,Serious Injury Collision,Cycles,2,0,1,1,1,1,0,2005-09-01T00:00:00.000Z,9/1/2005,Driveway Junction,18,"MOTOR VEHICLE STRUCK PEDALCYCLIST, FRONT END AT ANGLE",,0,Clear or Partly Cloudy,Dry,Daylight,Y,5244007.0,,45.0,Vehicle - Pedalcyclist,0,0,N,POINT (1268386.228399619 234128.5003238022),6299.0,3.257173808247047e-05,Clear or Partly Cloudy
25116,39353,39353,1791205,Matched,Intersection,32690.0,RAINIER AVE S AND S ANDOVER ST,,,2,Injury Collision,Cycles,2,0,1,1,1,0,0,2005-02-20T00:00:00.000Z,2/20/2005 2:13:00 PM,At Intersection (intersection related),18,"MOTOR VEHICLE STRUCK PEDALCYCLIST, FRONT END AT ANGLE",,0,Clear or Partly Cloudy,Dry,Daylight,Y,5051003.0,,45.0,Vehicle - Pedalcyclist,0,0,N,POINT (1281020.993084565 210570.1920116842),912.0,0.0,Clear or Partly Cloudy
25149,39383,39383,2025671,Matched,Intersection,27024.0,PHINNEY AVE N AND N 36TH ST,,,2,Injury Collision,Cycles,3,0,1,1,1,0,0,2005-08-24T00:00:00.000Z,8/24/2005 5:08:00 PM,At Intersection (intersection related),18,"MOTOR VEHICLE STRUCK PEDALCYCLIST, FRONT END AT ANGLE",,0,Clear or Partly Cloudy,Dry,Daylight,,5236002.0,,45.0,Vehicle - Pedalcyclist,0,0,N,POINT (1265528.306988701 241624.4737714827),9044.0,0.0,Clear or Partly Cloudy
25163,38977,38977,1786398,Matched,Intersection,31451.0,M L KING JR WAY S AND S WALKER ST,,,2,Injury Collision,Cycles,2,0,1,1,1,0,0,2005-04-01T00:00:00.000Z,4/1/2005,At Intersection (intersection related),18,"MOTOR VEHICLE STRUCK PEDALCYCLIST, FRONT END AT ANGLE",,0,Clear or Partly Cloudy,Dry,Daylight,Y,5091035.0,,45.0,Vehicle - Pedalcyclist,0,0,N,POINT (1278932.993850425 216335.4121135771),6496.0,0.0,Clear or Partly Cloudy