OBJECTID,INCKEY,COLDETKEY,REPORTNO,STATUS,ADDRTYPE,INTKEY,LOCATION,EXCEPTRSNC,EXCEPTRSND,SEVERITYCO,SEVERITYDE,COLLISIONT,PERSONCOUN,PEDCOUNT,PEDCYLCOUN,VEHCOUNT,INJURIES,SERIOUSINJ,FATALITIES,INCDATE,INCDTTM,JUNCTIONTY,SDOT_COLCO,SDOT_COLDE,INATTENTIO,UNDERINFL,WEATHER,ROADCOND,LIGHTCOND,PEDROWNOTG,SDOTCOLNUM,SPEEDING,ST_COLCODE,ST_COLDESC,SEGLANEKEY,CROSSWALKK,HITPARKEDC,geometry,near_str_index,min_length,weather_group
25181,39387,39387,1059874,Matched,Block,,ALASKAN WAY BETWEEN VINE ST AND CLAY ST,,,2,Injury Collision,Cycles,2,0,1,1,1,0,0,2005-11-15T00:00:00.000Z,11/15/2005 4:38:00 PM,Mid-Block (not related to intersection),18,"MOTOR VEHICLE STRUCK PEDALCYCLIST, FRONT END AT ANGLE",,1,Clear or Partly Cloudy,Dry,Daylight,,5319003.0,,45.0,Vehicle - Pedalcyclist,0,0,N,POINT (1265591.06423676 227627.3577251434),21288.0,5.0245207272725325e-09,Clear or Partly Cloudy
25239,39251,39251,2020676,Matched,Block,,SAND POINT WAY NE BETWEEN NE 45TH ST AND 40TH AVE NE,,,2,Injury Collision,Cycles,2,0,1,1,1,0,0,2005-04-07T00:00:00.000Z,4/7/2005,Driveway Junction,18,"MOTOR VEHICLE STRUCK PEDALCYCLIST, FRONT END AT ANGLE",,0,Clear or Partly Cloudy,Wet,Dusk,Y,5097011.0,,45.0,Vehicle - Pedalcyclist,0,0,N,POINT (1282519.082302094 244877.3931348026),19034.0,9.38067443669746e-07,Clear or Partly Cloudy
25265,39010,39010,1785024,Matched,Intersection,29682.0,CLAY ST AND WESTERN AVE,,,1,Property Damage Only Collision,Cycles,2,0,1,1,0,0,0,2005-09-28T00:00:00.000Z,9/28/2005 5:15:00 AM,At Intersection (intersection related),18,"MOTOR VEHICLE STRUCK PEDALCYCLIST, FRONT END AT ANGLE",,0,Clear or Partly Cloudy,Dry,Dark - Street Lights On,,5271043.0,,45.0,Vehicle - Pedalcyclist,0,0,N,POINT (1265774.068012953 228282.3510058224),6245.0,0.0,Clear or Partly Cloudy
25297,39140,39140,1059613,Matched,Intersection,28915.0,4TH AVE N AND MERCER ST,,,2,Injury Collision,Cycles,3,0,1,1,1,0,0,2005-04-16T00:00:00.000Z,4/16/2005 7:33:00 PM,At Intersection (intersection related),51,PEDALCYCLIST STRUCK MOTOR VEHICLE FRONT END AT ANGLE,,0,Clear or Partly Cloudy,Dry,Dark - Street Lights On,,5106031.0,,45.0,Vehicle - Pedalcyclist,0,0,N,POINT (1266708.919853911 231501.9083851129),847.0,0.0,Clear or Partly Cloudy
25337,39373,39373,1783584,Matched,Block,,6TH AVE BETWEEN UNIVERSITY ST AND UNION ST,,,2b,Serious Injury Collision,Cycles,2,0,1,1,1,1,0,2005-04-27T00:00:00.000Z,4/27/2005 6:47:00 AM,Mid-Block (but intersection related),24,MOTOR VEHCILE STRUCK PEDESTRIAN,Y,0,Overcast,Dry,Daylight,,5117007.0,,45.0,Vehicle - Pedalcyclist,0,0,N,POINT (1270493.199921787 225988.3224594742),3199.0,4.169726785151738e-06,Overcast
25341,39148,39148,C655955,Matched,Block,,WESTLAKE EAST RDWY AVE N BETWEEN MCGRAW ST AND HALLADAY ST,,,2,Injury Collision,Cycles,2,0,1,1,1,0,0,2005-09-07T00:00:00.000Z,9/7/2005,Driveway Junction,18,"MOTOR VEHICLE STRUCK PEDALCYCLIST, FRONT END AT ANGLE",,0,Clear or Partly Cloudy,Dry,Dusk,,5250048.0,,45.0,Vehicle - Pedalcyclist,0,0,N,POINT (1268441.858159676 237456.2519432157),18063.0,5.229495428587427e-06,Clear or Partly Cloudy
25399,39298,39298,2028411,Matched,Block,,INTERLAKEN DR E BETWEEN E GALER ST AND E INTERLAKEN BLVD,,,2,Injury Collision,Cycles,3,0,1,1,1,0,0,2005-05-26T00:00:00.000Z,5/26/2005 10:14:00 AM,Mid-Block (not related to intersection),51,PEDALCYCLIST STRUCK MOTOR VEHICLE FRONT END AT ANGLE,,0,Clear or Partly Cloudy,Dry,Daylight,,5146006.0,,45.0,Vehicle - Pedalcyclist,0,0,N,POINT (1276903.892600343 235264.4143089652),20883.0,2.6104605516832e-06,Clear or Partly Cloudy
25469,39305,39305,1793946,Matched,Intersection,24494.0,OSWEGO PL NE AND NE 65TH ST,,,2,Injury Collision,Cycles,2,0,1,1,1,0,0,2005-09-17T00:00:00.000Z,9/17/2005 7:08:00 PM,At Intersection (intersection related),18,"MOTOR VEHICLE STRUCK PEDALCYCLIST, FRONT END AT ANGLE",,0,Clear or Partly Cloudy,Dry,Dusk,,5260003.0,,45.0,Vehicle - Pedalcyclist,0,0,N,POINT (1273869.571893245 250077.5791881382),7303.0,0.0,Clear or Partly Cloudy
25477,39864,39864,2061059,Matched,Intersection,27167.0,UNIVERSITY WAY NE AND NE PACIFIC ST,,,2,Injury Collision,Cycles,2,0,1,1,2,0,0,2005-10-03T00:00:00.000Z,10/3/2005,At Intersection (intersection related),18,"MOTOR VEHICLE STRUCK PEDALCYCLIST, FRONT END AT ANGLE",,0,Clear or Partly Cloudy,Dry,Daylight,Y,5276035.0,,45.0,Vehicle - Pedalcyclist,0,0,N,POINT (1275674.208311081 241847.4433717132),2203.0,0.0,Clear or Partly Cloudy
25493,39189,39189,2192027,Matched,Intersection,29168.0,DENNY WAY AND STEWART ST,,,2,Injury Collision,Cycles,2,0,1,1,1,0,0,2005-12-24T00:00:00.000Z,12/24/2005 12:26:00 AM,At Intersection (intersection related),51,PEDALCYCLIST STRUCK MOTOR VEHICLE FRONT END AT ANGLE,,0,Raining,Wet,Dark - Street Lights On,,5358006.0,,45.0,Vehicle - Pedalcyclist,0,0,N,POINT (1271141.683762446 229199.6351027489),14776.0,0.0,Raining
25503,39186,39186,1794975,Matched,Block,,DENSMORE AVE N BETWEEN N NORTHLAKE WAY AND N 34TH ST,,,2,Injury Collision,Cycles,2,0,1,1,1,0,0,2005-06-09T00:00:00.000Z,6/9/2005,Mid-Block (but intersection related),18,"MOTOR VEHICLE STRUCK PEDALCYCLIST, FRONT END AT ANGLE",,0,Clear or Partly Cloudy,Dry,Daylight,,5160020.0,,45.0,Vehicle - Pedalcyclist,0,0,N,POINT (1269664.822832927 239799.9750816077),6289.0,7.448019793931787e-09,Clear or Partly Cloudy
25522,39465,39465,2024914,Matched,Block,,35TH AVE SW BETWEEN SW GRAHAM ST AND SW MORGAN ST,,,2b,Serious Injury Collision,Cycles,2,0,1,1,1,1,0,2005-10-22T00:00:00.000Z,10/22/2005 9:30:00 AM,Driveway Junction,18,"MOTOR VEHICLE STRUCK PEDALCYCLIST, FRONT END AT ANGLE",,0,Clear or Partly Cloudy,Dry,Daylight,Y,5295007.0,,45.0,Vehicle - Pedalcyclist,0,0,N,POINT (1259339.947366357 202837.2973477542),17539.0,9.144054453791578e-06,Clear or Partly Cloudy
25574,39476,39476,1797282,Matched,Block,,LAKESIDE AVE BETWEEN E YESLER WAY AND LAKE WASHINGTON BLVD,,,2,Injury Collision,Cycles,2,0,1,1,1,0,0,2005-07-12T00:00:00.000Z,7/12/2005 7:49:00 AM,Mid-Block (not related to intersection),23,"MOTOR VEHICLE STRUCK PEDALCYCLIST, LEFT SIDE SIDESWIPE",,0,Clear or Partly Cloudy,Dry,Daylight,,5193003.0,,45.0,Vehicle - Pedalcyclist,0,0,N,POINT (1282309.775549889 223090.135640502),13761.0,1.6349382295988096e-06,Clear or Partly Cloudy
25608,39612,39612,1787323,Matched,Block,,E HARRISON ST BETWEEN 12TH AVE E AND 13TH AVE E,,,2,Injury Collision,Cycles,2,0,1,1,1,0,0,2005-07-26T00:00:00.000Z,7/26/2005 5:46:00 PM,Mid-Block (but intersection related),51,PEDALCYCLIST STRUCK MOTOR VEHICLE FRONT END AT ANGLE,,0,Clear or Partly Cloudy,Dry,Daylight,,5207022.0,,45.0,Vehicle - Pedalcyclist,0,0,N,POINT (1274735.364790127 230396.4476479739),9840.0,7.447822014946149e-09,Clear or Partly Cloudy
25661,39630,39630,1776919,Matched,Intersection,29538.0,9TH AVE AND STEWART ST,,,1,Property Damage Only Collision,Cycles,2,0,1,1,0,0,0,2005-09-10T00:00:00.000Z,9/10/2005 4:38:00 PM,At Intersection (intersection related),18,"MOTOR VEHICLE STRUCK PEDALCYCLIST, FRONT END AT ANGLE",,0,Clear or Partly Cloudy,Dry,Daylight,Y,5253010.0,,45.0,Vehicle - Pedalcyclist,0,0,N,POINT (1270205.58238548 228168.8738857061),6077.0,0.0,Clear or Partly Cloudy
25664,39628,39628,2024779,Matched,Alley,,,,,2,Injury Collision,Cycles,2,0,1,1,1,0,0,2005-06-14T00:00:00.000Z,6/14/2005 6:44:00 PM,,0,NOT ENOUGH INFORMATION / NOT APPLICABLE,,0,Clear or Partly Cloudy,Dry,Daylight,,5165032.0,,45.0,Vehicle - Pedalcyclist,0,0,N,,,,Clear or Partly Cloudy
25701,39773,39773,2108856,Matched,Intersection,27044.0,DRAVUS ST AND NICKERSON ST,,,2,Injury Collision,Cycles,2,0,1,1,1,0,0,2005-10-31T00:00:00.000Z,10/31/2005 5:43:00 PM,At Intersection (intersection related),21,"MOTOR VEHICLE STRUCK PEDALCYCLIST, REAR END",,0,Raining,Wet,Dark - Street Lights On,Y,5304009.0,,45.0,Vehicle - Pedalcyclist,0,0,N,POINT (1265312.690988481 240319.3890981376),701.0,0.0,Raining
25733,39938,39938,2060359,Matched,Intersection,33795.0,CALIFORNIA AVE SW AND SW OTHELLO N ST,,,2,Injury Collision,Cycles,2,0,1,1,1,0,0,2005-12-02T00:00:00.000Z,12/2/2005,At Intersection (intersection related),18,"MOTOR VEHICLE STRUCK PEDALCYCLIST, FRONT END AT ANGLE",,0,Overcast,Wet,Dusk,,5336005.0,,45.0,Vehicle - Pedalcyclist,0,0,N,POINT (1256605.986851558 200315.9077131748),3042.0,0.0,Overcast
25774,39912,39912,1796681,Matched,Block,,NW MARKET ST BETWEEN 5TH AVE NW AND 6TH E AVE NW,,,2,Injury Collision,Cycles,2,0,1,1,1,0,0,2005-06-15T00:00:00.000Z,6/15/2005 8:22:00 PM,Mid-Block (not related to intersection),18,"MOTOR VEHICLE STRUCK PEDALCYCLIST, FRONT END AT ANGLE",,0,Clear or Partly Cloudy,Dry,Dusk,,5166020.0,,45.0,Vehicle - Pedalcyclist,0,0,N,POINT (1263519.800746635 247649.1772656441),4398.0,3.06631254447356e-05,Clear or Partly Cloudy
25822,39931,39931,2020769,Matched,Intersection,25773.0,9TH AVE NE AND NE 53RD ST,,,2,Injury Collision,Cycles,2,0,1,1,1,0,0,2005-08-15T00:00:00.000Z,8/15/2005 5:42:00 PM,At Intersection (intersection related),18,"MOTOR VEHICLE STRUCK PEDALCYCLIST, FRONT END AT ANGLE",,0,Clear or Partly Cloudy,Dry,Daylight,Y,5227011.0,,45.0,Vehicle - Pedalcyclist,0,0,N,POINT (1274519.022389904 246873.1058408469),585.0,0.0,Clear or Partly Cloudy
25831,39925,39925,2019504,Matched,Block,,10TH AVE E BETWEEN E DENNY WAY AND E JOHN ST,,,2,Injury Collision,Cycles,2,0,1,1,1,0,0,2005-06-01T00:00:00.000Z,6/1/2005,Driveway Junction,18,"MOTOR VEHICLE STRUCK PEDALCYCLIST, FRONT END AT ANGLE",Y,0,Raining,Wet,Daylight,Y,5152027.0,,45.0,Vehicle - Pedalcyclist,0,0,N,POINT (1273907.605557278 229452.5179830194),2286.0,1.5484554413839208e-06,Raining
25876,39549,39549,1933268,Matched,Intersection,30482.0,2ND AVE AND JAMES ST,,,2,Injury Collision,Cycles,2,1,1,0,1,0,0,2005-09-22T00:00:00.000Z,9/22/2005 5:14:00 PM,At Intersection (intersection related),64,PEDALCYCLIST STRUCK PEDESTRIAN,,0,Clear or Partly Cloudy,Dry,Daylight,Y,5265012.0,,45.0,Vehicle - Pedalcyclist,0,0,N,POINT (1270583.694641873 223305.2345847189),134.0,0.0,Clear or Partly Cloudy
25934,39423,39423,2026628,Matched,Block,,NE 45TH ST BETWEEN 2ND AVE NE AND THACKERAY PL NE,,,2,Injury Collision,Cycles,5,0,1,1,1,0,0,2005-08-10T00:00:00.000Z,8/10/2005 11:29:00 PM,Driveway Junction,18,"MOTOR VEHICLE STRUCK PEDALCYCLIST, FRONT END AT ANGLE",,0,Clear or Partly Cloudy,Dry,Dark - Street Lights On,Y,5222011.0,,45.0,Vehicle - Pedalcyclist,0,0,N,POINT (1272433.439155772 244811.4479827434),9906.0,4.418045119863796e-06,Clear or Partly Cloudy
25963,39703,39703,2025052,Matched,Block,,FAUNTLEROY WAY SW BETWEEN SW CLOVERDALE ST AND SW TRENTON ST,,,2,Injury Collision,Cycles,4,0,1,1,1,0,0,2005-05-14T00:00:00.000Z,5/14/2005 6:03:00 PM,Mid-Block (not related to intersection),23,"MOTOR VEHICLE STRUCK PEDALCYCLIST, LEFT SIDE SIDESWIPE",,0,Overcast,Dry,Daylight,,5134014.0,,45.0,Vehicle - Pedalcyclist,0,0,N,POINT (1255157.904674083 195709.9516764581),21056.0,7.413949005944064e-06,Overcast
26029,39850,39850,2020489,Matched,Block,,AURORA AVE N BETWEEN N 67TH ST AND N 68TH ST,,,2,Injury Collision,Cycles,2,0,1,1,2,0,0,2005-06-13T00:00:00.000Z,6/13/2005 6:32:00 PM,Mid-Block (not related to intersection),21,"MOTOR VEHICLE STRUCK PEDALCYCLIST, REAR END",Y,0,Clear or Partly Cloudy,Dry,Daylight,,5164001.0,,45.0,Vehicle - Pedalcyclist,0,0,N,POINT (1267908.497839138 251057.0232211351),11042.0,2.139161280999939e-05,Clear or Partly Cloudy
26089,40005,40005,1069301,Matched,Intersection,28045.0,4TH AVE N AND FREMONT BR,,,2,Injury Collision,Cycles,2,0,1,1,1,0,0,2005-08-20T00:00:00.000Z,8/20/2005 2:14:00 PM,At Intersection (intersection related),18,"MOTOR VEHICLE STRUCK PEDALCYCLIST, FRONT END AT ANGLE",,0,Clear or Partly Cloudy,Dry,Daylight,,5232006.0,,45.0,Vehicle - Pedalcyclist,0,0,N,POINT (1266653.095981851 239644.4832414538),10319.0,0.0,Clear or Partly Cloudy
26211,40298,40298,2019640,Matched,Intersection,29181.0,SUMMIT AVE AND E HOWELL W ST,,,2,Injury Collision,Cycles,2,0,1,1,1,0,0,2005-08-29T00:00:00.000Z,8/29/2005 10:33:00 PM,At Intersection (intersection related),51,PEDALCYCLIST STRUCK MOTOR VEHICLE FRONT END AT ANGLE,,0,Clear or Partly Cloudy,Dry,Dark - Street Lights On,Y,5241043.0,,45.0,Vehicle - Pedalcyclist,0,0,N,POINT (1272409.079347745 228900.5646384507),1097.0,0.0,Clear or Partly Cloudy
26224,40440,40440,1774900,Matched,Intersection,32516.0,BEACON AVE S AND S HORTON ST,,,2,Injury Collision,Cycles,3,0,1,1,1,0,0,2005-04-09T00:00:00.000Z,4/9/2005,At Intersection (intersection related),18,"MOTOR VEHICLE STRUCK PEDALCYCLIST, FRONT END AT ANGLE",,0,Clear or Partly Cloudy,Dry,Daylight,Y,5099015.0,,45.0,Vehicle - Pedalcyclist,0,0,N,POINT (1276212.149815634 212887.1965580583),627.0,0.0,Clear or Partly Cloudy
26240,40160,40160,1796555,Matched,Intersection,25435.0,11TH AVE NW AND NW 52ND ST,,,2,Injury Collision,Cycles,2,0,1,1,1,0,0,2005-03-21T00:00:00.000Z,3/21/2005 8:59:00 PM,At Intersection (intersection related),18,"MOTOR VEHICLE STRUCK PEDALCYCLIST, FRONT END AT ANGLE",,0,Clear or Partly Cloudy,Dry,Dark - No Street Lights,,5080022.0,,45.0,Vehicle - Pedalcyclist,0,0,N,POINT (1261617.973544687 246875.6287208498),5004.0,0.0,Clear or Partly Cloudy
26270,40422,40422,1781718,Matched,Intersection,33982.0,26TH AVE SW AND SW HOLDEN ST,,,2,Injury Collision,Cycles,3,0,1,1,1,0,0,2005-02-03T00:00:00.000Z,2/3/2005,At Intersection (intersection related),18,"MOTOR VEHICLE STRUCK PEDALCYCLIST, FRONT END AT ANGLE",,0,Clear or Partly Cloudy,Dry,Daylight,Y,5034001.0,,45.0,Vehicle - Pedalcyclist,0,0,N,POINT (1261872.481832951 198448.2251512706),2004.0,0.0,Clear or Partly Cloudy
26296,40196,40196,1060160,Matched,Block,,S JACKSON ST BETWEEN 2ND AVE S AND 3RD AVE S,,,2,Injury Collision,Cycles,2,0,1,1,1,0,0,2005-01-20T00:00:00.000Z,1/20/2005 1:00:00 PM,Mid-Block (not related to intersection),23,"MOTOR VEHICLE STRUCK PEDALCYCLIST, LEFT SIDE SIDESWIPE",,0,Overcast,Unknown,Daylight,,5020025.0,,45.0,Vehicle - Pedalcyclist,0,0,N,POINT (1270954.001266256 222164.9003115445),18368.0,1.3477456637490964e-06,Overcast
26321,40201,40201,2024159,Matched,Intersection,28710.0,DEXTER AVE N AND GALER ST,,,2,Injury Collision,Cycles,2,0,1,1,1,0,0,2005-08-19T00:00:00.000Z,8/19/2005 8:11:00 AM,At Intersection (intersection related),18,"MOTOR VEHICLE STRUCK PEDALCYCLIST, FRONT END AT ANGLE",,0,Clear or Partly Cloudy,Dry,Daylight,Y,5231004.0,,45.0,Vehicle - Pedalcyclist,0,0,N,POINT (1268390.34910363 234291.1438439637),697.0,0.0,Clear or Partly Cloudy
26346,40070,40070,1784671,Matched,Intersection,30352.0,COLUMBIA ST AND WESTERN AVE,,,1,Property Damage Only Collision,Cycles,5,0,1,1,0,0,0,2005-01-25T00:00:00.000Z,1/25/2005 5:10:00 PM,At Intersection (intersection related),18,"MOTOR VEHICLE STRUCK PEDALCYCLIST, FRONT END AT ANGLE",Y,0,Overcast,Dry,Dusk,,5025008.0,,45.0,Vehicle - Pedalcyclist,0,0,N,POINT (1269717.913648993 223504.0894969255),670.0,0.0,Overcast
26413,40224,40224,1931061,Matched,Intersection,37471.0,ROOSEVELT WAY NE AND NE 104TH ST,,,2,Injury Collision,Cycles,2,0,1,1,1,0,0,2005-01-26T00:00:00.000Z,1/26/2005 5:15:00 PM,At Intersection (intersection related),18,"MOTOR VEHICLE STRUCK PEDALCYCLIST, FRONT END AT ANGLE",,0,Raining,Wet,Dark - Street Lights On,Y,5026004.0,,45.0,Vehicle - Pedalcyclist,0,0,N,POINT (1274936.753974333 260326.8008306324),6647.0,0.0,Raining
26432,40218,40218,2191751,Matched,Block,,PINE ST BETWEEN 9TH AVE AND TERRY AVE,,,2,Injury Collision,Cycles,2,0,1,1,1,0,0,2005-10-22T00:00:00.000Z,10/22/2005 6:19:00 PM,Mid-Block (but intersection related),55,PEDALCYCLIST STRUCK MOTOR VEHICLE RIGHT SIDE SIDESWIPE,,0,Clear or Partly Cloudy,Dry,Dark - Street Lights On,,5295002.0,,45.0,Vehicle - Pedalcyclist,0,0,N,POINT (1270919.723314226 227477.7186849862),14345.0,1.1479398351009595e-05,Clear or Partly Cloudy
26493,40356,40356,1932931,Matched,Intersection,29592.0,2ND AVE AND PIKE ST,,,2,Injury Collision,Cycles,4,0,1,1,1,0,0,2005-05-21T00:00:00.000Z,5/21/2005 9:06:00 AM,At Intersection (intersection related),18,"MOTOR VEHICLE STRUCK PEDALCYCLIST, FRONT END AT ANGLE",,0,Clear or Partly Cloudy,Dry,Daylight,,5141034.0,,45.0,Vehicle - Pedalcyclist,0,0,N,POINT (1269058.773296311 225881.3874193579),135.0,0.0,Clear or Partly Cloudy
26582,40924,40924,2020392,Matched,Intersection,287173.0,BURKE GILMAN TRL AND NE 77TH ST,,,2,Injury Collision,Cycles,4,0,1,1,1,0,0,2005-08-05T00:00:00.000Z,8/5/2005,At Intersection (intersection related),18,"MOTOR VEHICLE STRUCK PEDALCYCLIST, FRONT END AT ANGLE",,0,Clear or Partly Cloudy,Dry,Daylight,,5217008.0,,45.0,Vehicle - Pedalcyclist,0,0,N,,,,Clear or Partly Cloudy
26622,40524,40524,C657844,Matched,Block,,NE 43RD ST BETWEEN 12TH AVE NE AND DEAD END 1,,,1,Property Damage Only Collision,Cycles,2,0,1,1,0,0,0,2005-09-08T00:00:00.000Z,9/8/2005,Driveway Junction,51,PEDALCYCLIST STRUCK MOTOR VEHICLE FRONT END AT ANGLE,,0,Clear or Partly Cloudy,Dry,Daylight,,5251041.0,,45.0,Vehicle - Pedalcyclist,0,0,N,POINT (1275261.115062669 244196.3987661153),19152.0,6.815777081970632e-07,Clear or Partly Cloudy
26682,40540,40540,1792975,Matched,Intersection,25540.0,GREEN LAKE WAY N AND STONE AVE N,,,1,Property Damage Only Collision,Cycles,2,0,1,1,0,0,0,2005-06-10T00:00:00.000Z,6/10/2005 8:45:00 AM,At Intersection (intersection related),18,"MOTOR VEHICLE STRUCK PEDALCYCLIST, FRONT END AT ANGLE",,0,Unknown,Dry,Daylight,Y,5161015.0,,45.0,Vehicle - Pedalcyclist,0,0,N,POINT (1268664.395823911 245897.3933278471),6681.0,0.0,
26683,40539,40539,1933671,Matched,Block,,2ND AV ET S BETWEEN S JACKSON ST AND S MAIN ST,,,2,Injury Collision,Cycles,2,0,1,1,1,0,0,2005-06-10T00:00:00.000Z,6/10/2005 5:11:00 PM,Mid-Block (not related to intersection),21,"MOTOR VEHICLE STRUCK PEDALCYCLIST, REAR END",,0,Clear or Partly Cloudy,Dry,Daylight,Y,5161008.0,,45.0,Vehicle - Pedalcyclist,0,0,N,POINT (1271183.316146493 222304.5042156875),10135.0,3.5431266009836825e-09,Clear or Partly Cloudy
26808,40837,40837,1779522,Matched,Intersection,35472.0,51ST AVE S AND S ROXBURY ST,,,2,Injury Collision,Cycles,2,0,1,1,1,0,0,2005-04-28T00:00:00.000Z,4/28/2005 2:14:00 PM,At Intersection (intersection related),18,"MOTOR VEHICLE STRUCK PEDALCYCLIST, FRONT END AT ANGLE",Y,0,Clear or Partly Cloudy,Dry,Daylight,Y,5118030.0,,45.0,Vehicle - Pedalcyclist,0,0,N,POINT (1285416.734785065 191845.7982645035),10670.0,0.0,Clear or Partly Cloudy
26820,40705,40705,2019958,Matched,Intersection,27142.0,UNIVERSITY WAY NE AND NE CAMPUS EB PY,,,1,Property Damage Only Collision,Cycles,2,0,1,1,0,0,0,2005-09-22T00:00:00.000Z,9/22/2005 3:49:00 PM,At Intersection (intersection related),51,PEDALCYCLIST STRUCK MOTOR VEHICLE FRONT END AT ANGLE,,0,Clear or Partly Cloudy,Dry,Daylight,,5265009.0,,45.0,Vehicle - Pedalcyclist,0,0,N,POINT (1275708.715575129 242791.0504126698),17184.0,0.0,Clear or Partly Cloudy
26869,40971,40971,2022392,Matched,Block,,N 85TH ST BETWEEN ASHWORTH AVE N AND DENSMORE AVE N,,,2,Injury Collision,Cycles,2,0,1,1,1,0,0,2005-05-22T00:00:00.000Z,5/22/2005 5:43:00 AM,Mid-Block (not related to intersection),55,PEDALCYCLIST STRUCK MOTOR VEHICLE RIGHT SIDE SIDESWIPE,Y,0,Clear or Partly Cloudy,Dry,Daylight,,5142016.0,,45.0,Vehicle - Pedalcyclist,0,0,N,POINT (1269727.071793005 255504.5756736845),4073.0,7.216923929302695e-09,Clear or Partly Cloudy
26873,40969,40969,2190701,Matched,Intersection,30367.0,ALASKAN WAY S AND S KING ST,,,2,Injury Collision,Cycles,2,0,1,1,1,0,0,2005-12-23T00:00:00.000Z,12/23/2005 3:05:00 PM,At Intersection (intersection related),18,"MOTOR VEHICLE STRUCK PEDALCYCLIST, FRONT END AT ANGLE",,0,Raining,Wet,Daylight,,5357010.0,,45.0,Vehicle - Pedalcyclist,0,0,N,,,,Raining
26954,40871,40871,2191767,Matched,Block,,S JACKSON ST BETWEEN 5TH AVE S AND 6TH AVE S,,,2,Injury Collision,Cycles,2,0,1,1,1,0,0,2005-10-26T00:00:00.000Z,10/26/2005 7:16:00 AM,Driveway Junction,18,"MOTOR VEHICLE STRUCK PEDALCYCLIST, FRONT END AT ANGLE",,0,Overcast,Wet,Dawn,,5299009.0,,45.0,Vehicle - Pedalcyclist,0,0,N,POINT (1271919.18725124 222143.9877355248),7759.0,2.7443126941806094e-05,Overcast
26999,40624,40624,2019751,Matched,Intersection,28392.0,22ND AVE E AND EAST MONTLAKE PL E,,,2,Injury Collision,Cycles,2,0,1,1,1,0,0,2005-06-17T00:00:00.000Z,6/17/2005 2:34:00 PM,At Intersection (intersection related),18,"MOTOR VEHICLE STRUCK PEDALCYCLIST, FRONT END AT ANGLE",,0,Clear or Partly Cloudy,Dry,Daylight,,5168008.0,,45.0,Vehicle - Pedalcyclist,0,0,N,POINT (1277951.170873418 238264.9934480339),2563.0,0.0,Clear or Partly Cloudy
27145,41304,41304,2023714,Matched,Intersection,29563.0,3RD AVE AND VIRGINIA ST,,,2,Injury Collision,Cycles,2,0,1,1,1,0,0,2005-07-14T00:00:00.000Z,7/14/2005 8:00:00 PM,At Intersection (intersection related),18,"MOTOR VEHICLE STRUCK PEDALCYCLIST, FRONT END AT ANGLE",,0,Clear or Partly Cloudy,Dry,Daylight,Y,5195024.0,,45.0,Vehicle - Pedalcyclist,0,0,N,POINT (1268590.538287833 227026.2439965308),262.0,0.0,Clear or Partly Cloudy
27184,41199,41199,1797016,Matched,Intersection,27153.0,EASTLAKE AVE E AND FUHRMAN AVE E,,,2,Injury Collision,Cycles,2,0,1,1,1,0,0,2005-02-18T00:00:00.000Z,2/18/2005 12:44:00 PM,At Intersection (intersection related),18,"MOTOR VEHICLE STRUCK PEDALCYCLIST, FRONT END AT ANGLE",,0,Clear or Partly Cloudy,Dry,Daylight,Y,5049003.0,,45.0,Vehicle - Pedalcyclist,0,0,N,POINT (1273704.647989064 241221.0042030662),995.0,0.0,Clear or Partly Cloudy
27203,41206,41206,1795868,Matched,Intersection,28379.0,24TH AVE E AND INTERLAKEN PL E,,,2b,Serious Injury Collision,Cycles,2,0,1,1,1,1,0,2005-01-03T00:00:00.000Z,1/3/2005,At Intersection (intersection related),18,"MOTOR VEHICLE STRUCK PEDALCYCLIST, FRONT END AT ANGLE",,0,Clear or Partly Cloudy,Dry,Daylight,Y,5003003.0,,45.0,Vehicle - Pedalcyclist,0,0,N,POINT (1278429.990969911 234569.0925162584),775.0,0.0,Clear or Partly Cloudy
27295,41102,41102,880613,Matched,Intersection,29697.0,ELLIOTT AVE AND WALL ST,,,2,Injury Collision,Cycles,0,0,1,1,1,0,0,2005-05-02T00:00:00.000Z,5/2/2005,At Intersection (intersection related),18,"MOTOR VEHICLE STRUCK PEDALCYCLIST, FRONT END AT ANGLE",,0,Clear or Partly Cloudy,Dry,Daylight,Y,5122006.0,,45.0,Vehicle - Pedalcyclist,0,0,N,POINT (1266236.692013428 227426.0105249435),707.0,0.0,Clear or Partly Cloudy
27523,41150,41150,1799172,Matched,Intersection,29177.0,E HOWELL ST AND E OLIVE WAY,,,2,Injury Collision,Cycles,2,0,1,1,1,0,0,2005-08-29T00:00:00.000Z,8/29/2005 12:56:00 PM,At Intersection (intersection related),18,"MOTOR VEHICLE STRUCK PEDALCYCLIST, FRONT END AT ANGLE",,0,Clear or Partly Cloudy,Dry,Daylight,,5241019.0,,45.0,Vehicle - Pedalcyclist,0,0,N,POINT (1272238.338355571 228902.7705904543),679.0,0.0,Clear or Partly Cloudy
27535,41022,41022,1077028,Matched,Intersection,31082.0,CALIFORNIA AVE SW AND SW LANDER ST,,,2,Injury Collision,Cycles,2,0,1,1,1,0,0,2005-05-26T00:00:00.000Z,5/26/2005 7:40:00 PM,At Intersection (intersection related),18,"MOTOR VEHICLE STRUCK PEDALCYCLIST, FRONT END AT ANGLE",,0,Clear or Partly Cloudy,Dry,Daylight,Y,5146009.0,,45.0,Vehicle - Pedalcyclist,0,0,N,POINT (1257069.82378003 215183.6942244023),3421.0,0.0,Clear or Partly Cloudy
27549,41292,41292,C657497,Matched,Intersection,24229.0,GREEN LAKE DR N AND N 80TH ST,,,2,Injury Collision,Cycles,2,0,1,1,1,0,0,2005-09-22T00:00:00.000Z,9/22/2005 6:00:00 PM,At Intersection (intersection related),11,"MOTOR VEHICLE STRUCK MOTOR VEHICLE, FRONT END AT ANGLE",,0,Clear or Partly Cloudy,Dry,Dusk,,5265048.0,,45.0,Vehicle - Pedalcyclist,0,0,N,POINT (1269230.605360493 254205.4545203596),747.0,0.0,Clear or Partly Cloudy