OBJECTID,INCKEY,COLDETKEY,REPORTNO,STATUS,ADDRTYPE,INTKEY,LOCATION,EXCEPTRSNC,EXCEPTRSND,SEVERITYCO,SEVERITYDE,COLLISIONT,PERSONCOUN,PEDCOUNT,PEDCYLCOUN,VEHCOUNT,INJURIES,SERIOUSINJ,FATALITIES,INCDATE,INCDTTM,JUNCTIONTY,SDOT_COLCO,SDOT_COLDE,INATTENTIO,UNDERINFL,WEATHER,ROADCOND,LIGHTCOND,PEDROWNOTG,SDOTCOLNUM,SPEEDING,ST_COLCODE,ST_COLDESC,SEGLANEKEY,CROSSWALKK,HITPARKEDC,geometry,near_str_index,min_length,weather_group
27627,41572,41572,2060982,Matched,Intersection,36052.0,LAKE CITY WAY NE AND NE 130TH ST,,,2,Injury Collision,Cycles,2,0,1,1,1,0,0,2005-11-04T00:00:00.000Z,11/4/2005,At Intersection (intersection related),18,"MOTOR VEHICLE STRUCK PEDALCYCLIST, FRONT END AT ANGLE",,0,Raining,Wet,Daylight,,5308003.0,,45.0,Vehicle - Pedalcyclist,0,0,N,POINT (1281118.143548667 267099.184069559),9113.0,0.0,Raining
27635,41841,41841,2025365,Matched,Block,,PHINNEY AVE N BETWEEN N 65TH ST AND N 67TH S ST,,,2,Injury Collision,Cycles,2,0,1,1,1,0,0,2005-08-18T00:00:00.000Z,8/18/2005 12:13:00 PM,Mid-Block (not related to intersection),56,PEDALCYCLIST STRUCK MOTOR VEHICLE LEFT SIDE SIDESWIPE,,0,Clear or Partly Cloudy,Dry,Daylight,,5230002.0,,45.0,Vehicle - Pedalcyclist,0,0,N,POINT (1265734.636524916 250609.3324046731),3701.0,8.931834441393258e-06,Clear or Partly Cloudy
27687,41582,41582,1789471,Matched,Intersection,31949.0,49TH AVE SW AND SW SPOKANE ST,,,1,Property Damage Only Collision,Cycles,2,0,1,1,0,0,0,2005-05-06T00:00:00.000Z,5/6/2005,At Intersection (intersection related),18,"MOTOR VEHICLE STRUCK PEDALCYCLIST, FRONT END AT ANGLE",,0,Clear or Partly Cloudy,Dry,Daylight,,5126010.0,,45.0,Vehicle - Pedalcyclist,0,0,N,POINT (1255011.333921924 212592.8270217478),4740.0,0.0,Clear or Partly Cloudy
27738,41588,41588,2019934,Matched,Block,,E PINE ST BETWEEN 12TH AVE AND 13TH AVE,,,2,Injury Collision,Cycles,2,0,1,1,1,0,0,2005-07-26T00:00:00.000Z,7/26/2005 9:51:00 AM,Mid-Block (not related to intersection),18,"MOTOR VEHICLE STRUCK PEDALCYCLIST, FRONT END AT ANGLE",,0,Clear or Partly Cloudy,Dry,Daylight,,5207035.0,,45.0,Vehicle - Pedalcyclist,0,0,N,POINT (1274699.28946209 227954.745821476),3935.0,1.7805189849464034e-05,Clear or Partly Cloudy
27759,41606,41606,2019603,Matched,Block,,28TH AVE S BETWEEN S MAIN W ST AND S JACKSON ST,,,2b,Serious Injury Collision,Cycles,2,0,1,1,1,1,0,2005-06-14T00:00:00.000Z,6/14/2005 5:30:00 PM,Mid-Block (not related to intersection),23,"MOTOR VEHICLE STRUCK PEDALCYCLIST, LEFT SIDE SIDESWIPE",,0,Clear or Partly Cloudy,Dry,Daylight,,5165031.0,,45.0,Vehicle - Pedalcyclist,0,0,N,POINT (1279519.796283022 222201.3809515834),246.0,1.943276107788993e-05,Clear or Partly Cloudy
27878,41895,41895,2020694,Matched,Intersection,27018.0,FREMONT WAY N AND N 38TH ST,,,2,Injury Collision,Cycles,2,0,1,1,1,0,0,2005-10-14T00:00:00.000Z,10/14/2005 9:15:00 AM,At Intersection (intersection related),23,"MOTOR VEHICLE STRUCK PEDALCYCLIST, LEFT SIDE SIDESWIPE",,0,Clear or Partly Cloudy,Dry,Daylight,,5287009.0,,45.0,Vehicle - Pedalcyclist,0,0,N,POINT (1266982.135086194 241771.4725556225),3543.0,0.0,Clear or Partly Cloudy
27912,41778,41778,1933733,Matched,Block,,DEXTER AVE N BETWEEN LEE ST AND GALER ST,,,2,Injury Collision,Cycles,2,0,1,1,1,0,0,2005-08-12T00:00:00.000Z,8/12/2005 8:07:00 AM,Driveway Junction,18,"MOTOR VEHICLE STRUCK PEDALCYCLIST, FRONT END AT ANGLE",,0,Overcast,Dry,Daylight,Y,5224011.0,,45.0,Vehicle - Pedalcyclist,0,0,N,POINT (1268386.228399619 234128.5003238022),6299.0,3.257173808247047e-05,Overcast
28017,41796,41796,1791705,Matched,Intersection,27167.0,UNIVERSITY WAY NE AND NE PACIFIC ST,,,1,Property Damage Only Collision,Cycles,2,0,1,1,0,0,0,2005-02-11T00:00:00.000Z,2/11/2005 11:40:00 AM,At Intersection (intersection related),18,"MOTOR VEHICLE STRUCK PEDALCYCLIST, FRONT END AT ANGLE",,0,Clear or Partly Cloudy,Dry,Daylight,Y,5042008.0,,45.0,Vehicle - Pedalcyclist,0,0,N,POINT (1275674.208311081 241847.4433717132),2203.0,0.0,Clear or Partly Cloudy
28024,41667,41667,2023343,Matched,Intersection,27394.0,40TH AVE NE AND NE 45TH ST,,,2b,Serious Injury Collision,Cycles,2,0,1,1,1,1,0,2005-08-02T00:00:00.000Z,8/2/2005,At Intersection (intersection related),18,"MOTOR VEHICLE STRUCK PEDALCYCLIST, FRONT END AT ANGLE",,0,Clear or Partly Cloudy,Dry,Daylight,Y,5214003.0,,45.0,Vehicle - Pedalcyclist,0,0,N,POINT (1282771.059006348 244582.051246509),16415.0,0.0,Clear or Partly Cloudy
28051,41936,41936,C656235,Matched,Block,,EASTLAKE AVE E BETWEEN E LYNN ST AND E LOUISA ST,,,2,Injury Collision,Cycles,2,0,1,1,1,0,0,2005-09-14T00:00:00.000Z,9/14/2005 3:53:00 PM,Driveway Junction,11,"MOTOR VEHICLE STRUCK MOTOR VEHICLE, FRONT END AT ANGLE",,0,Clear or Partly Cloudy,Dry,Daylight,,5257044.0,,45.0,Vehicle - Pedalcyclist,0,0,N,POINT (1272491.78142783 237340.4494470954),17909.0,2.8952388918938843e-05,Clear or Partly Cloudy
28108,41945,41945,2019932,Matched,Intersection,29328.0,23RD AVE E AND E ALOHA ST,,,2,Injury Collision,Cycles,2,0,1,1,1,0,0,2005-07-25T00:00:00.000Z,7/25/2005 9:21:00 AM,At Intersection (intersection related),51,PEDALCYCLIST STRUCK MOTOR VEHICLE FRONT END AT ANGLE,,0,Clear or Partly Cloudy,Dry,Daylight,,5206003.0,,45.0,Vehicle - Pedalcyclist,0,0,N,POINT (1278187.663673654 232080.0756817013),1061.0,0.0,Clear or Partly Cloudy
28150,42478,42478,1771418,Matched,Intersection,34539.0,37TH AVE S AND S MYRTLE ST,,,2,Injury Collision,Cycles,2,0,1,1,1,0,0,2005-04-28T00:00:00.000Z,4/28/2005 8:30:00 PM,At Intersection (intersection related),18,"MOTOR VEHICLE STRUCK PEDALCYCLIST, FRONT END AT ANGLE",,0,Clear or Partly Cloudy,Dry,Dusk,,5118029.0,,45.0,Vehicle - Pedalcyclist,0,0,N,POINT (1281597.712445155 199953.4728968143),4560.0,0.0,Clear or Partly Cloudy
28326,42394,42394,1059706,Matched,Block,,S KING ST BETWEEN 5TH AVE S AND 6TH AVE S,,,2,Injury Collision,Cycles,5,0,1,1,1,0,0,2005-09-23T00:00:00.000Z,9/23/2005 12:38:00 PM,Driveway Junction,18,"MOTOR VEHICLE STRUCK PEDALCYCLIST, FRONT END AT ANGLE",,0,Clear or Partly Cloudy,Dry,Daylight,Y,5266003.0,,45.0,Vehicle - Pedalcyclist,0,0,N,POINT (1271912.378867239 221838.027415216),9330.0,3.030512123391437e-05,Clear or Partly Cloudy
28393,42291,42291,2059002,Matched,Intersection,27182.0,2ND AVE NE AND NE 45TH ST,,,2,Injury Collision,Cycles,2,0,1,1,1,0,0,2005-10-22T00:00:00.000Z,10/22/2005 5:00:00 PM,At Intersection (intersection related),18,"MOTOR VEHICLE STRUCK PEDALCYCLIST, FRONT END AT ANGLE",,0,Clear or Partly Cloudy,Dry,Daylight,Y,5295003.0,,45.0,Vehicle - Pedalcyclist,0,0,N,POINT (1272301.489459634 244814.9838547409),5213.0,0.0,Clear or Partly Cloudy
28406,42409,42409,1785221,Matched,Block,,7TH AVE BETWEEN VIRGINIA ST AND WESTLAKE AVE,,,1,Property Damage Only Collision,Cycles,2,0,1,1,0,0,0,2005-06-01T00:00:00.000Z,6/1/2005,Mid-Block (but intersection related),56,PEDALCYCLIST STRUCK MOTOR VEHICLE LEFT SIDE SIDESWIPE,,0,Overcast,Wet,Daylight,,5152025.0,,45.0,Vehicle - Pedalcyclist,0,0,N,POINT (1269411.367920682 228021.1856295466),554.0,5.44355312197914e-06,Overcast
28416,42414,42414,1776562,Matched,Block,,UNIVERSITY BR BETWEEN POINT A AND POINT B,,,2,Injury Collision,Cycles,2,0,2,0,1,0,0,2005-08-25T00:00:00.000Z,8/25/2005 4:51:00 PM,Mid-Block (not related to intersection),61,PEDALCYCLIST STRUCK PEDALCYCLIST REAR END,,0,Clear or Partly Cloudy,Dry,Daylight,,5237002.0,,45.0,Vehicle - Pedalcyclist,0,0,N,POINT (1273929.905653298 241632.9413554817),11998.0,1.0242754645849333e-05,Clear or Partly Cloudy
28496,42059,42059,1744752,Matched,Block,,BOYLSTON AVE E BETWEEN E LYNN ST AND E LOUISA ST,,,2,Injury Collision,Cycles,2,0,1,1,1,0,0,2005-03-02T00:00:00.000Z,3/2/2005,Mid-Block (not related to intersection),21,"MOTOR VEHICLE STRUCK PEDALCYCLIST, REAR END",,0,Clear or Partly Cloudy,Unknown,Dark - Street Lights On,,5061011.0,,45.0,Vehicle - Pedalcyclist,0,0,N,POINT (1273090.823028445 237328.5730310827),15183.0,7.51293743055997e-06,Clear or Partly Cloudy
28503,42189,42189,C655533,Matched,Block,,22ND AVE S BETWEEN S MAIN ST AND S JACKSON ST,,,1,Property Damage Only Collision,Cycles,2,0,1,1,0,0,0,2005-08-25T00:00:00.000Z,8/25/2005 6:00:00 PM,Mid-Block (not related to intersection),13,"MOTOR VEHICLE STRUCK MOTOR VEHICLE, LEFT SIDE AT ANGLE",,0,Other,Dry,Daylight,,5237046.0,,45.0,Vehicle - Pedalcyclist,0,0,N,POINT (1277776.499833241 222252.2212076485),12331.0,1.2809984628267614e-05,
28532,42452,42452,2061281,Matched,Intersection,24410.0,15TH AVE NE AND NE 77TH ST,,,2,Injury Collision,Cycles,2,0,1,1,1,0,0,2005-09-07T00:00:00.000Z,9/7/2005,At Intersection (intersection related),18,"MOTOR VEHICLE STRUCK PEDALCYCLIST, FRONT END AT ANGLE",,0,Clear or Partly Cloudy,Dry,Daylight,Y,5250013.0,,45.0,Vehicle - Pedalcyclist,0,0,N,POINT (1276194.708791614 253315.2869674563),1480.0,0.0,Clear or Partly Cloudy
28550,42446,42446,1789075,Matched,Intersection,34219.0,4TH AVE S AND S MICHIGAN ST,,,2,Injury Collision,Cycles,2,0,1,1,1,0,0,2005-06-29T00:00:00.000Z,6/29/2005 5:41:00 PM,At Intersection (intersection related),18,"MOTOR VEHICLE STRUCK PEDALCYCLIST, FRONT END AT ANGLE",,0,Clear or Partly Cloudy,Dry,Daylight,Y,5180003.0,,45.0,Vehicle - Pedalcyclist,0,0,N,POINT (1270902.704946205 202514.9000994265),7810.0,0.0,Clear or Partly Cloudy
28581,42337,42337,1933589,Matched,Intersection,29515.0,DENNY WAY AND DEXTER AVE,,,2b,Serious Injury Collision,Cycles,2,0,1,1,1,1,0,2005-10-29T00:00:00.000Z,10/29/2005 1:27:00 AM,At Intersection (intersection related),51,PEDALCYCLIST STRUCK MOTOR VEHICLE FRONT END AT ANGLE,,0,Raining,Wet,Dark - Street Lights On,,5302002.0,,45.0,Vehicle - Pedalcyclist,0,0,N,POINT (1268262.3086555 229277.1954228282),6287.0,0.0,Raining
28582,42346,42346,1213728,Matched,Block,,WESTERN AVE BETWEEN VIRGINIA ST AND LENORA ST,,,2,Injury Collision,Cycles,2,0,1,1,1,0,0,2005-02-04T00:00:00.000Z,2/4/2005,Mid-Block (but intersection related),18,"MOTOR VEHICLE STRUCK PEDALCYCLIST, FRONT END AT ANGLE",,0,Clear or Partly Cloudy,Dry,Daylight,,5035011.0,,45.0,Vehicle - Pedalcyclist,0,0,N,POINT (1267782.275055006 226455.5591319501),16494.0,1.808384305063324e-05,Clear or Partly Cloudy
28583,42082,42082,2061211,Matched,Intersection,26915.0,DENSMORE AVE N AND N NORTHLAKE WAY,,,2b,Serious Injury Collision,Cycles,2,0,1,1,1,1,0,2005-08-26T00:00:00.000Z,8/26/2005 6:15:00 PM,At Intersection (intersection related),51,PEDALCYCLIST STRUCK MOTOR VEHICLE FRONT END AT ANGLE,,0,Clear or Partly Cloudy,Dry,Dusk,,5238029.0,,45.0,Vehicle - Pedalcyclist,0,0,N,POINT (1269659.243056923 239587.2022173852),4089.0,0.0,Clear or Partly Cloudy
28612,42607,42607,2020045,Matched,Block,,12TH AVE BETWEEN E CHERRY ST AND E COLUMBIA ST,,,2,Injury Collision,Cycles,2,0,1,1,1,0,0,2005-08-01T00:00:00.000Z,8/1/2005,Driveway Junction,18,"MOTOR VEHICLE STRUCK PEDALCYCLIST, FRONT END AT ANGLE",Y,0,Overcast,Dry,Daylight,Y,5213007.0,,45.0,Vehicle - Pedalcyclist,0,0,N,POINT (1274510.530229896 225541.1101710051),5015.0,0.0,Overcast
28696,42874,42874,1745363,Matched,Block,,18TH AVE BETWEEN E CHERRY ST AND E COLUMBIA ST,,,2,Injury Collision,Cycles,2,0,1,1,1,0,0,2005-02-23T00:00:00.000Z,2/23/2005 4:30:00 PM,Mid-Block (not related to intersection),18,"MOTOR VEHICLE STRUCK PEDALCYCLIST, FRONT END AT ANGLE",,0,Clear or Partly Cloudy,Dry,Daylight,Y,5054007.0,,45.0,Vehicle - Pedalcyclist,0,0,N,POINT (1276447.206391886 225491.6012429595),15317.0,2.3033963610985897e-05,Clear or Partly Cloudy
28729,42629,42629,2027985,Matched,Intersection,30136.0,15TH AVE AND E MADISON ST,,,2,Injury Collision,Cycles,2,0,1,1,1,0,0,2005-04-23T00:00:00.000Z,4/23/2005 12:10:00 PM,At Intersection (intersection related),18,"MOTOR VEHICLE STRUCK PEDALCYCLIST, FRONT END AT ANGLE",,0,Clear or Partly Cloudy,Dry,Daylight,Y,5113003.0,,45.0,Vehicle - Pedalcyclist,0,0,N,POINT (1275540.203574955 227657.8561571836),1117.0,0.0,Clear or Partly Cloudy
28879,42799,42799,1930686,Matched,Intersection,30505.0,OCCIDENTAL AVE S AND S JACKSON ST,,,2,Injury Collision,Cycles,2,0,1,1,1,0,0,2005-01-24T00:00:00.000Z,1/24/2005 6:30:00 PM,At Intersection (intersection related),23,"MOTOR VEHICLE STRUCK PEDALCYCLIST, LEFT SIDE SIDESWIPE",,0,Clear or Partly Cloudy,Dry,Dark - Street Lights On,,5024022.0,,45.0,Vehicle - Pedalcyclist,0,0,N,POINT (1270472.112689763 222175.4320875555),8354.0,0.0,Clear or Partly Cloudy
28945,43062,43062,1772017,Matched,Intersection,29049.0,BOYLSTON AVE E AND E OLIVE W WAY,,,2,Injury Collision,Cycles,2,0,1,1,1,0,0,2005-11-27T00:00:00.000Z,11/27/2005 4:49:00 PM,At Intersection (intersection related),18,"MOTOR VEHICLE STRUCK PEDALCYCLIST, FRONT END AT ANGLE",,0,Overcast,Wet,Unknown,,5331031.0,,45.0,Vehicle - Pedalcyclist,0,0,N,POINT (1272939.072052285 229645.2189752162),6914.0,0.0,Overcast
29000,42697,42697,2020097,Matched,Intersection,29884.0,PIKE ST AND TERRY AVE,,,2,Injury Collision,Cycles,2,0,1,1,1,0,0,2005-09-11T00:00:00.000Z,9/11/2005 4:15:00 PM,At Intersection (intersection related),18,"MOTOR VEHICLE STRUCK PEDALCYCLIST, FRONT END AT ANGLE",,0,Clear or Partly Cloudy,Dry,Daylight,,5254012.0,,45.0,Vehicle - Pedalcyclist,0,0,N,POINT (1271274.833458588 227193.9775007069),9798.0,0.0,Clear or Partly Cloudy
29127,42729,42729,C646667,Matched,Block,,DENNY WAY BETWEEN PONTIUS AVE N AND YALE AVE,,,2,Injury Collision,Cycles,2,0,1,1,1,0,0,2005-04-06T00:00:00.000Z,4/6/2005,Mid-Block (not related to intersection),18,"MOTOR VEHICLE STRUCK PEDALCYCLIST, FRONT END AT ANGLE",,0,Clear or Partly Cloudy,Dry,Daylight,,5096054.0,,45.0,Vehicle - Pedalcyclist,0,0,N,,,,Clear or Partly Cloudy
29131,42603,42603,2020260,Matched,Intersection,27181.0,THACKERAY PL NE AND NE 45TH ST,,,2,Injury Collision,Cycles,1,0,1,0,1,0,0,2005-04-09T00:00:00.000Z,4/9/2005,At Intersection (intersection related),66,PEDALCYCLIST STRUCK OBJECT IN ROAD,,0,Clear or Partly Cloudy,Dry,Daylight,,5099004.0,,45.0,Vehicle - Pedalcyclist,0,0,N,POINT (1272565.388851911 244807.9126227349),6711.0,0.0,Clear or Partly Cloudy
29151,42861,42861,2024026,Matched,Intersection,29613.0,2ND AVE AND SPRING ST,,,2,Injury Collision,Cycles,2,0,1,1,1,0,0,2005-08-08T00:00:00.000Z,8/8/2005,At Intersection (intersection related),18,"MOTOR VEHICLE STRUCK PEDALCYCLIST, FRONT END AT ANGLE",,0,Clear or Partly Cloudy,Dry,Daylight,Y,5220014.0,,45.0,Vehicle - Pedalcyclist,0,0,N,POINT (1269804.427313074 224621.804442063),3767.0,0.0,Clear or Partly Cloudy
29188,43141,43141,2028363,Matched,Intersection,30411.0,BOREN AVE AND E YESLER WAY,,,2b,Serious Injury Collision,Cycles,2,0,1,1,1,1,0,2005-07-27T00:00:00.000Z,7/27/2005 12:48:00 PM,At Intersection (intersection related),18,"MOTOR VEHICLE STRUCK PEDALCYCLIST, FRONT END AT ANGLE",,0,Clear or Partly Cloudy,Dry,Daylight,,5208015.0,,45.0,Vehicle - Pedalcyclist,0,0,N,POINT (1274204.361781582 223012.3293684125),3394.0,0.0,Clear or Partly Cloudy
29217,43280,43280,1213494,Matched,Intersection,29560.0,1ST AVE AND LENORA ST,,,2,Injury Collision,Cycles,2,0,1,1,1,0,0,2005-06-05T00:00:00.000Z,6/5/2005,At Intersection (intersection related),18,"MOTOR VEHICLE STRUCK PEDALCYCLIST, FRONT END AT ANGLE",,0,Overcast,Dry,Daylight,Y,5156032.0,,45.0,Vehicle - Pedalcyclist,0,0,N,POINT (1267841.84708707 226836.3503643423),2268.0,0.0,Overcast
29219,43401,43401,1059991,Matched,Intersection,29576.0,5TH AVE AND PIKE ST,,,1,Property Damage Only Collision,Cycles,3,0,1,1,0,0,0,2005-01-07T00:00:00.000Z,1/7/2005,At Intersection (intersection related),18,"MOTOR VEHICLE STRUCK PEDALCYCLIST, FRONT END AT ANGLE",,0,Overcast,Dry,Daylight,Y,5007004.0,,45.0,Vehicle - Pedalcyclist,0,0,N,POINT (1269889.867825165 226373.2711958587),5878.0,0.0,Overcast
29240,43286,43286,1784593,Matched,Block,,STEWART ST BETWEEN 9TH AVE AND TERRY AVE,,,1,Property Damage Only Collision,Cycles,2,0,1,1,0,0,0,2005-09-22T00:00:00.000Z,9/22/2005 11:00:00 AM,Driveway Junction,18,"MOTOR VEHICLE STRUCK PEDALCYCLIST, FRONT END AT ANGLE",,0,Clear or Partly Cloudy,Dry,Daylight,Y,5265010.0,,45.0,Vehicle - Pedalcyclist,0,0,N,POINT (1270313.883377597 228287.9293738157),10390.0,3.808610430989388e-05,Clear or Partly Cloudy
29324,43573,43573,1059798,Matched,Block,,ALASKAN E RDWY WAY BETWEEN COLUMBIA ST AND MARION ST,,,2,Injury Collision,Cycles,2,0,1,1,1,0,0,2005-07-27T00:00:00.000Z,7/27/2005 10:26:00 PM,Mid-Block (not related to intersection),23,"MOTOR VEHICLE STRUCK PEDALCYCLIST, LEFT SIDE SIDESWIPE",,0,Clear or Partly Cloudy,Dry,Dark - Street Lights On,Y,5208016.0,,45.0,Vehicle - Pedalcyclist,0,0,N,POINT (1269460.937584728 223529.6872569472),3318.0,3.3331112957799625e-05,Clear or Partly Cloudy
29338,43309,43309,C654302,Matched,Block,,8TH AVE NW BETWEEN NW 67TH ST AND NW 70TH ST,,,2,Injury Collision,Cycles,2,0,1,1,1,0,0,2005-08-08T00:00:00.000Z,8/8/2005,Mid-Block (not related to intersection),18,"MOTOR VEHICLE STRUCK PEDALCYCLIST, FRONT END AT ANGLE",,0,Clear or Partly Cloudy,Dry,Daylight,,5220032.0,,45.0,Vehicle - Pedalcyclist,0,0,N,POINT (1262875.53079398 251313.428661406),17343.0,1.5745037309724336e-10,Clear or Partly Cloudy
29352,43180,43180,1796949,Matched,Intersection,25994.0,15TH AVE NE AND COWEN PL NE,,,2,Injury Collision,Cycles,6,0,1,1,1,0,0,2005-02-18T00:00:00.000Z,2/18/2005 3:57:00 PM,At Intersection (intersection related),18,"MOTOR VEHICLE STRUCK PEDALCYCLIST, FRONT END AT ANGLE",,0,Clear or Partly Cloudy,Dry,Daylight,Y,5049007.0,,45.0,Vehicle - Pedalcyclist,0,0,N,POINT (1276157.508407578 248662.751154691),8770.0,0.0,Clear or Partly Cloudy
29380,43439,43439,2025588,Matched,Block,,BROADWAY E BETWEEN E MERCER ST AND E ROY E ST,,,2,Injury Collision,Cycles,2,0,1,1,1,0,0,2005-08-02T00:00:00.000Z,8/2/2005,Mid-Block (not related to intersection),22,"MOTOR VEHICLE STRUCK PEDALCYCLIST, RIGHT SIDE SIDESWIPE",Y,0,Clear or Partly Cloudy,Dry,Daylight,,5214005.0,,45.0,Vehicle - Pedalcyclist,0,0,N,POINT (1273598.291444957 231402.488353014),6211.0,1.1533499057365304e-05,Clear or Partly Cloudy
29446,43333,43333,2108722,Matched,Intersection,28069.0,4TH AVE N AND RAYE ST,,,2,Injury Collision,Cycles,2,0,1,1,1,0,0,2005-09-28T00:00:00.000Z,9/28/2005 5:12:00 AM,At Intersection (intersection related),51,PEDALCYCLIST STRUCK MOTOR VEHICLE FRONT END AT ANGLE,,0,Clear or Partly Cloudy,Dry,Dark - Street Lights On,,5271005.0,,45.0,Vehicle - Pedalcyclist,0,0,N,POINT (1266668.938541859 238218.8136079907),2961.0,0.0,Clear or Partly Cloudy
29493,43471,43471,2059315,Matched,Intersection,25565.0,GREEN LAKE WAY N AND MIDVALE AVE N,,,2b,Serious Injury Collision,Cycles,4,0,1,1,1,1,0,2005-10-11T00:00:00.000Z,10/11/2005 4:24:00 PM,At Intersection (intersection related),18,"MOTOR VEHICLE STRUCK PEDALCYCLIST, FRONT END AT ANGLE",,0,Clear or Partly Cloudy,Dry,Daylight,,5284006.0,,45.0,Vehicle - Pedalcyclist,0,0,N,POINT (1268248.660527483 245604.553135559),3673.0,0.0,Clear or Partly Cloudy
29499,43226,43226,1797711,Matched,Block,,38TH AVE S BETWEEN S MYRTLE ST AND S OTHELLO ST,,,2,Injury Collision,Cycles,2,0,1,1,1,0,0,2005-08-17T00:00:00.000Z,8/17/2005 4:33:00 PM,Driveway Junction,11,"MOTOR VEHICLE STRUCK MOTOR VEHICLE, FRONT END AT ANGLE",,0,Clear or Partly Cloudy,Dry,Daylight,,5229013.0,,45.0,Vehicle - Pedalcyclist,0,0,N,POINT (1281929.853245497 199612.0057604611),15794.0,6.372427522197375e-07,Clear or Partly Cloudy
29511,43351,43351,1797331,Matched,Block,,SHAFFER AVE S BETWEEN S MORGAN ST AND S HOLLY ST,,,2,Injury Collision,Cycles,2,0,1,1,1,0,0,2005-06-07T00:00:00.000Z,6/7/2005,Driveway Junction,18,"MOTOR VEHICLE STRUCK PEDALCYCLIST, FRONT END AT ANGLE",,0,Raining,Wet,Daylight,,5158032.0,,45.0,Vehicle - Pedalcyclist,0,0,N,POINT (1279493.028667003 201687.3648025841),3763.0,2.6548101613985283e-05,Raining
29701,43793,43793,1796818,Matched,Block,,3RD AVE NW BETWEEN NW 84TH ST AND NW 85TH ST,,,2,Injury Collision,Cycles,2,0,1,1,1,0,0,2005-03-06T00:00:00.000Z,3/6/2005,Driveway Junction,51,PEDALCYCLIST STRUCK MOTOR VEHICLE FRONT END AT ANGLE,,0,Clear or Partly Cloudy,Dry,Daylight,,5065014.0,,45.0,Vehicle - Pedalcyclist,0,0,N,POINT (1264282.096555427 255506.7765056938),5468.0,6.185405851681636e-06,Clear or Partly Cloudy
29728,43801,43801,1316712,Matched,Block,,2ND AVE BETWEEN PIKE ST AND PINE ST,,,1,Property Damage Only Collision,Cycles,2,0,1,1,0,0,0,2005-09-09T00:00:00.000Z,9/9/2005,Driveway Junction,18,"MOTOR VEHICLE STRUCK PEDALCYCLIST, FRONT END AT ANGLE",,0,Clear or Partly Cloudy,Dry,Daylight,,5252018.0,,45.0,Vehicle - Pedalcyclist,0,0,N,POINT (1268950.511472195 226064.2551955432),9591.0,1.6780158607627556e-05,Clear or Partly Cloudy
29786,44084,44084,2027041,Matched,Intersection,25804.0,UNIVERSITY WAY NE AND NE 47TH ST,,,2,Injury Collision,Cycles,2,0,1,1,1,0,0,2005-07-22T00:00:00.000Z,7/22/2005 4:56:00 PM,At Intersection (intersection related),18,"MOTOR VEHICLE STRUCK PEDALCYCLIST, FRONT END AT ANGLE",,0,Clear or Partly Cloudy,Dry,Daylight,Y,5203005.0,,45.0,Vehicle - Pedalcyclist,0,0,N,POINT (1275799.556919217 245381.1224793196),999.0,0.0,Clear or Partly Cloudy
29829,43954,43954,C644826,Matched,Intersection,25520.0,GREEN LAKE WAY N AND N 52ND ST,,,2,Injury Collision,Cycles,2,0,1,1,1,0,0,2005-03-12T00:00:00.000Z,3/12/2005 1:00:00 PM,At Intersection (intersection related),18,"MOTOR VEHICLE STRUCK PEDALCYCLIST, FRONT END AT ANGLE",,0,Clear or Partly Cloudy,Dry,Daylight,,5071059.0,,45.0,Vehicle - Pedalcyclist,0,0,N,POINT (1269174.002736434 246719.2675046921),10323.0,0.0,Clear or Partly Cloudy
29862,43826,43826,1930946,Matched,Intersection,28267.0,10TH AVE E AND E HOWE ST,,,2b,Serious Injury Collision,Cycles,2,0,1,1,1,1,0,2005-03-28T00:00:00.000Z,3/28/2005 1:24:00 AM,At Intersection (intersection related),18,"MOTOR VEHICLE STRUCK PEDALCYCLIST, FRONT END AT ANGLE",,0,Clear or Partly Cloudy,Dry,Dark - Street Lights On,,5087008.0,,45.0,Vehicle - Pedalcyclist,0,0,N,POINT (1273886.465589255 235502.204581216),21.0,0.0,Clear or Partly Cloudy
29886,43842,43842,1220195,Matched,Intersection,25277.0,8TH AVE NW AND NW 60TH ST,,,2,Injury Collision,Cycles,2,0,1,1,1,0,0,2005-01-31T00:00:00.000Z,1/31/2005 7:37:00 AM,At Intersection (intersection related),18,"MOTOR VEHICLE STRUCK PEDALCYCLIST, FRONT END AT ANGLE",,0,Clear or Partly Cloudy,Wet,Daylight,Y,5031004.0,,45.0,Vehicle - Pedalcyclist,0,0,N,POINT (1262792.9997219 249013.1301630437),15809.0,0.0,Clear or Partly Cloudy
30039,44004,44004,1773275,Matched,Block,,LAKE WASHINGTON BLVD S BETWEEN LAKE PARK DR S AND S HORTON NR ST,,,2,Injury Collision,Cycles,2,0,1,1,1,0,0,2005-02-10T00:00:00.000Z,2/10/2005 2:52:00 PM,Mid-Block (not related to intersection),18,"MOTOR VEHICLE STRUCK PEDALCYCLIST, FRONT END AT ANGLE",,0,Clear or Partly Cloudy,Dry,Daylight,,5041005.0,,45.0,Vehicle - Pedalcyclist,0,0,N,POINT (1282466.716670036 214528.5998877287),16656.0,1.729022140382883e-05,Clear or Partly Cloudy
30058,44022,44022,2024910,Matched,Block,,S WARSAW ST BETWEEN CARLETON AVE S AND FLORA AVE S,,,2,Injury Collision,Cycles,2,0,1,1,1,0,0,2005-08-05T00:00:00.000Z,8/5/2005,Driveway Junction,18,"MOTOR VEHICLE STRUCK PEDALCYCLIST, FRONT END AT ANGLE",,0,Clear or Partly Cloudy,Dry,Daylight,,5217006.0,,45.0,Vehicle - Pedalcyclist,0,0,N,POINT (1273115.631668463 202053.788482964),10016.0,1.5926528805602106e-06,Clear or Partly Cloudy