OBJECTID,INCKEY,COLDETKEY,REPORTNO,STATUS,ADDRTYPE,INTKEY,LOCATION,EXCEPTRSNC,EXCEPTRSND,SEVERITYCO,SEVERITYDE,COLLISIONT,PERSONCOUN,PEDCOUNT,PEDCYLCOUN,VEHCOUNT,INJURIES,SERIOUSINJ,FATALITIES,INCDATE,INCDTTM,JUNCTIONTY,SDOT_COLCO,SDOT_COLDE,INATTENTIO,UNDERINFL,WEATHER,ROADCOND,LIGHTCOND,PEDROWNOTG,SDOTCOLNUM,SPEEDING,ST_COLCODE,ST_COLDESC,SEGLANEKEY,CROSSWALKK,HITPARKEDC,geometry,near_str_index,min_length,weather_group
30076,44016,44016,2020102,Matched,Intersection,30147.0,21ST AVE AND E UNION ST,,,1,Property Damage Only Collision,Cycles,2,0,1,1,0,0,0,2005-08-22T00:00:00.000Z,8/22/2005 5:14:00 PM,At Intersection (intersection related),18,"MOTOR VEHICLE STRUCK PEDALCYCLIST, FRONT END AT ANGLE",,0,Clear or Partly Cloudy,Dry,Daylight,,5234013.0,,45.0,Vehicle - Pedalcyclist,0,0,N,POINT (1277458.103608921 227045.4847005457),12034.0,0.0,Clear or Partly Cloudy
30143,43775,43775,2060559,Matched,Block,,4TH AVE S BETWEEN COSTCO DR AND 4TH AV S VI,,,2b,Serious Injury Collision,Cycles,2,0,1,1,1,1,0,2005-11-08T00:00:00.000Z,11/8/2005,Driveway Junction,18,"MOTOR VEHICLE STRUCK PEDALCYCLIST, FRONT END AT ANGLE",,0,Clear or Partly Cloudy,Dry,Daylight,Y,5312002.0,,45.0,Vehicle - Pedalcyclist,0,0,N,POINT (1271087.904498398 209249.3285223246),2166.0,1.2432773390124353e-05,Clear or Partly Cloudy
30158,43635,43635,2059157,Matched,Intersection,25939.0,25TH AVE NE AND NE 55TH ST,,,2,Injury Collision,Cycles,2,0,1,1,1,0,0,2005-10-27T00:00:00.000Z,10/27/2005 7:18:00 PM,At Intersection (intersection related),18,"MOTOR VEHICLE STRUCK PEDALCYCLIST, FRONT END AT ANGLE",,0,Raining,Wet,Dark - Street Lights On,Y,5300017.0,,45.0,Vehicle - Pedalcyclist,0,0,N,POINT (1278912.752442405 247303.9912173003),5350.0,0.0,Raining
30241,44326,44326,2028204,Matched,Block,,EASTLAKE AVE E BETWEEN HARVARD AVE E AND FUHRMAN AVE E,,,2,Injury Collision,Cycles,2,0,1,1,1,0,0,2005-05-26T00:00:00.000Z,5/26/2005 3:51:00 PM,Driveway Junction,18,"MOTOR VEHICLE STRUCK PEDALCYCLIST, FRONT END AT ANGLE",,0,Clear or Partly Cloudy,Dry,Daylight,Y,5146007.0,,45.0,Vehicle - Pedalcyclist,0,0,N,POINT (1273599.974708959 241029.8313388675),6317.0,1.4142158170737939e-05,Clear or Partly Cloudy
30360,44606,44606,2128030,Matched,Block,,LAKEVIEW BLVD E BETWEEN E HIGHLAND DR AND BOYLSTON S AVE E,,,2,Injury Collision,Cycles,2,0,1,1,1,0,0,2005-12-25T00:00:00.000Z,12/25/2005 7:21:00 PM,Mid-Block (not related to intersection),18,"MOTOR VEHICLE STRUCK PEDALCYCLIST, FRONT END AT ANGLE",,1,Overcast,Wet,Dark - Street Lights On,Y,5359008.0,,45.0,Vehicle - Pedalcyclist,0,0,N,POINT (1272941.732404292 234118.3127397895),18987.0,1.8615284423833434e-05,Overcast
30564,44412,44412,1796883,Matched,Intersection,25593.0,WOODLAND PL N AND N 63RD ST,,,2,Injury Collision,Cycles,7,0,1,1,1,0,0,2005-01-28T00:00:00.000Z,1/28/2005 9:30:00 AM,At Intersection (intersection related),51,PEDALCYCLIST STRUCK MOTOR VEHICLE FRONT END AT ANGLE,,0,Overcast,Dry,Daylight,,5028008.0,,45.0,Vehicle - Pedalcyclist,0,0,N,POINT (1267361.99275057 249735.7411077917),1277.0,0.0,Overcast
30567,44539,44539,C661610,Matched,Intersection,30177.0,19TH AVE AND E CHERRY ST,,,2,Injury Collision,Cycles,2,0,1,1,1,0,0,2005-12-30T00:00:00.000Z,12/30/2005 5:15:00 PM,At Intersection (intersection related),11,"MOTOR VEHICLE STRUCK MOTOR VEHICLE, FRONT END AT ANGLE",,0,Raining,Wet,Dark - Street Lights On,,5364055.0,,45.0,Vehicle - Pedalcyclist,0,0,N,POINT (1276764.647992209 225271.0035467297),2476.0,0.0,Raining
30606,44541,44541,2020604,Matched,Block,,UNIVERSITY WAY NE BETWEEN NE 42ND ST AND NE 43RD ST,,,2b,Serious Injury Collision,Cycles,2,0,1,1,1,1,0,2005-04-07T00:00:00.000Z,4/7/2005,Driveway Junction,18,"MOTOR VEHICLE STRUCK PEDALCYCLIST, FRONT END AT ANGLE",,0,Raining,Wet,Daylight,Y,5097013.0,,45.0,Vehicle - Pedalcyclist,0,0,N,POINT (1275750.037175164 243908.8157258183),998.0,5.74251594587681e-06,Raining
30631,44416,44416,C653152,Matched,Block,,N 91ST ST BETWEEN AURORA AVE N AND STONE AVE N,,,2,Injury Collision,Cycles,2,0,1,1,1,0,0,2005-07-16T00:00:00.000Z,7/16/2005 10:30:00 AM,Driveway Junction,18,"MOTOR VEHICLE STRUCK PEDALCYCLIST, FRONT END AT ANGLE",,0,Clear or Partly Cloudy,Dry,Daylight,,5197039.0,,45.0,Vehicle - Pedalcyclist,0,0,N,POINT (1268605.503535852 257126.4607313573),13179.0,2.794906668497275e-05,Clear or Partly Cloudy
30632,44424,44424,1775017,Matched,Intersection,34840.0,25TH AVE SW AND SW THISTLE ST,,,2b,Serious Injury Collision,Cycles,2,0,1,1,1,1,0,2005-03-17T00:00:00.000Z,3/17/2005 4:31:00 PM,At Intersection (intersection related),18,"MOTOR VEHICLE STRUCK PEDALCYCLIST, FRONT END AT ANGLE",,0,Clear or Partly Cloudy,Dry,Daylight,Y,5076021.0,,45.0,Vehicle - Pedalcyclist,0,0,N,POINT (1262156.353577241 196464.4537572414),2057.0,0.0,Clear or Partly Cloudy
30636,44295,44295,1079725,Matched,Intersection,37185.0,1ST AVE NW AND NW 85TH ST,,,2,Injury Collision,Cycles,2,0,1,1,1,0,0,2005-12-26T00:00:00.000Z,12/26/2005 11:30:00 AM,At Intersection (intersection related),18,"MOTOR VEHICLE STRUCK PEDALCYCLIST, FRONT END AT ANGLE",,0,Overcast,Wet,Daylight,Y,5360004.0,,45.0,Vehicle - Pedalcyclist,0,0,N,POINT (1264941.290540099 255632.8449858278),9078.0,0.0,Overcast
30692,44561,44561,1198890,Matched,Intersection,30148.0,22ND AVE AND E UNION ST,,,1,Property Damage Only Collision,Cycles,2,0,1,1,0,0,0,2005-07-12T00:00:00.000Z,7/12/2005 5:14:00 PM,At Intersection (intersection related),18,"MOTOR VEHICLE STRUCK PEDALCYCLIST, FRONT END AT ANGLE",,0,Clear or Partly Cloudy,Dry,Daylight,,5193002.0,,45.0,Vehicle - Pedalcyclist,0,0,N,POINT (1277782.270009249 227043.597980544),1178.0,0.0,Clear or Partly Cloudy
30782,45114,45114,2064128,Matched,Block,,UNIVERSITY BR OFF RP BETWEEN EASTLAKE AVE NE AND NE 40TH ST,,,2,Injury Collision,Cycles,2,0,1,1,1,0,0,2005-10-21T00:00:00.000Z,10/21/2005 8:30:00 AM,Mid-Block (not related to intersection),22,"MOTOR VEHICLE STRUCK PEDALCYCLIST, RIGHT SIDE SIDESWIPE",,0,Raining,Wet,Daylight,Y,5294001.0,,45.0,Vehicle - Pedalcyclist,0,0,N,POINT (1274630.478390023 242765.3528126478),21303.0,3.156811393375804e-05,Raining
31016,45042,45042,2023576,Matched,Block,,UNIVERSITY WAY NE BETWEEN NE 42ND ST AND NE 43RD ST,,,2,Injury Collision,Cycles,2,0,1,1,1,0,0,2005-06-01T00:00:00.000Z,6/1/2005,Mid-Block (not related to intersection),56,PEDALCYCLIST STRUCK MOTOR VEHICLE LEFT SIDE SIDESWIPE,,0,Clear or Partly Cloudy,Dry,Daylight,,5152028.0,,45.0,Vehicle - Pedalcyclist,0,0,N,POINT (1275750.037175164 243908.8157258183),998.0,5.74251594587681e-06,Clear or Partly Cloudy
31180,44951,44951,1218073,Matched,Intersection,35828.0,AURORA AVE N AND N 130TH ST,,,1,Property Damage Only Collision,Cycles,3,0,1,1,0,0,0,2005-06-18T00:00:00.000Z,6/18/2005 1:25:00 PM,At Intersection (intersection related),18,"MOTOR VEHICLE STRUCK PEDALCYCLIST, FRONT END AT ANGLE",Y,0,Clear or Partly Cloudy,Dry,Daylight,,5169017.0,,45.0,Vehicle - Pedalcyclist,0,0,N,POINT (1268377.210671619 267459.1996859312),617.0,0.0,Clear or Partly Cloudy
31253,45496,45496,1784404,Matched,Intersection,31579.0,23RD AVE S AND S COLLEGE ST,,,2,Injury Collision,Cycles,2,0,1,1,1,0,0,2005-03-01T00:00:00.000Z,3/1/2005,At Intersection (intersection related),18,"MOTOR VEHICLE STRUCK PEDALCYCLIST, FRONT END AT ANGLE",,0,Raining,Wet,Daylight,,5060018.0,,45.0,Vehicle - Pedalcyclist,0,0,N,POINT (1277741.39986521 216104.0170413405),2588.0,0.0,Raining
31319,45632,45632,1777538,Matched,Block,,2ND AVE BETWEEN SENECA ST AND UNIVERSITY ST,,,2,Injury Collision,Cycles,2,0,1,1,1,0,0,2005-05-16T00:00:00.000Z,5/16/2005 5:41:00 PM,Mid-Block (not related to intersection),22,"MOTOR VEHICLE STRUCK PEDALCYCLIST, RIGHT SIDE SIDESWIPE",,0,Raining,Wet,Daylight,Y,5136039.0,,45.0,Vehicle - Pedalcyclist,0,0,N,POINT (1269570.646448836 225016.6736904681),2490.0,1.0206986053640691e-08,Raining
31321,45385,45385,1777534,Matched,Block,,6TH AVE BETWEEN PIKE ST AND PINE ST,,,2,Injury Collision,Cycles,3,0,1,1,1,0,0,2005-03-11T00:00:00.000Z,3/11/2005 3:40:00 PM,Mid-Block (not related to intersection),56,PEDALCYCLIST STRUCK MOTOR VEHICLE LEFT SIDE SIDESWIPE,,0,Clear or Partly Cloudy,Dry,Daylight,,5070041.0,,45.0,Vehicle - Pedalcyclist,0,0,N,POINT (1270058.64222534 226720.3504282236),19694.0,1.570964774479554e-05,Clear or Partly Cloudy
31385,45407,45407,2020504,Matched,Intersection,25792.0,BROOKLYN AVE NE AND NE 50TH ST,,,1,Property Damage Only Collision,Cycles,2,0,1,1,0,0,0,2005-05-20T00:00:00.000Z,5/20/2005 5:29:00 PM,At Intersection (intersection related),18,"MOTOR VEHICLE STRUCK PEDALCYCLIST, FRONT END AT ANGLE",Y,0,Clear or Partly Cloudy,Dry,Daylight,,5140006.0,,45.0,Vehicle - Pedalcyclist,0,0,N,POINT (1275539.245622948 246048.9179360121),652.0,0.0,Clear or Partly Cloudy
31436,45291,45291,2063828,Matched,Block,,EASTLAKE AVE E BETWEEN FAIRVIEW AVE N AND E GARFIELD ST,,,2,Injury Collision,Cycles,2,0,1,1,1,0,0,2005-10-11T00:00:00.000Z,10/11/2005 8:44:00 AM,Driveway Junction,51,PEDALCYCLIST STRUCK MOTOR VEHICLE FRONT END AT ANGLE,,0,Clear or Partly Cloudy,Dry,Daylight,,5284024.0,,45.0,Vehicle - Pedalcyclist,0,0,N,POINT (1272451.355635792 234487.7995881736),8786.0,1.7365056339255425e-05,Clear or Partly Cloudy
31602,45195,45195,2028185,Matched,Block,,E PIKE ST BETWEEN BELMONT AVE AND BOYLSTON AVE,,,2,Injury Collision,Cycles,3,0,1,1,1,0,0,2005-07-07T00:00:00.000Z,7/7/2005,Mid-Block (not related to intersection),51,PEDALCYCLIST STRUCK MOTOR VEHICLE FRONT END AT ANGLE,,0,Clear or Partly Cloudy,Dry,Daylight,,5188015.0,,45.0,Vehicle - Pedalcyclist,0,0,N,POINT (1272786.011764124 227565.5201570839),10445.0,2.210552063147072e-05,Clear or Partly Cloudy
31657,45209,45209,2063589,Matched,Intersection,29860.0,SUMMIT AVE AND E PINE ST,,,2,Injury Collision,Cycles,2,0,1,1,1,0,0,2005-09-16T00:00:00.000Z,9/16/2005 1:07:00 PM,At Intersection (intersection related),18,"MOTOR VEHICLE STRUCK PEDALCYCLIST, FRONT END AT ANGLE",,0,Clear or Partly Cloudy,Dry,Daylight,Y,5259001.0,,45.0,Vehicle - Pedalcyclist,0,0,N,POINT (1272399.309875742 227981.0989095122),1148.0,0.0,Clear or Partly Cloudy
31745,45748,45748,1077009,Matched,Intersection,35119.0,14TH AVE S AND S CONCORD ST,,,2,Injury Collision,Cycles,2,0,1,1,1,0,0,2005-07-10T00:00:00.000Z,7/10/2005 3:49:00 PM,At Intersection (intersection related),51,PEDALCYCLIST STRUCK MOTOR VEHICLE FRONT END AT ANGLE,,0,Clear or Partly Cloudy,Dry,Daylight,,5191009.0,,45.0,Vehicle - Pedalcyclist,0,0,N,POINT (1274365.894965753 194624.1081553549),2379.0,0.0,Clear or Partly Cloudy
31799,46023,46023,1933923,Matched,Intersection,30510.0,5TH AVE S AND S JACKSON ST,,,2,Injury Collision,Cycles,5,1,1,1,1,0,0,2005-08-23T00:00:00.000Z,8/23/2005 3:10:00 PM,At Intersection (intersection related),64,PEDALCYCLIST STRUCK PEDESTRIAN,Y,0,Clear or Partly Cloudy,Dry,Daylight,,5235012.0,,45.0,Vehicle - Pedalcyclist,0,0,N,POINT (1271758.558259085 222147.5001835376),7759.0,0.0,Clear or Partly Cloudy
31844,45910,45910,1779518,Matched,Block,,RAINIER AVE S BETWEEN S BRANDON ST AND S LUCILE ST,,,2,Injury Collision,Cycles,2,0,1,1,1,0,0,2005-03-22T00:00:00.000Z,3/22/2005 10:50:00 AM,Driveway Junction,18,"MOTOR VEHICLE STRUCK PEDALCYCLIST, FRONT END AT ANGLE",,0,Clear or Partly Cloudy,Dry,Daylight,Y,5081016.0,,45.0,Vehicle - Pedalcyclist,0,0,N,POINT (1283450.412159055 205104.2771260887),12638.0,1.4947448369733466e-05,Clear or Partly Cloudy
31913,45794,45794,1069518,Matched,Block,,WESTLAKE AVE N BETWEEN NEWELL ST AND NICKERSON ST,,,2,Injury Collision,Cycles,1,0,1,0,1,0,0,2005-03-31T00:00:00.000Z,3/31/2005 11:58:00 AM,Driveway Junction,66,PEDALCYCLIST STRUCK OBJECT IN ROAD,,0,Clear or Partly Cloudy,Dry,Daylight,,5090011.0,,45.0,Vehicle - Pedalcyclist,0,0,N,POINT (1267244.354094461 238957.8695447445),13817.0,1.4373915771824937e-06,Clear or Partly Cloudy
31921,45790,45790,2063580,Matched,Block,,RAINIER AVE S BETWEEN S DEARBORN ST AND S CHARLES N ST,,,1,Property Damage Only Collision,Cycles,3,0,1,1,0,0,0,2005-09-08T00:00:00.000Z,9/8/2005,Driveway Junction,18,"MOTOR VEHICLE STRUCK PEDALCYCLIST, FRONT END AT ANGLE",,0,Clear or Partly Cloudy,Dry,Daylight,Y,5251006.0,,45.0,Vehicle - Pedalcyclist,0,0,N,POINT (1275853.777527273 220580.3917019218),908.0,3.900697900339655e-05,Clear or Partly Cloudy
32077,45961,45961,1792519,Matched,Block,,9TH AVE BETWEEN HOWELL ST AND STEWART ST,,,2,Injury Collision,Cycles,3,0,1,1,1,0,0,2005-02-22T00:00:00.000Z,2/22/2005 1:59:00 PM,Driveway Junction,18,"MOTOR VEHICLE STRUCK PEDALCYCLIST, FRONT END AT ANGLE",Y,0,Clear or Partly Cloudy,Dry,Daylight,Y,5053015.0,,45.0,Vehicle - Pedalcyclist,0,0,N,POINT (1270361.156273648 228022.7783335447),11881.0,8.942179090621776e-07,Clear or Partly Cloudy
32155,45722,45722,1074350,Matched,Intersection,29238.0,LAKE WASHINGTON BLVD E AND E MADISON ST,,,2,Injury Collision,Cycles,2,0,1,1,1,0,0,2005-09-19T00:00:00.000Z,9/19/2005 4:57:00 PM,At Intersection (intersection related),18,"MOTOR VEHICLE STRUCK PEDALCYCLIST, FRONT END AT ANGLE",,0,Clear or Partly Cloudy,Dry,Daylight,Y,5262008.0,,45.0,Vehicle - Pedalcyclist,0,0,N,POINT (1280633.632572159 231763.0291533768),10179.0,0.0,Clear or Partly Cloudy
32165,46119,46119,1784999,Matched,Intersection,29691.0,1ST AVE AND WALL ST,,,2,Injury Collision,Cycles,2,0,1,1,1,0,0,2005-12-05T00:00:00.000Z,12/5/2005,At Intersection (intersection related),18,"MOTOR VEHICLE STRUCK PEDALCYCLIST, FRONT END AT ANGLE",,0,Clear or Partly Cloudy,Dry,Dark - Street Lights On,Y,5339028.0,,45.0,Vehicle - Pedalcyclist,0,0,N,POINT (1266670.257709861 227902.2759974301),1011.0,0.0,Clear or Partly Cloudy
32228,46137,46137,1790556,Matched,Intersection,35167.0,5TH AVE S AND S TRENTON S ST,,,2,Injury Collision,Cycles,2,0,1,1,1,0,0,2005-03-12T00:00:00.000Z,3/12/2005 3:47:00 PM,At Intersection (intersection related),51,PEDALCYCLIST STRUCK MOTOR VEHICLE FRONT END AT ANGLE,,0,Clear or Partly Cloudy,Snow/Slush,Daylight,,5071051.0,,45.0,Vehicle - Pedalcyclist,0,0,N,POINT (1271091.616050392 194956.1616596878),1903.0,0.0,Clear or Partly Cloudy
32276,46012,46012,1220264,Matched,Intersection,26057.0,20TH AVE NE AND NE 50TH ST,,,1,Property Damage Only Collision,Cycles,2,0,1,1,0,0,0,2005-02-28T00:00:00.000Z,2/28/2005 9:05:00 AM,At Intersection (intersection related),18,"MOTOR VEHICLE STRUCK PEDALCYCLIST, FRONT END AT ANGLE",,0,Overcast,Dry,Daylight,,5059002.0,,45.0,Vehicle - Pedalcyclist,0,0,N,POINT (1277436.720184892 245992.7415519506),4170.0,0.0,Overcast
32277,46670,46670,1787146,Matched,Block,,S JACKSON ST BETWEEN 22ND AVE S AND 23RD AVE S,,,2,Injury Collision,Cycles,2,0,1,1,1,0,0,2005-08-08T00:00:00.000Z,8/8/2005,Driveway Junction,18,"MOTOR VEHICLE STRUCK PEDALCYCLIST, FRONT END AT ANGLE",,0,Clear or Partly Cloudy,Dry,Daylight,Y,5220013.0,,45.0,Vehicle - Pedalcyclist,0,0,N,POINT (1277902.738169372 222059.4449514449),7760.0,1.82940854774549e-05,Clear or Partly Cloudy
32326,46554,46554,2019630,Matched,Block,,19TH AVE E BETWEEN E THOMAS ST AND E HARRISON ST,,,1,Property Damage Only Collision,Cycles,4,0,1,1,0,0,0,2005-06-19T00:00:00.000Z,6/19/2005 8:54:00 PM,Mid-Block (not related to intersection),18,"MOTOR VEHICLE STRUCK PEDALCYCLIST, FRONT END AT ANGLE",,0,Clear or Partly Cloudy,Dry,Dusk,,5170014.0,,45.0,Vehicle - Pedalcyclist,0,0,N,POINT (1276927.587832376 230103.8437436819),18644.0,6.708585330481387e-06,Clear or Partly Cloudy
32340,46688,46688,1482563,Matched,Block,,W DRAVUS ST BETWEEN 15TH AV W SB OFF RP AND 16TH AVE W,,,1,Property Damage Only Collision,Cycles,2,0,1,1,0,0,0,2005-04-15T00:00:00.000Z,4/15/2005 11:15:00 AM,Mid-Block (not related to intersection),11,"MOTOR VEHICLE STRUCK MOTOR VEHICLE, FRONT END AT ANGLE",,0,Raining,Dry,Daylight,,5105065.0,,45.0,Vehicle - Pedalcyclist,0,0,N,POINT (1259918.744038954 240358.5581221879),4780.0,2.8251914651006228e-06,Raining
32352,46426,46426,2023604,Matched,Block,,NE 63RD ST BETWEEN BROOKLYN AVE NE AND 14TH AVE NE,,,2,Injury Collision,Cycles,3,0,1,1,1,0,0,2005-06-04T00:00:00.000Z,6/4/2005,Mid-Block (not related to intersection),56,PEDALCYCLIST STRUCK MOTOR VEHICLE LEFT SIDE SIDESWIPE,,0,Overcast,Dry,Daylight,,5155034.0,,45.0,Vehicle - Pedalcyclist,0,0,N,POINT (1275723.527607143 249478.205107525),21633.0,2.5845474003643343e-09,Overcast
32424,46703,46703,2023861,Matched,Block,,S WELLER ST BETWEEN 5TH AVE S AND 6TH AVE S,,,2,Injury Collision,Cycles,2,0,1,1,1,0,0,2005-09-12T00:00:00.000Z,9/12/2005 6:10:00 PM,Mid-Block (not related to intersection),56,PEDALCYCLIST STRUCK MOTOR VEHICLE LEFT SIDE SIDESWIPE,,0,Clear or Partly Cloudy,Dry,Daylight,,5255033.0,,45.0,Vehicle - Pedalcyclist,0,0,N,POINT (1271905.983027235 221532.0838629007),10017.0,7.291346023655652e-09,Clear or Partly Cloudy
32500,46711,46711,1796578,Matched,Intersection,25793.0,UNIVERSITY WAY NE AND NE 50TH ST,,,2,Injury Collision,Cycles,2,0,1,1,1,0,0,2005-03-22T00:00:00.000Z,3/22/2005 9:50:00 AM,At Intersection (intersection related),51,PEDALCYCLIST STRUCK MOTOR VEHICLE FRONT END AT ANGLE,,0,Clear or Partly Cloudy,Dry,Daylight,,5081004.0,,45.0,Vehicle - Pedalcyclist,0,0,N,POINT (1275819.041847229 246040.7075040042),999.0,0.0,Clear or Partly Cloudy
32621,46628,46628,1796670,Matched,Block,,FREMONT AVE N BETWEEN N 45TH ST AND N 46TH ST,,,2,Injury Collision,Cycles,2,0,1,1,1,0,0,2005-04-23T00:00:00.000Z,4/23/2005 11:00:00 AM,Mid-Block (not related to intersection),23,"MOTOR VEHICLE STRUCK PEDALCYCLIST, LEFT SIDE SIDESWIPE",,0,Clear or Partly Cloudy,Dry,Daylight,Y,5113006.0,,45.0,Vehicle - Pedalcyclist,0,0,N,POINT (1266690.343021885 245073.9321430176),13117.0,2.1785213334798004e-05,Clear or Partly Cloudy
32627,46375,46375,2019965,Matched,Intersection,36844.0,BARTLETT AVE NE AND NE 110TH ST,,,2,Injury Collision,Cycles,3,0,1,1,1,0,0,2005-12-09T00:00:00.000Z,12/9/2005,At Intersection (intersection related),51,PEDALCYCLIST STRUCK MOTOR VEHICLE FRONT END AT ANGLE,,0,Clear or Partly Cloudy,Dry,Daylight,,5343052.0,,45.0,Vehicle - Pedalcyclist,0,0,N,POINT (1283904.918847516 261838.300608173),622.0,0.0,Clear or Partly Cloudy
32628,46507,46507,1784599,Matched,Block,,3RD AVE BETWEEN UNION ST AND PIKE ST,,,2,Injury Collision,Cycles,3,0,1,1,1,0,0,2005-10-03T00:00:00.000Z,10/3/2005,Mid-Block (not related to intersection),56,PEDALCYCLIST STRUCK MOTOR VEHICLE LEFT SIDE SIDESWIPE,,0,Clear or Partly Cloudy,Dry,Daylight,,5276003.0,,45.0,Vehicle - Pedalcyclist,0,0,N,POINT (1269444.750192702 225861.6804753393),10901.0,1.1028928167393301e-05,Clear or Partly Cloudy
32640,46503,46503,2019585,Matched,Intersection,30125.0,19TH AVE AND E MADISON ST,,,2,Injury Collision,Cycles,2,0,1,1,1,0,0,2005-07-06T00:00:00.000Z,7/6/2005,At Intersection (intersection related),18,"MOTOR VEHICLE STRUCK PEDALCYCLIST, FRONT END AT ANGLE",,0,Clear or Partly Cloudy,Dry,Daylight,Y,5187028.0,,45.0,Vehicle - Pedalcyclist,0,0,N,POINT (1276878.160696328 228447.1312939823),127.0,0.0,Clear or Partly Cloudy
32708,46646,46646,1791008,Matched,Block,,4TH AVE S BETWEEN S HOLGATE ST AND S WALKER ST,,,2,Injury Collision,Cycles,3,0,1,1,1,0,0,2005-05-17T00:00:00.000Z,5/17/2005 7:59:00 AM,Driveway Junction,18,"MOTOR VEHICLE STRUCK PEDALCYCLIST, FRONT END AT ANGLE",,0,Overcast,Dry,Daylight,Y,5137004.0,,45.0,Vehicle - Pedalcyclist,0,0,N,POINT (1271315.326386631 217004.209298268),21541.0,7.449527561074533e-09,Overcast
32720,46640,46640,1745196,Matched,Intersection,30129.0,19TH AVE AND E PINE ST,,,2,Injury Collision,Cycles,2,0,1,1,1,0,0,2005-02-22T00:00:00.000Z,2/22/2005 3:30:00 PM,At Intersection (intersection related),18,"MOTOR VEHICLE STRUCK PEDALCYCLIST, FRONT END AT ANGLE",,0,Clear or Partly Cloudy,Dry,Daylight,Y,5053016.0,,45.0,Vehicle - Pedalcyclist,0,0,N,POINT (1276859.133496299 227912.9616934359),5192.0,0.0,Clear or Partly Cloudy
32732,46664,46664,2185133,Matched,Intersection,24204.0,DIVISION AVE NW AND NW 67TH ST,,,2,Injury Collision,Cycles,2,0,1,1,1,0,0,2005-12-14T00:00:00.000Z,12/14/2005 6:49:00 AM,At Intersection (intersection related),18,"MOTOR VEHICLE STRUCK PEDALCYCLIST, FRONT END AT ANGLE",,0,Clear or Partly Cloudy,Dry,Dark - Street Lights On,Y,5348044.0,,45.0,Vehicle - Pedalcyclist,0,0,N,POINT (1262729.877801836 250986.1779730618),7504.0,0.0,Clear or Partly Cloudy
32964,46836,46836,2023506,Matched,Block,,NW MARKET ST BETWEEN 14TH AVE NW AND 15TH AVE NW,,,2,Injury Collision,Cycles,2,0,1,1,1,0,0,2005-06-22T00:00:00.000Z,6/22/2005 6:30:00 PM,Driveway Junction,18,"MOTOR VEHICLE STRUCK PEDALCYCLIST, FRONT END AT ANGLE",,0,Unknown,Unknown,Dusk,Y,5173004.0,,45.0,Vehicle - Pedalcyclist,0,0,N,POINT (1260615.234919667 247712.9567857087),11425.0,1.50548383851369e-06,
33097,47276,47276,1792889,Matched,Intersection,29591.0,3RD AVE AND UNION ST,,,3,Fatality Collision,Pedestrian,2,1,1,0,0,0,1,2005-04-13T00:00:00.000Z,4/13/2005 4:20:00 PM,At Intersection (intersection related),64,PEDALCYCLIST STRUCK PEDESTRIAN,,0,Unknown,Dry,Daylight,,5103003.0,,0.0,Vehicle going straight hits pedestrian,0,0,N,POINT (1269552.961328819 225678.7565071434),2713.0,0.0,
33108,47133,47133,1791012,Matched,Block,,4TH AVE S BETWEEN S STACY ST AND S LANDER ST,,,2,Injury Collision,Cycles,2,0,1,1,1,0,0,2005-07-30T00:00:00.000Z,7/30/2005 2:07:00 PM,Driveway Junction,18,"MOTOR VEHICLE STRUCK PEDALCYCLIST, FRONT END AT ANGLE",,0,Clear or Partly Cloudy,Dry,Daylight,Y,5211005.0,,45.0,Vehicle - Pedalcyclist,0,0,N,POINT (1271285.907890588 215464.8206246942),19622.0,2.6242355050799803e-05,Clear or Partly Cloudy
33142,47013,47013,2022691,Matched,Intersection,25471.0,EAST GREEN LAKE WAY N AND N 64TH ST,,,2b,Serious Injury Collision,Cycles,2,0,1,1,1,1,0,2005-04-25T00:00:00.000Z,4/25/2005 6:08:00 PM,At Intersection (intersection related),18,"MOTOR VEHICLE STRUCK PEDALCYCLIST, FRONT END AT ANGLE",,0,Clear or Partly Cloudy,Dry,Daylight,Y,5115010.0,,45.0,Vehicle - Pedalcyclist,0,0,N,POINT (1270852.478258148 249918.0581639707),9881.0,0.0,Clear or Partly Cloudy
33149,46886,46886,2058857,Matched,Intersection,24661.0,25TH AVE NE AND NE 75TH ST,,,2,Injury Collision,Cycles,3,0,1,1,1,0,0,2005-11-03T00:00:00.000Z,11/3/2005,At Intersection (intersection related),51,PEDALCYCLIST STRUCK MOTOR VEHICLE FRONT END AT ANGLE,,0,Overcast,Wet,Daylight,,5307006.0,,45.0,Vehicle - Pedalcyclist,0,0,N,POINT (1278979.441210479 252600.6967587173),1476.0,0.0,Overcast
33192,47163,47163,1778850,Matched,Intersection,27024.0,PHINNEY AVE N AND N 36TH ST,,,2,Injury Collision,Cycles,2,0,1,1,1,0,0,2005-02-16T00:00:00.000Z,2/16/2005 5:38:00 PM,At Intersection (intersection related),18,"MOTOR VEHICLE STRUCK PEDALCYCLIST, FRONT END AT ANGLE",,0,Clear or Partly Cloudy,Dry,Dawn,Y,5047005.0,,45.0,Vehicle - Pedalcyclist,0,0,N,POINT (1265528.306988701 241624.4737714827),9044.0,0.0,Clear or Partly Cloudy