OBJECTID,INCKEY,COLDETKEY,REPORTNO,STATUS,ADDRTYPE,INTKEY,LOCATION,EXCEPTRSNC,EXCEPTRSND,SEVERITYCO,SEVERITYDE,COLLISIONT,PERSONCOUN,PEDCOUNT,PEDCYLCOUN,VEHCOUNT,INJURIES,SERIOUSINJ,FATALITIES,INCDATE,INCDTTM,JUNCTIONTY,SDOT_COLCO,SDOT_COLDE,INATTENTIO,UNDERINFL,WEATHER,ROADCOND,LIGHTCOND,PEDROWNOTG,SDOTCOLNUM,SPEEDING,ST_COLCODE,ST_COLDESC,SEGLANEKEY,CROSSWALKK,HITPARKEDC,geometry,near_str_index,min_length,weather_group
33383,47607,47607,1213974,Matched,Block,,2ND AVE BETWEEN PINE ST AND STEWART ST,,,2,Injury Collision,Cycles,3,0,1,1,1,0,0,2005-05-12T00:00:00.000Z,5/12/2005 5:28:00 PM,Driveway Junction,18,"MOTOR VEHICLE STRUCK PEDALCYCLIST, FRONT END AT ANGLE",,0,Clear or Partly Cloudy,Dry,Daylight,Y,5132008.0,,45.0,Vehicle - Pedalcyclist,0,0,N,POINT (1268766.583536014 226374.9470998645),10130.0,2.7192938257903273e-05,Clear or Partly Cloudy
33450,47497,47497,2027105,Matched,Intersection,25256.0,PALATINE AVE N AND N 62ND ST,,,2b,Serious Injury Collision,Cycles,2,0,1,1,1,1,0,2005-07-20T00:00:00.000Z,7/20/2005 7:50:00 AM,At Intersection (intersection related),18,"MOTOR VEHICLE STRUCK PEDALCYCLIST, FRONT END AT ANGLE",,0,Clear or Partly Cloudy,Dry,Daylight,Y,5201003.0,,45.0,Vehicle - Pedalcyclist,0,0,N,POINT (1265206.744620368 249580.4804356247),1276.0,0.0,Clear or Partly Cloudy
33533,47525,47525,2024993,Matched,Intersection,35159.0,7TH AVE S AND S CLOVERDALE ST,,,2,Injury Collision,Cycles,2,0,1,1,1,0,0,2005-07-01T00:00:00.000Z,7/1/2005,At Intersection (intersection related),18,"MOTOR VEHICLE STRUCK PEDALCYCLIST, FRONT END AT ANGLE",Y,0,Overcast,Dry,Daylight,,5182001.0,,45.0,Vehicle - Pedalcyclist,0,0,N,POINT (1271757.285427079 195616.2164443731),1712.0,0.0,Overcast
33537,47523,47523,2020496,Matched,Intersection,25461.0,11TH AVE NW AND NW 46TH ST,,,2,Injury Collision,Cycles,3,0,1,1,1,0,0,2005-06-28T00:00:00.000Z,6/28/2005 3:50:00 PM,At Intersection (intersection related),18,"MOTOR VEHICLE STRUCK PEDALCYCLIST, FRONT END AT ANGLE",,0,Clear or Partly Cloudy,Dry,Daylight,Y,5179002.0,,45.0,Vehicle - Pedalcyclist,0,0,N,POINT (1261585.750568658 245334.2166232765),31.0,0.0,Clear or Partly Cloudy
33626,47795,47795,1771460,Matched,Intersection,31247.0,15TH AVE S AND S HOLGATE ST,,,2,Injury Collision,Cycles,2,0,1,1,1,0,0,2005-01-26T00:00:00.000Z,1/26/2005 11:39:00 AM,At Intersection (intersection related),18,"MOTOR VEHICLE STRUCK PEDALCYCLIST, FRONT END AT ANGLE",,0,Raining,Wet,Daylight,,5026005.0,,45.0,Vehicle - Pedalcyclist,0,0,N,POINT (1275197.021238595 217399.4149306715),2402.0,0.0,Raining
33689,47552,47552,1933413,Matched,Block,,MINOR AVE N BETWEEN JOHN ST AND THOMAS ST,,,2,Injury Collision,Cycles,2,0,1,1,1,0,0,2005-09-09T00:00:00.000Z,9/9/2005,Mid-Block (not related to intersection),56,PEDALCYCLIST STRUCK MOTOR VEHICLE LEFT SIDE SIDESWIPE,,0,Clear or Partly Cloudy,Dry,Daylight,Y,5252023.0,,45.0,Vehicle - Pedalcyclist,0,0,N,POINT (1270596.782513887 229846.7604794204),3676.0,2.633792355175729e-05,Clear or Partly Cloudy
33717,47680,47680,2128081,Matched,Intersection,28378.0,26TH AVE E AND BOYER AVE E,,,2,Injury Collision,Cycles,2,0,1,1,1,0,0,2005-11-21T00:00:00.000Z,11/21/2005 11:02:00 AM,At Intersection (intersection related),51,PEDALCYCLIST STRUCK MOTOR VEHICLE FRONT END AT ANGLE,,0,Clear or Partly Cloudy,Dry,Daylight,,5325021.0,,45.0,Vehicle - Pedalcyclist,0,0,N,POINT (1278943.671866432 234681.4875243753),3397.0,0.0,Clear or Partly Cloudy
33735,47689,47689,1316888,Matched,Block,,PINE ST BETWEEN 9TH AVE AND TERRY AVE,,,2,Injury Collision,Cycles,1,0,1,0,1,0,0,2005-04-19T00:00:00.000Z,4/19/2005 4:40:00 PM,Mid-Block (not related to intersection),69,PEDALCYCLIST OVERTURNED IN ROAD,,0,Clear or Partly Cloudy,Dry,Daylight,,5109004.0,,45.0,Vehicle - Pedalcyclist,0,0,N,POINT (1270919.723314226 227477.7186849862),14345.0,1.1479398351009595e-05,Clear or Partly Cloudy
33874,48265,48265,C651430,Matched,Block,,WESTERN AVE BETWEEN MADISON ST AND SPRING ST,,,2,Injury Collision,Cycles,2,0,1,1,1,0,0,2005-06-08T00:00:00.000Z,6/8/2005,Mid-Block (not related to intersection),16,"MOTOR VEHICLE STRUCK MOTOR VEHICLE, LEFT SIDE SIDESWIPE",,0,Overcast,Dry,Daylight,,5159044.0,,45.0,Vehicle - Pedalcyclist,0,0,N,POINT (1269328.333104596 224162.0194815993),6761.0,6.411548265425346e-09,Overcast
33883,47989,47989,2019643,Matched,Intersection,29141.0,BELMONT AVE E AND E HARRISON ST,,,2,Injury Collision,Cycles,2,0,1,1,1,0,0,2005-10-08T00:00:00.000Z,10/8/2005,At Intersection (intersection related),11,"MOTOR VEHICLE STRUCK MOTOR VEHICLE, FRONT END AT ANGLE",,0,Clear or Partly Cloudy,Wet,Dark - Street Lights On,,5281003.0,,45.0,Vehicle - Pedalcyclist,0,0,N,POINT (1272818.216756165 230443.1807040274),6179.0,0.0,Clear or Partly Cloudy
33891,47986,47986,2020644,Matched,Intersection,29877.0,MELROSE AVE AND PIKE ST,,,1,Property Damage Only Collision,Cycles,2,0,1,1,0,0,0,2005-07-11T00:00:00.000Z,7/11/2005 8:15:00 AM,At Intersection (intersection related),51,PEDALCYCLIST STRUCK MOTOR VEHICLE FRONT END AT ANGLE,,0,Overcast,Dry,Daylight,,5192028.0,,45.0,Vehicle - Pedalcyclist,0,0,N,POINT (1271828.993331149 227522.0719650388),1143.0,0.0,Overcast
33893,47869,47869,1180675,Matched,Block,,E DENNY WAY BETWEEN 13TH AVE AND 14TH AVE,,,2,Injury Collision,Cycles,2,0,1,1,1,0,0,2005-11-05T00:00:00.000Z,11/5/2005,Mid-Block (not related to intersection),18,"MOTOR VEHICLE STRUCK PEDALCYCLIST, FRONT END AT ANGLE",,0,Raining,Wet,Daylight,,5309013.0,,45.0,Vehicle - Pedalcyclist,0,0,N,POINT (1275032.17170243 229230.503774792),20631.0,8.0957879064292e-06,Raining
33992,48026,48026,1376643,Matched,Block,,E ROY ST BETWEEN 19TH AVE E AND 20TH AVE E,,,2,Injury Collision,Cycles,3,0,1,1,1,0,0,2005-09-08T00:00:00.000Z,9/8/2005,Driveway Junction,18,"MOTOR VEHICLE STRUCK PEDALCYCLIST, FRONT END AT ANGLE",,0,Clear or Partly Cloudy,Dry,Daylight,Y,5251005.0,,45.0,Vehicle - Pedalcyclist,0,0,N,POINT (1277118.744184569 231542.6218571514),9013.0,1.3759378482569644e-05,Clear or Partly Cloudy
34020,47901,47901,2128062,Matched,Intersection,28190.0,HAMLIN ST ON RP AND HARVARD AVE E,,,2,Injury Collision,Cycles,2,0,1,1,1,0,0,2005-11-16T00:00:00.000Z,11/16/2005 5:47:00 PM,At Intersection (intersection related),18,"MOTOR VEHICLE STRUCK PEDALCYCLIST, FRONT END AT ANGLE",Y,0,Clear or Partly Cloudy,Dry,Dark - Street Lights On,,5320007.0,,45.0,Vehicle - Pedalcyclist,0,0,N,POINT (1273458.009908825 239051.9671448469),6411.0,0.0,Clear or Partly Cloudy
34137,48302,48302,1794936,Matched,Intersection,36001.0,LAKE CITY WAY NE AND NE 143RD ST,,,2,Injury Collision,Cycles,2,0,1,1,1,0,0,2005-05-05T00:00:00.000Z,5/5/2005,At Intersection (intersection related),18,"MOTOR VEHICLE STRUCK PEDALCYCLIST, FRONT END AT ANGLE",Y,0,Overcast,Dry,Daylight,Y,5125006.0,,45.0,Vehicle - Pedalcyclist,0,0,N,POINT (1281382.72338894 270393.6606169343),1380.0,0.0,Overcast
34185,47807,47807,2020463,Matched,Block,,15TH AVE NW BETWEEN NW 80TH ST AND NW 83RD ST,,,2,Injury Collision,Cycles,2,0,1,1,1,0,0,2005-05-28T00:00:00.000Z,5/28/2005 4:00:00 PM,Driveway Junction,18,"MOTOR VEHICLE STRUCK PEDALCYCLIST, FRONT END AT ANGLE",Y,0,Clear or Partly Cloudy,Dry,Daylight,,5148001.0,,45.0,Vehicle - Pedalcyclist,0,0,N,POINT (1260287.966887325 254700.2549688667),10116.0,5.922862973286228e-06,Clear or Partly Cloudy
34214,48079,48079,2185053,Matched,Intersection,27196.0,THACKERAY PL NE AND NE 44TH ST,,,2,Injury Collision,Cycles,3,0,1,1,1,0,0,2005-11-16T00:00:00.000Z,11/16/2005 2:30:00 PM,At Intersection (intersection related),18,"MOTOR VEHICLE STRUCK PEDALCYCLIST, FRONT END AT ANGLE",,0,Clear or Partly Cloudy,Dry,Daylight,Y,5320013.0,,45.0,Vehicle - Pedalcyclist,0,0,N,POINT (1272553.313075885 244395.259566322),6711.0,0.0,Clear or Partly Cloudy
34243,48083,48083,2019937,Matched,Intersection,29196.0,24TH AVE E AND E LEE ST,,,2,Injury Collision,Cycles,3,0,1,1,1,0,0,2005-08-10T00:00:00.000Z,8/10/2005 11:40:00 PM,At Intersection (intersection related),18,"MOTOR VEHICLE STRUCK PEDALCYCLIST, FRONT END AT ANGLE",,0,Clear or Partly Cloudy,Dry,Dark - Street Lights On,Y,5222013.0,,45.0,Vehicle - Pedalcyclist,0,0,N,POINT (1278404.439097881 233723.1269473881),5325.0,0.0,Clear or Partly Cloudy
34330,48107,48107,1792469,Matched,Intersection,30478.0,5TH AVE AND JEFFERSON ST,,,2,Injury Collision,Cycles,2,0,1,1,1,0,0,2005-11-08T00:00:00.000Z,11/8/2005,At Intersection (intersection related),18,"MOTOR VEHICLE STRUCK PEDALCYCLIST, FRONT END AT ANGLE",,0,Clear or Partly Cloudy,Dry,Dawn,Y,5312004.0,,45.0,Vehicle - Pedalcyclist,0,0,N,POINT (1271571.328050882 223533.7517049462),778.0,0.0,Clear or Partly Cloudy
34373,48535,48535,C672351,Matched,Intersection,28045.0,4TH AVE N AND FREMONT BR,,,2,Injury Collision,Cycles,2,0,1,1,1,0,0,2006-07-26T00:00:00.000Z,7/26/2006 7:30:00 AM,At Intersection (intersection related),18,"MOTOR VEHICLE STRUCK PEDALCYCLIST, FRONT END AT ANGLE",,0,Unknown,Dry,Daylight,,6207056.0,,45.0,Vehicle - Pedalcyclist,0,0,N,POINT (1266653.095981851 239644.4832414538),10319.0,0.0,
34423,48656,48656,2022300,Matched,Intersection,25464.0,LEARY WAY NW AND NW 46TH ST,,,2,Injury Collision,Cycles,2,0,1,1,1,0,0,2006-03-16T00:00:00.000Z,3/16/2006 5:49:00 PM,At Intersection (intersection related),51,PEDALCYCLIST STRUCK MOTOR VEHICLE FRONT END AT ANGLE,Y,0,Overcast,Dry,Daylight,,6075008.0,,45.0,Vehicle - Pedalcyclist,0,0,N,POINT (1262301.018409386 245318.484655261),804.0,0.0,Overcast
34526,48683,48683,2624936,Matched,Block,,NW 39TH ST BETWEEN 2ND AVE NW AND LEARY WAY NW,,,2,Injury Collision,Cycles,2,0,1,1,1,0,0,2006-09-25T00:00:00.000Z,9/25/2006 4:39:00 PM,Mid-Block (but intersection related),18,"MOTOR VEHICLE STRUCK PEDALCYCLIST, FRONT END AT ANGLE",,0,Clear or Partly Cloudy,Dry,Daylight,,6268003.0,,45.0,Vehicle - Pedalcyclist,0,0,N,POINT (1264295.372075438 242342.2582202107),10572.0,7.449349067915349e-09,Clear or Partly Cloudy
34600,48847,48847,2390704,Matched,Alley,,,,,1,Property Damage Only Collision,Cycles,2,0,1,1,0,0,0,2006-05-08T00:00:00.000Z,5/8/2006,Driveway Junction,18,"MOTOR VEHICLE STRUCK PEDALCYCLIST, FRONT END AT ANGLE",,0,Overcast,Dry,Daylight,Y,6128001.0,,45.0,Vehicle - Pedalcyclist,0,0,N,,,,Overcast
34616,48709,48709,2400626,Matched,Intersection,25471.0,EAST GREEN LAKE WAY N AND N 64TH ST,,,2,Injury Collision,Cycles,4,0,1,2,1,0,0,2006-05-10T00:00:00.000Z,5/10/2006 11:29:00 AM,At Intersection (but not related to intersection),18,"MOTOR VEHICLE STRUCK PEDALCYCLIST, FRONT END AT ANGLE",,0,Clear or Partly Cloudy,Dry,Daylight,,6130002.0,,45.0,Vehicle - Pedalcyclist,0,0,N,POINT (1270852.478258148 249918.0581639707),9881.0,0.0,Clear or Partly Cloudy
34764,48623,48623,2610234,Matched,Intersection,27183.0,1ST AVE NE AND NE 45TH ST,,,2,Injury Collision,Cycles,2,0,1,1,1,0,0,2006-11-19T00:00:00.000Z,11/19/2006 1:04:00 PM,At Intersection (intersection related),18,"MOTOR VEHICLE STRUCK PEDALCYCLIST, FRONT END AT ANGLE",,0,Overcast,Wet,Daylight,Y,6323002.0,,45.0,Vehicle - Pedalcyclist,0,0,N,POINT (1272052.552243382 244821.6562387496),2275.0,0.0,Overcast
34784,48633,48633,2178987,Matched,Intersection,37308.0,ASHWORTH AVE N AND N 97TH ST,,,2,Injury Collision,Cycles,2,0,1,1,1,0,0,2006-03-23T00:00:00.000Z,3/23/2006 1:46:00 PM,At Intersection (intersection related),18,"MOTOR VEHICLE STRUCK PEDALCYCLIST, FRONT END AT ANGLE",,0,Overcast,Dry,Daylight,,6082024.0,,45.0,Vehicle - Pedalcyclist,0,0,N,POINT (1269501.017136768 258824.3263330907),6132.0,0.0,Overcast
34885,49171,49171,2184723,Matched,Block,,NE 55TH ST BETWEEN 40TH AVE NE AND 43RD AVE NE,,,2,Injury Collision,Cycles,3,0,1,1,1,0,0,2006-03-22T00:00:00.000Z,3/22/2006 6:16:00 PM,Driveway Junction,18,"MOTOR VEHICLE STRUCK PEDALCYCLIST, FRONT END AT ANGLE",,0,Raining,Wet,Daylight,Y,6081002.0,,45.0,Vehicle - Pedalcyclist,0,0,N,POINT (1283135.082750723 247217.5987692028),19156.0,2.9966061872175817e-05,Raining
35052,49218,49218,2071764,Matched,Block,,ALASKAN WAY S BETWEEN ALASKAN E RDWY WAY S AND S ROYAL BROUGHAM WAY,,,2,Injury Collision,Cycles,4,0,1,1,1,0,0,2006-05-14T00:00:00.000Z,5/14/2006 11:15:00 AM,Mid-Block (not related to intersection),51,PEDALCYCLIST STRUCK MOTOR VEHICLE FRONT END AT ANGLE,,0,Clear or Partly Cloudy,Dry,Daylight,,6134002.0,,45.0,Vehicle - Pedalcyclist,0,0,N,,,,Clear or Partly Cloudy
35072,49373,49373,2071143,Matched,Intersection,30097.0,M L KING JR WAY AND E ALDER ST,,,2,Injury Collision,Cycles,3,0,1,1,1,0,0,2006-05-30T00:00:00.000Z,5/30/2006 7:39:00 PM,At Intersection (intersection related),18,"MOTOR VEHICLE STRUCK PEDALCYCLIST, FRONT END AT ANGLE",Y,0,Clear or Partly Cloudy,Dry,Daylight,Y,6150004.0,,45.0,Vehicle - Pedalcyclist,0,0,N,POINT (1279408.096058905 223841.8515452743),3637.0,0.0,Clear or Partly Cloudy
35087,49092,49092,2610804,Matched,Block,,42ND AVE S BETWEEN S TRENTON ST AND S HENDERSON ST,,,1,Property Damage Only Collision,Cycles,2,0,1,1,0,0,0,2006-09-24T00:00:00.000Z,9/24/2006 3:34:00 PM,Mid-Block (not related to intersection),18,"MOTOR VEHICLE STRUCK PEDALCYCLIST, FRONT END AT ANGLE",,0,Clear or Partly Cloudy,Dry,Daylight,,6267003.0,,45.0,Vehicle - Pedalcyclist,0,0,N,POINT (1282827.057534412 194376.9263311028),432.0,2.557087104408148e-05,Clear or Partly Cloudy
35088,49362,49362,C662960,Matched,Intersection,25225.0,NW 54TH ST AND NW MARKET ST,,,2,Injury Collision,Cycles,2,0,1,1,1,0,0,2006-01-23T00:00:00.000Z,1/23/2006 7:35:00 AM,At Intersection (intersection related),18,"MOTOR VEHICLE STRUCK PEDALCYCLIST, FRONT END AT ANGLE",,0,Overcast,Wet,Dawn,,6023039.0,,45.0,Vehicle - Pedalcyclist,0,0,N,POINT (1255784.480802715 247803.7111538053),12849.0,0.0,Overcast
35089,49091,49091,2615592,Matched,Block,,12TH AVE S BETWEEN S ATLANTIC ST AND S MASSACHUSETTS ST,,,2b,Serious Injury Collision,Cycles,2,0,1,1,1,1,0,2006-10-29T00:00:00.000Z,10/29/2006 12:21:00 PM,Mid-Block (but intersection related),51,PEDALCYCLIST STRUCK MOTOR VEHICLE FRONT END AT ANGLE,,0,Overcast,Wet,Daylight,,6302008.0,Y,45.0,Vehicle - Pedalcyclist,0,0,N,POINT (1274251.001781628 218457.2656837553),49.0,2.6369120788578627e-05,Overcast
35134,49097,49097,C668342,Matched,Intersection,28428.0,24TH AVE E AND E LYNN ST,,,2,Injury Collision,Cycles,2,0,1,1,1,0,0,2006-04-17T00:00:00.000Z,4/17/2006 1:00:00 PM,At Intersection (intersection related),18,"MOTOR VEHICLE STRUCK PEDALCYCLIST, FRONT END AT ANGLE",,0,Clear or Partly Cloudy,Dry,Daylight,,6107024.0,,45.0,Vehicle - Pedalcyclist,0,0,N,POINT (1278350.839609832 236736.1624704748),1115.0,0.0,Clear or Partly Cloudy
35139,48971,48971,2612502,Matched,Block,,15TH AVE S BETWEEN S DAKOTA ST AND S NEVADA ST,,,2,Injury Collision,Cycles,2,0,1,1,1,0,0,2006-07-26T00:00:00.000Z,7/26/2006 11:17:00 PM,Mid-Block (not related to intersection),21,"MOTOR VEHICLE STRUCK PEDALCYCLIST, REAR END",,0,Clear or Partly Cloudy,Dry,Dark - Street Lights On,,6207044.0,,45.0,Vehicle - Pedalcyclist,0,0,N,POINT (1275028.128822431 210077.1258351803),17659.0,8.467410037228027e-06,Clear or Partly Cloudy
35173,49239,49239,2614358,Matched,Intersection,27062.0,UNIVERSITY WAY NE AND NE 45TH ST,,,2,Injury Collision,Cycles,2,0,1,1,1,0,0,2006-07-08T00:00:00.000Z,7/8/2006,At Intersection (intersection related),18,"MOTOR VEHICLE STRUCK PEDALCYCLIST, FRONT END AT ANGLE",,0,Clear or Partly Cloudy,Dry,Daylight,Y,6189006.0,,45.0,Vehicle - Pedalcyclist,0,0,N,POINT (1275779.900215194 244716.6202066392),10399.0,0.0,Clear or Partly Cloudy
35220,48988,48988,2071829,Matched,Block,,DEXTER AVE N BETWEEN REPUBLICAN ST AND MERCER ST,,,1,Property Damage Only Collision,Cycles,2,0,1,1,0,0,0,2006-03-22T00:00:00.000Z,3/22/2006 5:35:00 PM,Driveway Junction,51,PEDALCYCLIST STRUCK MOTOR VEHICLE FRONT END AT ANGLE,,0,Raining,Wet,Daylight,Y,6081004.0,,45.0,Vehicle - Pedalcyclist,0,0,N,POINT (1268311.922351554 231223.1936328262),11928.0,7.448147300580169e-09,Raining
35225,49120,49120,2410894,Matched,Intersection,26454.0,GILMAN AVE W AND W EMERSON ST,,,2b,Serious Injury Collision,Cycles,2,0,1,1,1,1,0,2006-10-11T00:00:00.000Z,10/11/2006 4:28:00 PM,At Intersection (intersection related),18,"MOTOR VEHICLE STRUCK PEDALCYCLIST, FRONT END AT ANGLE",,0,Clear or Partly Cloudy,Dry,Dusk,Y,6284003.0,,45.0,Vehicle - Pedalcyclist,0,0,N,POINT (1258113.653029099 242404.7763642818),180.0,0.0,Clear or Partly Cloudy
35345,48895,48895,2622378,Matched,Block,,EASTLAKE AVE E BETWEEN HARVARD AVE E AND FUHRMAN AVE E,,,2,Injury Collision,Cycles,2,0,1,1,1,0,0,2006-09-11T00:00:00.000Z,9/11/2006 4:50:00 PM,Driveway Junction,18,"MOTOR VEHICLE STRUCK PEDALCYCLIST, FRONT END AT ANGLE",,0,Clear or Partly Cloudy,Dry,Daylight,Y,6254004.0,,45.0,Vehicle - Pedalcyclist,0,0,N,POINT (1273599.974708959 241029.8313388675),6317.0,1.4142158170737939e-05,Clear or Partly Cloudy
35362,49160,49160,2622846,Matched,Block,,1ST AVE BETWEEN MARION ST AND MADISON ST,,,2,Injury Collision,Cycles,2,0,1,1,1,0,0,2006-10-26T00:00:00.000Z,10/26/2006 7:17:00 PM,Mid-Block (not related to intersection),18,"MOTOR VEHICLE STRUCK PEDALCYCLIST, FRONT END AT ANGLE",,0,Clear or Partly Cloudy,Dry,Dark - Street Lights On,,6299004.0,,45.0,Vehicle - Pedalcyclist,0,0,N,POINT (1269761.261105031 224063.0003454983),13282.0,3.7950769999126174e-09,Clear or Partly Cloudy
35420,49579,49579,2603682,Matched,Block,,NW MARKET ST BETWEEN 20TH AVE NW AND RUSSELL AVE NW,,,2,Injury Collision,Cycles,2,0,1,1,1,0,0,2006-09-01T00:00:00.000Z,9/1/2006,Mid-Block (not related to intersection),18,"MOTOR VEHICLE STRUCK PEDALCYCLIST, FRONT END AT ANGLE",,0,Clear or Partly Cloudy,Dry,Daylight,,6244004.0,,45.0,Vehicle - Pedalcyclist,0,0,N,POINT (1258713.218469724 247754.8586737514),4400.0,1.6095703002977696e-10,Clear or Partly Cloudy
35423,49826,49826,2623501,Matched,Intersection,29877.0,MELROSE AVE AND PIKE ST,,,2,Injury Collision,Cycles,2,0,1,1,1,0,0,2006-11-07T00:00:00.000Z,11/7/2006,At Intersection (intersection related),18,"MOTOR VEHICLE STRUCK PEDALCYCLIST, FRONT END AT ANGLE",,0,Overcast,Wet,Dusk,,6311010.0,,45.0,Vehicle - Pedalcyclist,0,0,N,POINT (1271828.993331149 227522.0719650388),1143.0,0.0,Overcast
35476,49460,49460,1783505,Matched,Intersection,31203.0,ALASKAN WAY S AND S MASSACHUSETTS ST,,,2,Injury Collision,Cycles,2,0,1,1,1,0,0,2006-06-28T00:00:00.000Z,6/28/2006 3:17:00 PM,At Intersection (intersection related),18,"MOTOR VEHICLE STRUCK PEDALCYCLIST, FRONT END AT ANGLE",Y,0,Clear or Partly Cloudy,Dry,Daylight,Y,6179004.0,,45.0,Vehicle - Pedalcyclist,0,0,N,POINT (1269023.349552274 218229.7632195204),599.0,0.0,Clear or Partly Cloudy
35510,49480,49480,2614229,Matched,Block,,15TH AVE NW BETWEEN NW 65TH ST AND NW 67TH ST,,,2,Injury Collision,Cycles,2,0,1,1,1,0,0,2006-08-25T00:00:00.000Z,8/25/2006 6:19:00 PM,Mid-Block (not related to intersection),18,"MOTOR VEHICLE STRUCK PEDALCYCLIST, FRONT END AT ANGLE",,1,Clear or Partly Cloudy,Dry,Daylight,Y,6237010.0,,45.0,Vehicle - Pedalcyclist,0,0,N,POINT (1260216.284071252 250695.9724687636),84.0,1.7029672792868542e-05,Clear or Partly Cloudy
35581,49612,49612,C669072,Matched,Intersection,28767.0,DEXTER AVE N AND MERCER ST,,,2,Injury Collision,Cycles,2,0,1,1,1,0,0,2006-05-26T00:00:00.000Z,5/26/2006 2:35:00 PM,At Intersection (intersection related),18,"MOTOR VEHICLE STRUCK PEDALCYCLIST, FRONT END AT ANGLE",,0,Overcast,Dry,Daylight,,6146044.0,,45.0,Vehicle - Pedalcyclist,0,0,N,POINT (1268318.102319553 231464.9540170729),696.0,0.0,Overcast
35748,49786,49786,2614752,Matched,Block,,E BARBARA BAILEY WAY BETWEEN BROADWAY AND NAGLE PL,,,1,Property Damage Only Collision,Cycles,2,0,1,1,0,0,0,2006-06-27T00:00:00.000Z,6/27/2006 8:00:00 AM,Driveway Junction,18,"MOTOR VEHICLE STRUCK PEDALCYCLIST, FRONT END AT ANGLE",,0,Clear or Partly Cloudy,Dry,Daylight,Y,6178001.0,,45.0,Vehicle - Pedalcyclist,0,0,N,POINT (1273673.273397043 229241.9950387925),19973.0,7.450318876689359e-09,Clear or Partly Cloudy
35782,49656,49656,C671602,Matched,Block,,15TH AVE NE BETWEEN NE CAMPUS WB PY AND NE 41ST ST,,,1,Property Damage Only Collision,Cycles,2,0,1,1,0,0,0,2006-07-20T00:00:00.000Z,7/20/2006 9:02:00 AM,Mid-Block (not related to intersection),56,PEDALCYCLIST STRUCK MOTOR VEHICLE LEFT SIDE SIDESWIPE,,0,Clear or Partly Cloudy,Dry,Daylight,,6201041.0,,45.0,Vehicle - Pedalcyclist,0,0,N,POINT (1275995.754295424 242977.0527168661),22748.0,7.44541778012676e-09,Clear or Partly Cloudy
35930,49954,49954,2622263,Matched,Intersection,30726.0,16TH AVE AND E YESLER WAY,,,2,Injury Collision,Cycles,3,0,1,1,3,0,0,2006-10-03T00:00:00.000Z,10/3/2006,At Intersection (intersection related),18,"MOTOR VEHICLE STRUCK PEDALCYCLIST, FRONT END AT ANGLE",,0,Clear or Partly Cloudy,Dry,Daylight,Y,6276004.0,,45.0,Vehicle - Pedalcyclist,0,0,N,POINT (1275746.921783164 222978.1083123833),3967.0,0.0,Clear or Partly Cloudy
35935,49953,49953,2603648,Matched,Intersection,25248.0,6TH AVE NW AND NW 65TH E ST,,,2,Injury Collision,Cycles,3,0,1,1,1,0,0,2006-10-03T00:00:00.000Z,10/3/2006,At Intersection (intersection related),18,"MOTOR VEHICLE STRUCK PEDALCYCLIST, FRONT END AT ANGLE",,0,Raining,Wet,Daylight,Y,6276009.0,,45.0,Vehicle - Pedalcyclist,0,0,N,POINT (1263469.738538593 250328.5823243856),4336.0,0.0,Raining
35968,50096,50096,2608933,Matched,Block,,ELLIOTT AVE BETWEEN BROAD ST AND BAY ST,,,1,Property Damage Only Collision,Cycles,3,0,1,1,0,0,0,2006-10-22T00:00:00.000Z,10/22/2006 10:23:00 PM,Mid-Block (but intersection related),11,"MOTOR VEHICLE STRUCK MOTOR VEHICLE, FRONT END AT ANGLE",,0,Clear or Partly Cloudy,Dry,Dark - Street Lights On,,6295012.0,Y,45.0,Vehicle - Pedalcyclist,0,0,N,POINT (1265026.44138819 228563.7778861076),18945.0,8.86487618441095e-06,Clear or Partly Cloudy
36013,49979,49979,2072334,Matched,Block,,FAUNTLEROY WAY SW BETWEEN SW BRANDON ST AND SW FINDLAY ST,,,1,Property Damage Only Collision,Cycles,2,0,1,1,0,0,0,2006-03-03T00:00:00.000Z,3/3/2006,Mid-Block (not related to intersection),23,"MOTOR VEHICLE STRUCK PEDALCYCLIST, LEFT SIDE SIDESWIPE",Y,0,Clear or Partly Cloudy,Dry,Daylight,,6062008.0,,45.0,Vehicle - Pedalcyclist,0,0,N,POINT (1258110.372581109 205538.1143105328),17918.0,6.452396471205063e-06,Clear or Partly Cloudy
36055,50112,50112,C683103,Matched,Block,,E COLUMBIA ST BETWEEN 25TH AVE AND 26TH AVE,,,2,Injury Collision,Cycles,1,0,1,0,1,0,0,2006-09-18T00:00:00.000Z,9/18/2006 12:15:00 PM,Driveway Junction,69,PEDALCYCLIST OVERTURNED IN ROAD,,0,Clear or Partly Cloudy,Wet,Daylight,,6261055.0,,45.0,Vehicle - Pedalcyclist,0,0,N,POINT (1278772.876986265 225594.4929550588),20630.0,1.610528680400396e-10,Clear or Partly Cloudy
36082,50420,50420,C663308,Matched,Block,,S HOLGATE ST BETWEEN 5TH AVE S AND 6TH AVE S,,,1,Property Damage Only Collision,Cycles,2,0,1,1,0,0,0,2006-01-31T00:00:00.000Z,1/31/2006 7:20:00 PM,Mid-Block (not related to intersection),23,"MOTOR VEHICLE STRUCK PEDALCYCLIST, LEFT SIDE SIDESWIPE",,0,Raining,Standing Water,Dark - Street Lights On,,6031044.0,,45.0,Vehicle - Pedalcyclist,0,0,N,POINT (1271890.214387208 217394.8717626631),9989.0,2.8622270106462538e-05,Raining
36089,50121,50121,2607302,Matched,Block,,JAMES ST BETWEEN YESLER WAY AND 2ND AVE,,,2,Injury Collision,Cycles,2,0,1,1,1,0,0,2006-08-08T00:00:00.000Z,8/8/2006,Mid-Block (not related to intersection),18,"MOTOR VEHICLE STRUCK PEDALCYCLIST, FRONT END AT ANGLE",,0,Clear or Partly Cloudy,Dry,Daylight,,6220003.0,,45.0,Vehicle - Pedalcyclist,0,0,N,POINT (1270410.557425693 223202.7094646096),19841.0,1.5748339583200395e-05,Clear or Partly Cloudy