OBJECTID,INCKEY,COLDETKEY,REPORTNO,STATUS,ADDRTYPE,INTKEY,LOCATION,EXCEPTRSNC,EXCEPTRSND,SEVERITYCO,SEVERITYDE,COLLISIONT,PERSONCOUN,PEDCOUNT,PEDCYLCOUN,VEHCOUNT,INJURIES,SERIOUSINJ,FATALITIES,INCDATE,INCDTTM,JUNCTIONTY,SDOT_COLCO,SDOT_COLDE,INATTENTIO,UNDERINFL,WEATHER,ROADCOND,LIGHTCOND,PEDROWNOTG,SDOTCOLNUM,SPEEDING,ST_COLCODE,ST_COLDESC,SEGLANEKEY,CROSSWALKK,HITPARKEDC,geometry,near_str_index,min_length,weather_group
38195,52230,52230,2188669,Matched,Block,,NW 57TH ST BETWEEN 24TH AVE NW AND 26TH AVE NW,,,2,Injury Collision,Cycles,2,0,1,1,1,0,0,2006-01-20T00:00:00.000Z,1/20/2006 8:18:00 PM,Mid-Block (not related to intersection),18,"MOTOR VEHICLE STRUCK PEDALCYCLIST, FRONT END AT ANGLE",,1,Clear or Partly Cloudy,Wet,Dark - Street Lights On,,6020005.0,,45.0,Vehicle - Pedalcyclist,0,0,N,POINT (1257186.127908155 248337.3233143538),9216.0,3.197824593638819e-05,Clear or Partly Cloudy
38280,52249,52249,2614148,Matched,Intersection,27105.0,UNIVERSITY WAY NE AND NE 41ST ST,,,2,Injury Collision,Cycles,3,0,1,1,1,0,0,2006-12-04T00:00:00.000Z,12/4/2006,At Intersection (intersection related),18,"MOTOR VEHICLE STRUCK PEDALCYCLIST, FRONT END AT ANGLE",,0,Clear or Partly Cloudy,Dry,Daylight,,6338002.0,,45.0,Vehicle - Pedalcyclist,0,0,N,POINT (1275720.124983132 243099.6817089915),6723.0,0.0,Clear or Partly Cloudy
38368,52399,52399,2607646,Matched,Intersection,29544.0,6TH AVE AND LENORA ST,,,2,Injury Collision,Cycles,2,0,1,1,1,0,0,2006-10-20T00:00:00.000Z,10/20/2006 9:29:00 PM,At Intersection (intersection related),18,"MOTOR VEHICLE STRUCK PEDALCYCLIST, FRONT END AT ANGLE",,0,Clear or Partly Cloudy,Dry,Daylight,,6293038.0,,45.0,Vehicle - Pedalcyclist,0,0,N,POINT (1268925.45080018 228027.4080295563),5979.0,0.0,Clear or Partly Cloudy
38393,52277,52277,2191892,Matched,Intersection,29563.0,3RD AVE AND VIRGINIA ST,,,2,Injury Collision,Cycles,2,0,1,1,1,0,0,2006-04-05T00:00:00.000Z,4/5/2006,At Intersection (intersection related),56,PEDALCYCLIST STRUCK MOTOR VEHICLE LEFT SIDE SIDESWIPE,,0,Clear or Partly Cloudy,Dry,Daylight,,6095026.0,,45.0,Vehicle - Pedalcyclist,0,0,N,POINT (1268590.538287833 227026.2439965308),262.0,0.0,Clear or Partly Cloudy
38413,52154,52154,2191895,Matched,Block,,STEWART ST BETWEEN TERRY AVE AND BOREN AVE,,,1,Property Damage Only Collision,Cycles,2,0,1,1,0,0,0,2006-04-20T00:00:00.000Z,4/20/2006 5:25:00 PM,Mid-Block (but intersection related),21,"MOTOR VEHICLE STRUCK PEDALCYCLIST, REAR END",Y,0,Clear or Partly Cloudy,Dry,Daylight,,6110001.0,,45.0,Vehicle - Pedalcyclist,0,0,N,POINT (1270530.444337815 228526.0448300689),13801.0,0.0,Clear or Partly Cloudy
38430,52417,52417,2410631,Matched,Block,,DEXTER AVE N BETWEEN HAYES ST AND HOWE ST,,,2,Injury Collision,Cycles,2,0,1,1,1,0,0,2006-05-18T00:00:00.000Z,5/18/2006 4:21:00 PM,Driveway Junction,18,"MOTOR VEHICLE STRUCK PEDALCYCLIST, FRONT END AT ANGLE",,0,Clear or Partly Cloudy,Dry,Daylight,Y,6138004.0,,45.0,Vehicle - Pedalcyclist,0,0,N,POINT (1268408.639919654 235271.560932979),15565.0,6.7242681277130444e-06,Clear or Partly Cloudy
38449,52283,52283,2608056,Matched,Block,,W DRAVUS ST BETWEEN 23RD AVE W AND 24TH AVE W,,,2b,Serious Injury Collision,Cycles,2,0,1,1,2,1,0,2006-10-07T00:00:00.000Z,10/7/2006,Driveway Junction,18,"MOTOR VEHICLE STRUCK PEDALCYCLIST, FRONT END AT ANGLE",,0,Clear or Partly Cloudy,Dry,Daylight,Y,6280001.0,,45.0,Vehicle - Pedalcyclist,0,0,N,POINT (1257560.567140535 240406.4455462247),17121.0,3.9956422057819715e-06,Clear or Partly Cloudy
38482,52704,52704,2178996,Matched,Block,,NE 75TH ST BETWEEN 34TH AVE NE AND 35TH AVE NE,,,2,Injury Collision,Cycles,2,0,1,1,1,0,0,2006-04-09T00:00:00.000Z,4/9/2006,Mid-Block (not related to intersection),18,"MOTOR VEHICLE STRUCK PEDALCYCLIST, FRONT END AT ANGLE",Y,0,Overcast,Wet,Daylight,,6099008.0,,45.0,Vehicle - Pedalcyclist,0,0,N,POINT (1281378.126140922 252555.4743586779),21867.0,7.449163536234426e-09,Overcast
38483,52959,52959,2617547,Matched,Intersection,24229.0,GREEN LAKE DR N AND N 80TH ST,,,2,Injury Collision,Cycles,2,0,1,1,1,0,0,2006-11-06T00:00:00.000Z,11/6/2006,At Intersection (intersection related),51,PEDALCYCLIST STRUCK MOTOR VEHICLE FRONT END AT ANGLE,,0,Raining,Wet,Dark - Street Lights On,,6310026.0,,45.0,Vehicle - Pedalcyclist,0,0,N,POINT (1269230.605360493 254205.4545203596),747.0,0.0,Raining
38528,52832,52832,2058301,Matched,Intersection,25692.0,GREEN LAKE WAY N AND N 46TH ST,,,2,Injury Collision,Cycles,2,0,1,1,1,0,0,2006-03-22T00:00:00.000Z,3/22/2006 11:35:00 PM,At Intersection (intersection related),51,PEDALCYCLIST STRUCK MOTOR VEHICLE FRONT END AT ANGLE,,0,Overcast,Wet,Dark - Street Lights On,Y,6081003.0,,45.0,Vehicle - Pedalcyclist,0,0,N,POINT (1267665.620782882 245187.426479131),8952.0,0.0,Overcast
38586,52970,52970,2191738,Matched,Block,,DEXTER AVE N BETWEEN REPUBLICAN ST AND MERCER ST,,,2,Injury Collision,Cycles,2,0,1,1,1,0,0,2006-03-14T00:00:00.000Z,3/14/2006 9:25:00 AM,Driveway Junction,18,"MOTOR VEHICLE STRUCK PEDALCYCLIST, FRONT END AT ANGLE",,0,Overcast,Dry,Daylight,Y,6073004.0,,45.0,Vehicle - Pedalcyclist,0,0,N,POINT (1268311.922351554 231223.1936328262),11928.0,7.448147300580169e-09,Overcast
38610,53007,53007,2071103,Matched,Block,,EASTLAKE AVE E BETWEEN THOMAS ST AND HARRISON ST,,,2,Injury Collision,Cycles,3,0,1,1,1,0,0,2006-06-08T00:00:00.000Z,6/8/2006,Mid-Block (not related to intersection),55,PEDALCYCLIST STRUCK MOTOR VEHICLE RIGHT SIDE SIDESWIPE,,0,Clear or Partly Cloudy,Dry,Daylight,,6159004.0,,45.0,Vehicle - Pedalcyclist,0,0,N,POINT (1271551.230834872 230252.0809278339),6314.0,2.633936194759407e-05,Clear or Partly Cloudy
38641,52742,52742,2607304,Matched,Block,,3RD AVE BETWEEN YESLER WAY AND JAMES ST,,,2,Injury Collision,Cycles,3,0,1,1,1,0,0,2006-09-01T00:00:00.000Z,9/1/2006,Mid-Block (but intersection related),55,PEDALCYCLIST STRUCK MOTOR VEHICLE RIGHT SIDE SIDESWIPE,,0,Clear or Partly Cloudy,Dry,Daylight,,6244015.0,,45.0,Vehicle - Pedalcyclist,0,0,N,POINT (1270983.343218282 223262.3168886751),261.0,1.4250611269041503e-05,Clear or Partly Cloudy
38733,52635,52635,2611679,Matched,Intersection,25585.0,PHINNEY AVE N AND N 64TH ST,,,2,Injury Collision,Cycles,2,0,1,1,1,0,0,2006-09-28T00:00:00.000Z,9/28/2006 4:51:00 AM,At Intersection (intersection related),18,"MOTOR VEHICLE STRUCK PEDALCYCLIST, FRONT END AT ANGLE",,0,Clear or Partly Cloudy,Dry,Dark - Street Lights On,,6271038.0,,45.0,Vehicle - Pedalcyclist,0,0,N,POINT (1265725.260844901 250029.7842440903),4051.0,0.0,Clear or Partly Cloudy
38766,52773,52773,1197746,Matched,Intersection,31834.0,37TH AVE SW AND SW HINDS ST,,,2,Injury Collision,Cycles,3,0,1,1,1,0,0,2006-03-31T00:00:00.000Z,3/31/2006 2:34:00 PM,At Intersection (intersection related),51,PEDALCYCLIST STRUCK MOTOR VEHICLE FRONT END AT ANGLE,,0,Clear or Partly Cloudy,Dry,Daylight,,6090039.0,,45.0,Vehicle - Pedalcyclist,0,0,N,POINT (1259112.598054126 212888.1038220525),20320.0,0.0,Clear or Partly Cloudy
38810,52648,52648,2400427,Matched,Block,,15TH AVE NW BETWEEN NW 61ST ST AND NW 62ND ST,,,2,Injury Collision,Cycles,3,0,1,1,1,0,0,2006-05-13T00:00:00.000Z,5/13/2006 1:15:00 PM,Driveway Junction,51,PEDALCYCLIST STRUCK MOTOR VEHICLE FRONT END AT ANGLE,,0,Clear or Partly Cloudy,Dry,Daylight,,6133002.0,,45.0,Vehicle - Pedalcyclist,0,0,N,POINT (1260327.152615368 249464.8116995096),20995.0,1.7744204993688167e-05,Clear or Partly Cloudy
39011,53212,53212,2127556,Matched,Intersection,30969.0,62ND AVE SW AND ALKI AVE SW,,,2,Injury Collision,Cycles,3,0,1,1,1,0,0,2006-05-03T00:00:00.000Z,5/3/2006,At Intersection (intersection related),51,PEDALCYCLIST STRUCK MOTOR VEHICLE FRONT END AT ANGLE,,0,Clear or Partly Cloudy,Dry,Daylight,,6123007.0,,45.0,Vehicle - Pedalcyclist,0,0,N,POINT (1250811.797021627 215103.2111523151),14747.0,0.0,Clear or Partly Cloudy
39130,53523,53523,2410652,Matched,Block,,DEXTER AVE N BETWEEN VALLEY ST AND ALOHA ST,,,2,Injury Collision,Cycles,2,0,1,1,1,0,0,2006-06-01T00:00:00.000Z,6/1/2006,Driveway Junction,18,"MOTOR VEHICLE STRUCK PEDALCYCLIST, FRONT END AT ANGLE",,0,Raining,Wet,Daylight,Y,6152062.0,,45.0,Vehicle - Pedalcyclist,0,0,N,POINT (1268338.191279575 232249.0317138731),18939.0,1.9077167276418439e-10,Raining
39143,53388,53388,2608029,Matched,Intersection,29883.0,PIKE ST AND CONVENTION PL,,,2,Injury Collision,Cycles,2,0,1,1,2,0,0,2006-07-13T00:00:00.000Z,7/13/2006 4:04:00 PM,At Intersection (intersection related),51,PEDALCYCLIST STRUCK MOTOR VEHICLE FRONT END AT ANGLE,Y,0,Clear or Partly Cloudy,Dry,Daylight,,6194005.0,,45.0,Vehicle - Pedalcyclist,0,0,N,POINT (1270998.081586301 227029.3354525268),3287.0,0.0,Clear or Partly Cloudy
39149,53251,53251,2608716,Matched,Intersection,27617.0,23RD AVE W AND W GARFIELD ST OFF RP,,,2,Injury Collision,Cycles,2,0,1,1,1,0,0,2006-08-28T00:00:00.000Z,8/28/2006 2:28:00 PM,At Intersection (intersection related),51,PEDALCYCLIST STRUCK MOTOR VEHICLE FRONT END AT ANGLE,Y,0,Clear or Partly Cloudy,Dry,Daylight,,6240007.0,,45.0,Vehicle - Pedalcyclist,0,0,N,POINT (1257379.007268354 234973.0740846694),8495.0,0.0,Clear or Partly Cloudy
39154,53550,53550,2611955,Matched,Block,,RAINIER AVE S BETWEEN S THISTLE ST AND S CLOVERDALE ST,,,2,Injury Collision,Cycles,4,0,2,1,1,0,0,2006-08-11T00:00:00.000Z,8/11/2006 12:10:00 PM,Driveway Junction,18,"MOTOR VEHICLE STRUCK PEDALCYCLIST, FRONT END AT ANGLE",,0,Clear or Partly Cloudy,Dry,Daylight,Y,6223005.0,,45.0,Vehicle - Pedalcyclist,0,0,N,POINT (1285496.145473152 195563.1703003049),19024.0,1.2429900517219048e-07,Clear or Partly Cloudy
39167,53529,53529,C676512,Matched,Intersection,30023.0,27TH AVE AND E UNION ST,,,1,Property Damage Only Collision,Cycles,2,0,1,1,0,0,0,2006-10-26T00:00:00.000Z,10/26/2006 3:30:00 PM,At Intersection (intersection related),51,PEDALCYCLIST STRUCK MOTOR VEHICLE FRONT END AT ANGLE,,0,Clear or Partly Cloudy,Dry,Unknown,,6299028.0,,45.0,Vehicle - Pedalcyclist,0,0,N,POINT (1279295.278906792 227015.6691485196),15462.0,0.0,Clear or Partly Cloudy
39240,53279,53279,2179043,Matched,Intersection,28031.0,DEXTER AVE N AND GARFIELD S ST,,,2,Injury Collision,Cycles,2,0,1,1,1,0,0,2006-05-03T00:00:00.000Z,5/3/2006,At Intersection (intersection related),18,"MOTOR VEHICLE STRUCK PEDALCYCLIST, FRONT END AT ANGLE",,0,Clear or Partly Cloudy,Dry,Daylight,Y,6123002.0,,45.0,Vehicle - Pedalcyclist,0,0,N,POINT (1268395.10583964 234546.079140231),697.0,0.0,Clear or Partly Cloudy
39257,53158,53158,2071682,Matched,Intersection,30544.0,7TH AVE S AND S DEARBORN ST,,,2,Injury Collision,Cycles,2,0,1,1,1,0,0,2006-05-17T00:00:00.000Z,5/17/2006 7:53:00 AM,At Intersection (intersection related),18,"MOTOR VEHICLE STRUCK PEDALCYCLIST, FRONT END AT ANGLE",,0,Clear or Partly Cloudy,Dry,Daylight,Y,6137032.0,,45.0,Vehicle - Pedalcyclist,0,0,N,POINT (1272697.666612044 220902.8542942554),7666.0,0.0,Clear or Partly Cloudy
39286,53285,53285,2607287,Matched,Intersection,29965.0,5TH AVE AND COLUMBIA ST,,,1,Property Damage Only Collision,Cycles,2,0,1,1,0,0,0,2006-08-25T00:00:00.000Z,8/25/2006 3:16:00 PM,At Intersection (intersection related),18,"MOTOR VEHICLE STRUCK PEDALCYCLIST, FRONT END AT ANGLE",,0,Clear or Partly Cloudy,Dry,Daylight,Y,6237009.0,,45.0,Vehicle - Pedalcyclist,0,0,N,POINT (1271103.339058414 224324.1504257619),8766.0,0.0,Clear or Partly Cloudy
39378,53303,53303,2022981,Matched,Intersection,37404.0,FREMONT AVE N AND N 101ST ST,,,2,Injury Collision,Cycles,3,0,1,1,1,0,0,2006-05-01T00:00:00.000Z,5/1/2006,At Intersection (intersection related),18,"MOTOR VEHICLE STRUCK PEDALCYCLIST, FRONT END AT ANGLE",,0,Clear or Partly Cloudy,Dry,Daylight,,6121023.0,,45.0,Vehicle - Pedalcyclist,0,0,N,POINT (1266979.517742187 259809.9731820971),736.0,0.0,Clear or Partly Cloudy
39383,53045,53045,2607274,Matched,Block,,34TH AVE W BETWEEN W RUFFNER ST AND W EMERSON ST,,,2,Injury Collision,Cycles,2,0,1,1,1,0,0,2006-12-06T00:00:00.000Z,12/6/2006,Mid-Block (not related to intersection),18,"MOTOR VEHICLE STRUCK PEDALCYCLIST, FRONT END AT ANGLE",,0,Clear or Partly Cloudy,Dry,Daylight,Y,6340001.0,,45.0,Vehicle - Pedalcyclist,0,0,N,POINT (1254094.402208984 242184.5608120561),5599.0,7.448677242330032e-09,Clear or Partly Cloudy
39419,53444,53444,2620027,Matched,Block,,ALKI AVE SW BETWEEN 58TH AVE SW AND MARINE AVE SW,,,2,Injury Collision,Cycles,2,0,1,1,1,0,0,2006-09-12T00:00:00.000Z,9/12/2006 6:00:00 PM,Mid-Block (not related to intersection),56,PEDALCYCLIST STRUCK MOTOR VEHICLE LEFT SIDE SIDESWIPE,,0,Clear or Partly Cloudy,Dry,Daylight,,6255001.0,,45.0,Vehicle - Pedalcyclist,0,0,N,POINT (1252150.739614993 215780.2150570154),3323.0,1.917181015689658e-05,Clear or Partly Cloudy
39460,53066,53066,2188415,Matched,Block,,N 145TH ST BETWEEN WHITMAN AVE N AND AURORA AVE N,,,2,Injury Collision,Cycles,2,0,1,1,1,0,0,2006-04-01T00:00:00.000Z,4/1/2006,Driveway Junction,18,"MOTOR VEHICLE STRUCK PEDALCYCLIST, FRONT END AT ANGLE",,0,Overcast,Dry,Daylight,,6091012.0,,45.0,Vehicle - Pedalcyclist,0,0,N,POINT (1268278.018991515 271444.0834660083),13861.0,1.6472364145058773e-05,Overcast
39516,53612,53612,2607879,Matched,Intersection,29966.0,4TH AVE AND COLUMBIA ST,,,2,Injury Collision,Cycles,2,0,1,1,1,0,0,2006-07-30T00:00:00.000Z,7/30/2006 10:20:00 AM,At Intersection (intersection related),18,"MOTOR VEHICLE STRUCK PEDALCYCLIST, FRONT END AT ANGLE",,0,Clear or Partly Cloudy,Dry,Daylight,Y,6211007.0,,45.0,Vehicle - Pedalcyclist,0,0,N,POINT (1270826.14917013 224160.0462335944),11803.0,0.0,Clear or Partly Cloudy
39517,53997,53997,C672326,Matched,Block,,WOODLAND PARK AVE N BETWEEN N 43RD N ST AND N 44TH ST,,,2,Injury Collision,Cycles,2,0,1,1,1,0,0,2006-08-14T00:00:00.000Z,8/14/2006 6:00:00 PM,Mid-Block (not related to intersection),18,"MOTOR VEHICLE STRUCK PEDALCYCLIST, FRONT END AT ANGLE",,0,Clear or Partly Cloudy,Dry,Daylight,,6226050.0,,45.0,Vehicle - Pedalcyclist,0,0,N,POINT (1268021.132719249 244319.3355982453),3839.0,2.0317400602497486e-10,Clear or Partly Cloudy
39567,53625,53625,2058557,Matched,Block,,NW 80TH ST BETWEEN 3RD AVE NW AND 6TH AVE NW,,,1,Property Damage Only Collision,Cycles,2,0,1,1,0,0,0,2006-04-18T00:00:00.000Z,4/18/2006 8:40:00 AM,Mid-Block (not related to intersection),23,"MOTOR VEHICLE STRUCK PEDALCYCLIST, LEFT SIDE SIDESWIPE",,0,Clear or Partly Cloudy,Unknown,Daylight,,6108025.0,,45.0,Vehicle - Pedalcyclist,0,0,N,POINT (1263928.766891062 254313.3034164757),7536.0,4.4592137385451835e-06,Clear or Partly Cloudy
39574,53879,53879,2501676,Matched,Intersection,27149.0,15TH AVE NE AND NE PACIFIC ST,,,2,Injury Collision,Cycles,2,0,1,1,1,0,0,2006-07-26T00:00:00.000Z,7/26/2006 8:12:00 PM,At Intersection (intersection related),18,"MOTOR VEHICLE STRUCK PEDALCYCLIST, FRONT END AT ANGLE",,0,Clear or Partly Cloudy,Dry,Daylight,,6207049.0,,45.0,Vehicle - Pedalcyclist,0,0,N,POINT (1275885.728567302 241688.8779955506),1534.0,0.0,Clear or Partly Cloudy
39597,53886,53886,C675240,Matched,Block,,LAKE WASHINGTON BLVD S BETWEEN LAKE PARK DR S AND S HORTON NR ST,,,2,Injury Collision,Cycles,2,0,1,1,1,0,0,2006-10-06T00:00:00.000Z,10/6/2006,Mid-Block (not related to intersection),18,"MOTOR VEHICLE STRUCK PEDALCYCLIST, FRONT END AT ANGLE",,0,Overcast,Wet,Daylight,,6279065.0,,45.0,Vehicle - Pedalcyclist,0,0,N,POINT (1282466.716670036 214528.5998877287),16656.0,1.729022140382883e-05,Overcast
39757,54068,54068,1778364,Matched,Intersection,37246.0,15TH AVE NW AND NW 90TH S ST,,,2,Injury Collision,Cycles,2,0,1,1,1,0,0,2006-04-26T00:00:00.000Z,4/26/2006 4:09:00 PM,At Intersection (intersection related),51,PEDALCYCLIST STRUCK MOTOR VEHICLE FRONT END AT ANGLE,,0,Clear or Partly Cloudy,Dry,Daylight,,6116001.0,,45.0,Vehicle - Pedalcyclist,0,0,N,POINT (1260334.405159384 257052.4717392772),18302.0,0.0,Clear or Partly Cloudy
39816,54045,54045,2071029,Matched,Block,,YESLER WAY BETWEEN 8TH AVE AND BROADWAY,,,2,Injury Collision,Cycles,2,0,1,1,1,0,0,2006-05-10T00:00:00.000Z,5/10/2006 5:12:00 PM,Mid-Block (not related to intersection),51,PEDALCYCLIST STRUCK MOTOR VEHICLE FRONT END AT ANGLE,,0,Overcast,Dry,Daylight,,6130004.0,,45.0,Vehicle - Pedalcyclist,0,0,N,POINT (1273274.754868627 223032.7511284351),19067.0,7.448771059249651e-09,Overcast
39835,53571,53571,2624707,Matched,Intersection,24336.0,GREENWOOD AVE N AND N 70TH ST,,,2,Injury Collision,Cycles,2,0,1,1,1,0,0,2006-09-28T00:00:00.000Z,9/28/2006 11:27:00 AM,At Intersection (intersection related),11,"MOTOR VEHICLE STRUCK MOTOR VEHICLE, FRONT END AT ANGLE",,0,Clear or Partly Cloudy,Dry,Daylight,Y,6271005.0,,45.0,Vehicle - Pedalcyclist,0,0,N,POINT (1265516.704812691 251606.8381976932),4055.0,0.0,Clear or Partly Cloudy
39837,53953,53953,2614937,Matched,Intersection,30733.0,23RD AVE AND E YESLER WAY,,,2,Injury Collision,Cycles,2,0,1,1,1,0,0,2006-08-24T00:00:00.000Z,8/24/2006 2:50:00 PM,At Intersection (intersection related),18,"MOTOR VEHICLE STRUCK PEDALCYCLIST, FRONT END AT ANGLE",,0,Clear or Partly Cloudy,Dry,Daylight,Y,6236004.0,,45.0,Vehicle - Pedalcyclist,0,0,N,POINT (1278023.573305488 222928.8662003279),6963.0,0.0,Clear or Partly Cloudy
39935,53978,53978,2618606,Matched,Block,,PIKE ST BETWEEN 1ST AVE AND 2ND AVE,,,1,Property Damage Only Collision,Cycles,2,0,1,1,0,0,0,2006-08-02T00:00:00.000Z,8/2/2006,Mid-Block (not related to intersection),21,"MOTOR VEHICLE STRUCK PEDALCYCLIST, REAR END",,0,Clear or Partly Cloudy,Dry,Daylight,,6214037.0,,45.0,Vehicle - Pedalcyclist,0,0,N,POINT (1268920.272176176 225799.4231952727),3705.0,1.4131483945438125e-05,Clear or Partly Cloudy
39974,53603,53603,2188852,Matched,Intersection,287164.0,30TH AVE NE AND BURKE GILMAN TRL,,,2,Injury Collision,Cycles,2,0,1,1,1,0,0,2006-05-16T00:00:00.000Z,5/16/2006 6:13:00 PM,At Intersection (intersection related),18,"MOTOR VEHICLE STRUCK PEDALCYCLIST, FRONT END AT ANGLE",,0,Clear or Partly Cloudy,Dry,Daylight,,6136005.0,,45.0,Vehicle - Pedalcyclist,0,0,N,POINT (1280116.486459643 245793.1419357508),4875.0,0.0,Clear or Partly Cloudy
40043,54264,54264,2625259,Matched,Intersection,34815.0,45TH AVE SW AND SW WILDWOOD PL,,,1,Property Damage Only Collision,Cycles,2,0,1,1,0,0,0,2006-11-20T00:00:00.000Z,11/20/2006 8:23:00 AM,At Intersection (intersection related),18,"MOTOR VEHICLE STRUCK PEDALCYCLIST, FRONT END AT ANGLE",,0,Clear or Partly Cloudy,Wet,Daylight,Y,6324013.0,,45.0,Vehicle - Pedalcyclist,0,0,N,POINT (1255749.588770688 193858.8381385654),10049.0,0.0,Clear or Partly Cloudy
40096,54140,54140,2607378,Matched,Block,,4TH AVE BETWEEN MARION ST AND MADISON ST,,,2,Injury Collision,Cycles,2,1,1,0,2,0,0,2006-09-18T00:00:00.000Z,9/18/2006 11:50:00 AM,Mid-Block (not related to intersection),64,PEDALCYCLIST STRUCK PEDESTRIAN,,0,Clear or Partly Cloudy,Dry,Daylight,Y,6261008.0,,45.0,Vehicle - Pedalcyclist,0,0,N,POINT (1270592.654065877 224554.3581060022),5719.0,6.034133075247082e-06,Clear or Partly Cloudy
40097,54542,54542,2060335,Matched,Block,,WEST MARGINAL WAY S BETWEEN 1ST AVE S AND S HOLDEN ST,,,2,Injury Collision,Cycles,4,0,1,1,1,0,0,2006-02-09T00:00:00.000Z,2/9/2006,Mid-Block (not related to intersection),51,PEDALCYCLIST STRUCK MOTOR VEHICLE FRONT END AT ANGLE,,0,Clear or Partly Cloudy,Dry,Daylight,Y,6040005.0,,45.0,Vehicle - Pedalcyclist,0,0,N,POINT (1269864.917169139 199190.1390720308),20375.0,1.5064276571861121e-05,Clear or Partly Cloudy
40128,54277,54277,2615330,Matched,Intersection,29739.0,11TH AVE AND E PINE ST,,,2b,Serious Injury Collision,Cycles,2,0,1,1,1,1,0,2006-10-02T00:00:00.000Z,10/2/2006,At Intersection (intersection related),18,"MOTOR VEHICLE STRUCK PEDALCYCLIST, FRONT END AT ANGLE",,0,Clear or Partly Cloudy,Dry,Daylight,Y,6275004.0,,45.0,Vehicle - Pedalcyclist,0,0,N,POINT (1274216.837429598 227958.9433894902),28.0,0.0,Clear or Partly Cloudy
40197,54430,54430,2607536,Matched,Intersection,29533.0,4TH AVE AND BELL ST,,,2,Injury Collision,Cycles,3,0,1,1,1,0,0,2006-10-14T00:00:00.000Z,10/14/2006 10:27:00 PM,At Intersection (intersection related),18,"MOTOR VEHICLE STRUCK PEDALCYCLIST, FRONT END AT ANGLE",,0,Raining,Wet,Dark - Street Lights On,,6287003.0,,45.0,Vehicle - Pedalcyclist,0,0,N,POINT (1267861.633071095 228124.4253736585),398.0,0.0,Raining
40220,54441,54441,1930890,Matched,Block,,STONE WAY N BETWEEN N 38TH ST AND N 39TH ST,,,2,Injury Collision,Cycles,1,0,1,0,1,0,0,2006-06-30T00:00:00.000Z,6/30/2006 12:15:00 PM,Mid-Block (not related to intersection),66,PEDALCYCLIST STRUCK OBJECT IN ROAD,,0,Clear or Partly Cloudy,Dry,Daylight,,6181005.0,,45.0,Vehicle - Pedalcyclist,0,0,N,POINT (1268478.03998372 241992.2783158571),10391.0,4.096066534254264e-10,Clear or Partly Cloudy
40309,54334,54334,C668007,Matched,Intersection,27039.0,FREMONT AVE N AND N 34TH ST,,,2b,Serious Injury Collision,Cycles,2,0,1,1,1,1,0,2006-04-19T00:00:00.000Z,4/19/2006 4:10:00 PM,At Intersection (intersection related),18,"MOTOR VEHICLE STRUCK PEDALCYCLIST, FRONT END AT ANGLE",,0,Clear or Partly Cloudy,Dry,Daylight,,6109034.0,,45.0,Vehicle - Pedalcyclist,0,0,N,POINT (1266674.116909876 240632.7658664584),1223.0,0.0,Clear or Partly Cloudy
40340,54340,54340,2127705,Matched,Intersection,35126.0,14TH AVE S AND S HENDERSON ST,,,2,Injury Collision,Cycles,2,0,1,1,1,0,0,2006-05-22T00:00:00.000Z,5/22/2006 5:00:00 PM,At Intersection (intersection related),18,"MOTOR VEHICLE STRUCK PEDALCYCLIST, FRONT END AT ANGLE",,0,Clear or Partly Cloudy,Dry,Daylight,Y,6142004.0,,45.0,Vehicle - Pedalcyclist,0,0,N,POINT (1274356.265781745 194314.2209230363),4496.0,0.0,Clear or Partly Cloudy
40386,54344,54344,2069877,Matched,Intersection,26688.0,3RD AVE W AND W NICKERSON ST,,,2,Injury Collision,Cycles,3,0,1,2,1,0,0,2006-05-17T00:00:00.000Z,5/17/2006 7:02:00 PM,At Intersection (intersection related),18,"MOTOR VEHICLE STRUCK PEDALCYCLIST, FRONT END AT ANGLE",,0,Clear or Partly Cloudy,Dry,Daylight,Y,6137002.0,,45.0,Vehicle - Pedalcyclist,0,0,N,POINT (1263940.345131069 241139.0465709865),277.0,0.0,Clear or Partly Cloudy
40492,54376,54376,2617558,Matched,Intersection,26925.0,FREMONT AVE N AND N 45TH ST,,,2b,Serious Injury Collision,Cycles,2,0,1,1,1,1,0,2006-10-20T00:00:00.000Z,10/20/2006 6:30:00 AM,At Intersection (intersection related),18,"MOTOR VEHICLE STRUCK PEDALCYCLIST, FRONT END AT ANGLE",,0,Overcast,Wet,Dark - Street Lights On,,6293004.0,,45.0,Vehicle - Pedalcyclist,0,0,N,POINT (1266687.00190188 244939.2966868728),7050.0,0.0,Overcast
40516,54906,54906,2604046,Matched,Intersection,30757.0,23RD AVE S AND S JACKSON ST,,,1,Property Damage Only Collision,Cycles,2,0,1,1,0,0,0,2006-11-29T00:00:00.000Z,11/29/2006 3:30:00 PM,At Intersection (intersection related),18,"MOTOR VEHICLE STRUCK PEDALCYCLIST, FRONT END AT ANGLE",,0,Overcast,Ice,Daylight,,6333003.0,,45.0,Vehicle - Pedalcyclist,0,0,N,POINT (1278032.94802551 222058.1968874484),7760.0,0.0,Overcast