OBJECTID,INCKEY,COLDETKEY,REPORTNO,STATUS,ADDRTYPE,INTKEY,LOCATION,EXCEPTRSNC,EXCEPTRSND,SEVERITYCO,SEVERITYDE,COLLISIONT,PERSONCOUN,PEDCOUNT,PEDCYLCOUN,VEHCOUNT,INJURIES,SERIOUSINJ,FATALITIES,INCDATE,INCDTTM,JUNCTIONTY,SDOT_COLCO,SDOT_COLDE,INATTENTIO,UNDERINFL,WEATHER,ROADCOND,LIGHTCOND,PEDROWNOTG,SDOTCOLNUM,SPEEDING,ST_COLCODE,ST_COLDESC,SEGLANEKEY,CROSSWALKK,HITPARKEDC,geometry,near_str_index,min_length,weather_group
40584,55058,55058,C674674,Matched,Block,,LAKE CITY WAY NE BETWEEN NE 110TH ST AND NE NORTHGATE WAY,,,2,Injury Collision,Cycles,2,1,1,0,1,0,0,2006-09-23T00:00:00.000Z,9/23/2006 5:20:00 PM,Mid-Block (not related to intersection),64,PEDALCYCLIST STRUCK PEDESTRIAN,,0,Unknown,Unknown,Daylight,,6266038.0,,45.0,Vehicle - Pedalcyclist,0,0,N,POINT (1279106.783738598 262225.6941445768),18982.0,2.550175760256945e-05,
40587,55057,55057,2620391,Matched,Intersection,29051.0,HARVARD AVE E AND E OLIVE WAY,,,2,Injury Collision,Cycles,2,0,1,1,1,0,0,2006-10-30T00:00:00.000Z,10/30/2006 8:15:00 PM,At Intersection (intersection related),18,"MOTOR VEHICLE STRUCK PEDALCYCLIST, FRONT END AT ANGLE",,0,Clear or Partly Cloudy,Dry,Dark - Street Lights On,Y,6303004.0,,45.0,Vehicle - Pedalcyclist,0,0,N,POINT (1273251.7376526 229671.8081592321),760.0,0.0,Clear or Partly Cloudy
40687,55096,55096,2185192,Matched,Intersection,26092.0,17TH NB AVE NE AND NE 45TH ST,,,2,Injury Collision,Cycles,3,0,1,2,1,0,0,2006-02-08T00:00:00.000Z,2/8/2006,At Intersection (intersection related),18,"MOTOR VEHICLE STRUCK PEDALCYCLIST, FRONT END AT ANGLE",,0,Clear or Partly Cloudy,Dry,Daylight,,6039002.0,,45.0,Vehicle - Pedalcyclist,0,0,N,POINT (1276671.089464113 244695.8127826303),1401.0,0.0,Clear or Partly Cloudy
40689,54822,54822,2611564,Matched,Block,,NW LEARY WAY BETWEEN 11TH AVE NW AND 14TH AVE NW,,,2,Injury Collision,Cycles,2,0,1,1,1,0,0,2006-08-24T00:00:00.000Z,8/24/2006 12:39:00 PM,Mid-Block (not related to intersection),51,PEDALCYCLIST STRUCK MOTOR VEHICLE FRONT END AT ANGLE,,0,Clear or Partly Cloudy,Dry,Daylight,,6236003.0,,45.0,Vehicle - Pedalcyclist,0,0,N,POINT (1261248.595752314 245873.7752798349),14986.0,7.2846520320737375e-09,Clear or Partly Cloudy
40804,54717,54717,2612878,Matched,Intersection,34470.0,RAINIER AVE S AND S OTHELLO ST,,,2,Injury Collision,Cycles,2,0,1,1,1,0,0,2006-11-18T00:00:00.000Z,11/18/2006 4:42:00 PM,At Intersection (intersection related),18,"MOTOR VEHICLE STRUCK PEDALCYCLIST, FRONT END AT ANGLE",,0,Clear or Partly Cloudy,Dry,Dark - No Street Lights,,6322005.0,,45.0,Vehicle - Pedalcyclist,0,0,N,POINT (1285492.090689138 199179.9031040221),7840.0,0.0,Clear or Partly Cloudy
40856,54987,54987,2070810,Matched,Block,,BROADWAY BETWEEN HARVARD AVE AND E UNION ST,,,2,Injury Collision,Cycles,2,0,1,1,1,0,0,2006-03-13T00:00:00.000Z,3/13/2006 9:18:00 AM,Mid-Block (not related to intersection),51,PEDALCYCLIST STRUCK MOTOR VEHICLE FRONT END AT ANGLE,,0,Clear or Partly Cloudy,Dry,Daylight,Y,6072001.0,,45.0,Vehicle - Pedalcyclist,0,0,N,POINT (1273553.086004913 226825.0795803219),6210.0,0.0,Clear or Partly Cloudy
40914,55012,55012,2625344,Matched,Block,,DELRIDGE WAY SW BETWEEN SW GENESEE ST AND SW OREGON ST,,,2b,Serious Injury Collision,Cycles,2,0,1,1,1,1,0,2006-09-28T00:00:00.000Z,9/28/2006 5:30:00 PM,Mid-Block (not related to intersection),23,"MOTOR VEHICLE STRUCK PEDALCYCLIST, LEFT SIDE SIDESWIPE",,0,Clear or Partly Cloudy,Dry,Daylight,,6271039.0,,45.0,Vehicle - Pedalcyclist,0,0,N,POINT (1262703.086313799 209417.2815465033),3473.0,1.814200912570215e-05,Clear or Partly Cloudy
41072,55170,55170,1198491,Matched,Intersection,26897.0,STONE WAY N AND N 35TH ST,,,2,Injury Collision,Cycles,2,0,1,1,1,0,0,2006-05-18T00:00:00.000Z,5/18/2006 4:55:00 PM,At Intersection (intersection related),18,"MOTOR VEHICLE STRUCK PEDALCYCLIST, FRONT END AT ANGLE",,0,Clear or Partly Cloudy,Dry,Daylight,Y,6138011.0,,45.0,Vehicle - Pedalcyclist,0,0,N,POINT (1268401.595439643 240536.8288423717),6689.0,0.0,Clear or Partly Cloudy
41089,55185,55185,2400910,Matched,Block,,E PINE ST BETWEEN BOYLSTON AVE AND HARVARD AVE,,,2,Injury Collision,Cycles,2,0,1,1,1,0,0,2006-06-08T00:00:00.000Z,6/8/2006,Mid-Block (but intersection related),18,"MOTOR VEHICLE STRUCK PEDALCYCLIST, FRONT END AT ANGLE",,0,Overcast,Wet,Dusk,Y,6159009.0,,45.0,Vehicle - Pedalcyclist,0,0,N,POINT (1273078.540276423 227971.5406374931),9007.0,7.33977464862744e-06,Overcast
41097,55181,55181,2611913,Matched,Intersection,37387.0,DAYTON AVE N AND N 103RD ST,,,2,Injury Collision,Cycles,2,0,1,1,1,0,0,2006-11-18T00:00:00.000Z,11/18/2006 1:49:00 PM,At Intersection (intersection related),11,"MOTOR VEHICLE STRUCK MOTOR VEHICLE, FRONT END AT ANGLE",,0,Clear or Partly Cloudy,Dry,Daylight,Y,6322004.0,,45.0,Vehicle - Pedalcyclist,0,0,N,POINT (1266323.971117511 260354.3546226621),6278.0,0.0,Clear or Partly Cloudy
41117,55597,55597,2613579,Matched,Block,,35TH AVE SW BETWEEN SW AUSTIN ST AND SW IDA ST,,,2,Injury Collision,Cycles,2,0,1,1,1,0,0,2006-09-25T00:00:00.000Z,9/25/2006 6:30:00 PM,Driveway Junction,18,"MOTOR VEHICLE STRUCK PEDALCYCLIST, FRONT END AT ANGLE",,0,Clear or Partly Cloudy,Dry,Daylight,,6268035.0,,45.0,Vehicle - Pedalcyclist,0,0,N,POINT (1259211.348134235 198774.1227515936),5619.0,2.603265272378672e-05,Clear or Partly Cloudy
41138,55453,55453,2608888,Matched,Intersection,27932.0,15TH AVE W AND W BOSTON ST,,,2,Injury Collision,Cycles,2,0,1,1,1,0,0,2006-09-06T00:00:00.000Z,9/6/2006,At Intersection (intersection related),18,"MOTOR VEHICLE STRUCK PEDALCYCLIST, FRONT END AT ANGLE",Y,0,Clear or Partly Cloudy,Dry,Daylight,,6249003.0,,45.0,Vehicle - Pedalcyclist,0,0,N,POINT (1260087.910183132 236766.214566499),2409.0,0.0,Clear or Partly Cloudy
41211,55473,55473,2188128,Matched,Intersection,29603.0,2ND AVE AND UNIVERSITY ST,,,2,Injury Collision,Cycles,2,0,1,1,1,0,0,2006-06-14T00:00:00.000Z,6/14/2006 8:10:00 AM,At Intersection (intersection related),51,PEDALCYCLIST STRUCK MOTOR VEHICLE FRONT END AT ANGLE,,0,Clear or Partly Cloudy,Dry,Daylight,Y,6165009.0,,45.0,Vehicle - Pedalcyclist,0,0,N,POINT (1269492.709168762 225148.3088906109),2490.0,0.0,Clear or Partly Cloudy
41213,55472,55472,2108749,Matched,Intersection,26688.0,3RD AVE W AND W NICKERSON ST,,,2,Injury Collision,Cycles,2,0,1,1,1,0,0,2006-06-15T00:00:00.000Z,6/15/2006 7:12:00 AM,At Intersection (intersection related),18,"MOTOR VEHICLE STRUCK PEDALCYCLIST, FRONT END AT ANGLE",,0,Clear or Partly Cloudy,Dry,Daylight,Y,6166006.0,,45.0,Vehicle - Pedalcyclist,0,0,N,POINT (1263940.345131069 241139.0465709865),277.0,0.0,Clear or Partly Cloudy
41251,55633,55633,2618761,Matched,Block,,6TH AVE BETWEEN PIKE ST AND PINE ST,,,1,Property Damage Only Collision,Cycles,2,0,1,1,0,0,0,2006-12-19T00:00:00.000Z,12/19/2006 2:30:00 PM,Mid-Block (not related to intersection),56,PEDALCYCLIST STRUCK MOTOR VEHICLE LEFT SIDE SIDESWIPE,,0,Clear or Partly Cloudy,Dry,Daylight,,6353001.0,,45.0,Vehicle - Pedalcyclist,0,0,N,POINT (1270058.64222534 226720.3504282236),19694.0,1.570964774479554e-05,Clear or Partly Cloudy
41317,55640,55640,2616916,Matched,Intersection,29097.0,ALOHA ST AND EASTLAKE AVE E,,,2,Injury Collision,Cycles,2,0,1,1,1,0,0,2006-10-30T00:00:00.000Z,10/30/2006 7:47:00 PM,At Intersection (intersection related),18,"MOTOR VEHICLE STRUCK PEDALCYCLIST, FRONT END AT ANGLE",,0,Clear or Partly Cloudy,Dry,Dark - Street Lights On,,6303005.0,,45.0,Vehicle - Pedalcyclist,0,0,N,POINT (1271572.646450892 232250.4866898805),3501.0,0.0,Clear or Partly Cloudy
41326,55637,55637,2622909,Matched,Block,,WESTLAKE EAST RDWY AVE N BETWEEN CROCKETT ST AND MCGRAW ST,,,2,Injury Collision,Cycles,2,0,1,1,1,0,0,2006-09-05T00:00:00.000Z,9/5/2006,Driveway Junction,11,"MOTOR VEHICLE STRUCK MOTOR VEHICLE, FRONT END AT ANGLE",,0,Clear or Partly Cloudy,Dry,Daylight,,6248001.0,,45.0,Vehicle - Pedalcyclist,0,0,N,POINT (1268745.738031998 236685.6121984273),14855.0,3.015946251958239e-05,Clear or Partly Cloudy
41364,55376,55376,2614277,Matched,Intersection,287171.0,BURKE GILMAN TRL AND NE 65TH ST,,,2,Injury Collision,Cycles,2,0,1,1,1,0,0,2006-07-16T00:00:00.000Z,7/16/2006 2:18:00 PM,At Intersection (intersection related),18,"MOTOR VEHICLE STRUCK PEDALCYCLIST, FRONT END AT ANGLE",,0,Clear or Partly Cloudy,Dry,Daylight,Y,6197020.0,,45.0,Vehicle - Pedalcyclist,0,0,N,POINT (1287350.799683049 249775.8573318273),11616.0,0.0,Clear or Partly Cloudy
41365,55631,55631,2615252,Matched,Block,,EASTLAKE AVE E BETWEEN E LYNN ST AND E LOUISA ST,,,2,Injury Collision,Cycles,2,0,1,1,1,0,0,2006-07-20T00:00:00.000Z,7/20/2006 9:13:00 AM,Mid-Block (not related to intersection),56,PEDALCYCLIST STRUCK MOTOR VEHICLE LEFT SIDE SIDESWIPE,,0,Clear or Partly Cloudy,Dry,Daylight,,6201005.0,,45.0,Vehicle - Pedalcyclist,0,0,N,POINT (1272491.78142783 237340.4494470954),17909.0,2.8952388918938843e-05,Clear or Partly Cloudy
41385,55262,55262,2617329,Matched,Block,,MONTLAKE BR BETWEEN MONTLAKE BLVD E AND POINT A,,,2,Injury Collision,Cycles,1,0,1,0,1,0,0,2006-09-28T00:00:00.000Z,9/28/2006 7:44:00 PM,Mid-Block (not related to intersection),69,PEDALCYCLIST OVERTURNED IN ROAD,,0,Clear or Partly Cloudy,Other,Dark - Street Lights On,,6271009.0,,45.0,Vehicle - Pedalcyclist,0,0,N,POINT (1277780.709689245 239527.463337332),9791.0,1.2902455047347215e-06,Clear or Partly Cloudy
41444,55272,55272,2280002,Matched,Intersection,35274.0,RENTON AVE S AND S HENDERSON ST,,,2,Injury Collision,Cycles,2,0,1,1,1,0,0,2006-04-23T00:00:00.000Z,4/23/2006 4:25:00 PM,At Intersection (intersection related),18,"MOTOR VEHICLE STRUCK PEDALCYCLIST, FRONT END AT ANGLE",,0,Clear or Partly Cloudy,Dry,Daylight,Y,6113031.0,,45.0,Vehicle - Pedalcyclist,0,0,N,POINT (1283885.015359491 194231.6929229498),11160.0,0.0,Clear or Partly Cloudy
41457,55405,55405,2188203,Matched,Intersection,24909.0,35TH AVE NE AND NE 77TH ST,,,2,Injury Collision,Cycles,2,0,1,1,1,0,0,2006-04-04T00:00:00.000Z,4/4/2006,At Intersection (intersection related),18,"MOTOR VEHICLE STRUCK PEDALCYCLIST, FRONT END AT ANGLE",,0,Clear or Partly Cloudy,Dry,Daylight,,6094012.0,,45.0,Vehicle - Pedalcyclist,0,0,N,POINT (1281508.964669064 253213.0083113462),4235.0,0.0,Clear or Partly Cloudy
41458,55142,55142,2188342,Matched,Intersection,287172.0,BURKE GILMAN TRL AND NE 70TH ST,,,2,Injury Collision,Cycles,2,0,1,1,1,0,0,2006-04-29T00:00:00.000Z,4/29/2006 2:31:00 PM,At Intersection (intersection related),18,"MOTOR VEHICLE STRUCK PEDALCYCLIST, FRONT END AT ANGLE",,0,Raining,Wet,Daylight,,6119001.0,,45.0,Vehicle - Pedalcyclist,0,0,N,POINT (1287683.49088338 251095.8747411817),9161.0,0.0,Raining
41479,55544,55544,2070030,Matched,Block,,ALASKAN WAY BETWEEN VINE ST AND CLAY ST,,,2,Injury Collision,Cycles,2,0,1,1,1,0,0,2006-05-03T00:00:00.000Z,5/3/2006,Driveway Junction,51,PEDALCYCLIST STRUCK MOTOR VEHICLE FRONT END AT ANGLE,,0,Clear or Partly Cloudy,Dry,Daylight,,6123001.0,,45.0,Vehicle - Pedalcyclist,0,0,N,POINT (1265591.06423676 227627.3577251434),21288.0,5.0245207272725325e-09,Clear or Partly Cloudy
41494,55154,55154,2608715,Matched,Block,,W DRAVUS ST BETWEEN 15TH AV W SB OFF RP AND 16TH AVE W,,,2,Injury Collision,Cycles,2,0,1,1,1,0,0,2006-08-12T00:00:00.000Z,8/12/2006 1:25:00 PM,Mid-Block (but intersection related),21,"MOTOR VEHICLE STRUCK PEDALCYCLIST, REAR END",Y,0,Clear or Partly Cloudy,Dry,Daylight,,6224001.0,,45.0,Vehicle - Pedalcyclist,0,0,N,POINT (1259918.744038954 240358.5581221879),4780.0,2.8251914651006228e-06,Clear or Partly Cloudy
41526,55293,55293,2620398,Matched,Block,,E OLIVE WAY BETWEEN SUMMIT AVE E AND E JOHN ST,,,2,Injury Collision,Cycles,2,0,1,1,1,0,0,2006-11-01T00:00:00.000Z,11/1/2006,Driveway Junction,18,"MOTOR VEHICLE STRUCK PEDALCYCLIST, FRONT END AT ANGLE",,0,Clear or Partly Cloudy,Dry,Daylight,Y,6305006.0,,45.0,Vehicle - Pedalcyclist,0,0,N,POINT (1272600.543667942 229456.8583350182),9852.0,8.518760906156732e-06,Clear or Partly Cloudy
41573,56087,56087,1796411,Matched,Intersection,30430.0,12TH AVE S AND S KING ST,,,2,Injury Collision,Cycles,2,0,1,1,1,0,0,2006-04-27T00:00:00.000Z,4/27/2006 10:33:00 AM,At Intersection (intersection related),51,PEDALCYCLIST STRUCK MOTOR VEHICLE FRONT END AT ANGLE,,0,Clear or Partly Cloudy,Dry,Daylight,,6117004.0,,45.0,Vehicle - Pedalcyclist,0,0,N,POINT (1274327.555381715 221785.0008551627),9996.0,0.0,Clear or Partly Cloudy
41640,55977,55977,2615855,Matched,Block,,M L KING JR WR WAY S BETWEEN S ORCAS ST AND S RAYMOND ST,,,2,Injury Collision,Cycles,2,0,1,1,1,0,0,2006-07-07T00:00:00.000Z,7/7/2006,Mid-Block (not related to intersection),23,"MOTOR VEHICLE STRUCK PEDALCYCLIST, LEFT SIDE SIDESWIPE",,0,Clear or Partly Cloudy,Dry,Daylight,,6188002.0,,45.0,Vehicle - Pedalcyclist,0,0,N,POINT (1281365.291452914 203868.4303408116),4903.0,6.097233906008315e-06,Clear or Partly Cloudy
41649,55980,55980,2624776,Matched,Intersection,27132.0,8TH AVE NE AND NE 40 UPPER ST,,,2,Injury Collision,Cycles,2,0,1,1,1,0,0,2006-08-25T00:00:00.000Z,8/25/2006 1:53:00 PM,At Intersection (intersection related),18,"MOTOR VEHICLE STRUCK PEDALCYCLIST, FRONT END AT ANGLE",,0,Clear or Partly Cloudy,Dry,Daylight,Y,6237013.0,,45.0,Vehicle - Pedalcyclist,0,0,N,POINT (1274099.247669473 242774.8707006574),1388.0,0.0,Clear or Partly Cloudy
41654,55979,55979,2620402,Matched,Intersection,28342.0,24TH AVE E AND E ROANOKE ST,,,2,Injury Collision,Cycles,2,0,1,1,1,0,0,2006-07-06T00:00:00.000Z,7/6/2006,At Intersection (intersection related),18,"MOTOR VEHICLE STRUCK PEDALCYCLIST, FRONT END AT ANGLE",,0,Overcast,Dry,Daylight,,6187002.0,,45.0,Vehicle - Pedalcyclist,0,0,N,POINT (1278384.332345858 238057.6209038198),1159.0,0.0,Overcast
41694,56112,56112,2405517,Matched,Intersection,27180.0,LATONA AVE NE AND NE 45TH ST,,,1,Property Damage Only Collision,Cycles,2,0,1,1,0,0,0,2006-08-16T00:00:00.000Z,8/16/2006 5:30:00 PM,At Intersection (intersection related),18,"MOTOR VEHICLE STRUCK PEDALCYCLIST, FRONT END AT ANGLE",,0,Unknown,Unknown,Unknown,Y,6228030.0,,45.0,Vehicle - Pedalcyclist,0,0,N,POINT (1272829.279028177 244800.8552147299),17466.0,0.0,
41727,55996,55996,2622532,Matched,Intersection,27035.0,FREMONT AVE N AND FREMONT PL N,,,2,Injury Collision,Cycles,2,0,1,1,1,0,0,2006-08-03T00:00:00.000Z,8/3/2006,At Intersection (intersection related),18,"MOTOR VEHICLE STRUCK PEDALCYCLIST, FRONT END AT ANGLE",,0,Clear or Partly Cloudy,Dry,Daylight,,6215028.0,,45.0,Vehicle - Pedalcyclist,0,0,N,POINT (1266658.612013862 240940.0040107816),6356.0,0.0,Clear or Partly Cloudy
41732,55881,55881,2608380,Matched,Block,,ALASKAN WAY BETWEEN LENORA ST AND BLANCHARD ST,,,2,Injury Collision,Cycles,5,0,1,1,1,0,0,2006-09-02T00:00:00.000Z,9/2/2006,Mid-Block (not related to intersection),14,"MOTOR VEHICLE STRUCK MOTOR VEHICLE, REAR END",Y,0,Clear or Partly Cloudy,Dry,Daylight,,6245008.0,,45.0,Vehicle - Pedalcyclist,0,0,N,POINT (1267081.411438286 226318.6523158103),15341.0,2.4766131918249388e-06,Clear or Partly Cloudy
41738,56143,56143,2128538,Matched,Block,,VALLEY ST BETWEEN BOREN AVE N AND FAIRVIEW AVE N,,,2,Injury Collision,Cycles,2,0,1,1,1,0,0,2006-02-07T00:00:00.000Z,2/7/2006,Driveway Junction,18,"MOTOR VEHICLE STRUCK PEDALCYCLIST, FRONT END AT ANGLE",,0,Clear or Partly Cloudy,Dry,Dark - Street Lights On,,6038005.0,,45.0,Vehicle - Pedalcyclist,0,0,N,POINT (1270117.445617393 231877.4257614911),22957.0,1.5573605971811952e-05,Clear or Partly Cloudy
41756,55887,55887,2606551,Matched,Block,,E DENNY WAY BETWEEN BELLEVUE AVE AND E OLIVE WAY,,,1,Property Damage Only Collision,Cycles,2,0,1,1,0,0,0,2006-10-08T00:00:00.000Z,10/8/2006,Mid-Block (not related to intersection),23,"MOTOR VEHICLE STRUCK PEDALCYCLIST, LEFT SIDE SIDESWIPE",,0,Clear or Partly Cloudy,Dry,Daylight,,6281006.0,,45.0,Vehicle - Pedalcyclist,0,0,N,POINT (1272262.016691595 229177.486110732),17221.0,0.0,Clear or Partly Cloudy
41795,56018,56018,2618051,Matched,Intersection,27244.0,LATONA AVE NE AND NE PACIFIC ST,,,2,Injury Collision,Cycles,2,0,1,1,1,0,0,2006-09-05T00:00:00.000Z,9/5/2006,At Intersection (intersection related),51,PEDALCYCLIST STRUCK MOTOR VEHICLE FRONT END AT ANGLE,,0,Clear or Partly Cloudy,Dry,Daylight,,6248007.0,,45.0,Vehicle - Pedalcyclist,0,0,N,POINT (1272637.023795977 242449.5139003247),7415.0,0.0,Clear or Partly Cloudy
41890,55796,55796,2191866,Matched,Block,,2ND AVE BETWEEN PIKE ST AND PINE ST,,,2,Injury Collision,Cycles,2,0,1,1,1,0,0,2006-01-04T00:00:00.000Z,1/4/2006,Driveway Junction,18,"MOTOR VEHICLE STRUCK PEDALCYCLIST, FRONT END AT ANGLE",,0,Clear or Partly Cloudy,Dry,Daylight,Y,6004002.0,,45.0,Vehicle - Pedalcyclist,0,0,N,POINT (1268950.511472195 226064.2551955432),9591.0,1.6780158607627556e-05,Clear or Partly Cloudy
41900,55791,55791,2614435,Matched,Intersection,24573.0,LATONA AVE NE AND EAST GREEN LAKE DR N,,,2,Injury Collision,Cycles,2,0,1,1,1,0,0,2006-08-09T00:00:00.000Z,8/9/2006,At Intersection (intersection related),28,MOTOR VEHICLE RAN OFF ROAD - HIT FIXED OBJECT,,0,Clear or Partly Cloudy,Dry,Daylight,Y,6221002.0,,45.0,Vehicle - Pedalcyclist,0,0,N,POINT (1272386.552627727 252220.6916383356),17956.0,0.0,Clear or Partly Cloudy
41925,55923,55923,2070678,Matched,Intersection,29739.0,11TH AVE AND E PINE ST,,,2,Injury Collision,Cycles,3,0,1,1,1,0,0,2006-03-01T00:00:00.000Z,3/1/2006,At Intersection (intersection related),18,"MOTOR VEHICLE STRUCK PEDALCYCLIST, FRONT END AT ANGLE",,0,Clear or Partly Cloudy,Dry,Dark - Street Lights On,Y,6060009.0,,45.0,Vehicle - Pedalcyclist,0,0,N,POINT (1274216.837429598 227958.9433894902),28.0,0.0,Clear or Partly Cloudy
41972,56049,56049,2401876,Matched,Alley,,,,,2,Injury Collision,Cycles,2,0,1,1,1,0,0,2006-05-09T00:00:00.000Z,5/9/2006,Mid-Block (not related to intersection),22,"MOTOR VEHICLE STRUCK PEDALCYCLIST, RIGHT SIDE SIDESWIPE",,0,Clear or Partly Cloudy,Dry,Daylight,,6129006.0,,45.0,Vehicle - Pedalcyclist,0,0,N,,,,Clear or Partly Cloudy
41982,56046,56046,1796415,Matched,Block,,18TH AVE BETWEEN E JEFFERSON ST AND E CHERRY ST,,,2b,Serious Injury Collision,Cycles,2,0,1,1,1,1,0,2006-05-12T00:00:00.000Z,5/12/2006 4:00:00 PM,Mid-Block (not related to intersection),18,"MOTOR VEHICLE STRUCK PEDALCYCLIST, FRONT END AT ANGLE",,0,Clear or Partly Cloudy,Dry,Daylight,Y,6132002.0,,45.0,Vehicle - Pedalcyclist,0,0,N,POINT (1276434.194359869 224940.0924423933),16204.0,6.7193591569768366e-06,Clear or Partly Cloudy
42031,55694,55694,2108674,Matched,Block,,4TH AVE BETWEEN UNIVERSITY ST AND UNION ST,,,2,Injury Collision,Cycles,2,0,1,1,1,0,0,2006-04-10T00:00:00.000Z,4/10/2006 7:55:00 AM,Mid-Block (but intersection related),21,"MOTOR VEHICLE STRUCK PEDALCYCLIST, REAR END",,0,Overcast,Dry,Daylight,,6100003.0,,45.0,Vehicle - Pedalcyclist,0,0,N,POINT (1269938.670385212 225659.230939135),5720.0,4.469455794161105e-06,Overcast
42057,56216,56216,2191891,Matched,Intersection,29865.0,BOREN AVE AND OLIVE WAY,,,2,Injury Collision,Cycles,2,0,1,1,1,0,0,2006-03-15T00:00:00.000Z,3/15/2006 5:17:00 PM,At Intersection (intersection related),23,"MOTOR VEHICLE STRUCK PEDALCYCLIST, LEFT SIDE SIDESWIPE",,0,Clear or Partly Cloudy,Dry,Daylight,,6074004.0,,45.0,Vehicle - Pedalcyclist,0,0,N,POINT (1271118.433586419 228090.2473256141),640.0,0.0,Clear or Partly Cloudy
42085,56353,56353,2624615,Matched,Intersection,25951.0,30TH AVE NE AND NE BLAKELEY N ST,,,2,Injury Collision,Cycles,2,0,2,0,1,0,0,2006-10-04T00:00:00.000Z,10/4/2006,At Intersection (intersection related),11,"MOTOR VEHICLE STRUCK MOTOR VEHICLE, FRONT END AT ANGLE",,0,Clear or Partly Cloudy,Dry,Daylight,,6277002.0,,45.0,Vehicle - Pedalcyclist,0,0,N,POINT (1280120.387387633 246046.1820640117),2747.0,0.0,Clear or Partly Cloudy
42118,56348,56348,2404502,Matched,Intersection,33134.0,CARLETON AVE S AND S BAILEY ST,,,2,Injury Collision,Cycles,3,0,2,1,2,0,0,2006-05-21T00:00:00.000Z,5/21/2006 2:00:00 AM,At Intersection (intersection related),18,"MOTOR VEHICLE STRUCK PEDALCYCLIST, FRONT END AT ANGLE",,1,Clear or Partly Cloudy,Dry,Dark - Street Lights On,,6141001.0,,45.0,Vehicle - Pedalcyclist,0,0,N,POINT (1273246.921780601 203206.4290601313),6236.0,0.0,Clear or Partly Cloudy
42121,56622,56622,2410767,Matched,Block,,WESTERN AVE BETWEEN CLAY ST AND BROAD ST,,,2,Injury Collision,Cycles,3,0,1,1,1,0,0,2006-06-03T00:00:00.000Z,6/3/2006,Mid-Block (not related to intersection),64,PEDALCYCLIST STRUCK PEDESTRIAN,,0,Clear or Partly Cloudy,Dry,Daylight,,6154002.0,,45.0,Vehicle - Pedalcyclist,0,0,N,POINT (1265658.192940831 228387.5053099245),8948.0,0.0,Clear or Partly Cloudy
42141,56234,56234,C672044,Matched,Block,,SW ADMIRAL WAY BETWEEN 41ST AVE SW AND 42ND AVE SW,,,2,Injury Collision,Cycles,2,0,1,1,1,0,0,2006-07-27T00:00:00.000Z,7/27/2006 1:00:00 PM,Mid-Block (not related to intersection),18,"MOTOR VEHICLE STRUCK PEDALCYCLIST, FRONT END AT ANGLE",,0,Clear or Partly Cloudy,Dry,Daylight,,6208046.0,,45.0,Vehicle - Pedalcyclist,0,0,N,POINT (1257599.500324577 215855.5605930835),19292.0,7.446781953655814e-09,Clear or Partly Cloudy
42177,56379,56379,2071140,Matched,Block,,E PINE ST BETWEEN 11TH AVE AND 12TH AVE,,,1,Property Damage Only Collision,Cycles,2,0,1,1,0,0,0,2006-05-23T00:00:00.000Z,5/23/2006 7:34:00 AM,Mid-Block (not related to intersection),56,PEDALCYCLIST STRUCK MOTOR VEHICLE LEFT SIDE SIDESWIPE,,0,Clear or Partly Cloudy,Dry,Daylight,,6143006.0,,45.0,Vehicle - Pedalcyclist,0,0,N,POINT (1274377.808565766 227957.5790374875),16047.0,6.314708627297818e-11,Clear or Partly Cloudy
42233,56518,56518,2190950,Matched,Intersection,35625.0,4TH AVE NW AND NW 130TH ST,,,2,Injury Collision,Cycles,2,0,1,1,1,0,0,2006-04-21T00:00:00.000Z,4/21/2006 3:00:00 PM,At Intersection (intersection related),18,"MOTOR VEHICLE STRUCK PEDALCYCLIST, FRONT END AT ANGLE",,0,Clear or Partly Cloudy,Dry,Daylight,,6111027.0,Y,45.0,Vehicle - Pedalcyclist,0,0,N,POINT (1264114.122027248 267564.8731580377),1556.0,0.0,Clear or Partly Cloudy
42238,56385,56385,2610505,Matched,Block,,NE RAVENNA WB BV BETWEEN 21ST AVE NE AND NE PARK RD,,,2,Injury Collision,Cycles,2,0,1,1,1,0,0,2006-09-18T00:00:00.000Z,9/18/2006 11:46:00 AM,Mid-Block (not related to intersection),66,PEDALCYCLIST STRUCK OBJECT IN ROAD,,0,Overcast,Wet,Daylight,,6261006.0,,45.0,Vehicle - Pedalcyclist,0,0,N,POINT (1277879.20748134 247692.331633687),7423.0,1.591415379398516e-05,Overcast
42274,56680,56680,C673373,Matched,Intersection,25949.0,25TH AVE NE AND NE BLAKELEY ST,,,2,Injury Collision,Cycles,2,0,1,1,1,0,0,2006-05-26T00:00:00.000Z,5/26/2006 6:30:00 PM,At Intersection (intersection related),18,"MOTOR VEHICLE STRUCK PEDALCYCLIST, FRONT END AT ANGLE",,0,Clear or Partly Cloudy,Dry,Daylight,,6146039.0,,45.0,Vehicle - Pedalcyclist,0,0,N,POINT (1278900.484922394 246480.058544457),210.0,0.0,Clear or Partly Cloudy
42301,56275,56275,2614452,Matched,Intersection,24584.0,WOODLAWN AVE NE AND NE RAVENNA EB BV,,,2,Injury Collision,Cycles,2,0,1,1,1,0,0,2006-11-16T00:00:00.000Z,11/16/2006 7:05:00 PM,At Intersection (intersection related),51,PEDALCYCLIST STRUCK MOTOR VEHICLE FRONT END AT ANGLE,,0,Clear or Partly Cloudy,Dry,Dark - Street Lights On,,6320004.0,,45.0,Vehicle - Pedalcyclist,0,0,N,POINT (1272981.585204333 251150.9403412342),4285.0,0.0,Clear or Partly Cloudy