OBJECTID,INCKEY,COLDETKEY,REPORTNO,STATUS,ADDRTYPE,INTKEY,LOCATION,EXCEPTRSNC,EXCEPTRSND,SEVERITYCO,SEVERITYDE,COLLISIONT,PERSONCOUN,PEDCOUNT,PEDCYLCOUN,VEHCOUNT,INJURIES,SERIOUSINJ,FATALITIES,INCDATE,INCDTTM,JUNCTIONTY,SDOT_COLCO,SDOT_COLDE,INATTENTIO,UNDERINFL,WEATHER,ROADCOND,LIGHTCOND,PEDROWNOTG,SDOTCOLNUM,SPEEDING,ST_COLCODE,ST_COLDESC,SEGLANEKEY,CROSSWALKK,HITPARKEDC,geometry,near_str_index,min_length,weather_group
45264,59626,59626,1796444,Matched,Block,,LAKE WASHINGTON BLVD S BETWEEN LAKESIDE AVE S AND LAKE PARK DR S,,,1,Property Damage Only Collision,Cycles,2,0,1,1,0,0,0,2006-05-14T00:00:00.000Z,5/14/2006 3:17:00 PM,Mid-Block (not related to intersection),23,"MOTOR VEHICLE STRUCK PEDALCYCLIST, LEFT SIDE SIDESWIPE",,0,Clear or Partly Cloudy,Dry,Daylight,,6134001.0,,45.0,Vehicle - Pedalcyclist,0,0,N,POINT (1281466.821053013 216509.8284977674),21066.0,5.896784313651222e-07,Clear or Partly Cloudy
45333,59804,59804,2606913,Matched,Block,,S COLUMBIAN WAY BETWEEN 15TH S AVE S AND S OREGON W ST,,,2,Injury Collision,Cycles,3,0,1,1,1,0,0,2006-12-01T00:00:00.000Z,12/1/2006,Mid-Block (not related to intersection),51,PEDALCYCLIST STRUCK MOTOR VEHICLE FRONT END AT ANGLE,,0,Overcast,Wet,Daylight,,6335001.0,,45.0,Vehicle - Pedalcyclist,0,0,N,POINT (1275030.697526425 209205.212298274),20205.0,0.0,Overcast
45361,59525,59525,2070254,Matched,Intersection,28889.0,ROY ST AND TAYLOR AVE N,,,2b,Serious Injury Collision,Cycles,2,0,1,1,1,1,0,2006-05-17T00:00:00.000Z,5/17/2006 7:01:00 PM,At Intersection (intersection related),51,PEDALCYCLIST STRUCK MOTOR VEHICLE FRONT END AT ANGLE,,0,Clear or Partly Cloudy,Dry,Daylight,,6137031.0,,45.0,Vehicle - Pedalcyclist,0,0,N,POINT (1267360.416814581 231800.5743694156),944.0,0.0,Clear or Partly Cloudy
45375,59523,59523,2071436,Matched,Intersection,24312.0,AURORA AVE N AND WINONA AVE N,,,2,Injury Collision,Cycles,2,0,1,1,1,0,0,2006-05-26T00:00:00.000Z,5/26/2006 3:21:00 PM,At Intersection (intersection related),18,"MOTOR VEHICLE STRUCK PEDALCYCLIST, FRONT END AT ANGLE",,0,Clear or Partly Cloudy,Dry,Daylight,,6146003.0,,45.0,Vehicle - Pedalcyclist,0,0,N,POINT (1268208.763695449 252708.8106788248),1040.0,0.0,Clear or Partly Cloudy
45462,59420,59420,2185373,Matched,Intersection,24585.0,4TH AVE NE AND EAST GREEN LAKE WAY N,,,1,Property Damage Only Collision,Cycles,2,0,1,1,0,0,0,2006-06-16T00:00:00.000Z,6/16/2006 5:05:00 PM,At Intersection (intersection related),18,"MOTOR VEHICLE STRUCK PEDALCYCLIST, FRONT END AT ANGLE",,0,Clear or Partly Cloudy,Dry,Daylight,Y,6167008.0,,45.0,Vehicle - Pedalcyclist,0,0,N,POINT (1272525.154355869 251086.389173165),2964.0,0.0,Clear or Partly Cloudy
45481,59686,59686,2607417,Matched,Intersection,30365.0,1ST AVE S AND S JACKSON ST,,,2,Injury Collision,Cycles,2,0,1,1,1,0,0,2006-09-12T00:00:00.000Z,9/12/2006 3:50:00 PM,At Intersection (intersection related),51,PEDALCYCLIST STRUCK MOTOR VEHICLE FRONT END AT ANGLE,,0,Clear or Partly Cloudy,Dry,Daylight,,6255004.0,,45.0,Vehicle - Pedalcyclist,0,0,N,POINT (1270150.066225424 222182.4193515629),1802.0,0.0,Clear or Partly Cloudy
45542,59703,59703,2401081,Matched,Block,,24TH AVE E BETWEEN DEAD END 1 AND E NORTH ST,,,2,Injury Collision,Cycles,2,0,1,1,1,0,0,2006-06-22T00:00:00.000Z,6/22/2006 4:21:00 PM,Driveway Junction,51,PEDALCYCLIST STRUCK MOTOR VEHICLE FRONT END AT ANGLE,,0,Clear or Partly Cloudy,Dry,Daylight,,6173006.0,,45.0,Vehicle - Pedalcyclist,0,0,N,POINT (1278367.880761847 238225.2573200017),23407.0,2.59851800096384e-05,Clear or Partly Cloudy
45655,59327,59327,2624511,Matched,Intersection,26843.0,DENSMORE AVE N AND N 40TH ST,,,2b,Serious Injury Collision,Cycles,2,0,1,1,1,1,0,2006-10-18T00:00:00.000Z,10/18/2006 7:13:00 PM,At Intersection (intersection related),18,"MOTOR VEHICLE STRUCK PEDALCYCLIST, FRONT END AT ANGLE",,0,Raining,Wet,Dark - Street Lights On,,6291009.0,,45.0,Vehicle - Pedalcyclist,0,0,N,POINT (1269747.729201019 242785.2189886719),693.0,0.0,Raining
45671,59994,59994,2607716,Matched,Block,,STEWART ST BETWEEN 8TH AVE AND 9TH AVE,,,2,Injury Collision,Cycles,2,0,1,1,1,0,0,2006-08-15T00:00:00.000Z,8/15/2006 9:27:00 AM,Driveway Junction,18,"MOTOR VEHICLE STRUCK PEDALCYCLIST, FRONT END AT ANGLE",,0,Clear or Partly Cloudy,Dry,Daylight,,6227041.0,,45.0,Vehicle - Pedalcyclist,0,0,N,POINT (1270097.299889371 228049.8687015772),19038.0,5.014234262537953e-09,Clear or Partly Cloudy
45690,59862,59862,2618077,Matched,Intersection,25792.0,BROOKLYN AVE NE AND NE 50TH ST,,,2,Injury Collision,Cycles,2,0,1,1,1,0,0,2006-09-05T00:00:00.000Z,9/5/2006,At Intersection (intersection related),18,"MOTOR VEHICLE STRUCK PEDALCYCLIST, FRONT END AT ANGLE",,0,Clear or Partly Cloudy,Dry,Daylight,Y,6248003.0,,45.0,Vehicle - Pedalcyclist,0,0,N,POINT (1275539.245622948 246048.9179360121),652.0,0.0,Clear or Partly Cloudy
45702,59998,59998,2608214,Matched,Intersection,29657.0,BROAD ST AND DENNY WAY,,,2,Injury Collision,Cycles,2,0,1,1,1,0,0,2006-10-27T00:00:00.000Z,10/27/2006 8:19:00 AM,At Intersection (intersection related),18,"MOTOR VEHICLE STRUCK PEDALCYCLIST, FRONT END AT ANGLE",Y,0,Clear or Partly Cloudy,Dry,Daylight,Y,6300001.0,,45.0,Vehicle - Pedalcyclist,0,0,N,POINT (1266301.37143749 229327.3396788836),690.0,0.0,Clear or Partly Cloudy
45715,60009,60009,C669638,Matched,Intersection,30793.0,HIAWATHA PL S AND S CHARLES ST,,,2,Injury Collision,Cycles,2,0,1,1,1,0,0,2006-06-06T00:00:00.000Z,6/6/2006,At Intersection (intersection related),18,"MOTOR VEHICLE STRUCK PEDALCYCLIST, FRONT END AT ANGLE",,0,Clear or Partly Cloudy,Dry,Daylight,,6157054.0,,45.0,Vehicle - Pedalcyclist,0,0,N,POINT (1276300.119095728 220322.2322136611),763.0,0.0,Clear or Partly Cloudy
45759,60275,60275,C668087,Matched,Intersection,27167.0,UNIVERSITY WAY NE AND NE PACIFIC ST,,,2,Injury Collision,Cycles,2,0,1,1,1,0,0,2006-04-28T00:00:00.000Z,4/28/2006 5:30:00 PM,At Intersection (intersection related),18,"MOTOR VEHICLE STRUCK PEDALCYCLIST, FRONT END AT ANGLE",,0,Clear or Partly Cloudy,Dry,Daylight,,6118049.0,,45.0,Vehicle - Pedalcyclist,0,0,N,POINT (1275674.208311081 241847.4433717132),2203.0,0.0,Clear or Partly Cloudy
45794,60147,60147,2622814,Matched,Block,,HOWELL ST BETWEEN BOREN AVE AND MINOR AVE,,,1,Property Damage Only Collision,Cycles,2,0,1,1,0,0,0,2006-12-23T00:00:00.000Z,12/23/2006 4:30:00 PM,Mid-Block (not related to intersection),23,"MOTOR VEHICLE STRUCK PEDALCYCLIST, LEFT SIDE SIDESWIPE",,0,Clear or Partly Cloudy,Dry,Dark - Street Lights On,,6357001.0,,45.0,Vehicle - Pedalcyclist,0,0,N,POINT (1271061.342386365 228476.7083820105),6426.0,9.475761275340016e-06,Clear or Partly Cloudy
45795,59898,59898,2185363,Matched,Block,,N 45TH ST BETWEEN SUNNYSIDE AVE N AND EASTERN AVE N,,,2b,Serious Injury Collision,Cycles,2,0,1,1,1,1,0,2006-03-03T00:00:00.000Z,3/3/2006,Mid-Block (not related to intersection),56,PEDALCYCLIST STRUCK MOTOR VEHICLE LEFT SIDE SIDESWIPE,,0,Clear or Partly Cloudy,Dry,Daylight,,6062007.0,,45.0,Vehicle - Pedalcyclist,0,0,N,POINT (1271730.542387053 244830.2742867619),9056.0,1.5950430834439635e-05,Clear or Partly Cloudy
45832,60159,60159,2624560,Matched,Block,,N NORTHGATE WAY BETWEEN MIDVALE AVE N AND STONE AVE N,,,2,Injury Collision,Cycles,2,0,1,1,1,0,0,2006-09-09T00:00:00.000Z,9/9/2006,Mid-Block (not related to intersection),21,"MOTOR VEHICLE STRUCK PEDALCYCLIST, REAR END",,0,Raining,Wet,Dark - Street Lights On,,6252009.0,,45.0,Vehicle - Pedalcyclist,0,0,N,POINT (1268815.92427206 260824.0382071435),23304.0,1.8683814742921052e-05,Raining
45834,60158,60158,2618151,Matched,Intersection,27093.0,ROOSEVELT WAY NE AND NE 42ND S ST,,,2,Injury Collision,Cycles,2,0,1,1,1,0,0,2006-09-11T00:00:00.000Z,9/11/2006 11:14:00 PM,At Intersection (intersection related),18,"MOTOR VEHICLE STRUCK PEDALCYCLIST, FRONT END AT ANGLE",,0,Clear or Partly Cloudy,Dry,Dark - Street Lights On,Y,6254002.0,,45.0,Vehicle - Pedalcyclist,0,0,N,POINT (1274602.278453991 243369.3024452627),15971.0,0.0,Clear or Partly Cloudy
45838,60156,60156,2608894,Matched,Block,,4TH AVE S BETWEEN S WASHINGTON ST AND S MAIN ST,,,2,Injury Collision,Cycles,2,0,1,1,1,0,0,2006-10-13T00:00:00.000Z,10/13/2006 12:40:00 PM,Driveway Junction,18,"MOTOR VEHICLE STRUCK PEDALCYCLIST, FRONT END AT ANGLE",,0,Unknown,Unknown,Daylight,Y,6286001.0,,45.0,Vehicle - Pedalcyclist,0,0,N,POINT (1271447.613554761 222614.0247280151),2971.0,2.082735031432948e-05,
45878,59918,59918,2020844,Matched,Block,,N 85TH ST BETWEEN LINDEN AVE N AND AURORA AVE N,,,2b,Serious Injury Collision,Cycles,2,0,1,1,1,1,0,2006-04-10T00:00:00.000Z,4/10/2006 5:30:00 PM,Driveway Junction,18,"MOTOR VEHICLE STRUCK PEDALCYCLIST, FRONT END AT ANGLE",,0,Clear or Partly Cloudy,Dry,Daylight,Y,6100005.0,,45.0,Vehicle - Pedalcyclist,0,0,N,POINT (1267924.252463147 255558.0565697402),15368.0,2.108748633669969e-05,Clear or Partly Cloudy
45961,60073,60073,C672711,Matched,Intersection,28393.0,24TH AVE E AND E NORTH ST,,,1,Property Damage Only Collision,Cycles,2,0,1,1,0,0,0,2006-08-16T00:00:00.000Z,8/16/2006 4:50:00 PM,At Intersection (intersection related),51,PEDALCYCLIST STRUCK MOTOR VEHICLE FRONT END AT ANGLE,,0,Clear or Partly Cloudy,Dry,Daylight,,6228038.0,,45.0,Vehicle - Pedalcyclist,0,0,N,POINT (1278368.908089846 238270.3976080418),2601.0,0.0,Clear or Partly Cloudy
45981,60197,60197,2623759,Matched,Block,,BOREN AVE S BETWEEN E YESLER WAY AND 12TH AVE S TURN RD,,,2,Injury Collision,Cycles,5,0,1,1,1,0,0,2006-12-07T00:00:00.000Z,12/7/2006,Mid-Block (but intersection related),11,"MOTOR VEHICLE STRUCK MOTOR VEHICLE, FRONT END AT ANGLE",,0,Overcast,Wet,Dark - Street Lights On,Y,6341003.0,,45.0,Vehicle - Pedalcyclist,0,0,N,POINT (1274265.715381652 222919.5001843274),3394.0,2.9024370187948944e-05,Overcast
46007,59957,59957,2622254,Matched,Intersection,29739.0,11TH AVE AND E PINE ST,,,2,Injury Collision,Cycles,2,0,1,1,1,0,0,2006-08-25T00:00:00.000Z,8/25/2006 6:51:00 PM,At Intersection (intersection related),18,"MOTOR VEHICLE STRUCK PEDALCYCLIST, FRONT END AT ANGLE",,0,Clear or Partly Cloudy,Dry,Daylight,Y,6237019.0,,45.0,Vehicle - Pedalcyclist,0,0,N,POINT (1274216.837429598 227958.9433894902),28.0,0.0,Clear or Partly Cloudy
46028,60206,60206,2618027,Matched,Intersection,27149.0,15TH AVE NE AND NE PACIFIC ST,,,1,Property Damage Only Collision,Cycles,3,0,1,1,0,0,0,2006-09-02T00:00:00.000Z,9/2/2006,At Intersection (intersection related),18,"MOTOR VEHICLE STRUCK PEDALCYCLIST, FRONT END AT ANGLE",,0,Clear or Partly Cloudy,Dry,Daylight,Y,6245007.0,,45.0,Vehicle - Pedalcyclist,0,0,N,POINT (1275885.728567302 241688.8779955506),1534.0,0.0,Clear or Partly Cloudy
46120,59850,59850,2018653,Matched,Block,,BEACH DR SW BETWEEN SW BEACH DRIVE TER AND SW CANADA DR,,,1,Property Damage Only Collision,Cycles,2,0,1,1,0,0,0,2006-03-23T00:00:00.000Z,3/23/2006 9:11:00 PM,Mid-Block (not related to intersection),18,"MOTOR VEHICLE STRUCK PEDALCYCLIST, FRONT END AT ANGLE",,0,Clear or Partly Cloudy,Dry,Dark - Street Lights On,Y,6082027.0,,45.0,Vehicle - Pedalcyclist,0,0,N,POINT (1253479.738656357 206991.1114320159),18898.0,2.2828750559145457e-05,Clear or Partly Cloudy
46181,60511,60511,2061109,Matched,Intersection,27114.0,7TH AVE NE AND NE 40TH ST,,,1,Property Damage Only Collision,Cycles,2,0,1,1,0,0,0,2006-01-03T00:00:00.000Z,1/3/2006,At Intersection (intersection related),18,"MOTOR VEHICLE STRUCK PEDALCYCLIST, FRONT END AT ANGLE",,0,Clear or Partly Cloudy,Wet,Daylight,Y,6003008.0,,45.0,Vehicle - Pedalcyclist,0,0,N,POINT (1273838.842165202 242792.6606526673),1388.0,0.0,Clear or Partly Cloudy
46243,60657,60657,2187709,Matched,Intersection,30444.0,DEARBORN OFF RP AND S DEARBORN ST,,,2,Injury Collision,Cycles,2,0,1,1,1,0,0,2006-02-22T00:00:00.000Z,2/22/2006 10:54:00 AM,At Intersection (intersection related),51,PEDALCYCLIST STRUCK MOTOR VEHICLE FRONT END AT ANGLE,,0,Overcast,Dry,Daylight,,6053003.0,,45.0,Vehicle - Pedalcyclist,0,0,N,POINT (1273287.891764641 220890.7895262539),7667.0,0.0,Overcast
46294,60808,60808,2070289,Matched,Intersection,29592.0,2ND AVE AND PIKE ST,,,2,Injury Collision,Cycles,3,0,1,1,1,0,0,2006-05-26T00:00:00.000Z,5/26/2006 9:59:00 PM,At Intersection (intersection related),51,PEDALCYCLIST STRUCK MOTOR VEHICLE FRONT END AT ANGLE,,0,Clear or Partly Cloudy,Dry,Dark - Street Lights On,,6146004.0,,45.0,Vehicle - Pedalcyclist,0,0,N,POINT (1269058.773296311 225881.3874193579),135.0,0.0,Clear or Partly Cloudy
46382,60695,60695,2608656,Matched,Block,,6TH AVE BETWEEN BELL ST AND BATTERY ST,,,2,Injury Collision,Cycles,2,0,1,1,1,0,0,2006-07-19T00:00:00.000Z,7/19/2006 8:49:00 AM,Mid-Block (not related to intersection),18,"MOTOR VEHICLE STRUCK PEDALCYCLIST, FRONT END AT ANGLE",,0,Clear or Partly Cloudy,Dry,Daylight,,6200008.0,,45.0,Vehicle - Pedalcyclist,0,0,N,POINT (1268137.477039367 228743.8794542849),22797.0,2.8608480863603333e-06,Clear or Partly Cloudy
46385,60694,60694,2621011,Matched,Intersection,29878.0,BOREN AVE AND PIKE ST,,,2,Injury Collision,Cycles,2,0,1,1,1,0,0,2006-07-20T00:00:00.000Z,7/20/2006 9:45:00 PM,At Intersection (intersection related),18,"MOTOR VEHICLE STRUCK PEDALCYCLIST, FRONT END AT ANGLE",,0,Clear or Partly Cloudy,Dry,Dark - Street Lights On,Y,6201007.0,,45.0,Vehicle - Pedalcyclist,0,0,N,POINT (1271552.335410863 227358.0148768723),6588.0,0.0,Clear or Partly Cloudy
46413,60829,60829,2615293,Matched,Block,,26TH AVE E BETWEEN BOYER AVE E AND E NEWTON ST,,,2b,Serious Injury Collision,Cycles,2,0,1,1,1,1,0,2006-12-07T00:00:00.000Z,12/7/2006,Mid-Block (but intersection related),51,PEDALCYCLIST STRUCK MOTOR VEHICLE FRONT END AT ANGLE,,0,Overcast,Dry,Daylight,,6341001.0,,45.0,Vehicle - Pedalcyclist,0,0,N,POINT (1278968.479994461 235403.2652531117),8511.0,1.7366605418985038e-05,Overcast
46419,60568,60568,2192155,Matched,Intersection,30543.0,MAYNARD AVE S AND S DEARBORN ST,,,2,Injury Collision,Cycles,2,0,1,1,1,0,0,2006-04-10T00:00:00.000Z,4/10/2006 8:38:00 PM,At Intersection (intersection related),51,PEDALCYCLIST STRUCK MOTOR VEHICLE FRONT END AT ANGLE,,0,Clear or Partly Cloudy,Dry,Dark - Street Lights On,,6100006.0,,45.0,Vehicle - Pedalcyclist,0,0,N,POINT (1272375.796019703 220909.8349022716),3657.0,0.0,Clear or Partly Cloudy
46440,60582,60582,2625680,Matched,Intersection,33753.0,CALIFORNIA AVE SW AND SW BEVERIDGE PL,,,2,Injury Collision,Cycles,2,0,1,1,1,0,0,2006-11-03T00:00:00.000Z,11/3/2006,At Intersection (intersection related),51,PEDALCYCLIST STRUCK MOTOR VEHICLE FRONT END AT ANGLE,,0,Raining,Wet,Dark - Street Lights On,,6307005.0,,45.0,Vehicle - Pedalcyclist,0,0,N,POINT (1256674.261027634 202792.7363877147),9735.0,0.0,Raining
46463,60446,60446,2618138,Matched,Intersection,36792.0,SAND POINT WAY NE AND NE 106TH ST,,,2,Injury Collision,Cycles,2,0,1,1,1,0,0,2006-10-06T00:00:00.000Z,10/6/2006,At Intersection (intersection related),18,"MOTOR VEHICLE STRUCK PEDALCYCLIST, FRONT END AT ANGLE",,0,Raining,Wet,Daylight,Y,6279032.0,,45.0,Vehicle - Pedalcyclist,0,0,N,POINT (1284658.195776284 260531.0568308383),4101.0,0.0,Raining
46516,60337,60337,2058630,Matched,Intersection,26916.0,BURKE AVE N AND N NORTHLAKE WAY,,,2,Injury Collision,Cycles,2,0,1,1,1,0,0,2006-04-25T00:00:00.000Z,4/25/2006 6:36:00 PM,At Intersection (but not related to intersection),18,"MOTOR VEHICLE STRUCK PEDALCYCLIST, FRONT END AT ANGLE",,0,Clear or Partly Cloudy,Dry,Daylight,Y,6115007.0,,45.0,Vehicle - Pedalcyclist,0,0,N,POINT (1270247.452977523 239571.4920093715),7139.0,0.0,Clear or Partly Cloudy
46548,60340,60340,2187669,Matched,Block,,DEXTER AVE N BETWEEN HIGHLAND DR AND COMSTOCK ST,,,2,Injury Collision,Cycles,2,0,1,1,1,0,0,2006-04-24T00:00:00.000Z,4/24/2006 8:14:00 AM,Mid-Block (not related to intersection),56,PEDALCYCLIST STRUCK MOTOR VEHICLE LEFT SIDE SIDESWIPE,,0,Clear or Partly Cloudy,Dry,Daylight,,6114010.0,,45.0,Vehicle - Pedalcyclist,0,0,N,POINT (1268370.450863615 233507.7053151727),8780.0,1.6527839516039307e-05,Clear or Partly Cloudy
46549,60596,60596,1216470,Matched,Intersection,37393.0,EVANSTON AVE N AND N 102ND ST,,,2,Injury Collision,Cycles,2,0,1,1,1,0,0,2006-05-12T00:00:00.000Z,5/12/2006 6:54:00 PM,At Intersection (intersection related),51,PEDALCYCLIST STRUCK MOTOR VEHICLE FRONT END AT ANGLE,,0,Clear or Partly Cloudy,Dry,Daylight,,6132004.0,,45.0,Vehicle - Pedalcyclist,0,0,N,POINT (1266780.325677976 260078.5084783733),1187.0,0.0,Clear or Partly Cloudy
46653,60765,60765,2405309,Matched,Block,,12TH AVE NE BETWEEN NE 63RD ST AND NE 64TH ST,,,2,Injury Collision,Cycles,2,0,1,1,1,0,0,2006-06-21T00:00:00.000Z,6/21/2006 6:08:00 PM,Mid-Block (not related to intersection),18,"MOTOR VEHICLE STRUCK PEDALCYCLIST, FRONT END AT ANGLE",,0,Clear or Partly Cloudy,Dry,Daylight,Y,6172001.0,,45.0,Vehicle - Pedalcyclist,0,0,N,POINT (1275250.434358656 249578.1838596165),19419.0,5.395187840374843e-06,Clear or Partly Cloudy
46696,61170,61170,2023448,Matched,Intersection,27297.0,MONTLAKE BLVD NE AND NE PACIFIC PL,,,2,Injury Collision,Cycles,2,0,1,1,1,0,0,2006-05-06T00:00:00.000Z,5/6/2006,At Intersection (intersection related),18,"MOTOR VEHICLE STRUCK PEDALCYCLIST, FRONT END AT ANGLE",,0,Overcast,Dry,Daylight,Y,6126003.0,,45.0,Vehicle - Pedalcyclist,0,0,N,POINT (1277981.094969451 240958.2542507946),7414.0,0.0,Overcast
46764,60918,60918,2279864,Matched,Block,,MONTLAKE BLVD E BETWEEN E SHELBY ST AND MONTLAKE BR,,,2,Injury Collision,Cycles,2,0,1,1,1,0,0,2006-03-17T00:00:00.000Z,3/17/2006 8:30:00 AM,Mid-Block (not related to intersection),23,"MOTOR VEHICLE STRUCK PEDALCYCLIST, LEFT SIDE SIDESWIPE",,0,Overcast,Wet,Daylight,Y,6076010.0,,45.0,Vehicle - Pedalcyclist,0,0,N,POINT (1277776.145273238 239328.7498011291),13777.0,7.3728717560047576e-06,Overcast
46805,60932,60932,2026487,Matched,Intersection,287145.0,BURKE GILMAN TRL AND NW 41ST ST,,,2,Injury Collision,Cycles,2,0,1,1,1,0,0,2006-03-09T00:00:00.000Z,3/9/2006,At Intersection (intersection related),18,"MOTOR VEHICLE STRUCK PEDALCYCLIST, FRONT END AT ANGLE",,0,Clear or Partly Cloudy,Dry,Daylight,,6068003.0,,45.0,Vehicle - Pedalcyclist,0,0,N,POINT (1263230.42487435 243379.3082052767),11615.0,0.0,Clear or Partly Cloudy
46863,60954,60954,1077134,Matched,Intersection,33135.0,CORSON AVE S AND S MICHIGAN ST,,,2,Injury Collision,Cycles,2,0,1,1,1,0,0,2006-06-20T00:00:00.000Z,6/20/2006 9:43:00 PM,At Intersection (intersection related),18,"MOTOR VEHICLE STRUCK PEDALCYCLIST, FRONT END AT ANGLE",,0,Clear or Partly Cloudy,Dry,Dark - Street Lights On,Y,6171002.0,,45.0,Vehicle - Pedalcyclist,0,0,N,POINT (1272930.271796271 203265.831556201),1843.0,0.0,Clear or Partly Cloudy
46918,60967,60967,2603644,Matched,Block,,WINONA AVE N BETWEEN AURORA AVE N AND STONE AVE N,,,2,Injury Collision,Cycles,2,0,1,1,1,0,0,2006-09-27T00:00:00.000Z,9/27/2006 4:58:00 PM,Mid-Block (not related to intersection),18,"MOTOR VEHICLE STRUCK PEDALCYCLIST, FRONT END AT ANGLE",Y,0,Clear or Partly Cloudy,Dry,Daylight,,6270002.0,,45.0,Vehicle - Pedalcyclist,0,0,N,POINT (1268429.024559662 252845.2575269639),17042.0,1.0156502660789878e-06,Clear or Partly Cloudy
46927,61097,61097,2127908,Matched,Block,,HIGHLAND PARK WAY SW BETWEEN 2ND AVE SW AND WEST MARGINAL WAY SW,,,3,Fatality Collision,Cycles,2,0,1,1,0,0,1,2006-03-17T00:00:00.000Z,3/17/2006 1:01:00 PM,Mid-Block (not related to intersection),18,"MOTOR VEHICLE STRUCK PEDALCYCLIST, FRONT END AT ANGLE",,0,Clear or Partly Cloudy,Dry,Daylight,,6076001.0,Y,45.0,Vehicle - Pedalcyclist,0,0,N,POINT (1268385.284399629 200697.2083215714),21800.0,2.741545457875173e-05,Clear or Partly Cloudy
46986,61238,61238,2616426,Matched,Block,,SW GRAHAM ST BETWEEN LANHAM PL SW AND 34TH AVE SW,,,1,Property Damage Only Collision,Cycles,2,0,1,1,0,0,0,2006-12-27T00:00:00.000Z,12/27/2006 4:55:00 PM,Mid-Block (not related to intersection),18,"MOTOR VEHICLE STRUCK PEDALCYCLIST, FRONT END AT ANGLE",,0,Overcast,Wet,Dark - Street Lights On,,6361003.0,,45.0,Vehicle - Pedalcyclist,0,0,N,POINT (1259913.251366943 203202.3146921396),22286.0,2.5244242640334844e-05,Overcast
47016,61340,61340,2603566,Matched,Block,,N 38TH ST BETWEEN FREMONT WAY N AND FREMONT TURN RD,,,1,Property Damage Only Collision,Cycles,3,0,1,1,0,0,0,2006-10-23T00:00:00.000Z,10/23/2006 5:13:00 PM,Mid-Block (not related to intersection),21,"MOTOR VEHICLE STRUCK PEDALCYCLIST, REAR END",Y,0,Clear or Partly Cloudy,Dry,Daylight,,6296004.0,,45.0,Vehicle - Pedalcyclist,0,0,N,POINT (1267091.569198295 241720.5094195753),21847.0,2.2876640898642262e-06,Clear or Partly Cloudy
47080,60999,60999,2390642,Matched,Intersection,26673.0,LEARY WAY NW AND NW 39TH ST,,,1,Property Damage Only Collision,Cycles,2,0,1,1,0,0,0,2006-04-18T00:00:00.000Z,4/18/2006 8:12:00 AM,At Intersection (intersection related),18,"MOTOR VEHICLE STRUCK PEDALCYCLIST, FRONT END AT ANGLE",Y,0,Clear or Partly Cloudy,Dry,Daylight,Y,6108028.0,,45.0,Vehicle - Pedalcyclist,0,0,N,POINT (1264164.958763301 242344.6294202209),3623.0,0.0,Clear or Partly Cloudy
47160,61284,61284,2390738,Matched,Block,,NE 45TH ST BETWEEN UNIVERSITY WAY NE AND 15TH AVE NE,,,2,Injury Collision,Cycles,2,0,1,1,1,0,0,2006-04-26T00:00:00.000Z,4/26/2006 9:21:00 PM,Driveway Junction,18,"MOTOR VEHICLE STRUCK PEDALCYCLIST, FRONT END AT ANGLE",,0,Clear or Partly Cloudy,Dry,Dusk,Y,6116003.0,,45.0,Vehicle - Pedalcyclist,0,0,N,POINT (1275919.362807333 244712.5918546468),16279.0,1.2081009833932566e-05,Clear or Partly Cloudy
47212,61822,61822,2622183,Matched,Intersection,29408.0,MCGILVRA BLVD E AND E GALER ST,,,2,Injury Collision,Cycles,2,0,1,1,1,0,0,2006-08-27T00:00:00.000Z,8/27/2006 5:28:00 PM,At Intersection (intersection related),18,"MOTOR VEHICLE STRUCK PEDALCYCLIST, FRONT END AT ANGLE",,0,Clear or Partly Cloudy,Dry,Daylight,Y,6239010.0,,45.0,Vehicle - Pedalcyclist,0,0,N,POINT (1283419.714623019 233952.2466916293),10352.0,0.0,Clear or Partly Cloudy
47214,61428,61428,C674143,Matched,Block,,SEAVIEW AVE NW BETWEEN NW 61ST ST AND NW 67TH ST,,,2,Injury Collision,Cycles,2,0,1,1,1,0,0,2006-09-11T00:00:00.000Z,9/11/2006 8:30:00 PM,Driveway Junction,18,"MOTOR VEHICLE STRUCK PEDALCYCLIST, FRONT END AT ANGLE",,0,Unknown,Unknown,Unknown,,6254034.0,,45.0,Vehicle - Pedalcyclist,0,0,N,POINT (1252911.162911773 250142.3932681978),19036.0,3.0751829384555464e-05,
47241,61439,61439,2625165,Matched,Intersection,29972.0,5TH AVE AND JAMES ST,,,2,Injury Collision,Cycles,2,0,1,1,1,0,0,2006-09-25T00:00:00.000Z,9/25/2006 9:20:00 AM,At Intersection (intersection related),24,MOTOR VEHCILE STRUCK PEDESTRIAN,Y,0,Clear or Partly Cloudy,Dry,Daylight,Y,6268001.0,,45.0,Vehicle - Pedalcyclist,0,0,N,POINT (1271415.525426731 223796.8638972193),3108.0,0.0,Clear or Partly Cloudy
47261,61695,61695,2128224,Matched,Block,,E MADISON ST BETWEEN 15TH AVE AND 16TH AVE,,,2,Injury Collision,Cycles,3,0,1,1,1,0,0,2006-01-18T00:00:00.000Z,1/18/2006 7:48:00 AM,Driveway Junction,18,"MOTOR VEHICLE STRUCK PEDALCYCLIST, FRONT END AT ANGLE",,0,Clear or Partly Cloudy,Wet,Dawn,Y,6018015.0,,45.0,Vehicle - Pedalcyclist,0,0,N,POINT (1275703.881015122 227754.2320932746),9845.0,6.420281679624856e-09,Clear or Partly Cloudy