OBJECTID,INCKEY,COLDETKEY,REPORTNO,STATUS,ADDRTYPE,INTKEY,LOCATION,EXCEPTRSNC,EXCEPTRSND,SEVERITYCO,SEVERITYDE,COLLISIONT,PERSONCOUN,PEDCOUNT,PEDCYLCOUN,VEHCOUNT,INJURIES,SERIOUSINJ,FATALITIES,INCDATE,INCDTTM,JUNCTIONTY,SDOT_COLCO,SDOT_COLDE,INATTENTIO,UNDERINFL,WEATHER,ROADCOND,LIGHTCOND,PEDROWNOTG,SDOTCOLNUM,SPEEDING,ST_COLCODE,ST_COLDESC,SEGLANEKEY,CROSSWALKK,HITPARKEDC,geometry,near_str_index,min_length,weather_group
47267,61842,61842,2191711,Matched,Intersection,26447.0,GILMAN AVE W AND W EMERSON PL,,,2,Injury Collision,Cycles,3,0,1,1,1,0,0,2006-02-06T00:00:00.000Z,2/6/2006,At Intersection (intersection related),51,PEDALCYCLIST STRUCK MOTOR VEHICLE FRONT END AT ANGLE,,0,Clear or Partly Cloudy,Dry,Daylight,,6037001.0,,45.0,Vehicle - Pedalcyclist,0,0,N,POINT (1257668.481060654 243104.1906369925),8210.0,0.0,Clear or Partly Cloudy
47329,61724,61724,1796151,Matched,Intersection,29060.0,15TH AVE E AND E JOHN SR ST,,,2,Injury Collision,Cycles,2,0,1,1,1,0,0,2006-01-13T00:00:00.000Z,1/13/2006 1:20:00 PM,At Intersection (intersection related),18,"MOTOR VEHICLE STRUCK PEDALCYCLIST, FRONT END AT ANGLE",,0,Raining,Wet,Daylight,Y,6013076.0,,45.0,Vehicle - Pedalcyclist,0,0,N,POINT (1275588.554807007 229541.2504630983),17446.0,0.0,Raining
47381,61607,61607,2617179,Matched,Intersection,29612.0,2ND AVE AND SENECA ST,,,2,Injury Collision,Cycles,2,0,1,1,1,0,0,2006-09-09T00:00:00.000Z,9/9/2006,At Intersection (intersection related),51,PEDALCYCLIST STRUCK MOTOR VEHICLE FRONT END AT ANGLE,,0,Clear or Partly Cloudy,Dry,Dark - Street Lights On,,6252001.0,,45.0,Vehicle - Pedalcyclist,0,0,N,POINT (1269648.583728924 224885.0384903401),2490.0,0.0,Clear or Partly Cloudy
47479,61902,61902,2618737,Matched,Block,,ALASKAN WAY BETWEEN LENORA ST AND BLANCHARD ST,,,2,Injury Collision,Cycles,2,0,1,1,1,0,0,2006-09-07T00:00:00.000Z,9/7/2006,Driveway Junction,18,"MOTOR VEHICLE STRUCK PEDALCYCLIST, FRONT END AT ANGLE",,0,Clear or Partly Cloudy,Dry,Daylight,Y,6250001.0,,45.0,Vehicle - Pedalcyclist,0,0,N,POINT (1267081.411438286 226318.6523158103),15341.0,2.4766131918249388e-06,Clear or Partly Cloudy
47576,61782,61782,2623480,Matched,Intersection,29161.0,SUMMIT AVE E AND E OLIVE WAY,,,2,Injury Collision,Cycles,2,0,1,1,1,0,0,2006-11-08T00:00:00.000Z,11/8/2006,At Intersection (intersection related),18,"MOTOR VEHICLE STRUCK PEDALCYCLIST, FRONT END AT ANGLE",,0,Raining,Wet,Dark - Street Lights On,Y,6312005.0,,45.0,Vehicle - Pedalcyclist,0,0,N,POINT (1272484.614195824 229321.0292788744),975.0,0.0,Raining
47648,61666,61666,2178709,Matched,Block,,N 34TH ST BETWEEN WOODLAND PARK AVE N AND STONE WAY N,,,2,Injury Collision,Cycles,2,0,1,1,1,0,0,2006-02-28T00:00:00.000Z,2/28/2006 5:04:00 PM,Driveway Junction,18,"MOTOR VEHICLE STRUCK PEDALCYCLIST, FRONT END AT ANGLE",,0,Clear or Partly Cloudy,Dry,Daylight,Y,6059005.0,,45.0,Vehicle - Pedalcyclist,0,0,N,POINT (1268229.432751462 240254.514986068),16565.0,7.2360952601115865e-09,Clear or Partly Cloudy
47659,61661,61661,C674679,Matched,Intersection,23890.0,18TH AVE NW AND NW 77TH ST,,,2,Injury Collision,Cycles,2,0,1,1,1,0,0,2006-09-19T00:00:00.000Z,9/19/2006 3:00:00 PM,At Intersection (intersection related),11,"MOTOR VEHICLE STRUCK MOTOR VEHICLE, FRONT END AT ANGLE",,0,Clear or Partly Cloudy,Dry,Daylight,,6262043.0,,45.0,Vehicle - Pedalcyclist,0,0,N,POINT (1259476.8722305 253706.3802158535),7532.0,0.0,Clear or Partly Cloudy
47667,61549,61549,2071839,Matched,Intersection,29893.0,8TH AVE AND PIKE ST,,,2b,Serious Injury Collision,Cycles,2,1,1,0,2,1,0,2006-06-30T00:00:00.000Z,6/30/2006 8:12:00 AM,At Intersection (intersection related),64,PEDALCYCLIST STRUCK PEDESTRIAN,,0,Clear or Partly Cloudy,Dry,Daylight,,6181003.0,,45.0,Vehicle - Pedalcyclist,0,0,N,POINT (1270720.985650018 226865.1572763622),564.0,0.0,Clear or Partly Cloudy
47703,62335,62335,2614437,Matched,Intersection,25793.0,UNIVERSITY WAY NE AND NE 50TH ST,,,1,Property Damage Only Collision,Cycles,2,0,1,1,0,0,0,2006-08-27T00:00:00.000Z,8/27/2006 3:18:00 PM,At Intersection (intersection related),51,PEDALCYCLIST STRUCK MOTOR VEHICLE FRONT END AT ANGLE,Y,0,Clear or Partly Cloudy,Dry,Daylight,,6239002.0,,45.0,Vehicle - Pedalcyclist,0,0,N,POINT (1275819.041847229 246040.7075040042),999.0,0.0,Clear or Partly Cloudy
47706,61683,61683,1791187,Matched,Intersection,30134.0,16TH AVE AND E PINE ST,,,2,Injury Collision,Cycles,2,0,1,1,1,0,0,2006-05-16T00:00:00.000Z,5/16/2006 7:18:00 PM,At Intersection (intersection related),51,PEDALCYCLIST STRUCK MOTOR VEHICLE FRONT END AT ANGLE,,0,Clear or Partly Cloudy,Dry,Daylight,,6136042.0,,45.0,Vehicle - Pedalcyclist,0,0,N,POINT (1275868.608823285 227935.6348454654),3936.0,0.0,Clear or Partly Cloudy
47725,61550,61550,2187520,Matched,Block,,23RD AVE W BETWEEN W EMERSON PL AND W ELMORE ST,,,2,Injury Collision,Cycles,2,0,1,1,1,0,0,2006-06-30T00:00:00.000Z,6/30/2006 11:28:00 AM,Mid-Block (but intersection related),51,PEDALCYCLIST STRUCK MOTOR VEHICLE FRONT END AT ANGLE,,0,Clear or Partly Cloudy,Dry,Daylight,,6181002.0,,45.0,Vehicle - Pedalcyclist,0,0,N,POINT (1257809.422244787 243452.5369413495),2594.0,1.5959102270873777e-05,Clear or Partly Cloudy
47754,62208,62208,2803694,Matched,Intersection,27167.0,UNIVERSITY WAY NE AND NE PACIFIC ST,,,2,Injury Collision,Cycles,2,0,1,1,1,0,0,2006-12-09T00:00:00.000Z,12/9/2006,At Intersection (intersection related),18,"MOTOR VEHICLE STRUCK PEDALCYCLIST, FRONT END AT ANGLE",,0,Clear or Partly Cloudy,Dry,Daylight,,6343037.0,,45.0,Vehicle - Pedalcyclist,0,0,N,POINT (1275674.208311081 241847.4433717132),2203.0,0.0,Clear or Partly Cloudy
47786,61962,61962,2623191,Matched,Intersection,30337.0,E ALDER ST AND E SPRUCE ST,,,2,Injury Collision,Cycles,2,0,1,1,1,0,0,2006-09-30T00:00:00.000Z,9/30/2006 5:46:00 PM,At Intersection (intersection related),18,"MOTOR VEHICLE STRUCK PEDALCYCLIST, FRONT END AT ANGLE",,0,Clear or Partly Cloudy,Dry,Daylight,Y,6273005.0,,45.0,Vehicle - Pedalcyclist,0,0,N,POINT (1281979.397949547 223660.6265850812),1058.0,0.0,Clear or Partly Cloudy
47842,62110,62110,2625701,Matched,Intersection,35192.0,5TH AVE S AND S HENDERSON ST,,,2,Injury Collision,Cycles,2,0,1,1,1,0,0,2006-10-25T00:00:00.000Z,10/25/2006 1:20:00 PM,At Intersection (intersection related),18,"MOTOR VEHICLE STRUCK PEDALCYCLIST, FRONT END AT ANGLE",Y,0,Overcast,Dry,Daylight,,6298001.0,,45.0,Vehicle - Pedalcyclist,0,0,N,POINT (1271074.226482376 194391.9911631048),14712.0,0.0,Overcast
47867,62393,62393,2069901,Matched,Block,,WESTLAKE AVE N BETWEEN NEWELL ST AND NICKERSON ST,,,2b,Serious Injury Collision,Cycles,2,0,1,1,1,1,0,2006-05-18T00:00:00.000Z,5/18/2006 5:36:00 PM,Mid-Block (not related to intersection),51,PEDALCYCLIST STRUCK MOTOR VEHICLE FRONT END AT ANGLE,,0,Clear or Partly Cloudy,Dry,Daylight,,6138003.0,,45.0,Vehicle - Pedalcyclist,0,0,N,POINT (1267244.354094461 238957.8695447445),13817.0,1.4373915771824937e-06,Clear or Partly Cloudy
47901,62418,62418,2620905,Matched,Intersection,30748.0,16TH AVE S AND S JACKSON ST,,,2,Injury Collision,Cycles,2,0,1,1,1,0,0,2006-07-14T00:00:00.000Z,7/14/2006 7:40:00 AM,At Intersection (intersection related),18,"MOTOR VEHICLE STRUCK PEDALCYCLIST, FRONT END AT ANGLE",,0,Clear or Partly Cloudy,Dry,Daylight,Y,6195042.0,,45.0,Vehicle - Pedalcyclist,0,0,N,POINT (1275727.637047142 222081.6597994715),1804.0,0.0,Clear or Partly Cloudy
47937,62377,62377,2390702,Matched,Block,,NW MARKET ST BETWEEN 28TH AVE NW AND NW 54TH ST,,,1,Property Damage Only Collision,Cycles,4,0,1,1,0,0,0,2006-04-26T00:00:00.000Z,4/26/2006 3:04:00 PM,Mid-Block (but intersection related),55,PEDALCYCLIST STRUCK MOTOR VEHICLE RIGHT SIDE SIDESWIPE,,0,Clear or Partly Cloudy,Dry,Daylight,,6116004.0,,45.0,Vehicle - Pedalcyclist,0,0,N,POINT (1255987.824546933 247800.8483058065),12849.0,7.554727456820502e-09,Clear or Partly Cloudy
47983,62406,62406,2619529,Matched,Block,,FAUNTLEROY WAY SW BETWEEN SW MYRTLE ST AND SW OTHELLO ST,,,2,Injury Collision,Cycles,2,0,1,1,1,0,0,2006-07-22T00:00:00.000Z,7/22/2006 2:25:00 PM,Mid-Block (not related to intersection),56,PEDALCYCLIST STRUCK MOTOR VEHICLE LEFT SIDE SIDESWIPE,,0,Clear or Partly Cloudy,Dry,Daylight,Y,6203003.0,,45.0,Vehicle - Pedalcyclist,0,0,N,POINT (1255667.585762605 200439.8405133039),3525.0,5.419759273018035e-06,Clear or Partly Cloudy
47984,62405,62405,2188375,Matched,Block,,NE 45TH ST BETWEEN NE 45TH ST RP AND MONTLAKE BLVD NE,,,1,Property Damage Only Collision,Cycles,2,0,1,1,0,0,0,2006-05-14T00:00:00.000Z,5/14/2006 2:40:00 PM,Driveway Junction,18,"MOTOR VEHICLE STRUCK PEDALCYCLIST, FRONT END AT ANGLE",,0,Clear or Partly Cloudy,Dry,Daylight,,6134003.0,,45.0,Vehicle - Pedalcyclist,0,0,N,POINT (1279295.323130801 244632.1437265575),11330.0,1.692034436855287e-05,Clear or Partly Cloudy
47987,62014,62014,C665579,Matched,Intersection,29661.0,1ST AVE AND WARREN PL,,,2,Injury Collision,Cycles,2,0,1,1,1,0,0,2006-03-15T00:00:00.000Z,3/15/2006 4:40:00 PM,At Intersection (intersection related),18,"MOTOR VEHICLE STRUCK PEDALCYCLIST, FRONT END AT ANGLE",,0,Clear or Partly Cloudy,Dry,Unknown,,6074037.0,,45.0,Vehicle - Pedalcyclist,0,0,N,POINT (1265359.861292526 229093.2980786413),4942.0,0.0,Clear or Partly Cloudy
48015,62273,62273,2071199,Matched,Block,,EASTLAKE AVE E BETWEEN E BOSTON ST AND E LYNN ST,,,1,Property Damage Only Collision,Cycles,2,0,1,1,0,0,0,2006-06-05T00:00:00.000Z,6/5/2006,Mid-Block (not related to intersection),56,PEDALCYCLIST STRUCK MOTOR VEHICLE LEFT SIDE SIDESWIPE,,0,Overcast,Dry,Daylight,,6156004.0,,45.0,Vehicle - Pedalcyclist,0,0,N,POINT (1272477.548147812 236651.0616703928),12571.0,2.8641089257223292e-05,Overcast
48016,62403,62403,2400410,Matched,Block,,WEST GREEN LAKE WAY N BETWEEN GREEN LAKE TURN RD AND N 63RD ST,,,2,Injury Collision,Cycles,2,0,1,1,1,0,0,2006-05-16T00:00:00.000Z,5/16/2006 5:06:00 PM,Driveway Junction,18,"MOTOR VEHICLE STRUCK PEDALCYCLIST, FRONT END AT ANGLE",,0,Clear or Partly Cloudy,Dry,Daylight,Y,6136004.0,,45.0,Vehicle - Pedalcyclist,0,0,N,POINT (1268324.786223561 248604.0256506205),4797.0,2.0525931683325152e-05,Clear or Partly Cloudy
48066,62293,62293,2059234,Matched,Intersection,25823.0,CORLISS AVE N AND N 61ST ST,,,2,Injury Collision,Cycles,2,0,1,1,1,0,0,2006-03-14T00:00:00.000Z,3/14/2006 4:50:00 PM,At Intersection (intersection related),51,PEDALCYCLIST STRUCK MOTOR VEHICLE FRONT END AT ANGLE,,0,Clear or Partly Cloudy,Dry,Daylight,,6073003.0,,45.0,Vehicle - Pedalcyclist,0,0,N,POINT (1271485.714226797 249040.5339390785),1275.0,0.0,Clear or Partly Cloudy
48216,62869,62869,2622351,Matched,Block,,S JACKSON ST BETWEEN 20TH PL S AND 22ND AVE S,,,1,Property Damage Only Collision,Cycles,2,0,1,1,0,0,0,2006-09-05T00:00:00.000Z,9/5/2006,Mid-Block (not related to intersection),18,"MOTOR VEHICLE STRUCK PEDALCYCLIST, FRONT END AT ANGLE",,0,Clear or Partly Cloudy,Dry,Daylight,Y,6248008.0,,45.0,Vehicle - Pedalcyclist,0,0,N,POINT (1277611.016057074 222062.2398954481),13009.0,2.7620857969300287e-05,Clear or Partly Cloudy
48218,62868,62868,2618733,Matched,Intersection,29657.0,BROAD ST AND DENNY WAY,,,2,Injury Collision,Cycles,2,0,1,1,1,0,0,2006-09-05T00:00:00.000Z,9/5/2006,At Intersection (intersection related),18,"MOTOR VEHICLE STRUCK PEDALCYCLIST, FRONT END AT ANGLE",,0,Clear or Partly Cloudy,Dry,Daylight,Y,6248028.0,,45.0,Vehicle - Pedalcyclist,0,0,N,POINT (1266301.37143749 229327.3396788836),690.0,0.0,Clear or Partly Cloudy
48240,62328,62328,2058640,Matched,Intersection,26786.0,BURKE AVE N AND N 45TH ST,,,2,Injury Collision,Cycles,2,0,1,1,1,0,0,2006-05-31T00:00:00.000Z,5/31/2006 6:05:00 PM,At Intersection (intersection related),51,PEDALCYCLIST STRUCK MOTOR VEHICLE FRONT END AT ANGLE,,0,Clear or Partly Cloudy,Dry,Daylight,,6151006.0,,45.0,Vehicle - Pedalcyclist,0,0,N,POINT (1270374.488625661 244863.8409428),3417.0,0.0,Clear or Partly Cloudy
48289,62884,62884,2617918,Matched,Intersection,36802.0,SAND POINT WAY NE AND NE 123RD ST,,,2,Injury Collision,Cycles,3,0,1,1,1,0,0,2006-11-25T00:00:00.000Z,11/25/2006 5:30:00 PM,At Intersection (intersection related),24,MOTOR VEHCILE STRUCK PEDESTRIAN,,0,Clear or Partly Cloudy,Dry,Dark - Street Lights Off,Y,6329002.0,,45.0,Vehicle - Pedalcyclist,0,0,N,POINT (1283365.391678959 265039.1456674486),3754.0,0.0,Clear or Partly Cloudy
48291,62610,62610,2063960,Matched,Block,,LAKESIDE AVE S BETWEEN S KING ST AND S LANE ST,,,2,Injury Collision,Cycles,2,0,1,1,1,0,0,2006-06-11T00:00:00.000Z,6/11/2006 9:08:00 AM,Driveway Junction,18,"MOTOR VEHICLE STRUCK PEDALCYCLIST, FRONT END AT ANGLE",,0,Clear or Partly Cloudy,Dry,Daylight,Y,6162004.0,,45.0,Vehicle - Pedalcyclist,0,0,N,POINT (1281724.874813288 221249.6853986084),21979.0,2.409167122632225e-09,Clear or Partly Cloudy
48344,62626,62626,2610493,Matched,Block,,25TH AVE NE BETWEEN NE 44TH ST AND NE 47TH ST,,,2,Injury Collision,Cycles,2,0,1,1,1,0,0,2006-10-10T00:00:00.000Z,10/10/2006 1:02:00 PM,Driveway Junction,18,"MOTOR VEHICLE STRUCK PEDALCYCLIST, FRONT END AT ANGLE",,0,Clear or Partly Cloudy,Dry,Daylight,,6283004.0,,45.0,Vehicle - Pedalcyclist,0,0,N,POINT (1278795.832378283 244884.6664788127),21240.0,9.050042260167225e-06,Clear or Partly Cloudy
48409,62771,62771,2185217,Matched,Intersection,26053.0,16TH AVE NE AND NE 50TH ST,,,2,Injury Collision,Cycles,2,0,1,1,1,0,0,2006-03-27T00:00:00.000Z,3/27/2006 7:49:00 PM,At Intersection (intersection related),51,PEDALCYCLIST STRUCK MOTOR VEHICLE FRONT END AT ANGLE,,0,Clear or Partly Cloudy,Dry,Dark - Street Lights On,,6086007.0,,45.0,Vehicle - Pedalcyclist,0,0,N,POINT (1276378.692663804 246023.9366879761),2417.0,0.0,Clear or Partly Cloudy
48457,62918,62918,2070681,Matched,Block,,BOREN AVE BETWEEN MADISON ST AND SPRING ST,,,2,Injury Collision,Cycles,2,0,1,1,1,0,0,2006-03-17T00:00:00.000Z,3/17/2006 4:05:00 PM,Mid-Block (not related to intersection),23,"MOTOR VEHICLE STRUCK PEDALCYCLIST, LEFT SIDE SIDESWIPE",Y,1,Overcast,Dry,Daylight,,6076006.0,,45.0,Vehicle - Pedalcyclist,0,0,N,POINT (1272376.152947709 225965.8342674375),3391.0,7.614450965764195e-06,Overcast
48464,62788,62788,2400641,Matched,Block,,NE 45TH ST BETWEEN 1ST AVE NE AND 2ND AVE NE,,,2,Injury Collision,Cycles,4,0,1,1,1,0,0,2006-06-20T00:00:00.000Z,6/20/2006 12:22:00 PM,Driveway Junction,18,"MOTOR VEHICLE STRUCK PEDALCYCLIST, FRONT END AT ANGLE",,0,Clear or Partly Cloudy,Dry,Daylight,Y,6171003.0,Y,45.0,Vehicle - Pedalcyclist,0,0,N,POINT (1272176.522995502 244818.3334227502),18208.0,3.0169654243669977e-05,Clear or Partly Cloudy
48535,62542,62542,2108695,Matched,Block,,WESTLAKE AVE N BETWEEN VALLEY ST AND 9TH AVE N,,,1,Property Damage Only Collision,Cycles,2,0,1,1,0,0,0,2006-04-20T00:00:00.000Z,4/20/2006 8:51:00 PM,Mid-Block (not related to intersection),26,MOTOR VEHICLE STRUCK OBJECT IN ROAD,,0,Clear or Partly Cloudy,Dry,Dark - Street Lights On,Y,6110005.0,,45.0,Vehicle - Pedalcyclist,0,0,N,POINT (1269126.083504379 232154.5734737813),11198.0,6.764501899599643e-09,Clear or Partly Cloudy
48537,62541,62541,2614561,Matched,Block,,BROOKLYN AVE NE BETWEEN NE 50TH ST AND NE 52ND ST,,,2,Injury Collision,Cycles,2,0,1,1,1,0,0,2006-11-22T00:00:00.000Z,11/22/2006 9:15:00 AM,Mid-Block (not related to intersection),22,"MOTOR VEHICLE STRUCK PEDALCYCLIST, RIGHT SIDE SIDESWIPE",,0,Clear or Partly Cloudy,Wet,Daylight,Y,6326001.0,,45.0,Vehicle - Pedalcyclist,0,0,N,POINT (1275547.527734965 246328.7597282976),652.0,7.447319860309813e-09,Clear or Partly Cloudy
48575,62671,62671,2063981,Matched,Block,,S NORMAN ST BETWEEN 28TH AVE S AND 29TH AVE S,,,2,Injury Collision,Cycles,5,0,1,1,2,0,0,2006-05-30T00:00:00.000Z,5/30/2006 6:44:00 PM,Driveway Junction,51,PEDALCYCLIST STRUCK MOTOR VEHICLE FRONT END AT ANGLE,,0,Clear or Partly Cloudy,Dry,Daylight,,6150003.0,,45.0,Vehicle - Pedalcyclist,0,0,N,POINT (1279522.466363028 219853.9387091845),10662.0,0.0,Clear or Partly Cloudy
48624,62702,62702,2061111,Matched,Intersection,27167.0,UNIVERSITY WAY NE AND NE PACIFIC ST,,,2,Injury Collision,Cycles,2,0,1,1,1,0,0,2006-02-02T00:00:00.000Z,2/2/2006,At Intersection (intersection related),18,"MOTOR VEHICLE STRUCK PEDALCYCLIST, FRONT END AT ANGLE",,0,Overcast,Dry,Daylight,,6033013.0,,45.0,Vehicle - Pedalcyclist,0,0,N,POINT (1275674.208311081 241847.4433717132),2203.0,0.0,Overcast
48738,63378,63378,2604036,Matched,Block,,EASTLAKE AVE E BETWEEN E HOWE ST AND E NEWTON ST,,,2,Injury Collision,Cycles,3,0,1,1,2,0,0,2006-08-24T00:00:00.000Z,8/24/2006 8:36:00 AM,Mid-Block (not related to intersection),18,"MOTOR VEHICLE STRUCK PEDALCYCLIST, FRONT END AT ANGLE",,0,Overcast,Dry,Daylight,,6236005.0,,45.0,Vehicle - Pedalcyclist,0,0,N,POINT (1272495.951539829 235677.6184693873),11079.0,0.0,Overcast
48754,62998,62998,2179018,Matched,Intersection,25932.0,29TH AVE NE AND NE 55TH ST,,,2,Injury Collision,Cycles,2,0,1,1,1,0,0,2006-05-05T00:00:00.000Z,5/5/2006,At Intersection (intersection related),18,"MOTOR VEHICLE STRUCK PEDALCYCLIST, FRONT END AT ANGLE",,0,Clear or Partly Cloudy,Dry,Daylight,Y,6125049.0,,45.0,Vehicle - Pedalcyclist,0,0,N,POINT (1280001.020987526 247281.1281132698),4181.0,0.0,Clear or Partly Cloudy
48770,63135,63135,2024539,Matched,Intersection,29872.0,BOREN AVE AND PINE ST,,,2,Injury Collision,Cycles,2,0,1,1,1,0,0,2006-05-18T00:00:00.000Z,5/18/2006 3:09:00 PM,At Intersection (but not related to intersection),22,"MOTOR VEHICLE STRUCK PEDALCYCLIST, RIGHT SIDE SIDESWIPE",,0,Clear or Partly Cloudy,Dry,Daylight,Y,6138008.0,,45.0,Vehicle - Pedalcyclist,0,0,N,POINT (1271335.12145865 227723.9425572455),896.0,0.0,Clear or Partly Cloudy
48771,63134,63134,2058365,Matched,Block,,SAND POINT WAY NE BETWEEN NE 106TH ST AND NE 107TH ST,,,2,Injury Collision,Cycles,2,0,1,1,1,0,0,2006-05-18T00:00:00.000Z,5/18/2006 4:31:00 PM,Mid-Block (not related to intersection),18,"MOTOR VEHICLE STRUCK PEDALCYCLIST, FRONT END AT ANGLE",,0,Clear or Partly Cloudy,Dry,Daylight,,6138012.0,,45.0,Vehicle - Pedalcyclist,0,0,N,POINT (1284541.098816171 260886.8620792031),18025.0,9.730993439137877e-06,Clear or Partly Cloudy
48792,63383,63383,2400845,Matched,Intersection,29370.0,16TH AVE E AND E THOMAS ST,,,2,Injury Collision,Cycles,2,0,1,1,1,0,0,2006-06-21T00:00:00.000Z,6/21/2006 6:00:00 PM,At Intersection (intersection related),51,PEDALCYCLIST STRUCK MOTOR VEHICLE FRONT END AT ANGLE,,0,Clear or Partly Cloudy,Dry,Daylight,,6172006.0,,45.0,Vehicle - Pedalcyclist,0,0,N,POINT (1275924.470071346 229839.5828794092),3956.0,0.0,Clear or Partly Cloudy
48809,63392,63392,2618457,Matched,Intersection,29658.0,3RD AVE AND BROAD ST,,,2,Injury Collision,Cycles,2,0,1,1,1,0,0,2006-09-06T00:00:00.000Z,9/6/2006,At Intersection (intersection related),18,"MOTOR VEHICLE STRUCK PEDALCYCLIST, FRONT END AT ANGLE",,0,Clear or Partly Cloudy,Dry,Daylight,Y,6249044.0,,45.0,Vehicle - Pedalcyclist,0,0,N,POINT (1266192.460589379 229207.5984947681),5452.0,0.0,Clear or Partly Cloudy
48854,63279,63279,2400417,Matched,Intersection,26752.0,15TH AVE W AND W RUFFNER ST,,,2,Injury Collision,Cycles,2,0,1,1,1,0,0,2006-08-17T00:00:00.000Z,8/17/2006 5:10:00 PM,At Intersection (intersection related),18,"MOTOR VEHICLE STRUCK PEDALCYCLIST, FRONT END AT ANGLE",,0,Clear or Partly Cloudy,Dry,Daylight,,6229006.0,,45.0,Vehicle - Pedalcyclist,0,0,N,POINT (1260172.674087211 241702.6856115609),8203.0,0.0,Clear or Partly Cloudy
49037,63452,63452,2606704,Matched,Intersection,29508.0,DENNY WAY AND TERRY AVE,,,2b,Serious Injury Collision,Cycles,2,0,1,1,1,1,0,2006-10-23T00:00:00.000Z,10/23/2006 6:07:00 PM,At Intersection (intersection related),51,PEDALCYCLIST STRUCK MOTOR VEHICLE FRONT END AT ANGLE,,0,Clear or Partly Cloudy,Dry,Dusk,,6296001.0,,45.0,Vehicle - Pedalcyclist,0,0,N,POINT (1269556.96734482 229243.3586228043),11074.0,0.0,Clear or Partly Cloudy
49198,63362,63362,2614862,Matched,Block,,EASTLAKE AVE E BETWEEN HARVARD AVE E AND FUHRMAN AVE E,,,2,Injury Collision,Cycles,3,0,1,1,1,0,0,2006-09-12T00:00:00.000Z,9/12/2006 4:51:00 PM,Driveway Junction,18,"MOTOR VEHICLE STRUCK PEDALCYCLIST, FRONT END AT ANGLE",Y,0,Clear or Partly Cloudy,Dry,Daylight,,6255005.0,,45.0,Vehicle - Pedalcyclist,0,0,N,POINT (1273599.974708959 241029.8313388675),6317.0,1.4142158170737939e-05,Clear or Partly Cloudy
49282,63640,63640,2610054,Matched,Intersection,25114.0,24TH AVE NW AND NW 62ND ST,,,2,Injury Collision,Cycles,2,0,1,1,1,0,0,2006-11-14T00:00:00.000Z,11/14/2006 6:26:00 PM,At Intersection (intersection related),18,"MOTOR VEHICLE STRUCK PEDALCYCLIST, FRONT END AT ANGLE",,0,Overcast,Wet,Dark - Street Lights On,Y,6318002.0,,45.0,Vehicle - Pedalcyclist,0,0,N,POINT (1257528.172068506 249659.5718917102),8499.0,0.0,Overcast
49342,63655,63655,2619499,Matched,Intersection,30987.0,61ST AVE SW AND SW ADMIRAL WAY,,,1,Property Damage Only Collision,Cycles,2,0,1,1,0,0,0,2006-10-14T00:00:00.000Z,10/14/2006 12:34:00 PM,At Intersection (intersection related),18,"MOTOR VEHICLE STRUCK PEDALCYCLIST, FRONT END AT ANGLE",,0,Overcast,Dry,Daylight,Y,6287002.0,,45.0,Vehicle - Pedalcyclist,0,0,N,POINT (1251092.96847792 214063.3499032557),3225.0,0.0,Overcast
49373,63798,63798,2185320,Matched,Intersection,27035.0,FREMONT AVE N AND FREMONT PL N,,,2,Injury Collision,Cycles,2,0,1,1,1,0,0,2006-02-07T00:00:00.000Z,2/7/2006,At Intersection (intersection related),18,"MOTOR VEHICLE STRUCK PEDALCYCLIST, FRONT END AT ANGLE",,0,Clear or Partly Cloudy,Dry,Dark - Street Lights On,Y,6038003.0,,45.0,Vehicle - Pedalcyclist,0,0,N,POINT (1266658.612013862 240940.0040107816),6356.0,0.0,Clear or Partly Cloudy
49389,63793,63793,2071502,Matched,Intersection,30479.0,4TH AVE AND JAMES ST,,,2,Injury Collision,Angles,4,0,1,2,1,0,0,2006-03-29T00:00:00.000Z,3/29/2006 6:06:00 PM,At Intersection (intersection related),11,"MOTOR VEHICLE STRUCK MOTOR VEHICLE, FRONT END AT ANGLE",,0,Clear or Partly Cloudy,Dry,Daylight,,6088004.0,,10.0,Entering at angle,0,0,N,POINT (1271138.341426447 223632.6567930579),776.0,0.0,Clear or Partly Cloudy
49478,63980,63980,2624890,Matched,Intersection,24610.0,EAST GREEN LAKE WAY N AND NE RAVENNA SR BV,,,2,Injury Collision,Cycles,2,0,1,1,1,0,0,2006-08-14T00:00:00.000Z,8/14/2006 6:16:00 PM,At Intersection (intersection related),18,"MOTOR VEHICLE STRUCK PEDALCYCLIST, FRONT END AT ANGLE",,0,Clear or Partly Cloudy,Dry,Daylight,,6226005.0,,45.0,Vehicle - Pedalcyclist,0,0,N,POINT (1272668.561204016 251210.898613289),3883.0,0.0,Clear or Partly Cloudy
49482,63824,63824,2613403,Matched,Block,,HARBOR AVE SW BETWEEN SW SPOKANE NR ST AND SW AVALON WAY,,,2,Injury Collision,Cycles,1,0,1,0,1,0,0,2006-07-23T00:00:00.000Z,7/23/2006 12:04:00 PM,Driveway Junction,69,PEDALCYCLIST OVERTURNED IN ROAD,,0,Clear or Partly Cloudy,Dry,Daylight,,6204004.0,,45.0,Vehicle - Pedalcyclist,0,0,N,POINT (1260957.234536022 212319.9584774673),19831.0,2.2058015987832943e-06,Clear or Partly Cloudy
49483,63686,63686,1217211,Matched,Block,,E TERRACE ST BETWEEN 11TH AVE AND 12TH AVE,,,2,Injury Collision,Cycles,2,0,1,1,1,0,0,2006-01-10T00:00:00.000Z,1/10/2006 5:49:00 PM,Driveway Junction,18,"MOTOR VEHICLE STRUCK PEDALCYCLIST, FRONT END AT ANGLE",,0,Raining,Wet,Dark - Street Lights On,Y,6010006.0,,45.0,Vehicle - Pedalcyclist,0,0,N,POINT (1274321.958325699 224287.903833732),3953.0,2.67052842750274e-05,Raining