OBJECTID,INCKEY,COLDETKEY,REPORTNO,STATUS,ADDRTYPE,INTKEY,LOCATION,EXCEPTRSNC,EXCEPTRSND,SEVERITYCO,SEVERITYDE,COLLISIONT,PERSONCOUN,PEDCOUNT,PEDCYLCOUN,VEHCOUNT,INJURIES,SERIOUSINJ,FATALITIES,INCDATE,INCDTTM,JUNCTIONTY,SDOT_COLCO,SDOT_COLDE,INATTENTIO,UNDERINFL,WEATHER,ROADCOND,LIGHTCOND,PEDROWNOTG,SDOTCOLNUM,SPEEDING,ST_COLCODE,ST_COLDESC,SEGLANEKEY,CROSSWALKK,HITPARKEDC,geometry,near_str_index,min_length,weather_group
49489,63561,63561,2611678,Matched,Intersection,26711.0,11TH AVE NW AND NW 45TH ST,,,2,Injury Collision,Cycles,2,0,1,1,1,0,0,2006-09-21T00:00:00.000Z,9/21/2006 6:38:00 AM,At Intersection (intersection related),18,"MOTOR VEHICLE STRUCK PEDALCYCLIST, FRONT END AT ANGLE",,0,Overcast,Wet,Daylight,,6264006.0,,45.0,Vehicle - Pedalcyclist,0,0,N,POINT (1261580.185640648 245068.0060629994),31.0,0.0,Overcast
49546,63962,63962,2622287,Matched,Block,,EASTLAKE AVE E BETWEEN PROSPECT ST AND E NELSON PL,,,2,Injury Collision,Cycles,2,0,1,1,1,0,0,2006-09-07T00:00:00.000Z,9/7/2006,Driveway Junction,18,"MOTOR VEHICLE STRUCK PEDALCYCLIST, FRONT END AT ANGLE",,0,Clear or Partly Cloudy,Dry,Daylight,Y,6250005.0,,45.0,Vehicle - Pedalcyclist,0,0,N,POINT (1271741.66072306 233260.7382109165),18550.0,3.084540861953878e-05,Clear or Partly Cloudy
49710,63622,63622,2623163,Matched,Block,,BROADWAY E BETWEEN E THOMAS ST AND E HARRISON ST,,,2,Injury Collision,Cycles,2,0,1,1,1,0,0,2006-11-17T00:00:00.000Z,11/17/2006 2:50:00 PM,Mid-Block (not related to intersection),18,"MOTOR VEHICLE STRUCK PEDALCYCLIST, FRONT END AT ANGLE",,0,Overcast,Dry,Daylight,Y,6321002.0,,45.0,Vehicle - Pedalcyclist,0,0,N,POINT (1273585.545588955 230261.4066238403),19760.0,6.052494278416865e-06,Overcast
49714,63614,63614,2178679,Matched,Intersection,36830.0,35TH AVE NE AND NE 115TH ST,,,2,Injury Collision,Cycles,2,0,1,1,1,0,0,2006-04-10T00:00:00.000Z,4/10/2006 7:23:00 AM,At Intersection (intersection related),18,"MOTOR VEHICLE STRUCK PEDALCYCLIST, FRONT END AT ANGLE",,0,Overcast,Dry,Daylight,,6100004.0,,45.0,Vehicle - Pedalcyclist,0,0,N,POINT (1281668.520509228 263097.6147854626),1345.0,0.0,Overcast
49766,63758,63758,2622255,Matched,Block,,LAKE WASHINGTON BLVD BETWEEN E ALDER ST AND E TERRACE ST,,,2,Injury Collision,Cycles,3,0,1,1,1,0,0,2006-08-26T00:00:00.000Z,8/26/2006 6:43:00 PM,Mid-Block (not related to intersection),18,"MOTOR VEHICLE STRUCK PEDALCYCLIST, FRONT END AT ANGLE",,0,Clear or Partly Cloudy,Dry,Daylight,,6238001.0,,45.0,Vehicle - Pedalcyclist,0,0,N,POINT (1282596.649278179 223730.8753531575),9775.0,3.221313135936493e-05,Clear or Partly Cloudy
49827,64306,64306,2827734,Matched,Intersection,29959.0,9TH AVE AND JAMES ST,,,1,Property Damage Only Collision,Cycles,4,0,1,1,0,0,0,2007-10-15T00:00:00.000Z,10/15/2007 1:00:00 PM,At Intersection (intersection related),51,PEDALCYCLIST STRUCK MOTOR VEHICLE FRONT END AT ANGLE,,0,Raining,Wet,Daylight,,7288001.0,,45.0,Vehicle - Pedalcyclist,11686,0,N,POINT (1272523.242035866 224452.9245698899),3285.0,0.0,Raining
49834,64304,64304,2799344,Matched,Intersection,27100.0,ROOSEVELT WAY NE AND NE 41ST ST,,,2,Injury Collision,Cycles,2,0,1,1,1,0,0,2007-11-26T00:00:00.000Z,11/26/2007 4:36:00 PM,At Intersection (intersection related),18,"MOTOR VEHICLE STRUCK PEDALCYCLIST, FRONT END AT ANGLE",,0,Raining,Wet,Dark - Street Lights On,Y,7330014.0,,45.0,Vehicle - Pedalcyclist,0,0,N,POINT (1274593.717557982 243141.4757570326),6641.0,0.0,Raining
49848,64443,64443,2806203,Matched,Block,,S JACKSON ST BETWEEN 14TH AVE S AND 16TH AVE S,,,2,Injury Collision,Cycles,2,0,1,1,1,0,0,2007-03-28T00:00:00.000Z,3/28/2007 5:11:00 PM,Mid-Block (not related to intersection),56,PEDALCYCLIST STRUCK MOTOR VEHICLE LEFT SIDE SIDESWIPE,,0,Clear or Partly Cloudy,Dry,Daylight,,7087004.0,,45.0,Vehicle - Pedalcyclist,11019,0,N,POINT (1275411.86482282 222085.1415274739),1804.0,2.9791262764691712e-05,Clear or Partly Cloudy
49869,64196,64196,2606477,Matched,Intersection,28767.0,DEXTER AVE N AND MERCER ST,,,2,Injury Collision,Cycles,2,0,1,1,1,0,0,2006-10-05T00:00:00.000Z,10/5/2006,At Intersection (intersection related),18,"MOTOR VEHICLE STRUCK PEDALCYCLIST, FRONT END AT ANGLE",,0,Clear or Partly Cloudy,Dry,Dark - Street Lights On,Y,6278001.0,,45.0,Vehicle - Pedalcyclist,0,0,N,POINT (1268318.102319553 231464.9540170729),696.0,0.0,Clear or Partly Cloudy
49884,64322,64322,2898306,Matched,Intersection,29563.0,3RD AVE AND VIRGINIA ST,,,2,Injury Collision,Cycles,2,0,1,1,1,0,0,2007-10-09T00:00:00.000Z,10/9/2007,At Intersection (intersection related),18,"MOTOR VEHICLE STRUCK PEDALCYCLIST, FRONT END AT ANGLE",,0,Raining,Wet,Dusk,Y,7282001.0,,45.0,Vehicle - Pedalcyclist,35736,0,N,POINT (1268590.538287833 227026.2439965308),262.0,0.0,Raining
49888,64445,64445,2615398,Matched,Block,,UNIVERSITY BR BETWEEN POINT B AND EASTLAKE AVE NE,,,2,Injury Collision,Cycles,2,0,1,1,1,0,0,2007-02-09T00:00:00.000Z,2/9/2007,Mid-Block (but intersection related),18,"MOTOR VEHICLE STRUCK PEDALCYCLIST, FRONT END AT ANGLE",,0,Clear or Partly Cloudy,Dry,Daylight,,7040009.0,,45.0,Vehicle - Pedalcyclist,11718,0,N,POINT (1274226.014453605 242173.6891320348),12661.0,1.403072973435018e-06,Clear or Partly Cloudy
49912,64309,64309,2794405,Matched,Block,,1ST AVE BETWEEN MADISON ST AND SPRING ST,,,2,Injury Collision,Cycles,2,0,1,1,1,0,0,2007-06-14T00:00:00.000Z,6/14/2007 5:15:00 PM,Mid-Block (not related to intersection),21,"MOTOR VEHICLE STRUCK PEDALCYCLIST, REAR END",,0,Clear or Partly Cloudy,Dry,Daylight,,7165002.0,,45.0,Vehicle - Pedalcyclist,36773,0,N,POINT (1269605.467952877 224326.176665768),4939.0,8.605027257108728e-06,Clear or Partly Cloudy
50018,64336,64336,2803333,Matched,Block,,STONE WAY N BETWEEN N 40TH ST AND N LUCAS PL,,,2,Injury Collision,Cycles,5,0,1,1,1,0,0,2007-07-20T00:00:00.000Z,7/20/2007 8:20:00 AM,Driveway Junction,18,"MOTOR VEHICLE STRUCK PEDALCYCLIST, FRONT END AT ANGLE",,0,Raining,Wet,Daylight,Y,7201006.0,,45.0,Vehicle - Pedalcyclist,6322,0,N,POINT (1268521.776367769 242809.2760766894),14356.0,1.5754622891906598e-05,Raining
50031,64349,64349,2825107,Matched,Block,,SW AVALON WAY BETWEEN SW GENESEE ST AND 35TH AVE SW,,,2,Injury Collision,Cycles,2,0,1,1,1,0,0,2007-11-09T00:00:00.000Z,11/9/2007,Driveway Junction,18,"MOTOR VEHICLE STRUCK PEDALCYCLIST, FRONT END AT ANGLE",,0,Clear or Partly Cloudy,Dry,Dusk,Y,7313003.0,,45.0,Vehicle - Pedalcyclist,41933,0,N,POINT (1260025.261287063 209566.121162653),16748.0,3.1542136811527646e-05,Clear or Partly Cloudy
50107,64239,64239,2108786,Matched,Intersection,30510.0,5TH AVE S AND S JACKSON ST,,,2,Injury Collision,Cycles,2,0,1,1,1,0,0,2006-02-11T00:00:00.000Z,2/11/2006 8:15:00 PM,At Intersection (intersection related),51,PEDALCYCLIST STRUCK MOTOR VEHICLE FRONT END AT ANGLE,Y,0,Clear or Partly Cloudy,Dry,Dark - Street Lights On,,6042006.0,,45.0,Vehicle - Pedalcyclist,0,0,N,POINT (1271758.558259085 222147.5001835376),7759.0,0.0,Clear or Partly Cloudy
50137,64377,64377,2624866,Matched,Block,,15TH AVE NE BETWEEN NE PACIFIC ST AND NE 40TH ST,,,2b,Serious Injury Collision,Cycles,3,0,1,1,1,1,0,2007-01-17T00:00:00.000Z,1/17/2007 9:20:00 AM,Mid-Block (not related to intersection),51,PEDALCYCLIST STRUCK MOTOR VEHICLE FRONT END AT ANGLE,,0,Clear or Partly Cloudy,Dry,Daylight,,7017003.0,,45.0,Vehicle - Pedalcyclist,0,0,N,POINT (1275964.14123939 242110.3842999786),19439.0,2.3290990093149806e-05,Clear or Partly Cloudy
50153,63999,63999,2191978,Matched,Intersection,29515.0,DENNY WAY AND DEXTER AVE,,,2,Injury Collision,Cycles,2,0,1,1,1,0,0,2006-01-14T00:00:00.000Z,1/14/2006 6:16:00 PM,At Intersection (intersection related),18,"MOTOR VEHICLE STRUCK PEDALCYCLIST, FRONT END AT ANGLE",,0,Raining,Dry,Dark - Street Lights On,Y,6014029.0,,45.0,Vehicle - Pedalcyclist,0,0,N,POINT (1268262.3086555 229277.1954228282),6287.0,0.0,Raining
50194,64394,64394,2618183,Matched,Intersection,26949.0,FREMONT AVE N AND N 43RD S ST,,,2,Injury Collision,Cycles,1,0,1,0,1,0,0,2007-04-24T00:00:00.000Z,4/24/2007 6:50:00 PM,At Intersection (intersection related),69,PEDALCYCLIST OVERTURNED IN ROAD,,0,Clear or Partly Cloudy,Dry,Daylight,,7114006.0,,45.0,Vehicle - Pedalcyclist,8427,0,N,POINT (1266675.922989875 244049.2105419636),3534.0,0.0,Clear or Partly Cloudy
50229,64408,64408,2806053,Matched,Intersection,28309.0,YALE AVE E AND E LYNN ST,,,2,Injury Collision,Cycles,2,0,1,1,1,0,0,2007-03-05T00:00:00.000Z,3/5/2007,At Intersection (intersection related),18,"MOTOR VEHICLE STRUCK PEDALCYCLIST, FRONT END AT ANGLE",,0,Overcast,Dry,Daylight,Y,7064003.0,,45.0,Vehicle - Pedalcyclist,0,0,N,POINT (1272183.356979519 236926.8230786622),1052.0,0.0,Overcast
50305,64815,64815,2615348,Matched,Intersection,28242.0,10TH AVE E AND E BOSTON ST,,,2,Injury Collision,Cycles,2,0,1,1,1,0,0,2007-08-10T00:00:00.000Z,8/10/2007 8:22:00 AM,At Intersection (intersection related),51,PEDALCYCLIST STRUCK MOTOR VEHICLE FRONT END AT ANGLE,,0,Overcast,Dry,Daylight,Y,7222003.0,,45.0,Vehicle - Pedalcyclist,6106,0,N,POINT (1273908.496181279 236410.3633021414),22.0,0.0,Overcast
50364,64967,64967,2791679,Matched,Intersection,29146.0,EASTLAKE AVE E AND THOMAS ST,,,2,Injury Collision,Cycles,3,0,1,1,1,0,0,2007-08-16T00:00:00.000Z,8/16/2007 1:36:00 PM,At Intersection (intersection related),51,PEDALCYCLIST STRUCK MOTOR VEHICLE FRONT END AT ANGLE,,0,Clear or Partly Cloudy,Dry,Daylight,,7228002.0,,45.0,Vehicle - Pedalcyclist,0,0,N,POINT (1271548.043058857 230042.5683516115),3792.0,0.0,Clear or Partly Cloudy
50408,64835,64835,2799451,Matched,Block,,NE 50TH ST BETWEEN UNIVERSITY WAY NE AND 15TH AVE NE,,,2b,Serious Injury Collision,Cycles,2,0,1,1,1,1,0,2007-07-11T00:00:00.000Z,7/11/2007 12:28:00 AM,Driveway Junction,18,"MOTOR VEHICLE STRUCK PEDALCYCLIST, FRONT END AT ANGLE",Y,0,Clear or Partly Cloudy,Dry,Dark - Street Lights On,,7192040.0,,45.0,Vehicle - Pedalcyclist,21411,0,N,POINT (1275958.54117538 246036.587568),1410.0,5.092622960389743e-06,Clear or Partly Cloudy
50420,64591,64591,2803030,Matched,Block,,NW MARKET ST BETWEEN BALLARD AVE NW AND 24TH AVE NW,,,2,Injury Collision,Cycles,2,0,1,1,1,0,0,2007-03-17T00:00:00.000Z,3/17/2007 12:11:00 PM,Mid-Block (not related to intersection),56,PEDALCYCLIST STRUCK MOTOR VEHICLE LEFT SIDE SIDESWIPE,,0,Raining,Wet,Daylight,,7076001.0,,45.0,Vehicle - Pedalcyclist,25847,0,N,POINT (1257641.320996627 247778.0252017826),7585.0,2.495447666219325e-05,Raining
50474,65026,65026,2624159,Matched,Intersection,27043.0,TROLL AVE N AND N 34TH ST,,,2b,Serious Injury Collision,Cycles,2,0,1,1,1,1,0,2007-03-20T00:00:00.000Z,3/20/2007 7:42:00 AM,At Intersection (intersection related),18,"MOTOR VEHICLE STRUCK PEDALCYCLIST, FRONT END AT ANGLE",,0,Clear or Partly Cloudy,Dry,Daylight,Y,7079002.0,,45.0,Vehicle - Pedalcyclist,8816,0,N,POINT (1267245.477678463 240493.9652263224),1223.0,0.0,Clear or Partly Cloudy
50650,64773,64773,C688428,Matched,Block,,LINDEN AVE N BETWEEN N 143RD ST AND N 145TH ST,,,2,Injury Collision,Cycles,2,0,1,1,1,0,0,2007-07-04T00:00:00.000Z,7/4/2007,Mid-Block (but intersection related),21,"MOTOR VEHICLE STRUCK PEDALCYCLIST, REAR END",,0,Clear or Partly Cloudy,Dry,Daylight,,7185027.0,,45.0,Vehicle - Pedalcyclist,40812,0,N,POINT (1267756.659758985 271122.9418976903),3635.0,1.4492894568448236e-05,Clear or Partly Cloudy
50668,64651,64651,2799258,Matched,Intersection,27027.0,FREMONT AVE N AND N 36TH ST,,,2,Injury Collision,Cycles,3,0,1,1,1,0,0,2007-07-30T00:00:00.000Z,7/30/2007 4:14:00 PM,At Intersection (intersection related),18,"MOTOR VEHICLE STRUCK PEDALCYCLIST, FRONT END AT ANGLE",,0,Clear or Partly Cloudy,Dry,Daylight,Y,7211002.0,,45.0,Vehicle - Pedalcyclist,38078,0,N,POINT (1266640.677421838 241275.2014511228),11267.0,0.0,Clear or Partly Cloudy
50669,64914,64914,2614118,Matched,Intersection,24429.0,12TH AVE NE AND NE 75TH ST,,,2,Injury Collision,Cycles,2,0,1,1,1,0,0,2007-02-08T00:00:00.000Z,2/8/2007,At Intersection (intersection related),51,PEDALCYCLIST STRUCK MOTOR VEHICLE FRONT END AT ANGLE,,0,Clear or Partly Cloudy,Dry,Dusk,,7039001.0,,45.0,Vehicle - Pedalcyclist,0,521080,N,POINT (1275403.414582804 252683.3998627961),1474.0,0.0,Clear or Partly Cloudy
50672,64658,64658,2802792,Matched,Intersection,25131.0,24TH AVE NW AND NW 59TH ST,,,2b,Serious Injury Collision,Cycles,3,0,1,1,1,1,0,2007-05-03T00:00:00.000Z,5/3/2007,At Intersection (intersection related),18,"MOTOR VEHICLE STRUCK PEDALCYCLIST, FRONT END AT ANGLE",,0,Clear or Partly Cloudy,Dry,Daylight,Y,7123004.0,,45.0,Vehicle - Pedalcyclist,2112,0,N,POINT (1257511.66698049 248862.274482891),5333.0,0.0,Clear or Partly Cloudy
50673,64526,64526,2620590,Matched,Intersection,29196.0,24TH AVE E AND E LEE ST,,,2,Injury Collision,Cycles,2,0,1,1,1,0,0,2007-02-10T00:00:00.000Z,2/10/2007 5:20:00 PM,At Intersection (intersection related),18,"MOTOR VEHICLE STRUCK PEDALCYCLIST, FRONT END AT ANGLE",,0,Clear or Partly Cloudy,Dry,Daylight,Y,7041001.0,,45.0,Vehicle - Pedalcyclist,22515,0,N,POINT (1278404.439097881 233723.1269473881),5325.0,0.0,Clear or Partly Cloudy
50710,64531,64531,2616853,Matched,Intersection,29068.0,BROADWAY AND E DENNY WAY,,,2,Injury Collision,Cycles,3,0,1,1,1,0,0,2007-11-07T00:00:00.000Z,11/7/2007,At Intersection (intersection related),18,"MOTOR VEHICLE STRUCK PEDALCYCLIST, FRONT END AT ANGLE",,0,Overcast,Wet,Daylight,,7311004.0,,45.0,Vehicle - Pedalcyclist,0,0,N,POINT (1273576.816436946 229242.8036147952),650.0,0.0,Overcast
50740,64541,64541,2621656,Matched,Intersection,29054.0,11TH AVE E AND E JOHN ST,,,2b,Serious Injury Collision,Cycles,2,0,1,1,1,1,0,2007-02-06T00:00:00.000Z,2/6/2007,At Intersection (intersection related),51,PEDALCYCLIST STRUCK MOTOR VEHICLE FRONT END AT ANGLE,,0,Raining,Wet,Dark - Street Lights On,Y,7037002.0,,45.0,Vehicle - Pedalcyclist,35222,0,N,POINT (1274231.354165614 229663.4530872256),10807.0,0.0,Raining
50842,65090,65090,2830030,Matched,Intersection,25389.0,9TH AVE NW AND NW 62ND ST,,,2,Injury Collision,Cycles,3,0,1,1,1,0,0,2007-06-06T00:00:00.000Z,6/6/2007,At Intersection (intersection related),18,"MOTOR VEHICLE STRUCK PEDALCYCLIST, FRONT END AT ANGLE",,0,Overcast,Dry,Daylight,,7157003.0,Y,45.0,Vehicle - Pedalcyclist,0,0,N,POINT (1262171.83748126 249558.6912516057),8719.0,0.0,Overcast
50862,65473,65473,2799415,Matched,Block,,AURORA AVE N BETWEEN N 84TH ST AND N 85TH ST,,,2,Injury Collision,Cycles,2,0,1,1,1,0,0,2007-08-20T00:00:00.000Z,8/20/2007 11:52:00 AM,Mid-Block (not related to intersection),54,PEDALCYCLIST STRUCK MOTOR VEHICLE REAR END,,0,Raining,Wet,Daylight,,7232001.0,,45.0,Vehicle - Pedalcyclist,16445,0,N,POINT (1268253.175215483 255417.0501056015),6144.0,1.8564566613925603e-05,Raining
50863,65468,65468,2825797,Matched,Block,,5TH AVE BETWEEN UNION ST AND PIKE ST,,,2,Injury Collision,Cycles,2,0,1,1,1,0,0,2007-08-29T00:00:00.000Z,8/29/2007 4:10:00 PM,Mid-Block (not related to intersection),51,PEDALCYCLIST STRUCK MOTOR VEHICLE FRONT END AT ANGLE,,0,Clear or Partly Cloudy,Dry,Daylight,,7241050.0,,45.0,Vehicle - Pedalcyclist,24885,0,N,POINT (1269998.354161277 226190.107995674),22843.0,9.141760416568354e-06,Clear or Partly Cloudy
50874,65219,65219,2615207,Matched,Block,,BROADWAY BETWEEN E HOWELL ST AND E DENNY WAY,,,2,Injury Collision,Cycles,3,0,1,1,1,0,0,2007-03-06T00:00:00.000Z,3/6/2007,Mid-Block (not related to intersection),18,"MOTOR VEHICLE STRUCK PEDALCYCLIST, FRONT END AT ANGLE",,0,Clear or Partly Cloudy,Dry,Daylight,Y,7065002.0,,45.0,Vehicle - Pedalcyclist,6825,0,N,POINT (1273574.993460938 229029.2310705781),14763.0,1.6301366547239527e-05,Clear or Partly Cloudy
50892,65102,65102,2802621,Matched,Block,,NE NORTHGATE WAY BETWEEN 8TH AVE NE AND ROOSEVELT WAY NE,,,2,Injury Collision,Cycles,2,0,1,1,1,0,0,2007-11-07T00:00:00.000Z,11/7/2007,Driveway Junction,18,"MOTOR VEHICLE STRUCK PEDALCYCLIST, FRONT END AT ANGLE",,0,Clear or Partly Cloudy,Dry,Dark - Street Lights Off,Y,7311035.0,,45.0,Vehicle - Pedalcyclist,0,0,N,POINT (1274615.234998003 261995.6507523358),20134.0,7.168468939319858e-06,Clear or Partly Cloudy
50902,65351,65351,2793761,Matched,Block,,UNION ST BETWEEN 2ND AVE AND 3RD AVE,,,2,Injury Collision,Cycles,2,0,1,1,1,0,0,2007-06-15T00:00:00.000Z,6/15/2007 12:51:00 PM,Mid-Block (not related to intersection),21,"MOTOR VEHICLE STRUCK PEDALCYCLIST, REAR END",,0,Clear or Partly Cloudy,Dry,Daylight,,7166004.0,,45.0,Vehicle - Pedalcyclist,36553,0,N,POINT (1269413.906224683 225596.5600270629),13807.0,1.9257396556030773e-06,Clear or Partly Cloudy
50914,65114,65114,2829371,Matched,Block,,SW TRENTON ST BETWEEN 22ND AVE SW AND 24TH AVE SW,,,2,Injury Collision,Cycles,2,0,1,1,1,0,0,2007-07-17T00:00:00.000Z,7/17/2007 12:32:00 PM,Driveway Junction,51,PEDALCYCLIST STRUCK MOTOR VEHICLE FRONT END AT ANGLE,,0,Overcast,Dry,Daylight,,7198001.0,,45.0,Vehicle - Pedalcyclist,0,0,N,POINT (1262626.069801733 195144.3468118757),14515.0,1.3751912715517148e-05,Overcast
51021,65385,65385,2799149,Matched,Intersection,36062.0,27TH AVE NE AND NE 127TH ST,,,2,Injury Collision,Cycles,2,0,1,1,1,0,0,2007-10-17T00:00:00.000Z,10/17/2007 8:05:00 AM,At Intersection (intersection related),51,PEDALCYCLIST STRUCK MOTOR VEHICLE FRONT END AT ANGLE,,0,Overcast,Dry,Daylight,,7290003.0,,45.0,Vehicle - Pedalcyclist,0,0,N,POINT (1279651.046203166 266474.663620919),4127.0,0.0,Overcast
51026,65383,65383,2794601,Matched,Block,,CARKEEK DR S BETWEEN 40TH AVE S AND HARADEN PL S,,,2,Injury Collision,Cycles,2,0,1,1,1,0,0,2007-06-01T00:00:00.000Z,6/1/2007,Mid-Block (not related to intersection),21,"MOTOR VEHICLE STRUCK PEDALCYCLIST, REAR END",,0,Clear or Partly Cloudy,Dry,Daylight,,7152001.0,,45.0,Vehicle - Pedalcyclist,13462,0,N,POINT (1282268.884541839 191957.2318646163),8760.0,2.6094304148086685e-05,Clear or Partly Cloudy
51043,65261,65261,2881125,Matched,Block,,WALLINGFORD AVE N BETWEEN N 44TH ST AND N 45TH ST,,,2,Injury Collision,Cycles,3,0,1,2,1,0,0,2007-12-14T00:00:00.000Z,12/14/2007 2:38:00 PM,Mid-Block (not related to intersection),56,PEDALCYCLIST STRUCK MOTOR VEHICLE LEFT SIDE SIDESWIPE,,0,Overcast,Dry,Daylight,,7348005.0,,45.0,Vehicle - Pedalcyclist,6234,0,N,POINT (1270096.245425373 244677.5761106014),6743.0,4.274784561751509e-06,Overcast
51050,65135,65135,2390447,Matched,Intersection,24284.0,FREMONT AVE N AND N 80TH ST,,,2,Injury Collision,Cycles,2,0,1,1,1,0,0,2007-01-04T00:00:00.000Z,1/4/2007,At Intersection (intersection related),18,"MOTOR VEHICLE STRUCK PEDALCYCLIST, FRONT END AT ANGLE",,0,Overcast,Wet,Dark - Street Lights On,Y,7004002.0,,45.0,Vehicle - Pedalcyclist,27300,0,N,POINT (1266903.653934106 254254.656440407),3537.0,0.0,Overcast
51059,65152,65152,2608394,Matched,Intersection,29913.0,5TH AVE AND UNION ST,,,2,Injury Collision,Cycles,2,0,1,1,1,0,0,2007-05-08T00:00:00.000Z,5/8/2007,At Intersection (intersection related),51,PEDALCYCLIST STRUCK MOTOR VEHICLE FRONT END AT ANGLE,,0,Clear or Partly Cloudy,Dry,Daylight,,7128002.0,,45.0,Vehicle - Pedalcyclist,25512,0,N,POINT (1270106.840369388 226006.9446674883),6718.0,0.0,Clear or Partly Cloudy
51075,65145,65145,2829107,Matched,Block,,UNIVERSITY BR BETWEEN POINT B AND EASTLAKE AVE NE,,,2b,Serious Injury Collision,Cycles,1,0,1,0,1,1,0,2007-05-12T00:00:00.000Z,5/12/2007 9:28:00 AM,Mid-Block (not related to intersection),66,PEDALCYCLIST STRUCK OBJECT IN ROAD,,0,Clear or Partly Cloudy,Dry,Daylight,,7132001.0,,45.0,Vehicle - Pedalcyclist,11650,0,N,POINT (1274226.014453605 242173.6891320348),12661.0,1.403072973435018e-06,Clear or Partly Cloudy
51081,65536,65536,2617734,Matched,Block,,38TH AVE NE BETWEEN NE 80TH ST AND NE 82ND ST,,,1,Property Damage Only Collision,Cycles,2,0,1,1,0,0,0,2007-07-24T00:00:00.000Z,7/24/2007 7:11:00 PM,Mid-Block (not related to intersection),16,"MOTOR VEHICLE STRUCK MOTOR VEHICLE, LEFT SIDE SIDESWIPE",,0,Unknown,Unknown,Unknown,,7205009.0,,45.0,Vehicle - Pedalcyclist,0,0,N,POINT (1282294.132477865 254180.1423923373),16976.0,2.59047158805367e-05,
51114,65402,65402,2799312,Matched,Intersection,24404.0,5TH AVE NE AND BANNER WAY NE,,,1,Property Damage Only Collision,Cycles,2,0,1,1,0,0,0,2007-08-06T00:00:00.000Z,8/6/2007,At Intersection (intersection related),51,PEDALCYCLIST STRUCK MOTOR VEHICLE FRONT END AT ANGLE,,0,Clear or Partly Cloudy,Dry,Dark - Street Lights On,,7218021.0,,45.0,Vehicle - Pedalcyclist,7477,0,N,POINT (1273533.815604895 253444.2147115767),3118.0,0.0,Clear or Partly Cloudy
51126,65282,65282,2829286,Matched,Intersection,25949.0,25TH AVE NE AND NE BLAKELEY ST,,,2,Injury Collision,Cycles,3,0,1,1,1,0,0,2007-08-09T00:00:00.000Z,8/9/2007,At Intersection (intersection related),18,"MOTOR VEHICLE STRUCK PEDALCYCLIST, FRONT END AT ANGLE",,0,Clear or Partly Cloudy,Dry,Daylight,Y,7221001.0,,45.0,Vehicle - Pedalcyclist,0,521604,N,POINT (1278900.484922394 246480.058544457),210.0,0.0,Clear or Partly Cloudy
51284,65060,65060,2806063,Matched,Block,,12TH AVE BETWEEN E COLUMBIA ST AND E MARION ST,,,2b,Serious Injury Collision,Cycles,2,0,1,1,1,1,0,2007-06-15T00:00:00.000Z,6/15/2007 7:39:00 PM,Mid-Block (not related to intersection),56,PEDALCYCLIST STRUCK MOTOR VEHICLE LEFT SIDE SIDESWIPE,,0,Clear or Partly Cloudy,Dry,Daylight,Y,7166001.0,,45.0,Vehicle - Pedalcyclist,10710,0,N,POINT (1274518.8026779 225966.6191634387),8407.0,5.730560052789369e-06,Clear or Partly Cloudy
51552,65641,65641,2611993,Matched,Block,,BEACON AVE S BETWEEN BEACON WR N AVE S AND BEACON ER AVE S,,,2,Injury Collision,Cycles,2,0,1,1,1,0,0,2007-06-04T00:00:00.000Z,6/4/2007,Mid-Block (not related to intersection),18,"MOTOR VEHICLE STRUCK PEDALCYCLIST, FRONT END AT ANGLE",Y,0,Clear or Partly Cloudy,Dry,Daylight,,7155001.0,,45.0,Vehicle - Pedalcyclist,13073,0,N,POINT (1276758.518968195 210098.1481072009),12228.0,4.622993435865897e-06,Clear or Partly Cloudy
51579,66053,66053,C691870,Matched,Intersection,25949.0,25TH AVE NE AND NE BLAKELEY ST,,,2,Injury Collision,Cycles,2,0,1,1,1,0,0,2007-09-08T00:00:00.000Z,9/8/2007,At Intersection (intersection related),18,"MOTOR VEHICLE STRUCK PEDALCYCLIST, FRONT END AT ANGLE",,0,Clear or Partly Cloudy,Dry,Daylight,,7251040.0,,45.0,Vehicle - Pedalcyclist,0,0,N,POINT (1278900.484922394 246480.058544457),210.0,0.0,Clear or Partly Cloudy
51585,65664,65664,2825879,Matched,Block,,WALL ST BETWEEN ALASKAN WAY AND ELLIOTT AVE,,,1,Property Damage Only Collision,Cycles,2,0,1,1,0,0,0,2007-05-31T00:00:00.000Z,5/31/2007 5:34:00 PM,Driveway Junction,18,"MOTOR VEHICLE STRUCK PEDALCYCLIST, FRONT END AT ANGLE",,0,Clear or Partly Cloudy,Dry,Daylight,Y,7151001.0,,45.0,Vehicle - Pedalcyclist,0,0,N,POINT (1266146.21738933 227326.5637408346),6740.0,1.8300872351331008e-05,Clear or Partly Cloudy
51641,65675,65675,2798108,Matched,Block,,RAINIER AVE S BETWEEN S GENESEE S ST AND S OREGON ST,,,2,Injury Collision,Cycles,2,0,1,1,1,0,0,2007-08-03T00:00:00.000Z,8/3/2007,Driveway Junction,18,"MOTOR VEHICLE STRUCK PEDALCYCLIST, FRONT END AT ANGLE",Y,0,Clear or Partly Cloudy,Dry,Daylight,Y,7215042.0,,45.0,Vehicle - Pedalcyclist,0,0,N,POINT (1281294.260924846 208926.3086179942),16034.0,0.0,Clear or Partly Cloudy