OBJECTID,INCKEY,COLDETKEY,REPORTNO,STATUS,ADDRTYPE,INTKEY,LOCATION,EXCEPTRSNC,EXCEPTRSND,SEVERITYCO,SEVERITYDE,COLLISIONT,PERSONCOUN,PEDCOUNT,PEDCYLCOUN,VEHCOUNT,INJURIES,SERIOUSINJ,FATALITIES,INCDATE,INCDTTM,JUNCTIONTY,SDOT_COLCO,SDOT_COLDE,INATTENTIO,UNDERINFL,WEATHER,ROADCOND,LIGHTCOND,PEDROWNOTG,SDOTCOLNUM,SPEEDING,ST_COLCODE,ST_COLDESC,SEGLANEKEY,CROSSWALKK,HITPARKEDC,geometry,near_str_index,min_length,weather_group
51710,65685,65685,2806476,Matched,Block,,BOYLSTON AVE E BETWEEN LAKEVIEW N BV E AND E BOSTON ST,,,2,Injury Collision,Cycles,2,0,1,1,1,0,0,2007-05-17T00:00:00.000Z,5/17/2007 2:02:00 PM,Mid-Block (but intersection related),18,"MOTOR VEHICLE STRUCK PEDALCYCLIST, FRONT END AT ANGLE",,0,Clear or Partly Cloudy,Dry,Daylight,,7137023.0,,45.0,Vehicle - Pedalcyclist,37357,0,N,POINT (1273065.536052421 236107.1388538331),21780.0,0.0,Clear or Partly Cloudy
51783,65572,65572,2906135,Matched,Intersection,29601.0,3RD AVE AND UNIVERSITY ST,,,2,Injury Collision,Cycles,2,0,1,1,1,0,0,2007-12-13T00:00:00.000Z,12/13/2007 1:38:00 PM,At Intersection (intersection related),18,"MOTOR VEHICLE STRUCK PEDALCYCLIST, FRONT END AT ANGLE",,0,Overcast,Wet,Daylight,Y,7347003.0,,45.0,Vehicle - Pedalcyclist,32841,0,N,POINT (1269770.026033044 225312.2180107683),2713.0,0.0,Overcast
51790,65968,65968,2906357,Matched,Block,,10TH AVE E BETWEEN E MILLER ST AND E ROANOKE W ST,,,2,Injury Collision,Cycles,3,0,1,2,1,0,0,2007-12-08T00:00:00.000Z,12/8/2007,Mid-Block (not related to intersection),51,PEDALCYCLIST STRUCK MOTOR VEHICLE FRONT END AT ANGLE,,0,Clear or Partly Cloudy,Dry,Dark - Street Lights On,,7342004.0,,45.0,Vehicle - Pedalcyclist,6086,0,N,POINT (1273939.139125317 237821.7531915903),19407.0,2.2648803790169824e-05,Clear or Partly Cloudy
51814,65983,65983,2614335,Matched,Intersection,24573.0,LATONA AVE NE AND EAST GREEN LAKE DR N,,,2,Injury Collision,Cycles,2,0,1,1,1,0,0,2007-02-24T00:00:00.000Z,2/24/2007 7:05:00 AM,At Intersection (intersection related),18,"MOTOR VEHICLE STRUCK PEDALCYCLIST, FRONT END AT ANGLE",,0,Raining,Wet,Daylight,Y,7055002.0,,45.0,Vehicle - Pedalcyclist,7307,0,N,POINT (1272386.552627727 252220.6916383356),17956.0,0.0,Raining
51883,66385,66385,2827553,Matched,Block,,BROADWAY BETWEEN E PINE ST AND XW E OLIVE ST,,,1,Property Damage Only Collision,Cycles,2,0,1,1,0,0,0,2007-08-21T00:00:00.000Z,8/21/2007 3:05:00 PM,Mid-Block (not related to intersection),54,PEDALCYCLIST STRUCK MOTOR VEHICLE REAR END,,0,Clear or Partly Cloudy,Dry,Daylight,,7233010.0,,45.0,Vehicle - Pedalcyclist,6853,0,N,POINT (1273567.713908926 228177.0842537135),8754.0,2.0694173122613212e-05,Clear or Partly Cloudy
51890,66518,66518,2807045,Matched,Intersection,33741.0,SEWARD PARK AVE S AND S VAN DYKE RD,,,2,Injury Collision,Cycles,2,0,1,1,1,0,0,2007-04-15T00:00:00.000Z,4/15/2007 3:46:00 PM,At Intersection (intersection related),51,PEDALCYCLIST STRUCK MOTOR VEHICLE FRONT END AT ANGLE,,0,Clear or Partly Cloudy,Dry,Daylight,Y,7105006.0,,45.0,Vehicle - Pedalcyclist,37492,0,N,POINT (1287694.993987396 202686.3187236041),6665.0,0.0,Clear or Partly Cloudy
51904,66148,66148,2795845,Matched,Intersection,24248.0,EAST GREEN LAKE DR N AND N 78TH ST,,,2,Injury Collision,Cycles,3,0,1,1,1,0,0,2007-06-14T00:00:00.000Z,6/14/2007 5:04:00 PM,At Intersection (intersection related),18,"MOTOR VEHICLE STRUCK PEDALCYCLIST, FRONT END AT ANGLE",,0,Clear or Partly Cloudy,Dry,Daylight,Y,7165003.0,,45.0,Vehicle - Pedalcyclist,7354,0,N,POINT (1270389.221425682 253510.4275756478),6839.0,0.0,Clear or Partly Cloudy
51943,66528,66528,2906080,Matched,Intersection,29862.0,BELLEVUE AVE AND E PINE ST,,,2,Injury Collision,Cycles,2,0,1,1,1,0,0,2007-11-19T00:00:00.000Z,11/19/2007 11:56:00 AM,At Intersection (intersection related),18,"MOTOR VEHICLE STRUCK PEDALCYCLIST, FRONT END AT ANGLE",,0,Overcast,Wet,Daylight,Y,7323003.0,,45.0,Vehicle - Pedalcyclist,10342,0,N,POINT (1272084.808499411 227986.9833255112),633.0,0.0,Overcast
52095,66187,66187,2829051,Matched,Intersection,25836.0,1ST AVE NE AND NE 58TH ST,,,2,Injury Collision,Cycles,3,0,1,1,1,0,0,2007-05-22T00:00:00.000Z,5/22/2007 2:31:00 PM,At Intersection (intersection related),51,PEDALCYCLIST STRUCK MOTOR VEHICLE FRONT END AT ANGLE,,0,Clear or Partly Cloudy,Wet,Daylight,,7142002.0,,45.0,Vehicle - Pedalcyclist,0,0,N,POINT (1272126.28459546 248284.857266292),2276.0,0.0,Clear or Partly Cloudy
52138,66194,66194,2792384,Matched,Intersection,28329.0,EASTLAKE AVE E AND E BLAINE ST,,,2,Injury Collision,Cycles,2,0,1,1,1,0,0,2007-11-08T00:00:00.000Z,11/8/2007,At Intersection (intersection related),18,"MOTOR VEHICLE STRUCK PEDALCYCLIST, FRONT END AT ANGLE",,0,Overcast,Wet,Daylight,,7312006.0,,45.0,Vehicle - Pedalcyclist,24782,0,N,POINT (1272615.402035952 235144.8644208461),3856.0,0.0,Overcast
52209,66473,66473,C687197,Matched,Block,,26TH AVE E BETWEEN E GARFIELD ST AND BOYER AVE E,,,2,Injury Collision,Cycles,2,0,1,1,1,0,0,2007-05-09T00:00:00.000Z,5/9/2007,Mid-Block (but intersection related),51,PEDALCYCLIST STRUCK MOTOR VEHICLE FRONT END AT ANGLE,,0,Unknown,Unknown,Unknown,,7129052.0,,45.0,Vehicle - Pedalcyclist,0,0,N,POINT (1278817.349434301 234468.7604841441),12351.0,2.856395537044373e-05,
52212,66469,66469,2825963,Matched,Block,,HARRISON ST BETWEEN WESTLAKE AVE N AND TERRY AVE N,,,2,Injury Collision,Cycles,2,0,1,1,1,0,0,2007-09-11T00:00:00.000Z,9/11/2007 1:15:00 PM,Driveway Junction,51,PEDALCYCLIST STRUCK MOTOR VEHICLE FRONT END AT ANGLE,,0,Clear or Partly Cloudy,Dry,Daylight,,7254001.0,,45.0,Vehicle - Pedalcyclist,0,0,N,POINT (1269421.024048686 230527.3007681221),6394.0,7.448259037106235e-09,Clear or Partly Cloudy
52230,66345,66345,2791797,Matched,Intersection,28736.0,DEXTER AVE N AND VALLEY ST,,,2,Injury Collision,Cycles,2,0,1,1,1,0,0,2007-10-25T00:00:00.000Z,10/25/2007 6:57:00 PM,At Intersection (intersection related),18,"MOTOR VEHICLE STRUCK PEDALCYCLIST, FRONT END AT ANGLE",,1,Clear or Partly Cloudy,Dry,Dark - Street Lights On,Y,7298001.0,,45.0,Vehicle - Pedalcyclist,12719,0,N,POINT (1268334.096175566 232089.1498577148),9821.0,0.0,Clear or Partly Cloudy
52262,66101,66101,2794520,Matched,Intersection,33644.0,33RD AVE S AND S GRAHAM ST,,,2,Injury Collision,Cycles,1,0,1,0,1,0,0,2007-08-30T00:00:00.000Z,8/30/2007 10:10:00 PM,At Intersection (intersection related),69,PEDALCYCLIST OVERTURNED IN ROAD,,0,Clear or Partly Cloudy,Dry,Dark - Street Lights On,,7242001.0,,45.0,Vehicle - Pedalcyclist,37727,0,N,POINT (1280612.851516142 202613.5783715248),324.0,0.0,Clear or Partly Cloudy
52310,66239,66239,2807921,Matched,Block,,FREMONT AVE N BETWEEN XW N40 AND N 41ST ST,,,2,Injury Collision,Cycles,2,0,1,1,1,0,0,2007-07-10T00:00:00.000Z,7/10/2007 11:25:00 AM,Mid-Block (not related to intersection),18,"MOTOR VEHICLE STRUCK PEDALCYCLIST, FRONT END AT ANGLE",,0,Clear or Partly Cloudy,Dry,Daylight,Y,7191005.0,,45.0,Vehicle - Pedalcyclist,8390,0,N,POINT (1266673.555501878 242983.9267008752),11089.0,7.38948133517978e-09,Clear or Partly Cloudy
52359,66248,66248,2795763,Matched,Intersection,24582.0,WOODLAWN AVE NE AND NE 71ST ST,,,2,Injury Collision,Pedestrian,3,1,1,1,2,0,0,2007-04-28T00:00:00.000Z,4/28/2007 5:18:00 PM,At Intersection (intersection related),24,MOTOR VEHCILE STRUCK PEDESTRIAN,,0,Clear or Partly Cloudy,Dry,Daylight,Y,7118003.0,,0.0,Vehicle going straight hits pedestrian,0,524025,N,POINT (1273099.649844453 251528.578741625),1466.0,0.0,Clear or Partly Cloudy
52387,66780,66780,2805011,Matched,Intersection,29568.0,6TH AVE AND PINE ST,,,2,Injury Collision,Cycles,3,0,1,2,1,0,0,2007-10-02T00:00:00.000Z,10/2/2007,At Intersection (intersection related),18,"MOTOR VEHICLE STRUCK PEDALCYCLIST, FRONT END AT ANGLE",,0,Raining,Wet,Daylight,,7275012.0,,45.0,Vehicle - Pedalcyclist,0,523150,N,POINT (1269949.79409723 226904.2331164032),3200.0,0.0,Raining
52391,66772,66772,2604024,Matched,Intersection,27257.0,1ST AVE NE AND NE PACIFIC ST,,,2,Injury Collision,Cycles,2,0,1,1,1,0,0,2007-05-01T00:00:00.000Z,5/1/2007,At Intersection (intersection related),51,PEDALCYCLIST STRUCK MOTOR VEHICLE FRONT END AT ANGLE,,0,Raining,Wet,Dark - Street Lights On,,7121005.0,,45.0,Vehicle - Pedalcyclist,20110,0,N,POINT (1272086.089011416 242023.7180598825),1320.0,0.0,Raining
52421,67060,67060,2617091,Matched,Block,,GILMAN UPPER DR W BETWEEN 13TH AVE W AND W WHEELER ST,NEI,"Not Enough Information, or Insufficient Location Information",2,Injury Collision,Cycles,2,0,1,1,1,0,0,2007-07-11T00:00:00.000Z,7/11/2007 3:00:00 PM,Mid-Block (not related to intersection),18,"MOTOR VEHICLE STRUCK PEDALCYCLIST, FRONT END AT ANGLE",,0,Clear or Partly Cloudy,Dry,Daylight,Y,7192031.0,,45.0,Vehicle - Pedalcyclist,15442,0,N,POINT (1260628.265639678 237331.994599089),15349.0,2.436563902776391e-05,Clear or Partly Cloudy
52500,67068,67068,2825854,Matched,Intersection,26815.0,STONE WAY N AND N 43RD ST,,,2,Injury Collision,Cycles,2,0,1,1,1,0,0,2007-07-04T00:00:00.000Z,7/4/2007,At Intersection (intersection related),18,"MOTOR VEHICLE STRUCK PEDALCYCLIST, FRONT END AT ANGLE",,0,Unknown,Unknown,Dark - No Street Lights,Y,7185019.0,,45.0,Vehicle - Pedalcyclist,6355,0,N,POINT (1268588.764207825 244095.1809740067),14396.0,0.0,
52581,66690,66690,2804796,Matched,Intersection,28746.0,BOREN AVE N AND VALLEY ST,,,2,Injury Collision,Cycles,2,0,1,1,1,0,0,2007-09-17T00:00:00.000Z,9/17/2007 9:39:00 AM,At Intersection (intersection related),18,"MOTOR VEHICLE STRUCK PEDALCYCLIST, FRONT END AT ANGLE",,0,Clear or Partly Cloudy,Dry,Daylight,Y,7260002.0,,45.0,Vehicle - Pedalcyclist,25335,0,N,POINT (1269937.512753218 231883.842721507),642.0,0.0,Clear or Partly Cloudy
52592,66949,66949,C686634,Matched,Intersection,30410.0,12TH AVE AND E YESLER WAY,,,2,Injury Collision,Cycles,2,0,1,1,1,0,0,2007-05-26T00:00:00.000Z,5/26/2007 3:00:00 PM,At Intersection (intersection related),51,PEDALCYCLIST STRUCK MOTOR VEHICLE FRONT END AT ANGLE,,0,Overcast,Dry,Daylight,,7146038.0,,45.0,Vehicle - Pedalcyclist,10532,0,N,POINT (1274461.188917845 223006.7211764157),8412.0,0.0,Overcast
52595,66693,66693,2828937,Matched,Block,,SEAVIEW AVE NW BETWEEN NW 61ST ST AND NW 67TH ST,,,2,Injury Collision,Cycles,2,0,1,1,1,0,0,2007-06-08T00:00:00.000Z,6/8/2007,Driveway Junction,18,"MOTOR VEHICLE STRUCK PEDALCYCLIST, FRONT END AT ANGLE",,0,Clear or Partly Cloudy,Dry,Daylight,Y,7159042.0,,45.0,Vehicle - Pedalcyclist,28770,0,N,POINT (1252911.162911773 250142.3932681978),19036.0,3.0751829384555464e-05,Clear or Partly Cloudy
52635,66959,66959,2827156,Matched,Block,,WEST MARGINAL WAY SW BETWEEN MARGINAL SB PL SW AND SW ANDOVER ST,,,2,Injury Collision,Cycles,2,0,1,1,1,0,0,2007-08-21T00:00:00.000Z,8/21/2007 10:50:00 AM,Mid-Block (but intersection related),18,"MOTOR VEHICLE STRUCK PEDALCYCLIST, FRONT END AT ANGLE",,0,Overcast,Dry,Daylight,,7233008.0,,45.0,Vehicle - Pedalcyclist,18211,0,N,POINT (1264851.993964002 211165.9865722954),22297.0,1.808858318601893e-05,Overcast
52658,66978,66978,2613166,Matched,Block,,S AUSTIN ST BETWEEN 40TH AVE S AND M L KING JR WR WAY S,,,2,Injury Collision,Cycles,2,0,1,1,1,0,0,2007-05-10T00:00:00.000Z,5/10/2007 6:00:00 PM,Driveway Junction,51,PEDALCYCLIST STRUCK MOTOR VEHICLE FRONT END AT ANGLE,,0,Clear or Partly Cloudy,Dry,Daylight,,7130002.0,,45.0,Vehicle - Pedalcyclist,0,0,N,POINT (1282738.969278321 198225.7378550321),16097.0,7.450097168526752e-09,Clear or Partly Cloudy
52674,66709,66709,2825471,Matched,Intersection,26521.0,32ND AVE W AND W THURMAN ST,,,2,Injury Collision,Cycles,2,0,1,1,1,0,0,2007-07-07T00:00:00.000Z,7/7/2007,At Intersection (intersection related),18,"MOTOR VEHICLE STRUCK PEDALCYCLIST, FRONT END AT ANGLE",,0,Clear or Partly Cloudy,Dry,Daylight,,7188004.0,,45.0,Vehicle - Pedalcyclist,0,0,N,POINT (1254772.774689689 243162.5059010535),318.0,0.0,Clear or Partly Cloudy
52734,66846,66846,2825427,Matched,Block,,2ND AVE BETWEEN UNIVERSITY ST AND UNION ST,,,2b,Serious Injury Collision,Cycles,4,0,1,2,1,1,0,2007-05-04T00:00:00.000Z,5/4/2007,Mid-Block (not related to intersection),51,PEDALCYCLIST STRUCK MOTOR VEHICLE FRONT END AT ANGLE,,0,Clear or Partly Cloudy,Dry,Daylight,,7124011.0,,45.0,Vehicle - Pedalcyclist,12162,0,N,POINT (1269384.209328651 225331.5899147987),16946.0,0.0,Clear or Partly Cloudy
52741,66866,66866,C681000,Matched,Block,,ELLIOTT AVE BETWEEN BAY ST AND W DENNY WAY,,,1,Property Damage Only Collision,Cycles,2,0,1,1,0,0,0,2007-01-27T00:00:00.000Z,1/27/2007 1:00:00 PM,Driveway Junction,18,"MOTOR VEHICLE STRUCK PEDALCYCLIST, FRONT END AT ANGLE",,0,Clear or Partly Cloudy,Dry,Daylight,,7027040.0,,45.0,Vehicle - Pedalcyclist,0,0,N,POINT (1264518.72407566 229132.4049586803),17159.0,1.4107485912097428e-05,Clear or Partly Cloudy
52748,66736,66736,2608397,Matched,Block,,PINE ST BETWEEN 4TH AVE AND 5TH AVE,,,1,Property Damage Only Collision,Cycles,2,0,1,1,0,0,0,2007-06-23T00:00:00.000Z,6/23/2007 2:45:00 PM,Mid-Block (not related to intersection),18,"MOTOR VEHICLE STRUCK PEDALCYCLIST, FRONT END AT ANGLE",,0,Clear or Partly Cloudy,Dry,Daylight,,7174001.0,,45.0,Vehicle - Pedalcyclist,21836,0,N,POINT (1269534.262896806 226658.1400601566),895.0,5.880079189608302e-06,Clear or Partly Cloudy
52765,66868,66868,2807311,Matched,Block,,5TH AVE N BETWEEN BROAD ST AND HARRISON ST,,,2,Injury Collision,Cycles,2,0,1,1,1,0,0,2007-04-30T00:00:00.000Z,4/30/2007 9:37:00 AM,Driveway Junction,18,"MOTOR VEHICLE STRUCK PEDALCYCLIST, FRONT END AT ANGLE",Y,0,Clear or Partly Cloudy,Dry,Daylight,,7120001.0,,45.0,Vehicle - Pedalcyclist,20363,0,N,POINT (1267002.488622203 230374.5424959511),14708.0,6.731951664434265e-06,Clear or Partly Cloudy
52788,66612,66612,2791510,Matched,Intersection,29546.0,4TH AVE AND BLANCHARD ST,,,2,Injury Collision,Cycles,2,0,1,1,1,0,0,2007-08-06T00:00:00.000Z,8/6/2007,At Intersection (intersection related),18,"MOTOR VEHICLE STRUCK PEDALCYCLIST, FRONT END AT ANGLE",,0,Clear or Partly Cloudy,Dry,Daylight,Y,7218022.0,,45.0,Vehicle - Pedalcyclist,12814,0,N,POINT (1268176.789551407 227837.8582053632),398.0,0.0,Clear or Partly Cloudy
52845,66629,66629,2829891,Matched,Block,,ROOSEVELT WAY NE BETWEEN NE 43RD N ST AND NE 45TH ST,,,2,Injury Collision,Cycles,2,0,1,1,1,0,0,2007-07-02T00:00:00.000Z,7/2/2007,Mid-Block (not related to intersection),18,"MOTOR VEHICLE STRUCK PEDALCYCLIST, FRONT END AT ANGLE",,0,Clear or Partly Cloudy,Dry,Daylight,Y,7183004.0,,45.0,Vehicle - Pedalcyclist,9000,0,N,POINT (1274643.41477403 244486.5489104092),22683.0,1.6744602144952038e-05,Clear or Partly Cloudy
52882,67542,67542,2619050,Matched,Block,,ALKI AVE SW BETWEEN SW ARKANSAS ST AND SW HAMPSHIRE ST,,,2,Injury Collision,Cycles,2,0,1,1,1,0,0,2007-10-23T00:00:00.000Z,10/23/2007 5:14:00 PM,Driveway Junction,18,"MOTOR VEHICLE STRUCK PEDALCYCLIST, FRONT END AT ANGLE",,0,Clear or Partly Cloudy,Dry,Daylight,Y,7296005.0,,45.0,Vehicle - Pedalcyclist,3594,0,N,POINT (1255293.27299422 218938.2937162519),12524.0,1.5119837884615262e-05,Clear or Partly Cloudy
52889,67539,67539,2797726,Matched,Intersection,29968.0,2ND AVE AND MARION ST,,,2b,Serious Injury Collision,Cycles,2,0,1,1,1,1,0,2007-12-06T00:00:00.000Z,12/6/2007,At Intersection (intersection related),18,"MOTOR VEHICLE STRUCK PEDALCYCLIST, FRONT END AT ANGLE",,0,Clear or Partly Cloudy,Dry,Daylight,,7340036.0,,45.0,Vehicle - Pedalcyclist,12103,0,N,POINT (1270116.020785391 224095.4131455272),2489.0,0.0,Clear or Partly Cloudy
52947,67182,67182,2795065,Matched,Block,,11TH AVE NE BETWEEN NE 55TH ST AND NE 56TH ST,,,2,Injury Collision,Cycles,2,0,1,1,1,0,0,2007-06-18T00:00:00.000Z,6/18/2007 2:50:00 PM,Mid-Block (not related to intersection),18,"MOTOR VEHICLE STRUCK PEDALCYCLIST, FRONT END AT ANGLE",,0,Clear or Partly Cloudy,Dry,Daylight,,7169002.0,,45.0,Vehicle - Pedalcyclist,9051,0,N,POINT (1275056.439158455 247550.6856175512),8402.0,2.100630847326295e-05,Clear or Partly Cloudy
52977,67327,67327,2828072,Matched,Block,,BROADWAY BETWEEN MARION ST AND MADISON ST,,,2,Injury Collision,Cycles,3,0,1,2,1,0,0,2007-11-17T00:00:00.000Z,11/17/2007 8:30:00 PM,Mid-Block (not related to intersection),18,"MOTOR VEHICLE STRUCK PEDALCYCLIST, FRONT END AT ANGLE",,0,Overcast,Dry,Dark - Street Lights On,Y,7321002.0,,45.0,Vehicle - Pedalcyclist,42005,0,N,POINT (1273543.430452913 226301.2599957883),3410.0,2.9984082715154194e-05,Overcast
53063,67346,67346,2608940,Matched,Intersection,29577.0,5TH AVE AND PINE ST,,,1,Property Damage Only Collision,Cycles,2,0,1,1,0,0,0,2007-03-07T00:00:00.000Z,3/7/2007,At Intersection (intersection related),51,PEDALCYCLIST STRUCK MOTOR VEHICLE FRONT END AT ANGLE,,0,Overcast,Wet,Dark - Street Lights On,,7066002.0,,45.0,Vehicle - Pedalcyclist,0,630800,N,POINT (1269672.542256936 226740.2000922412),482.0,0.0,Overcast
53178,67373,67373,2827160,Matched,Intersection,33878.0,LINCOLN PARK WAY SW AND MURRAY AVE SW,,,2b,Serious Injury Collision,Cycles,2,0,1,1,1,1,0,2007-08-26T00:00:00.000Z,8/26/2007 2:44:00 PM,At Intersection (intersection related),18,"MOTOR VEHICLE STRUCK PEDALCYCLIST, FRONT END AT ANGLE",,0,Clear or Partly Cloudy,Dry,Daylight,Y,7238001.0,,45.0,Vehicle - Pedalcyclist,29430,0,N,POINT (1254617.036321521 200860.8823057413),865.0,0.0,Clear or Partly Cloudy
53210,67379,67379,2607599,Matched,Block,,2ND AVE BETWEEN UNIVERSITY ST AND UNION ST,,,2b,Serious Injury Collision,Cycles,2,0,1,1,1,1,0,2007-08-10T00:00:00.000Z,8/10/2007 9:04:00 AM,Driveway Junction,18,"MOTOR VEHICLE STRUCK PEDALCYCLIST, FRONT END AT ANGLE",,0,Clear or Partly Cloudy,Dry,Daylight,Y,7222007.0,,45.0,Vehicle - Pedalcyclist,12162,0,N,POINT (1269384.209328651 225331.5899147987),16946.0,0.0,Clear or Partly Cloudy
53425,67683,67683,2611337,Matched,Block,,NE CAMPUS EB PY BETWEEN NE CAMPUS PY OFF RP AND 12TH AVE NE,,,1,Property Damage Only Collision,Cycles,2,0,1,1,0,0,0,2007-02-06T00:00:00.000Z,2/6/2007,Mid-Block (not related to intersection),21,"MOTOR VEHICLE STRUCK PEDALCYCLIST, REAR END",,0,Overcast,Dry,Daylight,,7037003.0,,45.0,Vehicle - Pedalcyclist,30451,0,N,POINT (1274928.40907833 242818.3803326935),18257.0,2.5076964866092363e-05,Overcast
53514,67707,67707,2798486,Matched,Block,,SW BARTON ST BETWEEN 25TH AVE SW AND 26TH AVE SW,,,2,Injury Collision,Cycles,2,0,1,1,1,0,0,2007-03-25T00:00:00.000Z,3/25/2007 2:05:00 PM,Mid-Block (not related to intersection),51,PEDALCYCLIST STRUCK MOTOR VEHICLE FRONT END AT ANGLE,,0,Clear or Partly Cloudy,Dry,Daylight,,7084003.0,,45.0,Vehicle - Pedalcyclist,0,0,N,POINT (1261927.471401006 193820.7630025297),7947.0,7.313422954312095e-09,Clear or Partly Cloudy
53523,68117,68117,2805905,Matched,Block,,E MADISON ST BETWEEN M L KING JR WAY E AND 28TH AVE E,,,2,Injury Collision,Cycles,2,0,1,1,1,0,0,2007-02-21T00:00:00.000Z,2/21/2007 3:44:00 PM,Mid-Block (not related to intersection),56,PEDALCYCLIST STRUCK MOTOR VEHICLE LEFT SIDE SIDESWIPE,,0,Clear or Partly Cloudy,Dry,Daylight,,7052002.0,,45.0,Vehicle - Pedalcyclist,34601,0,N,POINT (1279662.201659173 230825.1945284158),6879.0,1.053462959497785e-08,Clear or Partly Cloudy
53530,67717,67717,2827530,Matched,Block,,E PIKE ST BETWEEN BELMONT AVE AND BOYLSTON AVE,,,2,Injury Collision,Cycles,2,0,1,1,1,0,0,2007-11-01T00:00:00.000Z,11/1/2007,Mid-Block (not related to intersection),54,PEDALCYCLIST STRUCK MOTOR VEHICLE REAR END,,0,Clear or Partly Cloudy,Dry,Dark - Street Lights On,,7305006.0,,45.0,Vehicle - Pedalcyclist,31166,0,N,POINT (1272786.011764124 227565.5201570839),10445.0,2.210552063147072e-05,Clear or Partly Cloudy
53602,68122,68122,2614487,Matched,Intersection,33499.0,RAINIER AVE S AND S BRANDON ST,,,2,Injury Collision,Cycles,2,0,1,1,1,0,0,2007-07-13T00:00:00.000Z,7/13/2007 10:45:00 AM,At Intersection (intersection related),18,"MOTOR VEHICLE STRUCK PEDALCYCLIST, FRONT END AT ANGLE",,0,Clear or Partly Cloudy,Dry,Daylight,Y,7194042.0,,45.0,Vehicle - Pedalcyclist,23898,0,N,POINT (1283287.148606881 205221.5269182026),8894.0,0.0,Clear or Partly Cloudy
53679,68015,68015,2893294,Matched,Intersection,25532.0,STONE AVE N AND N 50TH ST,,,2,Injury Collision,Cycles,3,0,1,1,1,0,0,2007-11-27T00:00:00.000Z,11/27/2007 3:47:00 PM,At Intersection (intersection related),51,PEDALCYCLIST STRUCK MOTOR VEHICLE FRONT END AT ANGLE,,0,Clear or Partly Cloudy,Dry,Dusk,,7331007.0,,45.0,Vehicle - Pedalcyclist,0,0,N,POINT (1268673.590063915 246229.3454561979),7066.0,0.0,Clear or Partly Cloudy
53772,67910,67910,2796808,Matched,Intersection,35429.0,SEWARD PARK AVE S AND S CLOVERDALE ST,,,2,Injury Collision,Cycles,2,0,1,1,1,0,0,2007-06-28T00:00:00.000Z,6/28/2007 5:36:00 PM,At Intersection (intersection related),18,"MOTOR VEHICLE STRUCK PEDALCYCLIST, FRONT END AT ANGLE",,0,Overcast,Dry,Daylight,Y,7179058.0,,45.0,Vehicle - Pedalcyclist,0,0,N,POINT (1286746.83449842 195426.6640601754),12485.0,0.0,Overcast
54207,68405,68405,C689381,Matched,Block,,STEWART ST BETWEEN TERRY AVE AND BOREN AVE,,,1,Property Damage Only Collision,Cycles,2,0,1,1,0,0,0,2007-07-20T00:00:00.000Z,7/20/2007 8:35:00 AM,Driveway Junction,51,PEDALCYCLIST STRUCK MOTOR VEHICLE FRONT END AT ANGLE,,0,Raining,Wet,Daylight,,7201071.0,,45.0,Vehicle - Pedalcyclist,13691,0,N,POINT (1270530.444337815 228526.0448300689),13801.0,0.0,Raining
54214,68403,68403,2825845,Matched,Intersection,28888.0,5TH AVE N AND ROY ST,,,2,Injury Collision,Cycles,2,0,1,1,1,0,0,2007-08-29T00:00:00.000Z,8/29/2007 4:47:00 PM,At Intersection (intersection related),18,"MOTOR VEHICLE STRUCK PEDALCYCLIST, FRONT END AT ANGLE",,0,Clear or Partly Cloudy,Dry,Daylight,Y,7241052.0,,45.0,Vehicle - Pedalcyclist,0,521788,N,POINT (1267038.547502249 231808.6708814204),944.0,0.0,Clear or Partly Cloudy
54231,68415,68415,2830153,Matched,Block,,LAKE CITY WAY NE BETWEEN NE 143RD ST AND NE 145TH ST,,,2b,Serious Injury Collision,Cycles,4,0,2,1,1,1,0,2007-10-19T00:00:00.000Z,10/19/2007 10:03:00 PM,Mid-Block (not related to intersection),18,"MOTOR VEHICLE STRUCK PEDALCYCLIST, FRONT END AT ANGLE",,0,Raining,Wet,Dark - Street Lights On,,7292010.0,,45.0,Vehicle - Pedalcyclist,17684,0,N,POINT (1281381.514748931 270723.3356892765),22545.0,3.0040853123836397e-06,Raining
54233,68420,68420,2881382,Matched,Block,,GREEN LAKE DR N BETWEEN N 80TH ST AND STONE AVE N,,,2,Injury Collision,Other,2,0,1,1,1,0,0,2007-09-06T00:00:00.000Z,9/6/2007,Mid-Block (but intersection related),69,PEDALCYCLIST OVERTURNED IN ROAD,Y,0,Clear or Partly Cloudy,Dry,Daylight,,7249001.0,,53.0,"Person fell, jumped or was pushed from vehicle",9812,0,N,POINT (1269068.438384324 254342.8438965082),747.0,2.315121450980801e-05,Clear or Partly Cloudy
54250,68416,68416,2828059,Matched,Intersection,29878.0,BOREN AVE AND PIKE ST,,,2,Injury Collision,Cycles,2,0,1,1,1,0,0,2007-10-18T00:00:00.000Z,10/18/2007 4:35:00 PM,At Intersection (intersection related),18,"MOTOR VEHICLE STRUCK PEDALCYCLIST, FRONT END AT ANGLE",,0,Clear or Partly Cloudy,Dry,Daylight,Y,7291002.0,,45.0,Vehicle - Pedalcyclist,31087,0,N,POINT (1271552.335410863 227358.0148768723),6588.0,0.0,Clear or Partly Cloudy