OBJECTID,INCKEY,COLDETKEY,REPORTNO,STATUS,ADDRTYPE,INTKEY,LOCATION,EXCEPTRSNC,EXCEPTRSND,SEVERITYCO,SEVERITYDE,COLLISIONT,PERSONCOUN,PEDCOUNT,PEDCYLCOUN,VEHCOUNT,INJURIES,SERIOUSINJ,FATALITIES,INCDATE,INCDTTM,JUNCTIONTY,SDOT_COLCO,SDOT_COLDE,INATTENTIO,UNDERINFL,WEATHER,ROADCOND,LIGHTCOND,PEDROWNOTG,SDOTCOLNUM,SPEEDING,ST_COLCODE,ST_COLDESC,SEGLANEKEY,CROSSWALKK,HITPARKEDC,geometry,near_str_index,min_length,weather_group
56380,70386,70386,2620915,Matched,Intersection,29539.0,8TH AVE AND STEWART ST,,,2,Injury Collision,Cycles,2,0,1,1,1,0,0,2007-03-07T00:00:00.000Z,3/7/2007,At Intersection (intersection related),23,"MOTOR VEHICLE STRUCK PEDALCYCLIST, LEFT SIDE SIDESWIPE",,0,Clear or Partly Cloudy,Dry,Dark - Street Lights On,,7066012.0,,45.0,Vehicle - Pedalcyclist,0,0,N,POINT (1269989.017393261 227930.8635174632),8918.0,0.0,Clear or Partly Cloudy
56418,70391,70391,2791411,Matched,Intersection,38474.0,TERRACE ST AND YESLER WAY,,,2,Injury Collision,Cycles,2,0,1,1,1,0,0,2007-07-13T00:00:00.000Z,7/13/2007 2:04:00 PM,At Intersection (intersection related),18,"MOTOR VEHICLE STRUCK PEDALCYCLIST, FRONT END AT ANGLE",,0,Clear or Partly Cloudy,Dry,Daylight,Y,7194005.0,,45.0,Vehicle - Pedalcyclist,9972,0,N,POINT (1271442.458162755 223075.3440244794),985.0,0.0,Clear or Partly Cloudy
56421,70398,70398,2606529,Matched,Block,,OCCIDENTAL AVE S BETWEEN S JACKSON ST AND S KING E ST,,,1,Property Damage Only Collision,Cycles,2,0,1,1,0,0,0,2007-08-08T00:00:00.000Z,8/8/2007,Mid-Block (not related to intersection),18,"MOTOR VEHICLE STRUCK PEDALCYCLIST, FRONT END AT ANGLE",,0,Clear or Partly Cloudy,Dry,Daylight,,7220005.0,,45.0,Vehicle - Pedalcyclist,0,0,N,POINT (1270468.481649756 222009.4194153994),9794.0,1.3918012881538267e-05,Clear or Partly Cloudy
56465,71068,71068,2881150,Matched,Intersection,25423.0,14TH AVE NW AND NW MARKET ST,,,2,Injury Collision,Cycles,2,0,1,1,1,0,0,2007-12-11T00:00:00.000Z,12/11/2007 2:34:00 PM,At Intersection (intersection related),18,"MOTOR VEHICLE STRUCK PEDALCYCLIST, FRONT END AT ANGLE",,0,Clear or Partly Cloudy,Dry,Daylight,Y,7345004.0,,45.0,Vehicle - Pedalcyclist,26709,0,N,POINT (1260938.171943992 247706.2063857019),7584.0,0.0,Clear or Partly Cloudy
56467,71067,71067,2792601,Matched,Block,,FAUNTLEROY WAY SW BETWEEN 44TH AVE SW AND FAUNTLEROY WR N WAY SW,,,2,Injury Collision,Cycles,2,0,1,1,1,0,0,2007-12-11T00:00:00.000Z,12/11/2007 8:45:00 AM,Mid-Block (not related to intersection),18,"MOTOR VEHICLE STRUCK PEDALCYCLIST, FRONT END AT ANGLE",,0,Clear or Partly Cloudy,Dry,Daylight,Y,7345005.0,,45.0,Vehicle - Pedalcyclist,0,0,N,POINT (1256245.834595188 202530.1461794525),12578.0,3.0594172900967156e-05,Clear or Partly Cloudy
56489,71204,71204,2805830,Matched,Block,,EASTLAKE AVE E BETWEEN HARVARD AVE E AND FUHRMAN AVE E,,,2,Injury Collision,Cycles,3,0,1,1,1,0,0,2007-05-01T00:00:00.000Z,5/1/2007,Driveway Junction,18,"MOTOR VEHICLE STRUCK PEDALCYCLIST, FRONT END AT ANGLE",Y,0,Clear or Partly Cloudy,Dry,Daylight,Y,7121007.0,,45.0,Vehicle - Pedalcyclist,6064,0,N,POINT (1273599.974708959 241029.8313388675),6317.0,1.4142158170737939e-05,Clear or Partly Cloudy
56668,70981,70981,2794755,Matched,Intersection,27141.0,BROOKLYN AVE NE AND NE CAMPUS WB PY,,,2,Injury Collision,Cycles,1,0,1,0,1,0,0,2007-05-31T00:00:00.000Z,5/31/2007 10:01:00 AM,At Intersection (intersection related),18,"MOTOR VEHICLE STRUCK PEDALCYCLIST, FRONT END AT ANGLE",,0,Clear or Partly Cloudy,Dry,Daylight,,7151003.0,,45.0,Vehicle - Pedalcyclist,31383,0,N,POINT (1275426.926646829 242883.2216767669),6215.0,0.0,Clear or Partly Cloudy
56737,71124,71124,2826062,Matched,Intersection,29134.0,MINOR AVE N AND REPUBLICAN ST,,,2b,Serious Injury Collision,Cycles,3,0,1,1,1,1,0,2007-07-30T00:00:00.000Z,7/30/2007 11:20:00 AM,At Intersection (intersection related),18,"MOTOR VEHICLE STRUCK PEDALCYCLIST, FRONT END AT ANGLE",,0,Clear or Partly Cloudy,Dry,Daylight,Y,7211036.0,,45.0,Vehicle - Pedalcyclist,31263,0,N,POINT (1270613.107249901 230897.0141764879),860.0,0.0,Clear or Partly Cloudy
56741,70872,70872,2792364,Matched,Intersection,29220.0,28TH AVE E AND E WARD ST,,,2,Injury Collision,Cycles,2,0,1,1,1,0,0,2007-07-08T00:00:00.000Z,7/8/2007,At Intersection (intersection related),51,PEDALCYCLIST STRUCK MOTOR VEHICLE FRONT END AT ANGLE,,0,Clear or Partly Cloudy,Dry,Daylight,,7189007.0,,45.0,Vehicle - Pedalcyclist,0,0,N,POINT (1279667.716155171 232280.4589139074),1181.0,0.0,Clear or Partly Cloudy
56857,71153,71153,2795030,Matched,Block,,LENORA ST BETWEEN 1ST AVE AND 2ND AVE,,,2,Injury Collision,Cycles,2,0,1,1,1,0,0,2007-04-28T00:00:00.000Z,4/28/2007 12:55:00 PM,Driveway Junction,51,PEDALCYCLIST STRUCK MOTOR VEHICLE FRONT END AT ANGLE,,0,Clear or Partly Cloudy,Dry,Daylight,,7118004.0,Y,45.0,Vehicle - Pedalcyclist,0,0,N,POINT (1267949.872047171 226955.0922524631),16853.0,2.055196876830434e-06,Clear or Partly Cloudy
56951,70787,70787,2825484,Matched,Intersection,26688.0,3RD AVE W AND W NICKERSON ST,,,2,Injury Collision,Cycles,3,0,1,1,1,0,0,2007-05-15T00:00:00.000Z,5/15/2007 6:01:00 PM,At Intersection (intersection related),18,"MOTOR VEHICLE STRUCK PEDALCYCLIST, FRONT END AT ANGLE",,0,Clear or Partly Cloudy,Dry,Daylight,Y,7135011.0,,45.0,Vehicle - Pedalcyclist,12501,0,N,POINT (1263940.345131069 241139.0465709865),277.0,0.0,Clear or Partly Cloudy
56953,71184,71184,2792338,Matched,Block,,LAKESIDE AVE S BETWEEN S LESCHI PL AND S JACKSON ST,,,1,Property Damage Only Collision,Cycles,2,0,1,1,0,0,0,2007-07-14T00:00:00.000Z,7/14/2007 7:38:00 AM,Mid-Block (not related to intersection),54,PEDALCYCLIST STRUCK MOTOR VEHICLE REAR END,,0,Clear or Partly Cloudy,Dry,Daylight,,7195006.0,,45.0,Vehicle - Pedalcyclist,0,0,N,POINT (1281921.50796549 222018.4334314018),18986.0,1.604262285566666e-05,Clear or Partly Cloudy
56970,71707,71707,2616947,Matched,Intersection,29130.0,BELLEVUE AVE E AND E REPUBLICAN ST,,,2b,Serious Injury Collision,Cycles,3,0,1,1,1,1,0,2007-02-19T00:00:00.000Z,2/19/2007 4:37:00 PM,At Intersection (intersection related),51,PEDALCYCLIST STRUCK MOTOR VEHICLE FRONT END AT ANGLE,,0,Raining,Wet,Daylight,,7050002.0,,45.0,Vehicle - Pedalcyclist,0,0,N,POINT (1272193.177651525 230872.9217604697),15814.0,0.0,Raining
57011,71469,71469,2609933,Matched,Intersection,25789.0,ROOSEVELT WAY NE AND NE 50TH ST,,,2,Injury Collision,Cycles,2,0,1,1,1,0,0,2007-05-14T00:00:00.000Z,5/14/2007 7:45:00 PM,At Intersection (intersection related),51,PEDALCYCLIST STRUCK MOTOR VEHICLE FRONT END AT ANGLE,Y,0,Clear or Partly Cloudy,Dry,Daylight,,7134001.0,,45.0,Vehicle - Pedalcyclist,9124,0,N,POINT (1274752.641334146 246074.6052320302),7253.0,0.0,Clear or Partly Cloudy
57036,71333,71333,2618330,Matched,Block,,WESTERN AVE BETWEEN BLANCHARD ST AND BELL ST,,,2,Injury Collision,Cycles,2,0,1,1,1,0,0,2007-07-15T00:00:00.000Z,7/15/2007 1:14:00 PM,Mid-Block (not related to intersection),18,"MOTOR VEHICLE STRUCK PEDALCYCLIST, FRONT END AT ANGLE",,0,Clear or Partly Cloudy,Dry,Daylight,Y,7196001.0,,45.0,Vehicle - Pedalcyclist,0,523763,N,POINT (1267152.303534359 227028.1995805353),9826.0,0.0,Clear or Partly Cloudy
57058,71348,71348,2825690,Matched,Intersection,29911.0,7TH AVE AND UNION ST,,,2,Injury Collision,Cycles,2,0,1,1,1,0,0,2007-05-22T00:00:00.000Z,5/22/2007 9:20:00 AM,At Intersection (intersection related),18,"MOTOR VEHICLE STRUCK PEDALCYCLIST, FRONT END AT ANGLE",,0,Overcast,Dry,Daylight,,7142003.0,,45.0,Vehicle - Pedalcyclist,37014,0,N,POINT (1270660.664369956 226334.9807638228),4931.0,0.0,Overcast
57133,71359,71359,2625247,Matched,Intersection,33100.0,AIRPORT WAY S AND S LUCILE ST,,,2,Injury Collision,Cycles,2,0,1,1,1,0,0,2007-02-12T00:00:00.000Z,2/12/2007 3:35:00 PM,At Intersection (intersection related),18,"MOTOR VEHICLE STRUCK PEDALCYCLIST, FRONT END AT ANGLE",,0,Clear or Partly Cloudy,Dry,Daylight,Y,7043006.0,,45.0,Vehicle - Pedalcyclist,0,525162,N,POINT (1273078.798132434 205396.5287743807),1827.0,0.0,Clear or Partly Cloudy
57152,71624,71624,2621305,Matched,Intersection,29915.0,HUBBELL PL AND SENECA ST,,,2,Injury Collision,Cycles,2,0,1,1,1,0,0,2007-01-07T00:00:00.000Z,1/7/2007,At Intersection (intersection related),18,"MOTOR VEHICLE STRUCK PEDALCYCLIST, FRONT END AT ANGLE",,0,Overcast,Wet,Daylight,Y,7007005.0,,45.0,Vehicle - Pedalcyclist,9107,0,N,POINT (1271097.151026398 225743.0102032125),771.0,0.0,Overcast
57186,71382,71382,2622545,Matched,Block,,7TH AVE BETWEEN WESTLAKE AVE AND LENORA ST,,,2,Injury Collision,Cycles,2,0,1,1,1,0,0,2007-02-06T00:00:00.000Z,2/6/2007,Driveway Junction,51,PEDALCYCLIST STRUCK MOTOR VEHICLE FRONT END AT ANGLE,Y,0,Overcast,Wet,Daylight,Y,7037006.0,,45.0,Vehicle - Pedalcyclist,13839,0,N,POINT (1269253.946416512 228164.488733694),18860.0,1.2851912306908784e-05,Overcast
57209,71784,71784,2904627,Matched,Intersection,25447.0,15TH AVE NW AND BALLARD BR,,,2,Injury Collision,Cycles,2,0,1,1,1,0,0,2007-12-12T00:00:00.000Z,12/12/2007 4:12:00 PM,At Intersection (intersection related),18,"MOTOR VEHICLE STRUCK PEDALCYCLIST, FRONT END AT ANGLE",,0,Overcast,Dry,Dark - Street Lights On,Y,7346033.0,,45.0,Vehicle - Pedalcyclist,18252,0,N,POINT (1260263.429671302 246400.6092003733),1573.0,0.0,Overcast
57234,71782,71782,2906253,Matched,Intersection,29054.0,11TH AVE E AND E JOHN ST,,,2,Injury Collision,Cycles,2,0,1,1,1,0,0,2007-12-16T00:00:00.000Z,12/16/2007 7:00:00 PM,At Intersection (intersection related),51,PEDALCYCLIST STRUCK MOTOR VEHICLE FRONT END AT ANGLE,Y,0,Raining,Wet,Dark - Street Lights On,,7350007.0,Y,45.0,Vehicle - Pedalcyclist,0,0,N,POINT (1274231.354165614 229663.4530872256),10807.0,0.0,Raining
57279,71755,71755,2619202,Matched,Block,,1ST AVE S BETWEEN S MAIN ST AND S JACKSON ST,,,2,Injury Collision,Cycles,2,0,1,1,1,0,0,2007-06-23T00:00:00.000Z,6/23/2007 4:45:00 PM,Mid-Block (not related to intersection),18,"MOTOR VEHICLE STRUCK PEDALCYCLIST, FRONT END AT ANGLE",,0,Clear or Partly Cloudy,Dry,Daylight,,7174003.0,,45.0,Vehicle - Pedalcyclist,36141,0,N,POINT (1270153.443825439 222335.9730157256),15986.0,2.486473257438164e-05,Clear or Partly Cloudy
57304,71648,71648,2906402,Matched,Block,,LAKEVIEW BLVD E BETWEEN E GARFIELD ST AND HARVARD AVE E,,,2,Injury Collision,Cycles,2,0,1,1,1,0,0,2007-12-12T00:00:00.000Z,12/12/2007 10:09:00 PM,Mid-Block (but intersection related),18,"MOTOR VEHICLE STRUCK PEDALCYCLIST, FRONT END AT ANGLE",,1,Clear or Partly Cloudy,Dry,Dark - Street Lights On,Y,7346014.0,,45.0,Vehicle - Pedalcyclist,0,0,N,POINT (1273313.356532663 235256.0079089552),6462.0,9.056032802750305e-07,Clear or Partly Cloudy
57311,71399,71399,2826072,Matched,Block,,1ST AVE S BETWEEN S MASSACHUSETTS ST AND S HOLGATE ST,,,2,Injury Collision,Cycles,3,0,1,1,1,0,0,2007-08-01T00:00:00.000Z,8/1/2007,Driveway Junction,18,"MOTOR VEHICLE STRUCK PEDALCYCLIST, FRONT END AT ANGLE",,0,Clear or Partly Cloudy,Dry,Dark - Street Lights On,Y,7213003.0,,45.0,Vehicle - Pedalcyclist,0,0,N,POINT (1270062.167281345 217792.5188670754),13404.0,1.5955051229483814e-07,Clear or Partly Cloudy
57391,71683,71683,2893251,Matched,Intersection,25949.0,25TH AVE NE AND NE BLAKELEY ST,,,2,Injury Collision,Cycles,2,0,1,1,1,0,0,2007-09-29T00:00:00.000Z,9/29/2007 12:45:00 PM,At Intersection (intersection related),18,"MOTOR VEHICLE STRUCK PEDALCYCLIST, FRONT END AT ANGLE",,0,Raining,Wet,Daylight,Y,7272001.0,,45.0,Vehicle - Pedalcyclist,0,524372,N,POINT (1278900.484922394 246480.058544457),210.0,0.0,Raining
57472,71451,71451,2621742,Matched,Block,,E OLIVE WAY BETWEEN BELMONT AVE E AND BOYLSTON W AVE E,,,2,Injury Collision,Cycles,1,0,1,0,1,0,0,2007-05-18T00:00:00.000Z,5/18/2007 11:23:00 AM,Mid-Block (but intersection related),69,PEDALCYCLIST OVERTURNED IN ROAD,,0,Clear or Partly Cloudy,Dry,Daylight,,7138009.0,,45.0,Vehicle - Pedalcyclist,23250,0,N,POINT (1272870.446644217 229623.3502391875),9004.0,2.5595601446215343e-05,Clear or Partly Cloudy
57555,71973,71973,2615121,Matched,Block,,S WASHINGTON ST BETWEEN 26TH AVE S AND 27TH AVE S,,,1,Property Damage Only Collision,Cycles,2,0,1,1,0,0,0,2007-04-15T00:00:00.000Z,4/15/2007 2:30:00 PM,Mid-Block (but intersection related),18,"MOTOR VEHICLE STRUCK PEDALCYCLIST, FRONT END AT ANGLE",,0,Clear or Partly Cloudy,Dry,Daylight,,7105007.0,,45.0,Vehicle - Pedalcyclist,0,0,N,POINT (1278987.996346474 222617.8812400103),7902.0,7.602244292451917e-09,Clear or Partly Cloudy
57588,72123,72123,2607314,Matched,Intersection,29603.0,2ND AVE AND UNIVERSITY ST,,,2,Injury Collision,Cycles,2,0,1,1,1,0,0,2007-05-30T00:00:00.000Z,5/30/2007 11:51:00 AM,At Intersection (intersection related),51,PEDALCYCLIST STRUCK MOTOR VEHICLE FRONT END AT ANGLE,Y,0,Clear or Partly Cloudy,Dry,Daylight,,7150002.0,,45.0,Vehicle - Pedalcyclist,12165,0,N,POINT (1269492.709168762 225148.3088906109),2490.0,0.0,Clear or Partly Cloudy
57616,72139,72139,2827757,Matched,Block,,LAKE WASHINGTON BLVD E BETWEEN E DENNY BLAINE N PL AND MCGILVRA BLVD E,,,2,Injury Collision,Cycles,2,0,1,1,1,0,0,2007-09-08T00:00:00.000Z,9/8/2007,Mid-Block (not related to intersection),51,PEDALCYCLIST STRUCK MOTOR VEHICLE FRONT END AT ANGLE,Y,0,Clear or Partly Cloudy,Dry,Daylight,,7251001.0,,45.0,Vehicle - Pedalcyclist,0,0,N,POINT (1283112.664062709 229825.2007353902),10336.0,3.421063574825244e-05,Clear or Partly Cloudy
57637,72133,72133,2892917,Matched,Intersection,25790.0,11TH AVE NE AND NE 50TH ST,,,2b,Serious Injury Collision,Cycles,2,0,1,1,1,1,0,2007-10-17T00:00:00.000Z,10/17/2007 5:48:00 PM,At Intersection (intersection related),18,"MOTOR VEHICLE STRUCK PEDALCYCLIST, FRONT END AT ANGLE",,0,Raining,Wet,Daylight,Y,7290001.0,,45.0,Vehicle - Pedalcyclist,0,0,N,POINT (1275016.001590416 246065.9995360225),7253.0,0.0,Raining
57652,71997,71997,2804864,Matched,Intersection,167156.0,BEACON ER AVE S AND S DAWSON ST,,,2,Injury Collision,Cycles,2,0,1,1,1,0,0,2007-10-30T00:00:00.000Z,10/30/2007 9:00:00 AM,At Intersection (intersection related),18,"MOTOR VEHICLE STRUCK PEDALCYCLIST, FRONT END AT ANGLE",,0,Unknown,Unknown,Unknown,Y,7303036.0,,45.0,Vehicle - Pedalcyclist,0,524766,N,POINT (1277483.995704934 206263.1865672618),8260.0,0.0,
57667,72311,72311,2830286,Matched,Intersection,25464.0,LEARY WAY NW AND NW 46TH ST,,,2,Injury Collision,Cycles,2,0,1,1,1,0,0,2007-07-10T00:00:00.000Z,7/10/2007 3:00:00 PM,At Intersection (intersection related),18,"MOTOR VEHICLE STRUCK PEDALCYCLIST, FRONT END AT ANGLE",,0,Clear or Partly Cloudy,Dry,Daylight,Y,7191003.0,,45.0,Vehicle - Pedalcyclist,0,0,N,POINT (1262301.018409386 245318.484655261),804.0,0.0,Clear or Partly Cloudy
57706,72012,72012,2806612,Matched,Intersection,29577.0,5TH AVE AND PINE ST,,,1,Property Damage Only Collision,Cycles,2,0,1,1,0,0,0,2007-04-12T00:00:00.000Z,4/12/2007 12:39:00 AM,At Intersection (intersection related),51,PEDALCYCLIST STRUCK MOTOR VEHICLE FRONT END AT ANGLE,,0,Clear or Partly Cloudy,Dry,Dark - Street Lights On,,7102001.0,,45.0,Vehicle - Pedalcyclist,21833,0,N,POINT (1269672.542256936 226740.2000922412),482.0,0.0,Clear or Partly Cloudy
57732,72022,72022,2609834,Matched,Intersection,25494.0,GREEN LAKE TURN RD AND WEST GREEN LAKE WAY N,,,2,Injury Collision,Cycles,2,0,1,1,1,0,0,2007-01-22T00:00:00.000Z,1/22/2007 5:50:00 PM,At Intersection (intersection related),18,"MOTOR VEHICLE STRUCK PEDALCYCLIST, FRONT END AT ANGLE",,0,Clear or Partly Cloudy,Dry,Dark - Street Lights On,Y,7022002.0,,45.0,Vehicle - Pedalcyclist,29196,0,N,POINT (1269135.952688396 247948.1299699545),4797.0,0.0,Clear or Partly Cloudy
57922,71941,71941,2798236,Matched,Intersection,31899.0,35TH AVE SW AND SW AVALON WAY,,,1,Property Damage Only Collision,Cycles,2,0,1,1,0,0,0,2007-04-23T00:00:00.000Z,4/23/2007 6:00:00 PM,At Intersection (intersection related),18,"MOTOR VEHICLE STRUCK PEDALCYCLIST, FRONT END AT ANGLE",,0,Clear or Partly Cloudy,Dry,Daylight,Y,7113001.0,,45.0,Vehicle - Pedalcyclist,3547,0,N,POINT (1259532.683814555 209576.3557226658),2864.0,0.0,Clear or Partly Cloudy
58033,72624,72624,2881393,Matched,Intersection,26795.0,STONE WAY N AND N ALLEN PL,,,2,Injury Collision,Cycles,2,0,1,1,1,0,0,2007-08-31T00:00:00.000Z,8/31/2007 11:19:00 AM,At Intersection (intersection related),18,"MOTOR VEHICLE STRUCK PEDALCYCLIST, FRONT END AT ANGLE",,0,Clear or Partly Cloudy,Dry,Daylight,Y,7243012.0,,45.0,Vehicle - Pedalcyclist,12968,0,N,POINT (1268617.91364786 244637.8116305619),972.0,0.0,Clear or Partly Cloudy
58073,72505,72505,2804877,Matched,Intersection,28775.0,DEXTER AVE N AND REPUBLICAN ST,,,2b,Serious Injury Collision,Cycles,2,0,1,1,1,1,0,2007-09-12T00:00:00.000Z,9/12/2007 5:36:00 AM,At Intersection (intersection related),51,PEDALCYCLIST STRUCK MOTOR VEHICLE FRONT END AT ANGLE,,0,Clear or Partly Cloudy,Dry,Dark - Street Lights On,,7255004.0,,45.0,Vehicle - Pedalcyclist,0,0,N,POINT (1268305.74238354 230981.4332485795),6636.0,0.0,Clear or Partly Cloudy
58230,72549,72549,2791792,Matched,Intersection,28775.0,DEXTER AVE N AND REPUBLICAN ST,,,2,Injury Collision,Cycles,2,0,1,1,1,0,0,2007-10-16T00:00:00.000Z,10/16/2007 5:20:00 PM,At Intersection (intersection related),51,PEDALCYCLIST STRUCK MOTOR VEHICLE FRONT END AT ANGLE,,0,Overcast,Dry,Dusk,,7289033.0,,45.0,Vehicle - Pedalcyclist,12628,0,N,POINT (1268305.74238354 230981.4332485795),6636.0,0.0,Overcast
58257,72668,72668,2898552,Matched,Block,,3RD AVE BETWEEN VIRGINIA ST AND LENORA ST,,,2,Injury Collision,Cycles,2,0,1,1,1,0,0,2007-11-16T00:00:00.000Z,11/16/2007 4:06:00 PM,Mid-Block (not related to intersection),23,"MOTOR VEHICLE STRUCK PEDALCYCLIST, LEFT SIDE SIDESWIPE",Y,0,Raining,Wet,Dark - Street Lights On,,7320004.0,,45.0,Vehicle - Pedalcyclist,35721,0,N,POINT (1268433.322735667 227169.2336286753),262.0,8.906124309209379e-06,Raining
58260,72554,72554,2795038,Matched,Block,,BALLARD BR BETWEEN 15TH AVE W AND POINT A,,,2b,Serious Injury Collision,Cycles,2,0,1,1,1,1,0,2007-07-06T00:00:00.000Z,7/6/2007,Mid-Block (not related to intersection),18,"MOTOR VEHICLE STRUCK PEDALCYCLIST, FRONT END AT ANGLE",,0,Clear or Partly Cloudy,Dry,Daylight,,7187001.0,,45.0,Vehicle - Pedalcyclist,0,0,N,POINT (1260203.912359253 243460.9929413646),10281.0,2.135541820824496e-05,Clear or Partly Cloudy
58288,72677,72677,2791902,Matched,Block,,BROADWAY BETWEEN TERRACE ST AND JEFFERSON ST,,,2,Injury Collision,Cycles,2,0,1,1,1,0,0,2007-05-09T00:00:00.000Z,5/9/2007,Mid-Block (not related to intersection),18,"MOTOR VEHICLE STRUCK PEDALCYCLIST, FRONT END AT ANGLE",,0,Clear or Partly Cloudy,Dry,Daylight,,7129005.0,,45.0,Vehicle - Pedalcyclist,42023,0,N,POINT (1273510.993972868 224493.9982339293),6207.0,1.3943782792697688e-10,Clear or Partly Cloudy
58309,72813,72813,2609372,Matched,Intersection,33025.0,1ST AVE S AND S BENNETT ST,,,1,Property Damage Only Collision,Cycles,2,0,1,1,0,0,0,2007-01-31T00:00:00.000Z,1/31/2007 7:11:00 AM,At Intersection (intersection related),18,"MOTOR VEHICLE STRUCK PEDALCYCLIST, FRONT END AT ANGLE",,0,Clear or Partly Cloudy,Dry,Dawn,,7031001.0,,45.0,Vehicle - Pedalcyclist,1408,0,N,POINT (1269828.462897107 206033.6482630372),11435.0,0.0,Clear or Partly Cloudy
58338,72791,72791,2614972,Matched,Block,,12TH AVE BETWEEN E YESLER WAY AND E FIR ST,,,2b,Serious Injury Collision,Cycles,2,0,1,1,1,1,0,2007-02-05T00:00:00.000Z,2/5/2007,Mid-Block (not related to intersection),56,PEDALCYCLIST STRUCK MOTOR VEHICLE LEFT SIDE SIDESWIPE,,0,Overcast,Wet,Daylight,,7036003.0,,45.0,Vehicle - Pedalcyclist,10536,0,N,POINT (1274464.679541856 223187.2106485963),12266.0,2.189364124587166e-05,Overcast
58365,72463,72463,2795717,Matched,Intersection,27065.0,11TH AVE NE AND NE 45TH ST,,,2,Injury Collision,Cycles,2,0,1,1,1,0,0,2007-09-13T00:00:00.000Z,9/13/2007 7:32:00 PM,At Intersection (intersection related),18,"MOTOR VEHICLE STRUCK PEDALCYCLIST, FRONT END AT ANGLE",,0,Clear or Partly Cloudy,Dry,Daylight,Y,7256004.0,,45.0,Vehicle - Pedalcyclist,0,520890,N,POINT (1274930.22776632 244741.2228306681),2303.0,0.0,Clear or Partly Cloudy
58398,72716,72716,2608096,Matched,Block,,1ST AVE BETWEEN STEWART ST AND VIRGINIA ST,,,1,Property Damage Only Collision,Cycles,2,0,1,1,0,0,0,2007-11-03T00:00:00.000Z,11/3/2007,Mid-Block (not related to intersection),54,PEDALCYCLIST STRUCK MOTOR VEHICLE REAR END,,0,Clear or Partly Cloudy,Dry,Dusk,,7307002.0,,45.0,Vehicle - Pedalcyclist,36642,0,N,POINT (1268315.113135546 226405.5758358985),14548.0,6.9962397682903835e-06,Clear or Partly Cloudy
58471,72355,72355,2805386,Matched,Block,,DEXTER AVE N BETWEEN COMSTOCK ST AND LEE ST,,,2,Injury Collision,Cycles,2,0,1,1,1,0,0,2007-06-28T00:00:00.000Z,6/28/2007 8:30:00 AM,Mid-Block (not related to intersection),18,"MOTOR VEHICLE STRUCK PEDALCYCLIST, FRONT END AT ANGLE",,0,Raining,Wet,Daylight,Y,7179005.0,,45.0,Vehicle - Pedalcyclist,12809,0,N,POINT (1268378.324655622 233816.5253474861),3490.0,7.448190498143227e-09,Raining
58540,73006,73006,2804826,Matched,Intersection,29622.0,1ST AVE AND MARION ST,,,2,Injury Collision,Cycles,2,0,1,1,1,0,0,2007-09-11T00:00:00.000Z,9/11/2007 12:52:00 PM,At Intersection (intersection related),18,"MOTOR VEHICLE STRUCK PEDALCYCLIST, FRONT END AT ANGLE",,0,Clear or Partly Cloudy,Dry,Daylight,,7254032.0,,45.0,Vehicle - Pedalcyclist,36223,0,N,POINT (1269839.126065105 223931.4512893558),835.0,0.0,Clear or Partly Cloudy
58580,72886,72886,2795578,Matched,Block,,NW MARKET ST BETWEEN LEARY AVE NW AND BALLARD AVE NW,,,2,Injury Collision,Cycles,2,1,1,0,1,0,0,2007-06-09T00:00:00.000Z,6/9/2007,Mid-Block (not related to intersection),64,PEDALCYCLIST STRUCK PEDESTRIAN,,0,Raining,Wet,Daylight,Y,7160004.0,,45.0,Vehicle - Pedalcyclist,0,0,N,POINT (1257990.006692976 247770.4896497726),20714.0,0.0,Raining
58582,72885,72885,2624638,Matched,Intersection,36985.0,18TH AVE NW AND NW 85TH ST,,,2,Injury Collision,Cycles,2,0,1,1,1,0,0,2007-06-10T00:00:00.000Z,6/10/2007 5:01:00 PM,At Intersection (intersection related),51,PEDALCYCLIST STRUCK MOTOR VEHICLE FRONT END AT ANGLE,,0,Overcast,Dry,Daylight,,7161001.0,,45.0,Vehicle - Pedalcyclist,26116,0,N,POINT (1259512.447782531 255737.1073859334),4374.0,0.0,Overcast
58623,72895,72895,2614184,Matched,Intersection,36754.0,20TH AVE NE AND NE NORTHGATE WAY,,,2,Injury Collision,Cycles,2,0,1,1,1,0,0,2007-04-24T00:00:00.000Z,4/24/2007 7:40:00 AM,At Intersection (intersection related),18,"MOTOR VEHICLE STRUCK PEDALCYCLIST, FRONT END AT ANGLE",,0,Overcast,Dry,Daylight,,7114002.0,,45.0,Vehicle - Pedalcyclist,0,0,N,POINT (1277807.738169268 261898.0945282429),153.0,0.0,Overcast
58688,73316,73316,2612711,Matched,Intersection,30538.0,4TH AVE S AND SEATTLE BLVD S,,,2,Injury Collision,Cycles,2,0,1,1,1,0,0,2007-12-09T00:00:00.000Z,12/9/2007,At Intersection (intersection related),51,PEDALCYCLIST STRUCK MOTOR VEHICLE FRONT END AT ANGLE,,0,Overcast,Dry,Daylight,,7343025.0,,45.0,Vehicle - Pedalcyclist,0,522348,N,POINT (1271399.136818707 221166.1812705249),593.0,0.0,Overcast
58703,72925,72925,2624875,Matched,Intersection,26144.0,50TH AVE NE AND SAND POINT WAY NE,,,2,Injury Collision,Cycles,3,0,1,1,1,0,0,2007-03-13T00:00:00.000Z,3/13/2007 6:55:00 AM,At Intersection (intersection related),18,"MOTOR VEHICLE STRUCK PEDALCYCLIST, FRONT END AT ANGLE",Y,0,Clear or Partly Cloudy,Dry,Daylight,Y,7072004.0,,45.0,Vehicle - Pedalcyclist,0,521820,N,POINT (1285439.609921083 247100.7520490885),497.0,0.0,Clear or Partly Cloudy