OBJECTID,INCKEY,COLDETKEY,REPORTNO,STATUS,ADDRTYPE,INTKEY,LOCATION,EXCEPTRSNC,EXCEPTRSND,SEVERITYCO,SEVERITYDE,COLLISIONT,PERSONCOUN,PEDCOUNT,PEDCYLCOUN,VEHCOUNT,INJURIES,SERIOUSINJ,FATALITIES,INCDATE,INCDTTM,JUNCTIONTY,SDOT_COLCO,SDOT_COLDE,INATTENTIO,UNDERINFL,WEATHER,ROADCOND,LIGHTCOND,PEDROWNOTG,SDOTCOLNUM,SPEEDING,ST_COLCODE,ST_COLDESC,SEGLANEKEY,CROSSWALKK,HITPARKEDC,geometry,near_str_index,min_length,weather_group
58734,73323,73323,2906076,Matched,Block,,EASTLAKE AVE E BETWEEN E BOSTON ST AND E LYNN ST,,,2,Injury Collision,Cycles,3,0,1,2,1,0,0,2007-11-16T00:00:00.000Z,11/16/2007 4:07:00 PM,Mid-Block (not related to intersection),56,PEDALCYCLIST STRUCK MOTOR VEHICLE LEFT SIDE SIDESWIPE,,0,Raining,Wet,Dark - Street Lights On,,7320005.0,,45.0,Vehicle - Pedalcyclist,24749,0,N,POINT (1272477.548147812 236651.0616703928),12571.0,2.8641089257223292e-05,Raining
58756,73061,73061,2827826,Matched,Block,,HARVARD AVE E BETWEEN E SHELBY ST AND E GWINN PL,,,2,Injury Collision,Cycles,2,0,1,1,1,0,0,2007-09-05T00:00:00.000Z,9/5/2007,Mid-Block (not related to intersection),23,"MOTOR VEHICLE STRUCK PEDALCYCLIST, LEFT SIDE SIDESWIPE",,0,Clear or Partly Cloudy,Dry,Daylight,Y,7248003.0,,45.0,Vehicle - Pedalcyclist,42014,0,N,POINT (1273471.265780836 239691.2868894935),3578.0,1.9365746666917987e-05,Clear or Partly Cloudy
58765,73057,73057,2799051,Matched,Block,,ROOSEVELT WAY NE BETWEEN NE 56TH ST AND NE 57TH ST,,,2,Injury Collision,Cycles,2,0,1,1,1,0,0,2007-08-15T00:00:00.000Z,8/15/2007 1:05:00 PM,Driveway Junction,18,"MOTOR VEHICLE STRUCK PEDALCYCLIST, FRONT END AT ANGLE",,0,Clear or Partly Cloudy,Dry,Daylight,Y,7227002.0,,45.0,Vehicle - Pedalcyclist,0,0,N,POINT (1274796.113142192 247816.6300658137),6642.0,1.961660415035867e-05,Clear or Partly Cloudy
58809,73214,73214,2806856,Matched,Intersection,32565.0,49TH AVE S AND LAKE WASHINGTON BLVD S,,,2,Injury Collision,Cycles,2,0,1,1,1,0,0,2007-05-23T00:00:00.000Z,5/23/2007 2:52:00 PM,At Intersection (intersection related),21,"MOTOR VEHICLE STRUCK PEDALCYCLIST, REAR END",,0,Clear or Partly Cloudy,Dry,Daylight,,7143004.0,Y,45.0,Vehicle - Pedalcyclist,0,0,N,POINT (1285272.90822491 210393.4453874975),792.0,0.0,Clear or Partly Cloudy
58811,73088,73088,2797142,Matched,Block,,S GRAHAM ST BETWEEN BLAIR TER S AND WILSON AVE S,,,2,Injury Collision,Cycles,1,0,1,0,1,0,0,2007-11-25T00:00:00.000Z,11/25/2007 1:57:00 PM,Mid-Block (but intersection related),66,PEDALCYCLIST STRUCK OBJECT IN ROAD,,0,Clear or Partly Cloudy,Dry,Daylight,,7329004.0,,45.0,Vehicle - Pedalcyclist,0,0,N,POINT (1287093.129602775 202469.3694753796),7711.0,2.7869342450247413e-05,Clear or Partly Cloudy
58863,73094,73094,2802659,Matched,Block,,NE 43RD ST BETWEEN 7TH AVE NE AND 8TH AVE NE,,,1,Property Damage Only Collision,Cycles,2,0,1,1,0,0,0,2007-01-16T00:00:00.000Z,1/16/2007 9:23:00 PM,Mid-Block (but intersection related),23,"MOTOR VEHICLE STRUCK PEDALCYCLIST, LEFT SIDE SIDESWIPE",,0,Overcast,Snow/Slush,Dark - Street Lights On,Y,7016008.0,,45.0,Vehicle - Pedalcyclist,0,0,N,POINT (1273997.735221371 244091.4051660001),7236.0,1.1363668183559316e-05,Overcast
58878,72970,72970,2805428,Matched,Block,,ALASKAN WAY BETWEEN BLANCHARD ST AND XW BELL ST,,,2,Injury Collision,Cycles,2,0,1,1,1,0,0,2007-05-12T00:00:00.000Z,5/12/2007 9:53:00 AM,Mid-Block (not related to intersection),18,"MOTOR VEHICLE STRUCK PEDALCYCLIST, FRONT END AT ANGLE",,0,Clear or Partly Cloudy,Dry,Daylight,Y,7132003.0,,45.0,Vehicle - Pedalcyclist,20841,0,N,POINT (1266765.873005971 226603.827612102),17860.0,1.5525800509329215e-05,Clear or Partly Cloudy
58922,72855,72855,2830252,Matched,Intersection,27273.0,N 36TH ST AND N PACIFIC ST,,,2,Injury Collision,Cycles,2,0,1,1,1,0,0,2007-06-02T00:00:00.000Z,6/2/2007,At Intersection (intersection related),18,"MOTOR VEHICLE STRUCK PEDALCYCLIST, FRONT END AT ANGLE",,0,Clear or Partly Cloudy,Dry,Daylight,,7153005.0,,45.0,Vehicle - Pedalcyclist,0,0,N,POINT (1271166.67909047 240877.5955627114),8275.0,0.0,Clear or Partly Cloudy
58929,72851,72851,C684641,Matched,Block,,E PINE ST BETWEEN SUMMIT AVE AND BELMONT AVE,,,2,Injury Collision,Cycles,2,0,1,1,1,0,0,2007-04-05T00:00:00.000Z,4/5/2007,Mid-Block (not related to intersection),23,"MOTOR VEHICLE STRUCK PEDALCYCLIST, LEFT SIDE SIDESWIPE",,0,Clear or Partly Cloudy,Dry,Daylight,,7095040.0,,45.0,Vehicle - Pedalcyclist,10354,0,N,POINT (1272529.560499862 227979.7152295113),15725.0,7.914454243401768e-11,Clear or Partly Cloudy
60037,74290,74290,2604136,Matched,Intersection,37475.0,5TH AVE NE AND NE 103RD ST,,,2b,Serious Injury Collision,Cycles,2,0,1,1,1,1,0,2007-02-19T00:00:00.000Z,2/19/2007 6:05:00 PM,At Intersection (intersection related),51,PEDALCYCLIST STRUCK MOTOR VEHICLE FRONT END AT ANGLE,,0,Raining,Wet,Dark - Street Lights On,,7050012.0,,45.0,Vehicle - Pedalcyclist,10991,0,N,POINT (1273607.151412964 260034.4928623289),12473.0,0.0,Raining
60057,74302,74302,2791524,Matched,Block,,THORNDYKE AVE W BETWEEN 21ST AVE W AND 20TH AVE W,,,2,Injury Collision,Cycles,2,0,1,1,1,0,0,2007-08-04T00:00:00.000Z,8/4/2007,Mid-Block (not related to intersection),51,PEDALCYCLIST STRUCK MOTOR VEHICLE FRONT END AT ANGLE,,0,Clear or Partly Cloudy,Dry,Daylight,Y,7216003.0,,45.0,Vehicle - Pedalcyclist,16133,0,N,POINT (1258562.938277572 239358.2146971524),991.0,1.3788003655604818e-05,Clear or Partly Cloudy
60078,73909,73909,2609944,Matched,Block,,35TH AVE NE BETWEEN NE 62ND ST AND NE 65TH ST,,,2,Injury Collision,Cycles,2,0,1,1,1,0,0,2007-08-05T00:00:00.000Z,8/5/2007,Mid-Block (not related to intersection),54,PEDALCYCLIST STRUCK MOTOR VEHICLE REAR END,Y,0,Overcast,Dry,Dusk,,7217001.0,,45.0,Vehicle - Pedalcyclist,30289,0,N,POINT (1281507.609533057 249573.9187716246),15154.0,2.029572982209736e-05,Overcast
60203,74849,74849,2791926,Matched,Block,,FAIRVIEW AVE N BETWEEN WARD ST AND YALE AVE N,,,2,Injury Collision,Cycles,3,0,1,1,1,0,0,2007-05-08T00:00:00.000Z,5/8/2007,Mid-Block (not related to intersection),54,PEDALCYCLIST STRUCK MOTOR VEHICLE REAR END,,0,Clear or Partly Cloudy,Dry,Daylight,,7128006.0,,45.0,Vehicle - Pedalcyclist,25364,0,N,POINT (1271014.672626317 232754.6404823959),20566.0,1.4438252195541773e-05,Clear or Partly Cloudy
60236,74874,74874,2622566,Matched,Intersection,28767.0,DEXTER AVE N AND MERCER ST,,,2,Injury Collision,Cycles,2,0,1,1,1,0,0,2007-04-19T00:00:00.000Z,4/19/2007 6:38:00 AM,At Intersection (intersection related),18,"MOTOR VEHICLE STRUCK PEDALCYCLIST, FRONT END AT ANGLE",,0,Overcast,Dry,Dawn,Y,7109004.0,,45.0,Vehicle - Pedalcyclist,12649,0,N,POINT (1268318.102319553 231464.9540170729),696.0,0.0,Overcast
60292,74619,74619,2795784,Matched,Block,,N 34TH ST BETWEEN PHINNEY AVE N AND EVANSTON AVE N,,,2,Injury Collision,Cycles,2,0,1,1,1,0,0,2007-07-10T00:00:00.000Z,7/10/2007 9:43:00 AM,Mid-Block (not related to intersection),51,PEDALCYCLIST STRUCK MOTOR VEHICLE FRONT END AT ANGLE,,0,Clear or Partly Cloudy,Dry,Daylight,,7191002.0,,45.0,Vehicle - Pedalcyclist,15301,0,N,POINT (1265898.691949084 240838.9656106681),1222.0,1.4028610289655163e-05,Clear or Partly Cloudy
60326,74497,74497,2607592,Matched,Intersection,29529.0,7TH AVE AND BLANCHARD ST,,,2,Injury Collision,Cycles,2,0,1,1,1,0,0,2007-04-19T00:00:00.000Z,4/19/2007 10:04:00 AM,At Intersection (intersection related),51,PEDALCYCLIST STRUCK MOTOR VEHICLE FRONT END AT ANGLE,,0,Clear or Partly Cloudy,Dry,Daylight,,7109005.0,Y,45.0,Vehicle - Pedalcyclist,14208,0,N,POINT (1268827.045424074 228552.6893100888),6026.0,0.0,Clear or Partly Cloudy
60391,74522,74522,2615264,Matched,Block,,EASTLAKE AVE E BETWEEN HARVARD AVE E AND FUHRMAN AVE E,,,2,Injury Collision,Cycles,2,0,1,1,1,0,0,2007-02-24T00:00:00.000Z,2/24/2007 6:55:00 AM,Mid-Block (but intersection related),18,"MOTOR VEHICLE STRUCK PEDALCYCLIST, FRONT END AT ANGLE",,0,Raining,Wet,Dawn,Y,7055026.0,,45.0,Vehicle - Pedalcyclist,6070,0,N,POINT (1273599.974708959 241029.8313388675),6317.0,1.4142158170737939e-05,Raining
60458,74535,74535,C687416,Matched,Block,,E LYNN ST BETWEEN DELMAR DR E AND 15TH AVE E,,,2,Injury Collision,Cycles,1,0,1,0,1,0,0,2007-05-24T00:00:00.000Z,5/24/2007 11:30:00 AM,Mid-Block (but intersection related),69,PEDALCYCLIST OVERTURNED IN ROAD,,0,Clear or Partly Cloudy,Dry,Daylight,,7144044.0,,45.0,Vehicle - Pedalcyclist,8316,0,N,POINT (1275650.010295063 236801.3664385378),22571.0,3.894114347254072e-06,Clear or Partly Cloudy
60461,74543,74543,2806314,Matched,Intersection,29057.0,14TH AVE E AND E JOHN ST,,,2,Injury Collision,Cycles,2,0,1,1,1,0,0,2007-04-13T00:00:00.000Z,4/13/2007 7:52:00 PM,At Intersection (intersection related),18,"MOTOR VEHICLE STRUCK PEDALCYCLIST, FRONT END AT ANGLE",,0,Raining,Wet,Dusk,Y,7103006.0,,45.0,Vehicle - Pedalcyclist,35241,0,N,POINT (1275197.460534602 229655.2119352221),5070.0,0.0,Raining
60469,74540,74540,2807836,Matched,Block,,4TH AVE S BETWEEN S WASHINGTON ST AND S MAIN ST,,,2,Injury Collision,Cycles,3,0,1,2,1,0,0,2007-08-17T00:00:00.000Z,8/17/2007 8:27:00 AM,Mid-Block (but intersection related),51,PEDALCYCLIST STRUCK MOTOR VEHICLE FRONT END AT ANGLE,,0,Clear or Partly Cloudy,Dry,Daylight,,7229011.0,,45.0,Vehicle - Pedalcyclist,5741,0,N,POINT (1271447.613554761 222614.0247280151),2971.0,2.082735031432948e-05,Clear or Partly Cloudy
60480,74677,74677,2624599,Matched,Intersection,36067.0,LAKE CITY WAY NE AND NE 127TH ST,,,1,Property Damage Only Collision,Cycles,3,0,1,1,0,0,0,2007-01-09T00:00:00.000Z,1/9/2007,At Intersection (intersection related),18,"MOTOR VEHICLE STRUCK PEDALCYCLIST, FRONT END AT ANGLE",,0,Raining,Wet,Daylight,,7009003.0,,45.0,Vehicle - Pedalcyclist,0,524634,N,POINT (1280867.659324408 266444.4412848949),11317.0,0.0,Raining
60517,74679,74679,2621402,Matched,Intersection,29072.0,BROADWAY AND E HOWELL ST,,,2,Injury Collision,Cycles,3,0,1,1,1,0,0,2007-01-08T00:00:00.000Z,1/8/2007,At Intersection (intersection related),18,"MOTOR VEHICLE STRUCK PEDALCYCLIST, FRONT END AT ANGLE",,0,Clear or Partly Cloudy,Dry,Daylight,,7008001.0,,45.0,Vehicle - Pedalcyclist,6840,0,N,POINT (1273573.179700941 228816.6565423608),11910.0,0.0,Clear or Partly Cloudy
60537,74435,74435,2793932,Matched,Block,,RAINIER AVE S BETWEEN S GRAND ST AND 22ND N AVE S,,,2,Injury Collision,Cycles,2,0,1,1,1,0,0,2007-07-05T00:00:00.000Z,7/5/2007,Mid-Block (not related to intersection),55,PEDALCYCLIST STRUCK MOTOR VEHICLE RIGHT SIDE SIDESWIPE,,0,Clear or Partly Cloudy,Dry,Daylight,,7186006.0,,45.0,Vehicle - Pedalcyclist,19964,0,N,POINT (1277369.488760829 217502.9043387771),11154.0,1.866972039990849e-05,Clear or Partly Cloudy
60567,75081,75081,2807051,Matched,Block,,15TH AVE S BETWEEN S PEARL ST AND S DAWSON ST,,,1,Property Damage Only Collision,Cycles,2,0,1,1,0,0,0,2007-02-14T00:00:00.000Z,2/14/2007 7:10:00 PM,Mid-Block (not related to intersection),23,"MOTOR VEHICLE STRUCK PEDALCYCLIST, LEFT SIDE SIDESWIPE",,0,Overcast,Wet,Dark - Street Lights On,Y,7045003.0,,45.0,Vehicle - Pedalcyclist,11882,0,N,POINT (1274961.66162236 206328.9455433339),19445.0,2.0656325267006302e-05,Overcast
60574,75077,75077,2621687,Matched,Block,,NW 45TH ST BETWEEN 11TH AVE NW AND 14TH AVE NW,,,2,Injury Collision,Cycles,2,0,1,1,1,0,0,2007-04-05T00:00:00.000Z,4/5/2007,Mid-Block (not related to intersection),18,"MOTOR VEHICLE STRUCK PEDALCYCLIST, FRONT END AT ANGLE",,0,Clear or Partly Cloudy,Dry,Daylight,,7095001.0,,45.0,Vehicle - Pedalcyclist,41204,0,N,POINT (1261231.796392292 245075.5588950068),12822.0,1.170429639415723e-06,Clear or Partly Cloudy
60675,75364,75364,2792412,Matched,Intersection,30408.0,14TH AVE AND E YESLER WAY,,,2,Injury Collision,Cycles,2,0,1,1,1,0,0,2007-12-10T00:00:00.000Z,12/10/2007 6:14:00 AM,At Intersection (intersection related),18,"MOTOR VEHICLE STRUCK PEDALCYCLIST, FRONT END AT ANGLE",,0,Clear or Partly Cloudy,Dry,Dark - Street Lights On,Y,7344002.0,,45.0,Vehicle - Pedalcyclist,10011,0,N,POINT (1275107.402806506 222992.5917683989),1182.0,0.0,Clear or Partly Cloudy
60681,75240,75240,C693658,Matched,Intersection,29739.0,11TH AVE AND E PINE ST,,,2,Injury Collision,Cycles,2,0,1,1,1,0,0,2007-10-15T00:00:00.000Z,10/15/2007 7:36:00 AM,At Intersection (intersection related),18,"MOTOR VEHICLE STRUCK PEDALCYCLIST, FRONT END AT ANGLE",,0,Overcast,Dry,Daylight,,7288056.0,,45.0,Vehicle - Pedalcyclist,10420,0,N,POINT (1274216.837429598 227958.9433894902),28.0,0.0,Overcast
60685,75376,75376,2799048,Matched,Intersection,25415.0,15TH AVE NW AND NW 56TH ST,,,2b,Serious Injury Collision,Cycles,2,0,1,1,1,1,0,2007-12-20T00:00:00.000Z,12/20/2007 8:54:00 AM,At Intersection (intersection related),18,"MOTOR VEHICLE STRUCK PEDALCYCLIST, FRONT END AT ANGLE",,0,Clear or Partly Cloudy,Dry,Daylight,,7354025.0,,45.0,Vehicle - Pedalcyclist,0,0,N,POINT (1260297.143591344 248002.5673460066),7472.0,0.0,Clear or Partly Cloudy
60711,74974,74974,2826921,Matched,Alley,,,,,2,Injury Collision,Cycles,6,0,1,1,2,0,0,2007-09-02T00:00:00.000Z,9/2/2007,Driveway Junction,18,"MOTOR VEHICLE STRUCK PEDALCYCLIST, FRONT END AT ANGLE",,0,Clear or Partly Cloudy,Dry,Daylight,,7245003.0,,45.0,Vehicle - Pedalcyclist,0,0,N,,,,Clear or Partly Cloudy
60744,75249,75249,2791532,Matched,Block,,DENNY WAY BETWEEN STEWART ST AND MELROSE AVE,,,2b,Serious Injury Collision,Cycles,1,0,1,0,1,1,0,2007-07-26T00:00:00.000Z,7/26/2007 2:56:00 PM,Mid-Block (not related to intersection),69,PEDALCYCLIST OVERTURNED IN ROAD,,0,Clear or Partly Cloudy,Dry,Daylight,,7207001.0,,45.0,Vehicle - Pedalcyclist,23551,0,N,POINT (1271494.205362812 229177.3080627322),17903.0,1.1697567150221174e-05,Clear or Partly Cloudy
60771,75421,75421,2793848,Matched,Intersection,27816.0,W MCGRAW PL AND W MCGRAW E ST,,,1,Property Damage Only Collision,Cycles,2,0,1,1,0,0,0,2007-06-30T00:00:00.000Z,6/30/2007 11:20:00 AM,At Intersection (intersection related),55,PEDALCYCLIST STRUCK MOTOR VEHICLE RIGHT SIDE SIDESWIPE,,0,Clear or Partly Cloudy,Dry,Daylight,,7181001.0,,45.0,Vehicle - Pedalcyclist,30163,0,N,POINT (1264176.352811307 237036.4008067846),5228.0,0.0,Clear or Partly Cloudy
59189,73696,73696,2794783,Matched,Intersection,25469.0,BALLARD BR OFF RP AND NW BALLARD WAY,,,2,Injury Collision,Cycles,2,0,1,1,1,0,0,2007-10-10T00:00:00.000Z,10/10/2007 10:21:00 AM,At Intersection (intersection related),51,PEDALCYCLIST STRUCK MOTOR VEHICLE FRONT END AT ANGLE,,0,Overcast,Wet,Daylight,,7283022.0,,45.0,Vehicle - Pedalcyclist,0,0,N,POINT (1260272.852263317 245627.8749915808),7574.0,0.0,Overcast
59216,73571,73571,2611514,Matched,Block,,N 36TH ST BETWEEN FREMONT PL N AND FREMONT AVE N,,,2,Injury Collision,Cycles,2,0,1,1,1,0,0,2007-02-24T00:00:00.000Z,2/24/2007 1:35:00 AM,Driveway Junction,18,"MOTOR VEHICLE STRUCK PEDALCYCLIST, FRONT END AT ANGLE",,0,Clear or Partly Cloudy,Dry,Dark - Street Lights On,Y,7055003.0,,45.0,Vehicle - Pedalcyclist,0,0,N,POINT (1266466.768685654 241311.4794031531),23302.0,1.4955877454844535e-05,Clear or Partly Cloudy
59233,73870,73870,2607567,Matched,Intersection,25464.0,LEARY WAY NW AND NW 46TH ST,,,2,Injury Collision,Cycles,2,0,1,1,1,0,0,2007-03-28T00:00:00.000Z,3/28/2007 6:00:00 PM,At Intersection (intersection related),18,"MOTOR VEHICLE STRUCK PEDALCYCLIST, FRONT END AT ANGLE",,0,Clear or Partly Cloudy,Dry,Daylight,,7087029.0,,45.0,Vehicle - Pedalcyclist,17343,0,N,POINT (1262301.018409386 245318.484655261),804.0,0.0,Clear or Partly Cloudy
59240,73866,73866,2613244,Matched,Block,,S DELLA ST BETWEEN CHEASTY BLVD S AND 27TH AVE S,,,2b,Serious Injury Collision,Cycles,2,0,1,1,1,1,0,2007-04-15T00:00:00.000Z,4/15/2007 6:00:00 PM,Mid-Block (not related to intersection),21,"MOTOR VEHICLE STRUCK PEDALCYCLIST, REAR END",,0,Unknown,Unknown,Daylight,Y,7105039.0,,45.0,Vehicle - Pedalcyclist,0,0,N,POINT (1278846.50917834 212228.8674693704),9290.0,1.478824045043285e-05,
59338,73473,73473,2797139,Matched,Intersection,35449.0,RAINIER AVE S AND S FISHER PL,,,2,Injury Collision,Cycles,2,0,1,1,1,0,0,2007-10-10T00:00:00.000Z,10/10/2007 5:22:00 PM,At Intersection (intersection related),18,"MOTOR VEHICLE STRUCK PEDALCYCLIST, FRONT END AT ANGLE",,0,Clear or Partly Cloudy,Dry,Daylight,Y,7283005.0,,45.0,Vehicle - Pedalcyclist,0,523393,N,POINT (1285454.524225101 193508.5830342025),917.0,0.0,Clear or Partly Cloudy
59358,73481,73481,2802723,Matched,Block,,E PINE ST BETWEEN 14TH AVE AND 15TH AVE,,,2,Injury Collision,Cycles,2,0,1,1,1,0,0,2007-08-12T00:00:00.000Z,8/12/2007 4:07:00 PM,Mid-Block (not related to intersection),53,PEDALCYCLIST STRUCK MOTOR VEHICLE LEFT SIDE AT ANGLE,Y,0,Clear or Partly Cloudy,Dry,Daylight,,7224003.0,,45.0,Vehicle - Pedalcyclist,10435,0,N,POINT (1275364.49234277 227947.8221734762),13845.0,2.6525770454936013e-05,Clear or Partly Cloudy
59440,73505,73505,2893284,Matched,Intersection,26791.0,WOODLAWN AVE N AND N 45TH W ST,,,2,Injury Collision,Cycles,2,0,1,1,1,0,0,2007-10-29T00:00:00.000Z,10/29/2007 2:01:00 PM,At Intersection (intersection related),18,"MOTOR VEHICLE STRUCK PEDALCYCLIST, FRONT END AT ANGLE",,0,Clear or Partly Cloudy,Dry,Daylight,Y,7302002.0,,45.0,Vehicle - Pedalcyclist,0,0,N,POINT (1269368.240432635 244883.5078868121),6787.0,0.0,Clear or Partly Cloudy
59535,73654,73654,2795071,Matched,Intersection,25929.0,30TH AVE NE AND NE 55TH E ST,,,2,Injury Collision,Cycles,2,0,1,1,1,0,0,2007-12-17T00:00:00.000Z,12/17/2007 4:53:00 PM,At Intersection (intersection related),18,"MOTOR VEHICLE STRUCK PEDALCYCLIST, FRONT END AT ANGLE",,0,Overcast,Dry,Dark - Street Lights On,Y,7351007.0,,45.0,Vehicle - Pedalcyclist,33957,0,N,POINT (1280281.238587812 247275.2457452714),7270.0,0.0,Overcast
59611,74060,74060,2827831,Matched,Block,,BROADWAY E BETWEEN E DENNY WAY AND E OLIVE WAY,,,2,Injury Collision,Cycles,2,1,1,0,1,0,0,2007-09-12T00:00:00.000Z,9/12/2007 8:54:00 AM,Mid-Block (not related to intersection),64,PEDALCYCLIST STRUCK PEDESTRIAN,Y,0,Clear or Partly Cloudy,Dry,Daylight,,7255001.0,,45.0,Vehicle - Pedalcyclist,6823,0,N,POINT (1273578.660532936 229455.3690550178),650.0,2.2848738557753846e-05,Clear or Partly Cloudy
59632,74193,74193,2792426,Matched,Block,,E HARRISON ST BETWEEN 31ST AVE E AND 32ND AVE E,,,2,Injury Collision,Cycles,2,0,1,1,1,0,0,2007-07-19T00:00:00.000Z,7/19/2007 7:25:00 PM,Mid-Block (not related to intersection),53,PEDALCYCLIST STRUCK MOTOR VEHICLE LEFT SIDE AT ANGLE,,0,Clear or Partly Cloudy,Dry,Daylight,,7200002.0,,45.0,Vehicle - Pedalcyclist,0,0,N,POINT (1280828.267964363 230468.9707840532),8979.0,0.0,Clear or Partly Cloudy
59687,73950,73950,2805820,Matched,Block,,3RD AVE BETWEEN MADISON ST AND SPRING ST,,,2,Injury Collision,Cycles,4,0,1,1,1,0,0,2007-11-08T00:00:00.000Z,11/8/2007,Mid-Block (not related to intersection),55,PEDALCYCLIST STRUCK MOTOR VEHICLE RIGHT SIDE SIDESWIPE,,0,Overcast,Dry,Daylight,,7312005.0,,45.0,Vehicle - Pedalcyclist,35854,0,N,POINT (1270159.476145446 224654.2809861004),9627.0,6.411861220358931e-09,Overcast
59753,74102,74102,2880955,Matched,Intersection,24058.0,6TH AVE NW AND NW 80TH ST,,,2,Injury Collision,Cycles,2,0,1,1,1,0,0,2007-08-28T00:00:00.000Z,8/28/2007 6:17:00 PM,At Intersection (intersection related),18,"MOTOR VEHICLE STRUCK PEDALCYCLIST, FRONT END AT ANGLE",,0,Clear or Partly Cloudy,Dry,Daylight,Y,7240030.0,,45.0,Vehicle - Pedalcyclist,27352,0,N,POINT (1263598.788906723 254319.6097844839),3209.0,0.0,Clear or Partly Cloudy
59838,74389,74389,2827906,Matched,Intersection,30405.0,14TH AVE AND E FIR ST,,,2,Injury Collision,Cycles,2,0,1,1,1,0,0,2007-09-10T00:00:00.000Z,9/10/2007 3:36:00 PM,At Intersection (intersection related),18,"MOTOR VEHICLE STRUCK PEDALCYCLIST, FRONT END AT ANGLE",Y,0,Clear or Partly Cloudy,Dry,Daylight,Y,7253003.0,,45.0,Vehicle - Pedalcyclist,0,0,N,POINT (1275105.698358506 223354.7309047729),3875.0,0.0,Clear or Partly Cloudy
59856,74128,74128,2614638,Matched,Block,,20TH AVE NE BETWEEN NE 63RD ST AND NE 65TH ST,,,2,Injury Collision,Cycles,2,0,1,1,1,0,0,2007-02-27T00:00:00.000Z,2/27/2007 8:20:00 AM,Mid-Block (not related to intersection),18,"MOTOR VEHICLE STRUCK PEDALCYCLIST, FRONT END AT ANGLE",,0,Clear or Partly Cloudy,Dry,Daylight,,7058006.0,,45.0,Vehicle - Pedalcyclist,33146,0,N,POINT (1277506.110200956 249796.2452358454),19480.0,2.1177499490367694e-05,Clear or Partly Cloudy
59945,74150,74150,2825967,Matched,Intersection,29604.0,1ST AVE AND UNIVERSITY ST,,,2,Injury Collision,Cycles,2,0,1,1,1,0,0,2007-09-25T00:00:00.000Z,9/25/2007 5:28:00 PM,At Intersection (intersection related),18,"MOTOR VEHICLE STRUCK PEDALCYCLIST, FRONT END AT ANGLE",,0,Clear or Partly Cloudy,Dry,Daylight,Y,7268001.0,,45.0,Vehicle - Pedalcyclist,36738,0,N,POINT (1269215.582000479 224984.4235784411),0.0,0.0,Clear or Partly Cloudy
61026,75317,75317,2827403,Matched,Intersection,29774.0,12TH AVE AND E SPRING ST,,,2,Injury Collision,Cycles,2,0,1,1,1,0,0,2007-10-29T00:00:00.000Z,10/29/2007 12:52:00 PM,At Intersection (intersection related),18,"MOTOR VEHICLE STRUCK PEDALCYCLIST, FRONT END AT ANGLE",,0,Overcast,Wet,Daylight,,7302004.0,Y,45.0,Vehicle - Pedalcyclist,0,0,N,POINT (1274531.320117921 226606.0179481059),15593.0,0.0,Overcast
61063,74945,74945,2791385,Matched,Block,,7TH AVE BETWEEN STEWART ST AND VIRGINIA ST,,,2,Injury Collision,Cycles,2,0,1,1,1,0,0,2007-08-10T00:00:00.000Z,8/10/2007 10:34:00 PM,Driveway Junction,18,"MOTOR VEHICLE STRUCK PEDALCYCLIST, FRONT END AT ANGLE",Y,0,Clear or Partly Cloudy,Dry,Dark - No Street Lights,Y,7222005.0,,45.0,Vehicle - Pedalcyclist,0,0,N,POINT (1269614.874800876 227835.9557413608),15808.0,5.014720122571429e-09,Clear or Partly Cloudy
61073,75474,75474,2804507,Matched,Block,,5TH AVE BETWEEN COLUMBIA ST AND MARION ST,,,2,Injury Collision,Cycles,2,0,1,1,1,0,0,2007-09-04T00:00:00.000Z,9/4/2007,Mid-Block (not related to intersection),16,"MOTOR VEHICLE STRUCK MOTOR VEHICLE, LEFT SIDE SIDESWIPE",,0,Overcast,Dry,Daylight,,7247021.0,,45.0,Vehicle - Pedalcyclist,36266,0,N,POINT (1271025.434162334 224455.7321218997),15944.0,0.0,Overcast
61103,75339,75339,2804741,Matched,Intersection,29872.0,BOREN AVE AND PINE ST,,,2,Injury Collision,Cycles,2,0,1,1,1,0,0,2007-10-15T00:00:00.000Z,10/15/2007 11:50:00 AM,At Intersection (intersection related),18,"MOTOR VEHICLE STRUCK PEDALCYCLIST, FRONT END AT ANGLE",,0,Raining,Wet,Daylight,,7288002.0,,45.0,Vehicle - Pedalcyclist,10320,0,N,POINT (1271335.12145865 227723.9425572455),896.0,0.0,Raining
61121,75729,75729,2805984,Matched,Block,,BROADWAY E BETWEEN E THOMAS ST AND E HARRISON ST,,,2,Injury Collision,Cycles,2,0,1,1,1,0,0,2007-02-24T00:00:00.000Z,2/24/2007 5:21:00 PM,Driveway Junction,51,PEDALCYCLIST STRUCK MOTOR VEHICLE FRONT END AT ANGLE,,0,Overcast,Dry,Dusk,,7055001.0,,45.0,Vehicle - Pedalcyclist,6788,0,N,POINT (1273585.545588955 230261.4066238403),19760.0,6.052494278416865e-06,Overcast
61131,75607,75607,2828148,Matched,Intersection,32410.0,RAINIER AVE S AND S BYRON ST,,,2,Injury Collision,Cycles,2,0,1,1,1,0,0,2007-11-19T00:00:00.000Z,11/19/2007 8:38:00 AM,At Intersection (intersection related),18,"MOTOR VEHICLE STRUCK PEDALCYCLIST, FRONT END AT ANGLE",,0,Raining,Wet,Dawn,Y,7323001.0,,45.0,Vehicle - Pedalcyclist,23771,0,N,POINT (1279694.187835202 212782.3753099442),13339.0,0.0,Raining