OBJECTID,INCKEY,COLDETKEY,REPORTNO,STATUS,ADDRTYPE,INTKEY,LOCATION,EXCEPTRSNC,EXCEPTRSND,SEVERITYCO,SEVERITYDE,COLLISIONT,PERSONCOUN,PEDCOUNT,PEDCYLCOUN,VEHCOUNT,INJURIES,SERIOUSINJ,FATALITIES,INCDATE,INCDTTM,JUNCTIONTY,SDOT_COLCO,SDOT_COLDE,INATTENTIO,UNDERINFL,WEATHER,ROADCOND,LIGHTCOND,PEDROWNOTG,SDOTCOLNUM,SPEEDING,ST_COLCODE,ST_COLDESC,SEGLANEKEY,CROSSWALKK,HITPARKEDC,geometry,near_str_index,min_length,weather_group
61144,75741,75741,2793878,Matched,Block,,W MCGRAW ST BETWEEN 6TH AVE W AND 7TH AVE W,,,2,Injury Collision,Cycles,3,0,1,1,1,0,0,2007-03-25T00:00:00.000Z,3/25/2007 3:38:00 PM,Mid-Block (not related to intersection),56,PEDALCYCLIST STRUCK MOTOR VEHICLE LEFT SIDE SIDESWIPE,,0,Clear or Partly Cloudy,Dry,Daylight,,7084002.0,,45.0,Vehicle - Pedalcyclist,34947,0,N,POINT (1262690.650921792 237065.5311108083),20377.0,8.623405764797356e-06,Clear or Partly Cloudy
61274,75762,75762,2806307,Matched,Intersection,29289.0,29TH AVE AND E DENNY WAY,,,2,Injury Collision,Cycles,2,0,1,1,1,0,0,2007-04-10T00:00:00.000Z,4/10/2007 6:20:00 PM,At Intersection (intersection related),18,"MOTOR VEHICLE STRUCK PEDALCYCLIST, FRONT END AT ANGLE",,0,Clear or Partly Cloudy,Dry,Daylight,,7100005.0,,45.0,Vehicle - Pedalcyclist,0,0,N,POINT (1279999.78348352 229175.5979827344),253.0,0.0,Clear or Partly Cloudy
61287,75657,75657,2805153,Matched,Intersection,29882.0,8TH AVE AND PINE ST,,,2,Injury Collision,Cycles,2,0,1,1,1,0,0,2007-02-22T00:00:00.000Z,2/22/2007 6:30:00 AM,At Intersection (intersection related),18,"MOTOR VEHICLE STRUCK PEDALCYCLIST, FRONT END AT ANGLE",,0,Overcast,Wet,Dawn,,7053001.0,,45.0,Vehicle - Pedalcyclist,21789,0,N,POINT (1270503.986225799 227231.7984287441),564.0,0.0,Overcast
61292,75655,75655,2807473,Matched,Block,,4TH AVE BETWEEN VINE ST AND CEDAR ST,,,2b,Serious Injury Collision,Cycles,3,0,1,1,1,1,0,2007-01-19T00:00:00.000Z,1/19/2007 6:24:00 PM,Mid-Block (not related to intersection),55,PEDALCYCLIST STRUCK MOTOR VEHICLE RIGHT SIDE SIDESWIPE,,0,Clear or Partly Cloudy,Dry,Dark - Street Lights On,,7019008.0,,45.0,Vehicle - Pedalcyclist,12877,0,N,POINT (1266980.044718191 228926.297374472),21023.0,5.012809334699396e-09,Clear or Partly Cloudy
61301,75933,75933,2893293,Matched,Intersection,24578.0,EAST GREEN LAKE DR N AND NE MAPLE LEAF PL,,,2,Injury Collision,Cycles,2,0,1,1,1,0,0,2007-11-26T00:00:00.000Z,11/26/2007 6:19:00 PM,At Intersection (intersection related),18,"MOTOR VEHICLE STRUCK PEDALCYCLIST, FRONT END AT ANGLE",,0,Raining,Wet,Dark - Street Lights On,,7330012.0,,45.0,Vehicle - Pedalcyclist,7286,0,N,POINT (1272714.38494806 251868.6532379687),6838.0,0.0,Raining
61381,75928,75928,2792009,Matched,Block,,12TH AVE BETWEEN E MARION ST AND E SPRING ST,,,2,Injury Collision,Cycles,2,0,1,1,1,0,0,2007-05-15T00:00:00.000Z,5/15/2007 8:39:00 AM,Mid-Block (but intersection related),18,"MOTOR VEHICLE STRUCK PEDALCYCLIST, FRONT END AT ANGLE",,0,Clear or Partly Cloudy,Dry,Daylight,Y,7135008.0,,45.0,Vehicle - Pedalcyclist,10728,0,N,POINT (1274527.158005908 226393.0969878882),18595.0,1.3906977835739267e-05,Clear or Partly Cloudy
61436,75430,75430,2828961,Matched,Block,,DEXTER AVE N BETWEEN HAYES ST AND HOWE ST,,,1,Property Damage Only Collision,Cycles,2,0,1,1,0,0,0,2007-11-01T00:00:00.000Z,11/1/2007,Mid-Block (not related to intersection),54,PEDALCYCLIST STRUCK MOTOR VEHICLE REAR END,Y,0,Clear or Partly Cloudy,Dry,Daylight,,7305002.0,,45.0,Vehicle - Pedalcyclist,0,0,N,POINT (1268408.639919654 235271.560932979),15565.0,6.7242681277130444e-06,Clear or Partly Cloudy
61499,75827,75827,2615423,Matched,Intersection,28258.0,10TH AVE E AND E NEWTON ST,,,2,Injury Collision,Cycles,2,0,1,1,1,0,0,2007-02-06T00:00:00.000Z,2/6/2007,At Intersection (intersection related),18,"MOTOR VEHICLE STRUCK PEDALCYCLIST, FRONT END AT ANGLE",,0,Overcast,Dry,Daylight,Y,7037005.0,,45.0,Vehicle - Pedalcyclist,6111,0,N,POINT (1273898.280501276 235990.4813177139),9849.0,0.0,Overcast
61548,75840,75840,2617312,Matched,Block,,EASTLAKE AVE E BETWEEN E SHELBY ST AND E ALLISON ST,,,2,Injury Collision,Cycles,2,0,1,1,1,0,0,2007-01-20T00:00:00.000Z,1/20/2007 2:26:00 PM,Driveway Junction,18,"MOTOR VEHICLE STRUCK PEDALCYCLIST, FRONT END AT ANGLE",,0,Clear or Partly Cloudy,Dry,Daylight,Y,7020001.0,,45.0,Vehicle - Pedalcyclist,24676,0,N,POINT (1273014.144436359 239959.6311457753),14311.0,6.534807990617901e-09,Clear or Partly Cloudy
61558,75836,75836,C691055,Matched,Intersection,27146.0,BROOKLYN AVE NE AND NE PACIFIC ST,,,2,Injury Collision,Cycles,2,0,1,1,1,0,0,2007-08-16T00:00:00.000Z,8/16/2007 2:50:00 PM,At Intersection (intersection related),51,PEDALCYCLIST STRUCK MOTOR VEHICLE FRONT END AT ANGLE,,0,Clear or Partly Cloudy,Dry,Daylight,,7228034.0,,45.0,Vehicle - Pedalcyclist,31308,0,N,POINT (1275391.259190798 241925.637547791),9193.0,0.0,Clear or Partly Cloudy
61568,75459,75459,2805254,Matched,Block,,E MADISON ST BETWEEN 28TH AVE E AND 29TH W AVE E,,,2,Injury Collision,Cycles,2,0,1,1,1,0,0,2007-09-22T00:00:00.000Z,9/22/2007 11:25:00 AM,Mid-Block (not related to intersection),23,"MOTOR VEHICLE STRUCK PEDALCYCLIST, LEFT SIDE SIDESWIPE",,0,Clear or Partly Cloudy,Dry,Daylight,,7265001.0,,45.0,Vehicle - Pedalcyclist,34621,0,N,POINT (1279781.067579299 230939.4231365323),16159.0,1.0534625056287564e-08,Clear or Partly Cloudy
61572,75722,75722,C690783,Matched,Block,,EAST GREEN LAKE WAY N BETWEEN SUNNYSIDE AVE N AND 1ST AVE NE,,,2,Injury Collision,Cycles,2,0,1,1,1,0,0,2007-08-14T00:00:00.000Z,8/14/2007 7:00:00 PM,Mid-Block (not related to intersection),54,PEDALCYCLIST STRUCK MOTOR VEHICLE REAR END,,0,Clear or Partly Cloudy,Dry,Daylight,,7226041.0,,45.0,Vehicle - Pedalcyclist,7398,0,N,POINT (1272031.674803361 251015.1543570906),3882.0,7.424841883541168e-09,Clear or Partly Cloudy
61583,75466,75466,2607570,Matched,Block,,1ST AVE BETWEEN BLANCHARD ST AND BELL ST,,,1,Property Damage Only Collision,Cycles,2,0,1,1,0,0,0,2007-03-30T00:00:00.000Z,3/30/2007 6:48:00 PM,Mid-Block (not related to intersection),21,"MOTOR VEHICLE STRUCK PEDALCYCLIST, REAR END",Y,0,Clear or Partly Cloudy,Dry,Daylight,,7089007.0,,45.0,Vehicle - Pedalcyclist,13233,0,N,POINT (1267368.977454588 227266.4868127704),2269.0,5.014503332264041e-09,Clear or Partly Cloudy
61650,76387,76387,2802539,Matched,Intersection,36635.0,LAKE CITY WAY NE AND NE 117TH ST,,,2,Injury Collision,Cycles,2,0,1,1,1,0,0,2007-04-17T00:00:00.000Z,4/17/2007 2:46:00 PM,At Intersection (intersection related),18,"MOTOR VEHICLE STRUCK PEDALCYCLIST, FRONT END AT ANGLE",,0,Overcast,Dry,Daylight,,7107003.0,,45.0,Vehicle - Pedalcyclist,0,0,N,POINT (1279818.53343533 263954.7071383446),8831.0,0.0,Overcast
61674,76006,76006,2828106,Matched,Intersection,29744.0,HARVARD AVE AND E PIKE ST,,,2,Injury Collision,Cycles,2,0,1,1,1,0,0,2007-10-06T00:00:00.000Z,10/6/2007,At Intersection (intersection related),51,PEDALCYCLIST STRUCK MOTOR VEHICLE FRONT END AT ANGLE,,0,Clear or Partly Cloudy,Dry,Dark - Street Lights On,,7279007.0,,45.0,Vehicle - Pedalcyclist,31201,0,N,POINT (1273234.02603659 227544.4404770583),1144.0,0.0,Clear or Partly Cloudy
61696,76271,76271,2621862,Matched,Block,,E UNION ST BETWEEN 10TH AVE AND 11TH AVE,,,1,Property Damage Only Collision,Cycles,2,0,1,1,0,0,0,2007-09-11T00:00:00.000Z,9/11/2007 2:14:00 PM,Mid-Block (but intersection related),51,PEDALCYCLIST STRUCK MOTOR VEHICLE FRONT END AT ANGLE,,0,Clear or Partly Cloudy,Dry,Daylight,,7254004.0,,45.0,Vehicle - Pedalcyclist,0,0,N,POINT (1274047.846965417 227116.2463006228),6955.0,7.230044418084724e-09,Clear or Partly Cloudy
61698,76007,76007,2621165,Matched,Intersection,29920.0,BOREN AVE AND MADISON ST,,,1,Property Damage Only Collision,Cycles,2,0,1,1,0,0,0,2007-09-25T00:00:00.000Z,9/25/2007 10:55:00 AM,At Intersection (intersection related),18,"MOTOR VEHICLE STRUCK PEDALCYCLIST, FRONT END AT ANGLE",,0,Raining,Wet,Daylight,Y,7268007.0,,45.0,Vehicle - Pedalcyclist,0,523649,N,POINT (1272453.844275787 225834.5358353108),3391.0,0.0,Raining
61725,76268,76268,2791552,Matched,Intersection,29679.0,ALASKAN WAY AND BROAD ST,,,2,Injury Collision,Cycles,2,0,1,1,1,0,0,2007-08-16T00:00:00.000Z,8/16/2007 7:58:00 AM,At Intersection (intersection related),51,PEDALCYCLIST STRUCK MOTOR VEHICLE FRONT END AT ANGLE,,0,Overcast,Dry,Unknown,,7228001.0,,45.0,Vehicle - Pedalcyclist,15668,0,N,POINT (1265161.024812326 228055.2974375784),2197.0,0.0,Overcast
61809,76293,76293,2793550,Matched,Block,,DEXTER AVE N BETWEEN DENNY WAY AND JOHN ST,,,2,Injury Collision,Cycles,2,0,1,1,1,0,0,2007-05-09T00:00:00.000Z,5/9/2007,Mid-Block (but intersection related),21,"MOTOR VEHICLE STRUCK PEDALCYCLIST, REAR END",,0,Clear or Partly Cloudy,Dry,Daylight,,7129002.0,,45.0,Vehicle - Pedalcyclist,12566,0,N,POINT (1268267.740975499 229490.4169270545),20563.0,7.63792373631657e-09,Clear or Partly Cloudy
61823,76046,76046,2806503,Matched,Intersection,29141.0,BELMONT AVE E AND E HARRISON ST,,,2,Injury Collision,Cycles,2,0,1,1,1,0,0,2007-04-27T00:00:00.000Z,4/27/2007 8:53:00 PM,At Intersection (intersection related),51,PEDALCYCLIST STRUCK MOTOR VEHICLE FRONT END AT ANGLE,,0,Clear or Partly Cloudy,Dry,Dark - Street Lights On,,7117006.0,Y,45.0,Vehicle - Pedalcyclist,0,0,N,POINT (1272818.216756165 230443.1807040274),6179.0,0.0,Clear or Partly Cloudy
61838,76306,76306,2793912,Matched,Block,,2ND AVE BETWEEN COLUMBIA ST AND MARION ST,,,2,Injury Collision,Cycles,3,0,2,1,2,0,0,2007-05-08T00:00:00.000Z,5/8/2007,Mid-Block (not related to intersection),61,PEDALCYCLIST STRUCK PEDALCYCLIST REAR END,,0,Clear or Partly Cloudy,Dry,Daylight,,7128008.0,,45.0,Vehicle - Pedalcyclist,12047,0,N,POINT (1270194.225905478 223963.2776573896),15133.0,1.1472702889980625e-05,Clear or Partly Cloudy
61862,76051,76051,2830060,Matched,Block,,FREMONT AVE N BETWEEN FREMONT PL N AND N 36TH ST,,,2,Injury Collision,Cycles,2,0,1,1,1,0,0,2007-07-13T00:00:00.000Z,7/13/2007 2:49:00 PM,Mid-Block (not related to intersection),18,"MOTOR VEHICLE STRUCK PEDALCYCLIST, FRONT END AT ANGLE",Y,0,Clear or Partly Cloudy,Dry,Daylight,Y,7194009.0,,45.0,Vehicle - Pedalcyclist,8357,0,N,POINT (1266649.644717842 241107.6027309448),11938.0,7.838010636447276e-09,Clear or Partly Cloudy
61883,76180,76180,2825753,Matched,Intersection,28057.0,NICKERSON ST AND WESTLAKE AVE N,,,2,Injury Collision,Cycles,2,0,1,1,1,0,0,2007-05-30T00:00:00.000Z,5/30/2007 12:19:00 PM,At Intersection (intersection related),51,PEDALCYCLIST STRUCK MOTOR VEHICLE FRONT END AT ANGLE,,0,Clear or Partly Cloudy,Dry,Daylight,,7150040.0,,45.0,Vehicle - Pedalcyclist,13898,0,N,POINT (1266650.960429847 239377.199529171),13817.0,0.0,Clear or Partly Cloudy
61891,76187,76187,2613282,Matched,Intersection,32672.0,RAINIER AVE S AND S CHARLESTOWN ST,,,2,Injury Collision,Cycles,2,0,1,1,1,0,0,2007-04-07T00:00:00.000Z,4/7/2007,At Intersection (intersection related),18,"MOTOR VEHICLE STRUCK PEDALCYCLIST, FRONT END AT ANGLE",,0,Raining,Wet,Dark - Street Lights On,Y,7097002.0,Y,45.0,Vehicle - Pedalcyclist,0,524336,N,POINT (1280674.396732211 211241.5609723628),912.0,0.0,Raining
61907,76056,76056,C692291,Matched,Block,,E UNION ST BETWEEN 10TH AVE AND 11TH AVE,,,2,Injury Collision,Cycles,2,0,1,1,1,0,0,2007-09-19T00:00:00.000Z,9/19/2007 6:00:00 PM,Mid-Block (not related to intersection),56,PEDALCYCLIST STRUCK MOTOR VEHICLE LEFT SIDE SIDESWIPE,,0,Clear or Partly Cloudy,Dry,Daylight,,7262037.0,,45.0,Vehicle - Pedalcyclist,6255,0,N,POINT (1274047.846965417 227116.2463006228),6955.0,7.230044418084724e-09,Clear or Partly Cloudy
61932,75945,75945,2826905,Matched,Intersection,31904.0,CALIFORNIA AVE SW AND SW OREGON ST,,,2,Injury Collision,Cycles,2,0,1,1,1,0,0,2007-07-30T00:00:00.000Z,7/30/2007 7:32:00 PM,At Intersection (intersection related),18,"MOTOR VEHICLE STRUCK PEDALCYCLIST, FRONT END AT ANGLE",,0,Clear or Partly Cloudy,Dry,Daylight,,7211001.0,,45.0,Vehicle - Pedalcyclist,0,525186,N,POINT (1256911.100451872 209204.0741222799),2033.0,0.0,Clear or Partly Cloudy
61945,76195,76195,2613355,Matched,Intersection,30968.0,61ST AVE SW AND ALKI AVE SW,,,2,Injury Collision,Cycles,3,0,1,1,1,0,0,2007-06-23T00:00:00.000Z,6/23/2007 8:45:00 PM,At Intersection (intersection related),18,"MOTOR VEHICLE STRUCK PEDALCYCLIST, FRONT END AT ANGLE",Y,0,Clear or Partly Cloudy,Dry,Daylight,,7174026.0,,45.0,Vehicle - Pedalcyclist,0,0,N,POINT (1251139.562525958 215236.7663524598),548.0,0.0,Clear or Partly Cloudy
61968,76082,76082,2609986,Matched,Intersection,27071.0,5TH AVE NE AND NE 45TH ST,,,2,Injury Collision,Cycles,4,0,1,1,1,0,0,2007-06-30T00:00:00.000Z,6/30/2007 2:44:00 PM,At Intersection (intersection related),18,"MOTOR VEHICLE STRUCK PEDALCYCLIST, FRONT END AT ANGLE",,0,Clear or Partly Cloudy,Dry,Daylight,,7181004.0,,45.0,Vehicle - Pedalcyclist,0,521817,N,POINT (1273359.264308721 244786.6692307144),1399.0,0.0,Clear or Partly Cloudy
61969,76337,76337,2829083,Matched,Block,,BALLARD AVE NW BETWEEN NW VERNON PL AND 22ND AVE NW,,,1,Property Damage Only Collision,Cycles,2,0,1,1,0,0,0,2007-07-25T00:00:00.000Z,7/25/2007 11:15:00 PM,Mid-Block (not related to intersection),56,PEDALCYCLIST STRUCK MOTOR VEHICLE LEFT SIDE SIDESWIPE,,1,Clear or Partly Cloudy,Dry,Dark - Street Lights On,,7206025.0,,45.0,Vehicle - Pedalcyclist,26297,0,N,POINT (1258374.231397375 247166.5688811541),11897.0,4.3740077421697855e-06,Clear or Partly Cloudy
61986,76205,76205,2829031,Matched,Intersection,27094.0,9TH AVE NE AND NE 42ND ST,,,2b,Serious Injury Collision,Cycles,2,0,1,1,1,1,0,2007-05-21T00:00:00.000Z,5/21/2007 9:14:00 PM,At Intersection (intersection related),18,"MOTOR VEHICLE STRUCK PEDALCYCLIST, FRONT END AT ANGLE",,0,Raining,Wet,Dark - Street Lights On,,7141004.0,,45.0,Vehicle - Pedalcyclist,21701,0,N,POINT (1274357.341237739 243374.6300612688),6079.0,0.0,Raining
62007,76348,76348,2798620,Matched,Block,,LAKE WASHINGTON BLVD S BETWEEN LAKE PARK DR S AND S HORTON NR ST,,,1,Property Damage Only Collision,Cycles,2,0,1,1,0,0,0,2007-06-18T00:00:00.000Z,6/18/2007 5:00:00 PM,Mid-Block (not related to intersection),23,"MOTOR VEHICLE STRUCK PEDALCYCLIST, LEFT SIDE SIDESWIPE",,0,Clear or Partly Cloudy,Dry,Daylight,,7169003.0,,45.0,Vehicle - Pedalcyclist,38078,0,N,POINT (1282466.716670036 214528.5998877287),16656.0,1.729022140382883e-05,Clear or Partly Cloudy
62026,75960,75960,2791313,Matched,Intersection,28915.0,4TH AVE N AND MERCER ST,,,2,Injury Collision,Cycles,2,0,1,1,1,0,0,2007-08-29T00:00:00.000Z,8/29/2007 5:46:00 PM,At Intersection (intersection related),18,"MOTOR VEHICLE STRUCK PEDALCYCLIST, FRONT END AT ANGLE",,0,Clear or Partly Cloudy,Dry,Daylight,Y,7241002.0,Y,45.0,Vehicle - Pedalcyclist,12377,0,N,POINT (1266708.919853911 231501.9083851129),847.0,0.0,Clear or Partly Cloudy
62059,76360,76360,2614347,Matched,Intersection,27128.0,9TH AVE NE AND NE 40TH ALLEY ST,,,2,Injury Collision,Cycles,2,0,1,1,1,0,0,2007-03-05T00:00:00.000Z,3/5/2007,At Intersection (intersection related),18,"MOTOR VEHICLE STRUCK PEDALCYCLIST, FRONT END AT ANGLE",,0,Clear or Partly Cloudy,Dry,Dusk,,7064004.0,,45.0,Vehicle - Pedalcyclist,0,0,N,POINT (1274346.205237731 242872.8122047633),6079.0,0.0,Clear or Partly Cloudy
62108,75977,75977,C694031,Matched,Intersection,27424.0,SURBER DR NE AND NE BELVOIR PL,,,2b,Serious Injury Collision,Cycles,2,0,1,1,1,1,0,2007-09-05T00:00:00.000Z,9/5/2007,At Intersection (intersection related),18,"MOTOR VEHICLE STRUCK PEDALCYCLIST, FRONT END AT ANGLE",,0,Clear or Partly Cloudy,Dry,Daylight,,7248052.0,,45.0,Vehicle - Pedalcyclist,0,0,N,POINT (1282324.428861901 242984.7392448783),3783.0,0.0,Clear or Partly Cloudy
62179,76773,76773,2806839,Matched,Block,,38TH AVE S BETWEEN S ANDOVER ST AND S DAKOTA ST,,,2,Injury Collision,Cycles,2,0,1,1,1,0,0,2007-04-20T00:00:00.000Z,4/20/2007 1:16:00 PM,Mid-Block (not related to intersection),21,"MOTOR VEHICLE STRUCK PEDALCYCLIST, REAR END",Y,0,Clear or Partly Cloudy,Dry,Daylight,,7110003.0,,45.0,Vehicle - Pedalcyclist,13760,0,N,POINT (1282056.317181617 210223.456395328),15686.0,2.603167884876893e-05,Clear or Partly Cloudy
62213,76917,76917,2826306,Matched,Block,,TAYLOR AVE N BETWEEN TAYLOR UPPER AVE N AND GALER ST,,,2,Injury Collision,Cycles,2,0,1,1,1,0,0,2007-10-30T00:00:00.000Z,10/30/2007 7:54:00 AM,Mid-Block (not related to intersection),54,PEDALCYCLIST STRUCK MOTOR VEHICLE REAR END,,0,Overcast,Dry,Daylight,,7303001.0,,45.0,Vehicle - Pedalcyclist,11198,0,N,POINT (1267464.790766686 234193.6449638754),6705.0,2.8548366357701868e-05,Overcast
62222,76922,76922,2825853,Matched,Intersection,27614.0,MAGNOLIA BR AND MAGNOLIA EB E BR,,,2,Injury Collision,Cycles,2,0,1,1,1,0,0,2007-06-11T00:00:00.000Z,6/11/2007 3:45:00 PM,At Intersection (intersection related),18,"MOTOR VEHICLE STRUCK PEDALCYCLIST, FRONT END AT ANGLE",Y,0,Overcast,Dry,Daylight,,7162004.0,,45.0,Vehicle - Pedalcyclist,0,0,N,POINT (1259186.598950207 234909.7752685994),832.0,0.0,Overcast
62232,76540,76540,2621630,Matched,Intersection,29878.0,BOREN AVE AND PIKE ST,,,2b,Serious Injury Collision,Cycles,3,0,1,1,1,1,0,2007-02-07T00:00:00.000Z,2/7/2007,At Intersection (intersection related),18,"MOTOR VEHICLE STRUCK PEDALCYCLIST, FRONT END AT ANGLE",,0,Raining,Wet,Dark - Street Lights On,Y,7038027.0,,45.0,Vehicle - Pedalcyclist,31090,0,N,POINT (1271552.335410863 227358.0148768723),6588.0,0.0,Raining
62323,76979,76979,2794808,Matched,Block,,NE NORTHGATE WAY BETWEEN 5TH AVE NE AND 8TH AVE NE,,,1,Property Damage Only Collision,Cycles,2,0,1,1,0,0,0,2007-06-29T00:00:00.000Z,6/29/2007 2:05:00 PM,Driveway Junction,18,"MOTOR VEHICLE STRUCK PEDALCYCLIST, FRONT END AT ANGLE",,0,Overcast,Dry,Daylight,,7180001.0,,45.0,Vehicle - Pedalcyclist,14523,0,N,POINT (1273947.872117326 262014.5961603522),18258.0,2.9695336695744496e-05,Overcast
62338,76950,76950,2805906,Matched,Intersection,30410.0,12TH AVE AND E YESLER WAY,,,2,Injury Collision,Cycles,2,0,1,1,1,0,0,2007-02-21T00:00:00.000Z,2/21/2007 3:00:00 PM,At Intersection (intersection related),21,"MOTOR VEHICLE STRUCK PEDALCYCLIST, REAR END",,0,Clear or Partly Cloudy,Dry,Daylight,,7052036.0,,45.0,Vehicle - Pedalcyclist,10532,0,N,POINT (1274461.188917845 223006.7211764157),8412.0,0.0,Clear or Partly Cloudy
62376,76706,76706,2794137,Matched,Block,,RAINIER AVE S BETWEEN 75TH AVE S AND CITY LIMITS,,,2,Injury Collision,Cycles,2,0,2,0,2,0,0,2007-05-24T00:00:00.000Z,5/24/2007 12:00:00 PM,Mid-Block (not related to intersection),61,PEDALCYCLIST STRUCK PEDALCYCLIST REAR END,,0,Clear or Partly Cloudy,Dry,Daylight,,7144031.0,,45.0,Vehicle - Pedalcyclist,4991,0,N,POINT (1293052.154248878 189388.287349984),6621.0,1.810412273296187e-05,Clear or Partly Cloudy
62387,76576,76576,2793304,Matched,Intersection,29508.0,DENNY WAY AND TERRY AVE,,,2,Injury Collision,Cycles,1,0,1,0,1,0,0,2007-01-09T00:00:00.000Z,1/9/2007,At Intersection (intersection related),18,"MOTOR VEHICLE STRUCK PEDALCYCLIST, FRONT END AT ANGLE",,0,Clear or Partly Cloudy,Dry,Daylight,,7009005.0,,45.0,Vehicle - Pedalcyclist,23506,0,N,POINT (1269556.96734482 229243.3586228043),11074.0,0.0,Clear or Partly Cloudy
62409,76956,76956,2791501,Matched,Intersection,29559.0,2ND AVE AND BLANCHARD ST,,,1,Property Damage Only Collision,Cycles,2,0,1,1,0,0,0,2007-07-13T00:00:00.000Z,7/13/2007 10:58:00 PM,At Intersection (intersection related),18,"MOTOR VEHICLE STRUCK PEDALCYCLIST, FRONT END AT ANGLE",,0,Clear or Partly Cloudy,Dry,Dark - Street Lights On,,7194007.0,,45.0,Vehicle - Pedalcyclist,12203,0,N,POINT (1267743.290158972 227361.4358048737),3388.0,0.0,Clear or Partly Cloudy
62417,76582,76582,2806887,Matched,Block,,S ALASKA ST BETWEEN MCCOY PL S AND M L KING JR WR WAY S,,,2,Injury Collision,Cycles,2,0,1,1,1,0,0,2007-06-19T00:00:00.000Z,6/19/2007 4:30:00 PM,Mid-Block (but intersection related),18,"MOTOR VEHICLE STRUCK PEDALCYCLIST, FRONT END AT ANGLE",,0,Clear or Partly Cloudy,Dry,Daylight,Y,7170026.0,,45.0,Vehicle - Pedalcyclist,15688,0,N,POINT (1279829.41279535 207995.6217690408),14459.0,3.9038759674743085e-10,Clear or Partly Cloudy
62478,76475,76475,2829538,Matched,Block,,NE 65TH ST BETWEEN 5TH E AVE NE AND HILLMAN PL NE,,,2,Injury Collision,Cycles,2,0,1,1,1,0,0,2007-05-05T00:00:00.000Z,5/5/2007,Mid-Block (but intersection related),51,PEDALCYCLIST STRUCK MOTOR VEHICLE FRONT END AT ANGLE,,0,Clear or Partly Cloudy,Dry,Daylight,,7125003.0,,45.0,Vehicle - Pedalcyclist,6669,0,N,POINT (1273457.831924811 250090.7645321488),1446.0,2.533544628072619e-05,Clear or Partly Cloudy
62497,76599,76599,2793546,Matched,Block,,ELLIOTT AVE W BETWEEN ELLIOTT ER AVE W AND W THOMAS S ST,,,2,Injury Collision,Cycles,2,0,1,1,1,0,0,2007-04-08T00:00:00.000Z,4/8/2007,Mid-Block (but intersection related),18,"MOTOR VEHICLE STRUCK PEDALCYCLIST, FRONT END AT ANGLE",,1,Clear or Partly Cloudy,Dry,Daylight,Y,7098018.0,,45.0,Vehicle - Pedalcyclist,0,606528,N,POINT (1263815.777450949 230000.7794235796),21582.0,0.0,Clear or Partly Cloudy
62504,76745,76745,2828428,Matched,Intersection,29761.0,12TH AVE AND E MADISON ST,,,2,Injury Collision,Cycles,2,0,1,1,1,0,0,2007-09-14T00:00:00.000Z,9/14/2007 12:00:00 PM,At Intersection (intersection related),18,"MOTOR VEHICLE STRUCK PEDALCYCLIST, FRONT END AT ANGLE",,0,Clear or Partly Cloudy,Dry,Daylight,,7257005.0,,45.0,Vehicle - Pedalcyclist,10773,0,N,POINT (1274551.867445946 227089.5945245922),39.0,0.0,Clear or Partly Cloudy
62527,76615,76615,2798550,Matched,Block,,CALIFORNIA AVE SW BETWEEN SW ADMIRAL WAY AND SW LANDER ST,,,2,Injury Collision,Cycles,2,0,1,1,1,0,0,2007-08-07T00:00:00.000Z,8/7/2007,Mid-Block (not related to intersection),54,PEDALCYCLIST STRUCK MOTOR VEHICLE REAR END,Y,0,Overcast,Dry,Daylight,,7219001.0,,45.0,Vehicle - Pedalcyclist,2587,0,N,POINT (1257086.092964053 215527.2628647536),22530.0,0.0,Overcast
62577,76874,76874,2793563,Matched,Block,,10TH AVE E BETWEEN E MILLER ST AND E ROANOKE W ST,,,2b,Serious Injury Collision,Cycles,2,0,1,1,1,1,0,2007-06-28T00:00:00.000Z,6/28/2007 7:50:00 AM,Mid-Block (but intersection related),54,PEDALCYCLIST STRUCK MOTOR VEHICLE REAR END,Y,0,Raining,Wet,Daylight,,7179006.0,,45.0,Vehicle - Pedalcyclist,6090,0,N,POINT (1273939.139125317 237821.7531915903),19407.0,2.2648803790169824e-05,Raining
62604,77424,77424,2805623,Matched,Block,,4TH AVE BETWEEN STEWART ST AND VIRGINIA ST,,,2,Injury Collision,Cycles,2,0,1,1,1,0,0,2007-06-09T00:00:00.000Z,6/9/2007,Driveway Junction,18,"MOTOR VEHICLE STRUCK PEDALCYCLIST, FRONT END AT ANGLE",Y,0,Overcast,Wet,Dusk,Y,7160001.0,,45.0,Vehicle - Pedalcyclist,0,0,N,POINT (1268965.238000214 227120.8087326288),397.0,5.768065277769347e-06,Overcast
62610,76886,76886,2825305,Matched,Block,,ALKI TRL BETWEEN HARBOR AVE SW AND SW FLORIDA ST,,,2,Injury Collision,Cycles,2,0,1,1,1,0,0,2007-09-25T00:00:00.000Z,9/25/2007 7:30:00 AM,Driveway Junction,18,"MOTOR VEHICLE STRUCK PEDALCYCLIST, FRONT END AT ANGLE",,0,Raining,Wet,Daylight,Y,7268002.0,,45.0,Vehicle - Pedalcyclist,4286,0,N,POINT (1260843.487463906 214144.4367513359),8266.0,2.9988749736722468e-05,Raining