OBJECTID,INCKEY,COLDETKEY,REPORTNO,STATUS,ADDRTYPE,INTKEY,LOCATION,EXCEPTRSNC,EXCEPTRSND,SEVERITYCO,SEVERITYDE,COLLISIONT,PERSONCOUN,PEDCOUNT,PEDCYLCOUN,VEHCOUNT,INJURIES,SERIOUSINJ,FATALITIES,INCDATE,INCDTTM,JUNCTIONTY,SDOT_COLCO,SDOT_COLDE,INATTENTIO,UNDERINFL,WEATHER,ROADCOND,LIGHTCOND,PEDROWNOTG,SDOTCOLNUM,SPEEDING,ST_COLCODE,ST_COLDESC,SEGLANEKEY,CROSSWALKK,HITPARKEDC,geometry,near_str_index,min_length,weather_group
62618,77027,77027,2892955,Matched,Intersection,36360.0,AURORA AVE N AND N NORTHGATE WAY,,,1,Property Damage Only Collision,Cycles,6,0,1,1,0,0,0,2007-12-08T00:00:00.000Z,12/8/2007,At Intersection (intersection related),18,"MOTOR VEHICLE STRUCK PEDALCYCLIST, FRONT END AT ANGLE",,0,Clear or Partly Cloudy,Dry,Dark - Street Lights On,Y,7342019.0,,45.0,Vehicle - Pedalcyclist,0,521685,N,POINT (1268316.704303548 260834.8269431442),6973.0,0.0,Clear or Partly Cloudy
62732,77042,77042,2610396,Matched,Block,,EASTLAKE AVE E BETWEEN HARVARD AVE E AND FUHRMAN AVE E,,,2,Injury Collision,Cycles,2,0,1,1,1,0,0,2007-05-17T00:00:00.000Z,5/17/2007 3:00:00 PM,Driveway Junction,18,"MOTOR VEHICLE STRUCK PEDALCYCLIST, FRONT END AT ANGLE",,0,Clear or Partly Cloudy,Dry,Daylight,Y,7137022.0,,45.0,Vehicle - Pedalcyclist,6064,0,N,POINT (1273599.974708959 241029.8313388675),6317.0,1.4142158170737939e-05,Clear or Partly Cloudy
62866,77087,77087,2609911,Matched,Intersection,25661.0,PHINNEY AVE N AND N 50TH E ST,,,2,Injury Collision,Cycles,2,0,1,1,1,0,0,2007-02-15T00:00:00.000Z,2/15/2007 8:24:00 AM,At Intersection (intersection related),18,"MOTOR VEHICLE STRUCK PEDALCYCLIST, FRONT END AT ANGLE",,0,Overcast,Dry,Daylight,,7046006.0,,45.0,Vehicle - Pedalcyclist,28288,0,N,POINT (1265747.218988925 246280.3613922447),20389.0,0.0,Overcast
62896,77355,77355,C696090,Matched,Intersection,27063.0,BROOKLYN AVE NE AND NE 45TH ST,,,2,Injury Collision,Cycles,2,0,1,1,1,0,0,2007-11-24T00:00:00.000Z,11/24/2007 2:00:00 PM,At Intersection (intersection related),18,"MOTOR VEHICLE STRUCK PEDALCYCLIST, FRONT END AT ANGLE",,0,Clear or Partly Cloudy,Dry,Daylight,,7328027.0,,45.0,Vehicle - Pedalcyclist,31442,0,N,POINT (1275495.099958912 244724.8767186552),1400.0,0.0,Clear or Partly Cloudy
62924,77363,77363,2798868,Matched,Block,,NE 45TH ST BETWEEN 5TH AVE NE AND 7TH AVE NE,,,2,Injury Collision,Cycles,2,0,1,1,1,0,0,2007-09-21T00:00:00.000Z,9/21/2007 10:02:00 AM,Mid-Block (but intersection related),54,PEDALCYCLIST STRUCK MOTOR VEHICLE REAR END,,0,Clear or Partly Cloudy,Dry,Daylight,,7264035.0,,45.0,Vehicle - Pedalcyclist,7058,0,N,POINT (1273633.238325 244778.7874387056),4158.0,7.859963991686803e-06,Clear or Partly Cloudy
62974,77248,77248,2827834,Matched,Block,,15TH AVE E BETWEEN E THOMAS N ST AND E HARRISON S ST,,,2,Injury Collision,Cycles,3,0,2,1,2,0,0,2007-09-12T00:00:00.000Z,9/12/2007 12:55:00 PM,Mid-Block (not related to intersection),18,"MOTOR VEHICLE STRUCK PEDALCYCLIST, FRONT END AT ANGLE",,0,Clear or Partly Cloudy,Dry,Daylight,,7255006.0,,45.0,Vehicle - Pedalcyclist,8576,0,N,POINT (1275617.637175024 230224.8432957977),10827.0,2.8587934741148853e-05,Clear or Partly Cloudy
64014,78360,78360,2805961,Matched,Intersection,30144.0,18TH AVE AND E UNION ST,,,2b,Serious Injury Collision,Cycles,2,0,1,1,1,1,0,2007-04-03T00:00:00.000Z,4/3/2007,At Intersection (intersection related),18,"MOTOR VEHICLE STRUCK PEDALCYCLIST, FRONT END AT ANGLE",,0,Clear or Partly Cloudy,Dry,Daylight,Y,7093029.0,,45.0,Vehicle - Pedalcyclist,9330,0,N,POINT (1276493.390135929 227056.8316445649),3962.0,0.0,Clear or Partly Cloudy
64054,77843,77843,2825909,Matched,Intersection,28916.0,3RD AVE N AND MERCER ST,,,2,Injury Collision,Cycles,2,0,1,1,1,0,0,2007-11-15T00:00:00.000Z,11/15/2007 5:10:00 AM,At Intersection (intersection related),18,"MOTOR VEHICLE STRUCK PEDALCYCLIST, FRONT END AT ANGLE",,0,Raining,Wet,Dark - Street Lights Off,,7319007.0,,45.0,Vehicle - Pedalcyclist,0,521619,N,POINT (1266065.304877251 231516.6509131342),3662.0,0.0,Raining
64193,79432,79432,2899377,Matched,Intersection,29056.0,13TH AVE E AND E JOHN ST,,,2,Injury Collision,Cycles,2,0,1,1,1,0,0,2008-09-12T00:00:00.000Z,9/12/2008 9:18:00 PM,At Intersection (intersection related),18,"MOTOR VEHICLE STRUCK PEDALCYCLIST, FRONT END AT ANGLE",,0,Clear or Partly Cloudy,Dry,Dark - Street Lights On,Y,8256004.0,,45.0,Vehicle - Pedalcyclist,35234,0,N,POINT (1274876.260406271 229657.9918392301),2353.0,0.0,Clear or Partly Cloudy
64267,80369,80369,3279759,Matched,Intersection,32555.0,43RD AVE S AND LAKE WASHINGTON BLVD S,,,2,Injury Collision,Cycles,2,0,1,1,1,0,0,2008-08-07T00:00:00.000Z,8/7/2008,At Intersection (intersection related),51,PEDALCYCLIST STRUCK MOTOR VEHICLE FRONT END AT ANGLE,,0,Clear or Partly Cloudy,Dry,Dark - No Street Lights,,8220006.0,,45.0,Vehicle - Pedalcyclist,38085,0,N,POINT (1283428.003135026 211322.7219324559),5796.0,0.0,Clear or Partly Cloudy
64341,79709,79709,3288628,Matched,Intersection,29699.0,BATTERY ST AND WESTERN AVE,,,2,Injury Collision,Cycles,2,0,1,1,1,0,0,2008-10-23T00:00:00.000Z,10/23/2008 12:00:00 PM,At Intersection (intersection related),18,"MOTOR VEHICLE STRUCK PEDALCYCLIST, FRONT END AT ANGLE",,0,Clear or Partly Cloudy,Dry,Daylight,Y,8297028.0,,45.0,Vehicle - Pedalcyclist,13107,0,N,POINT (1266679.474989876 227458.3750689775),1027.0,0.0,Clear or Partly Cloudy
64400,80103,80103,3287376,Matched,Intersection,30147.0,21ST AVE AND E UNION ST,,,2,Injury Collision,Cycles,2,0,1,1,1,0,0,2008-11-20T00:00:00.000Z,11/20/2008 4:31:00 PM,At Intersection (intersection related),51,PEDALCYCLIST STRUCK MOTOR VEHICLE FRONT END AT ANGLE,,0,Overcast,Wet,Dark - Street Lights On,Y,8325003.0,,45.0,Vehicle - Pedalcyclist,9353,0,N,POINT (1277458.103608921 227045.4847005457),12034.0,0.0,Overcast
64423,80522,80522,C698846,Matched,Intersection,29860.0,SUMMIT AVE AND E PINE ST,,,2,Injury Collision,Cycles,2,0,1,1,1,0,0,2008-01-19T00:00:00.000Z,1/19/2008 4:40:00 PM,At Intersection (intersection related),51,PEDALCYCLIST STRUCK MOTOR VEHICLE FRONT END AT ANGLE,,0,Raining,Wet,Daylight,,8019044.0,,45.0,Vehicle - Pedalcyclist,10354,0,N,POINT (1272399.309875742 227981.0989095122),1148.0,0.0,Raining
64449,79316,79316,C698720,Matched,Intersection,37267.0,14TH AVE NW AND NW 85TH ST,,,2,Injury Collision,Cycles,2,0,1,1,1,0,0,2008-01-19T00:00:00.000Z,1/19/2008 6:20:00 PM,At Intersection (intersection related),18,"MOTOR VEHICLE STRUCK PEDALCYCLIST, FRONT END AT ANGLE",,0,Overcast,Wet,Dark - No Street Lights,,8019043.0,,45.0,Vehicle - Pedalcyclist,0,0,N,POINT (1260971.707688034 255715.7272899151),10823.0,0.0,Overcast
64452,79054,79054,2617572,Matched,Intersection,25389.0,9TH AVE NW AND NW 62ND ST,,,2b,Serious Injury Collision,Cycles,3,0,1,1,1,1,0,2007-03-09T00:00:00.000Z,3/9/2007,At Intersection (intersection related),18,"MOTOR VEHICLE STRUCK PEDALCYCLIST, FRONT END AT ANGLE",,0,Overcast,Dry,Daylight,,7068003.0,,45.0,Vehicle - Pedalcyclist,0,0,N,POINT (1262171.83748126 249558.6912516057),8719.0,0.0,Overcast
64473,79183,79183,2807315,Matched,Block,,DEXTER AVE N BETWEEN JOHN ST AND THOMAS ST,,,1,Property Damage Only Collision,Cycles,3,0,1,1,0,0,0,2007-06-29T00:00:00.000Z,6/29/2007 5:29:00 AM,Driveway Junction,18,"MOTOR VEHICLE STRUCK PEDALCYCLIST, FRONT END AT ANGLE",,0,Clear or Partly Cloudy,Dry,Daylight,Y,7180002.0,,45.0,Vehicle - Pedalcyclist,12611,0,N,POINT (1268278.570927516 229916.2397754937),3489.0,1.3003542269227931e-06,Clear or Partly Cloudy
64511,79716,79716,2905433,Matched,Block,,WOODLAND PARK AVE N BETWEEN N 49TH ST AND N 50TH ST,,,2,Injury Collision,Cycles,2,0,1,1,1,0,0,2008-06-18T00:00:00.000Z,6/18/2008 7:45:00 PM,Mid-Block (not related to intersection),56,PEDALCYCLIST STRUCK MOTOR VEHICLE LEFT SIDE SIDESWIPE,,0,Clear or Partly Cloudy,Dry,Dark - Street Lights On,,8170003.0,,45.0,Vehicle - Pedalcyclist,0,0,N,POINT (1268069.463919297 246098.496944055),6783.0,1.8895095215939067e-05,Clear or Partly Cloudy
64553,78801,78801,2401872,Matched,Block,,LAKE WASHINGTON BLVD S BETWEEN 48TH AVE S AND 49TH AVE S,,,2,Injury Collision,Cycles,2,0,1,1,1,0,0,2007-05-23T00:00:00.000Z,5/23/2007 1:08:00 PM,Mid-Block (not related to intersection),69,PEDALCYCLIST OVERTURNED IN ROAD,,0,Clear or Partly Cloudy,Dry,Daylight,,7143003.0,,45.0,Vehicle - Pedalcyclist,0,0,N,POINT (1285116.831360757 210570.9706996828),23235.0,2.474325474214259e-06,Clear or Partly Cloudy
64596,79324,79324,3284109,Matched,Block,,25TH AVE NE BETWEEN NE 60TH ST AND NE 65TH ST,,,1,Property Damage Only Collision,Cycles,2,0,1,1,0,0,0,2008-08-15T00:00:00.000Z,8/15/2008 9:16:00 PM,Mid-Block (not related to intersection),51,PEDALCYCLIST STRUCK MOTOR VEHICLE FRONT END AT ANGLE,Y,0,Clear or Partly Cloudy,Dry,Dark - Street Lights On,Y,8228026.0,,45.0,Vehicle - Pedalcyclist,18789,0,N,POINT (1278944.086266443 249286.24798733),16792.0,6.167442334729122e-06,Clear or Partly Cloudy
64646,80255,80255,3286501,Matched,Intersection,25220.0,26TH AVE NW AND NW 56TH ST,,,2b,Serious Injury Collision,Cycles,2,0,1,1,1,1,0,2008-07-10T00:00:00.000Z,7/10/2008 7:00:00 AM,At Intersection (intersection related),18,"MOTOR VEHICLE STRUCK PEDALCYCLIST, FRONT END AT ANGLE",,0,Clear or Partly Cloudy,Dry,Daylight,,8192006.0,,45.0,Vehicle - Pedalcyclist,0,0,N,POINT (1256865.611811832 248078.1062900871),5380.0,0.0,Clear or Partly Cloudy
64657,79987,79987,2882646,Matched,Block,,MADISON ST BETWEEN SUMMIT AVE AND BOYLSTON AVE,,,2,Injury Collision,Cycles,2,0,1,1,1,0,0,2008-05-30T00:00:00.000Z,5/30/2008 2:44:00 PM,Mid-Block (not related to intersection),56,PEDALCYCLIST STRUCK MOTOR VEHICLE LEFT SIDE SIDESWIPE,,0,Clear or Partly Cloudy,Dry,Daylight,,8151003.0,,45.0,Vehicle - Pedalcyclist,22834,0,N,POINT (1273146.046836495 226244.2770197242),11125.0,3.618770974935172e-05,Clear or Partly Cloudy
64721,79463,79463,2794875,Matched,Block,,35TH AVE NE BETWEEN NE 125TH ST AND NE 130TH S ST,,,2,Injury Collision,Cycles,2,0,1,1,1,0,0,2008-10-30T00:00:00.000Z,10/30/2008 5:17:00 PM,Driveway Junction,18,"MOTOR VEHICLE STRUCK PEDALCYCLIST, FRONT END AT ANGLE",,0,Clear or Partly Cloudy,Dry,Daylight,Y,8304032.0,,45.0,Vehicle - Pedalcyclist,0,0,N,POINT (1281694.206013247 266375.3065648228),15418.0,2.5367007528655138e-05,Clear or Partly Cloudy
64785,79732,79732,3278010,Matched,Intersection,36601.0,LAKE CITY WAY NE AND NE 125TH ST,,,2,Injury Collision,Cycles,2,0,1,1,1,0,0,2008-10-17T00:00:00.000Z,10/17/2008 10:31:00 AM,At Intersection (intersection related),18,"MOTOR VEHICLE STRUCK PEDALCYCLIST, FRONT END AT ANGLE",,0,Clear or Partly Cloudy,Dry,Daylight,Y,8291005.0,,45.0,Vehicle - Pedalcyclist,0,524531,N,POINT (1280591.207740128 265788.3795882165),3610.0,0.0,Clear or Partly Cloudy
64795,79997,79997,2906846,Matched,Block,,S JACKSON ST BETWEEN 4TH AVE S AND 5TH AVE S,,,2,Injury Collision,Cycles,2,0,1,1,1,0,0,2008-07-22T00:00:00.000Z,7/22/2008 10:51:00 AM,Mid-Block (not related to intersection),21,"MOTOR VEHICLE STRUCK PEDALCYCLIST, REAR END",,0,Overcast,Dry,Daylight,Y,8204026.0,,45.0,Vehicle - Pedalcyclist,4875,0,N,POINT (1271598.163634911 222150.9747435302),9322.0,1.8193646041666734e-05,Overcast
64827,80399,80399,3276779,Matched,Block,,FREMONT AVE N BETWEEN N 36TH ST AND N 38TH ST,,,2,Injury Collision,Cycles,3,0,2,1,2,0,0,2008-09-11T00:00:00.000Z,9/11/2008 9:15:00 AM,Mid-Block (not related to intersection),56,PEDALCYCLIST STRUCK MOTOR VEHICLE LEFT SIDE SIDESWIPE,,0,Clear or Partly Cloudy,Dry,Daylight,,8255005.0,,45.0,Vehicle - Pedalcyclist,8360,0,N,POINT (1266647.413421839 241526.9393073767),15191.0,7.447914690328972e-09,Clear or Partly Cloudy
64846,79608,79608,2905431,Matched,Intersection,24800.0,21ST AVE NE AND NE 65TH W ST,,,2,Injury Collision,Cycles,2,0,1,1,1,0,0,2008-06-17T00:00:00.000Z,6/17/2008 8:38:00 PM,At Intersection (intersection related),18,"MOTOR VEHICLE STRUCK PEDALCYCLIST, FRONT END AT ANGLE",,0,Clear or Partly Cloudy,Dry,Daylight,,8169005.0,,45.0,Vehicle - Pedalcyclist,29720,0,N,POINT (1277768.58450523 249971.551668033),1448.0,0.0,Clear or Partly Cloudy
64936,78703,78703,2825384,Matched,Intersection,34131.0,16TH AVE SW AND SW ORCHARD ST,,,2,Injury Collision,Cycles,3,0,1,1,1,0,0,2007-12-12T00:00:00.000Z,12/12/2007 9:00:00 AM,At Intersection (intersection related),51,PEDALCYCLIST STRUCK MOTOR VEHICLE FRONT END AT ANGLE,,0,Clear or Partly Cloudy,Wet,Daylight,,7346034.0,,45.0,Vehicle - Pedalcyclist,0,0,N,POINT (1264577.127979726 200040.0131848902),2432.0,0.0,Clear or Partly Cloudy
64949,80409,80409,2900006,Matched,Intersection,29531.0,5TH AVE AND BELL ST,,,2,Injury Collision,Cycles,2,0,1,1,1,0,0,2008-06-09T00:00:00.000Z,6/9/2008,At Intersection (intersection related),18,"MOTOR VEHICLE STRUCK PEDALCYCLIST, FRONT END AT ANGLE",,0,Overcast,Dry,Daylight,Y,8161001.0,,45.0,Vehicle - Pedalcyclist,0,522672,N,POINT (1268078.323247313 228362.4316459),3375.0,0.0,Overcast
64956,80406,80406,2905014,Matched,Intersection,24933.0,35TH AVE NE AND NE 75TH ST,,,2,Injury Collision,Cycles,2,0,1,1,1,0,0,2008-06-10T00:00:00.000Z,6/10/2008 11:22:00 AM,At Intersection (intersection related),18,"MOTOR VEHICLE STRUCK PEDALCYCLIST, FRONT END AT ANGLE",,0,Raining,Wet,Daylight,Y,8162005.0,,45.0,Vehicle - Pedalcyclist,0,524379,N,POINT (1281511.016765058 252552.8821026683),2851.0,0.0,Raining
64984,78954,78954,2614977,Matched,Intersection,30748.0,16TH AVE S AND S JACKSON ST,,,2,Injury Collision,Cycles,2,0,1,1,1,0,0,2007-01-19T00:00:00.000Z,1/19/2007 7:26:00 AM,At Intersection (intersection related),18,"MOTOR VEHICLE STRUCK PEDALCYCLIST, FRONT END AT ANGLE",,0,Raining,Wet,Dawn,Y,7019002.0,,45.0,Vehicle - Pedalcyclist,11024,0,N,POINT (1275727.637047142 222081.6597994715),1804.0,0.0,Raining
63110,77272,77272,2803453,Matched,Intersection,26886.0,STONE WAY N AND N 36TH ST,,,2,Injury Collision,Cycles,2,0,1,1,1,0,0,2007-07-06T00:00:00.000Z,7/6/2007,At Intersection (intersection related),51,PEDALCYCLIST STRUCK MOTOR VEHICLE FRONT END AT ANGLE,,0,Clear or Partly Cloudy,Dry,Daylight,,7187007.0,,45.0,Vehicle - Pedalcyclist,0,0,N,POINT (1268422.925103664 240942.7122347802),1227.0,0.0,Clear or Partly Cloudy
63127,77144,77144,2794986,Matched,Block,,NW MARKET ST BETWEEN 26TH AVE NW AND 28TH AVE NW,,,2,Injury Collision,Cycles,2,0,1,1,1,0,0,2007-03-16T00:00:00.000Z,3/16/2007 8:05:00 PM,Mid-Block (not related to intersection),23,"MOTOR VEHICLE STRUCK PEDALCYCLIST, LEFT SIDE SIDESWIPE",,0,Clear or Partly Cloudy,Dry,Dark - Street Lights On,,7075003.0,,45.0,Vehicle - Pedalcyclist,25921,0,N,POINT (1256525.421475485 247793.6906737983),1669.0,7.545689592421729e-09,Clear or Partly Cloudy
63216,77604,77604,2806308,Matched,Intersection,30410.0,12TH AVE AND E YESLER WAY,,,2,Injury Collision,Cycles,2,0,1,1,1,0,0,2007-04-12T00:00:00.000Z,4/12/2007 5:58:00 PM,At Intersection (intersection related),18,"MOTOR VEHICLE STRUCK PEDALCYCLIST, FRONT END AT ANGLE",Y,0,Clear or Partly Cloudy,Dry,Daylight,,7102002.0,,45.0,Vehicle - Pedalcyclist,10532,0,N,POINT (1274461.188917845 223006.7211764157),8412.0,0.0,Clear or Partly Cloudy
63223,78124,78124,2617192,Matched,Block,,23RD AVE S BETWEEN S JUDKINS ST AND MOUNTAINS TO SOUND TRL,,,2,Injury Collision,Cycles,2,0,1,1,1,0,0,2007-05-15T00:00:00.000Z,5/15/2007 8:08:00 PM,Mid-Block (not related to intersection),18,"MOTOR VEHICLE STRUCK PEDALCYCLIST, FRONT END AT ANGLE",,0,Clear or Partly Cloudy,Dry,Daylight,,7135002.0,,45.0,Vehicle - Pedalcyclist,0,630876,N,POINT (1277978.043513447 219080.5609803945),12336.0,2.2178296767391785e-05,Clear or Partly Cloudy
63268,78387,78387,2618329,Matched,Block,,1ST AVE BETWEEN UNION ST AND PIKE ST,,,2,Injury Collision,Cycles,2,0,1,1,1,0,0,2007-07-06T00:00:00.000Z,7/6/2007,Mid-Block (not related to intersection),56,PEDALCYCLIST STRUCK MOTOR VEHICLE LEFT SIDE SIDESWIPE,,0,Clear or Partly Cloudy,Dry,Daylight,,7187006.0,,45.0,Vehicle - Pedalcyclist,36670,0,N,POINT (1268890.208304137 225534.2326029986),16932.0,0.0,Clear or Partly Cloudy
63276,78259,78259,2799264,Matched,Intersection,25142.0,24TH AVE NW AND NW 57TH ST,,,2,Injury Collision,Cycles,2,0,1,1,1,0,0,2007-08-28T00:00:00.000Z,8/28/2007 12:20:00 PM,At Intersection (intersection related),18,"MOTOR VEHICLE STRUCK PEDALCYCLIST, FRONT END AT ANGLE",,0,Clear or Partly Cloudy,Dry,Daylight,,7240001.0,,45.0,Vehicle - Pedalcyclist,1884,0,N,POINT (1257500.908068478 248330.5460983515),4323.0,0.0,Clear or Partly Cloudy
63279,78136,78136,2806116,Matched,Block,,BOYLSTON AVE E BETWEEN LAKEVIEW N BV E AND E BOSTON ST,,,2,Injury Collision,Cycles,2,0,1,1,1,0,0,2007-07-10T00:00:00.000Z,7/10/2007 11:18:00 PM,Mid-Block (not related to intersection),23,"MOTOR VEHICLE STRUCK PEDALCYCLIST, LEFT SIDE SIDESWIPE",,0,Clear or Partly Cloudy,Dry,Dark - Street Lights On,Y,7191006.0,,45.0,Vehicle - Pedalcyclist,37363,0,N,POINT (1273065.536052421 236107.1388538331),21780.0,0.0,Clear or Partly Cloudy
63280,78135,78135,2829082,Matched,Intersection,27185.0,SUNNYSIDE AVE N AND N 45TH ST,,,2,Injury Collision,Cycles,2,0,1,1,1,0,0,2007-07-10T00:00:00.000Z,7/10/2007 6:20:00 PM,At Intersection (intersection related),51,PEDALCYCLIST STRUCK MOTOR VEHICLE FRONT END AT ANGLE,,0,Unknown,Unknown,Daylight,,7191040.0,,45.0,Vehicle - Pedalcyclist,6519,0,N,POINT (1271584.0799229 244834.1738707721),9056.0,0.0,
63395,78411,78411,C684046,Matched,Block,,EASTLAKE AVE E BETWEEN REPUBLICAN ST AND MERCER ST,,,2,Injury Collision,Cycles,2,0,1,1,1,0,0,2007-03-22T00:00:00.000Z,3/22/2007 8:10:00 AM,Mid-Block (not related to intersection),56,PEDALCYCLIST STRUCK MOTOR VEHICLE LEFT SIDE SIDESWIPE,,0,Overcast,Dry,Daylight,,7081043.0,,45.0,Vehicle - Pedalcyclist,11575,0,N,POINT (1271564.013874874 231092.1008326858),704.0,1.4943602323535406e-05,Overcast
63403,77764,77764,2898786,Matched,Intersection,29689.0,3RD AVE AND BELL ST,,,2,Injury Collision,Cycles,2,0,1,1,1,0,0,2007-11-28T00:00:00.000Z,11/28/2007 4:51:00 PM,At Intersection (intersection related),51,PEDALCYCLIST STRUCK MOTOR VEHICLE FRONT END AT ANGLE,,0,Raining,Wet,Dark - Street Lights On,,7332003.0,,45.0,Vehicle - Pedalcyclist,14229,0,N,POINT (1267645.022254869 227886.3074854165),11049.0,0.0,Raining
63441,78149,78149,2609095,Matched,Intersection,26688.0,3RD AVE W AND W NICKERSON ST,,,2,Injury Collision,Cycles,3,0,1,1,1,0,0,2007-05-07T00:00:00.000Z,5/7/2007,At Intersection (intersection related),51,PEDALCYCLIST STRUCK MOTOR VEHICLE FRONT END AT ANGLE,,0,Clear or Partly Cloudy,Dry,Dusk,Y,7127001.0,,45.0,Vehicle - Pedalcyclist,12501,0,N,POINT (1263940.345131069 241139.0465709865),277.0,0.0,Clear or Partly Cloudy
63485,78160,78160,2827876,Matched,Intersection,27153.0,EASTLAKE AVE E AND FUHRMAN AVE E,,,3,Fatality Collision,Cycles,3,0,2,1,1,0,1,2007-09-07T00:00:00.000Z,9/7/2007,At Intersection (intersection related),18,"MOTOR VEHICLE STRUCK PEDALCYCLIST, FRONT END AT ANGLE",,0,Clear or Partly Cloudy,Dry,Daylight,Y,7250001.0,,45.0,Vehicle - Pedalcyclist,6078,0,N,POINT (1273704.647989064 241221.0042030662),995.0,0.0,Clear or Partly Cloudy
63509,77778,77778,2799462,Matched,Intersection,37625.0,RAVENNA AVE NE AND NE 98TH ST,,,2,Injury Collision,Cycles,3,0,1,1,1,0,0,2007-11-08T00:00:00.000Z,11/8/2007,At Intersection (intersection related),18,"MOTOR VEHICLE STRUCK PEDALCYCLIST, FRONT END AT ANGLE",,0,Overcast,Dry,Dusk,Y,7312001.0,,45.0,Vehicle - Pedalcyclist,33401,0,N,POINT (1278961.278778449 258879.4236771464),923.0,0.0,Overcast
63539,77641,77641,2805925,Matched,Block,,E MADISON ST BETWEEN BROADWAY AND BROADWAY CT,,,2,Injury Collision,Cycles,2,0,1,1,1,0,0,2007-04-02T00:00:00.000Z,4/2/2007,Mid-Block (but intersection related),18,"MOTOR VEHICLE STRUCK PEDALCYCLIST, FRONT END AT ANGLE",,0,Clear or Partly Cloudy,Dry,Daylight,Y,7092003.0,,45.0,Vehicle - Pedalcyclist,22911,0,N,POINT (1273658.292789027 226547.2916760445),18100.0,0.0,Clear or Partly Cloudy
63588,77524,77524,2802848,Matched,Intersection,27016.0,FREMONT AVE N AND N 38TH ST,,,2,Injury Collision,Cycles,5,0,1,1,1,0,0,2007-07-02T00:00:00.000Z,7/2/2007,At Intersection (intersection related),18,"MOTOR VEHICLE STRUCK PEDALCYCLIST, FRONT END AT ANGLE",,0,Clear or Partly Cloudy,Dry,Daylight,Y,7183003.0,,45.0,Vehicle - Pedalcyclist,8368,0,N,POINT (1266654.149421856 241778.6771636307),4008.0,0.0,Clear or Partly Cloudy
63599,77784,77784,2829640,Matched,Block,,LAKE WASHINGTON BLVD S BETWEEN LAKE PARK DR S AND S HORTON NR ST,,,2b,Serious Injury Collision,Cycles,2,0,1,1,1,1,0,2007-07-31T00:00:00.000Z,7/31/2007 3:00:00 PM,Mid-Block (not related to intersection),18,"MOTOR VEHICLE STRUCK PEDALCYCLIST, FRONT END AT ANGLE",,0,Clear or Partly Cloudy,Dry,Daylight,,7212005.0,,45.0,Vehicle - Pedalcyclist,38078,0,N,POINT (1282466.716670036 214528.5998877287),16656.0,1.729022140382883e-05,Clear or Partly Cloudy
63773,78188,78188,2607320,Matched,Block,,1ST AVE BETWEEN COLUMBIA ST AND MARION ST,,,1,Property Damage Only Collision,Cycles,2,0,1,1,0,0,0,2007-07-23T00:00:00.000Z,7/23/2007 2:28:00 PM,Mid-Block (but intersection related),18,"MOTOR VEHICLE STRUCK PEDALCYCLIST, FRONT END AT ANGLE",,0,Clear or Partly Cloudy,Dry,Daylight,Y,7204002.0,,45.0,Vehicle - Pedalcyclist,36808,0,N,POINT (1269916.982065186 223799.7438972294),19393.0,3.791369886321815e-09,Clear or Partly Cloudy
63808,78071,78071,2792505,Matched,Intersection,29900.0,SENECA ST AND SUMMIT AVE,,,1,Property Damage Only Collision,Cycles,2,0,1,1,0,0,0,2007-08-01T00:00:00.000Z,8/1/2007,At Intersection (intersection related),18,"MOTOR VEHICLE STRUCK PEDALCYCLIST, FRONT END AT ANGLE",,0,Clear or Partly Cloudy,Dry,Daylight,Y,7213006.0,,45.0,Vehicle - Pedalcyclist,0,0,N,POINT (1272696.30597204 226689.518492192),952.0,0.0,Clear or Partly Cloudy
63839,77553,77553,2802541,Matched,Intersection,23942.0,15TH AVE NW AND NW 67TH ST,,,2,Injury Collision,Cycles,2,0,1,1,1,0,0,2007-04-20T00:00:00.000Z,4/20/2007 3:32:00 PM,At Intersection (intersection related),18,"MOTOR VEHICLE STRUCK PEDALCYCLIST, FRONT END AT ANGLE",,0,Clear or Partly Cloudy,Dry,Daylight,,7110005.0,,45.0,Vehicle - Pedalcyclist,0,521274,N,POINT (1260222.598183259 251041.4163731188),84.0,0.0,Clear or Partly Cloudy
63841,78468,78468,2608975,Matched,Block,,1ST AVE BETWEEN LENORA ST AND BLANCHARD ST,,,2,Injury Collision,Cycles,2,0,1,1,1,0,0,2007-03-16T00:00:00.000Z,3/16/2007 11:37:00 PM,Mid-Block (not related to intersection),56,PEDALCYCLIST STRUCK MOTOR VEHICLE LEFT SIDE SIDESWIPE,,0,Clear or Partly Cloudy,Dry,Dark - Street Lights On,,7075002.0,,45.0,Vehicle - Pedalcyclist,13227,0,N,POINT (1267684.527726904 226979.4172444791),21687.0,4.30423418006055e-06,Clear or Partly Cloudy
63842,78198,78198,2826091,Matched,Block,,4TH AVE S BETWEEN S FOREST ST AND S HANFORD ST,,,2b,Serious Injury Collision,Cycles,3,0,1,1,1,1,0,2007-06-17T00:00:00.000Z,6/17/2007 2:37:00 PM,Driveway Junction,18,"MOTOR VEHICLE STRUCK PEDALCYCLIST, FRONT END AT ANGLE",,0,Overcast,Dry,Daylight,Y,7168004.0,,45.0,Vehicle - Pedalcyclist,0,0,N,POINT (1271255.576498568 213932.587663129),8616.0,8.16848527454014e-06,Overcast