OBJECTID,INCKEY,COLDETKEY,REPORTNO,STATUS,ADDRTYPE,INTKEY,LOCATION,EXCEPTRSNC,EXCEPTRSND,SEVERITYCO,SEVERITYDE,COLLISIONT,PERSONCOUN,PEDCOUNT,PEDCYLCOUN,VEHCOUNT,INJURIES,SERIOUSINJ,FATALITIES,INCDATE,INCDTTM,JUNCTIONTY,SDOT_COLCO,SDOT_COLDE,INATTENTIO,UNDERINFL,WEATHER,ROADCOND,LIGHTCOND,PEDROWNOTG,SDOTCOLNUM,SPEEDING,ST_COLCODE,ST_COLDESC,SEGLANEKEY,CROSSWALKK,HITPARKEDC,geometry,near_str_index,min_length,weather_group
63893,77688,77688,2830052,Matched,Block,,32ND AVE NE BETWEEN NE 118TH ST AND NE 120TH ST,,,2,Injury Collision,Cycles,2,0,1,1,1,0,0,2007-06-10T00:00:00.000Z,6/10/2007 2:44:00 PM,Driveway Junction,51,PEDALCYCLIST STRUCK MOTOR VEHICLE FRONT END AT ANGLE,,0,Clear or Partly Cloudy,Dry,Daylight,,7161002.0,,45.0,Vehicle - Pedalcyclist,0,0,N,POINT (1280843.473532379 264167.5802265555),308.0,2.902930052599457e-05,Clear or Partly Cloudy
65140,79221,79221,2807396,Matched,Intersection,28918.0,MERCER ST AND WARREN AVE N,,,2,Injury Collision,Cycles,2,0,1,1,1,0,0,2007-02-05T00:00:00.000Z,2/5/2007,At Intersection (intersection related),51,PEDALCYCLIST STRUCK MOTOR VEHICLE FRONT END AT ANGLE,,0,Clear or Partly Cloudy,Wet,Daylight,Y,7036036.0,,45.0,Vehicle - Pedalcyclist,12352,0,N,POINT (1265421.58391659 231531.3898571432),846.0,0.0,Clear or Partly Cloudy
65153,79892,79892,2625919,Matched,Block,,9TH AVE SW BETWEEN SW TRENTON ST AND SW HENDERSON ST,,,2,Injury Collision,Cycles,3,0,1,1,1,0,0,2008-02-18T00:00:00.000Z,2/18/2008 9:30:00 PM,Driveway Junction,18,"MOTOR VEHICLE STRUCK PEDALCYCLIST, FRONT END AT ANGLE",,0,Clear or Partly Cloudy,Dry,Dark - Street Lights On,,8049006.0,,45.0,Vehicle - Pedalcyclist,0,0,N,POINT (1266514.576621711 194716.5365074426),6091.0,1.6556820412479114e-06,Clear or Partly Cloudy
65199,78842,78842,2617799,Matched,Block,,NE 55TH ST BETWEEN ROOSEVELT WAY NE AND 11TH AVE NE,,,1,Property Damage Only Collision,Cycles,2,0,1,1,0,0,0,2007-07-05T00:00:00.000Z,7/5/2007,Driveway Junction,18,"MOTOR VEHICLE STRUCK PEDALCYCLIST, FRONT END AT ANGLE",,0,Clear or Partly Cloudy,Dry,Daylight,,7186007.0,,45.0,Vehicle - Pedalcyclist,0,0,N,POINT (1274920.275510311 247397.9853933901),4179.0,2.204946027617214e-05,Clear or Partly Cloudy
65260,79630,79630,2830089,Matched,Intersection,25226.0,28TH AVE NW AND NW MARKET ST,,,2b,Serious Injury Collision,Cycles,2,0,1,1,1,1,0,2008-07-07T00:00:00.000Z,7/7/2008,At Intersection (intersection related),18,"MOTOR VEHICLE STRUCK PEDALCYCLIST, FRONT END AT ANGLE",,0,Clear or Partly Cloudy,Dry,Daylight,Y,8189002.0,,45.0,Vehicle - Pedalcyclist,25916,0,N,POINT (1256191.168291137 247797.9854577929),1669.0,0.0,Clear or Partly Cloudy
65288,80035,80035,2904998,Matched,Intersection,36054.0,30TH AVE NE AND NE 130TH ST,,,2,Injury Collision,Cycles,3,0,1,1,1,0,0,2008-05-14T00:00:00.000Z,5/14/2008 4:40:00 PM,At Intersection (intersection related),18,"MOTOR VEHICLE STRUCK PEDALCYCLIST, FRONT END AT ANGLE",,0,Overcast,Dry,Daylight,Y,8135006.0,,45.0,Vehicle - Pedalcyclist,0,521375,N,POINT (1280339.335227862 267114.3351735771),282.0,0.0,Overcast
65295,79763,79763,2798119,Matched,Intersection,25411.0,11TH AVE NW AND NW 57TH ST,,,2,Injury Collision,Cycles,2,0,1,1,1,0,0,2008-10-01T00:00:00.000Z,10/1/2008,At Intersection (intersection related),18,"MOTOR VEHICLE STRUCK PEDALCYCLIST, FRONT END AT ANGLE",,0,Clear or Partly Cloudy,Dry,Daylight,,8275026.0,,45.0,Vehicle - Pedalcyclist,0,0,N,POINT (1261646.872616723 248239.9052022547),1581.0,0.0,Clear or Partly Cloudy
65299,79762,79762,2899022,Matched,Block,,E INTERLAKEN BLVD BETWEEN DELMAR DR E AND INTERLAKEN DR E,,,2,Injury Collision,Cycles,3,0,1,1,1,0,0,2008-10-02T00:00:00.000Z,10/2/2008,Mid-Block (not related to intersection),23,"MOTOR VEHICLE STRUCK PEDALCYCLIST, LEFT SIDE SIDESWIPE",,0,Overcast,Dry,Daylight,,8276022.0,,45.0,Vehicle - Pedalcyclist,0,0,N,POINT (1275657.492919073 236488.7401342243),1101.0,1.371186270947862e-05,Overcast
65314,79898,79898,C709517,Matched,Intersection,27045.0,ETRURIA ST AND WARREN AVE N,,,1,Property Damage Only Collision,Cycles,2,0,1,1,0,0,0,2008-09-08T00:00:00.000Z,9/8/2008,At Intersection (intersection related),18,"MOTOR VEHICLE STRUCK PEDALCYCLIST, FRONT END AT ANGLE",,0,Clear or Partly Cloudy,Dry,Dark - No Street Lights,,8252037.0,,45.0,Vehicle - Pedalcyclist,0,0,N,POINT (1265490.647596657 239992.7428258061),712.0,0.0,Clear or Partly Cloudy
65333,78731,78731,2607440,Matched,Intersection,38474.0,TERRACE ST AND YESLER WAY,,,2b,Serious Injury Collision,Cycles,2,0,1,1,1,1,0,2007-04-17T00:00:00.000Z,4/17/2007 10:33:00 PM,At Intersection (intersection related),18,"MOTOR VEHICLE STRUCK PEDALCYCLIST, FRONT END AT ANGLE",,0,Raining,Wet,Dark - Street Lights On,Y,7107007.0,,45.0,Vehicle - Pedalcyclist,9972,0,N,POINT (1271442.458162755 223075.3440244794),985.0,0.0,Raining
65340,80430,80430,3289542,Matched,Block,,M L KING JR ER WAY S BETWEEN S HANFORD N ST AND S HANFORD S ST,,,2,Injury Collision,Cycles,2,0,1,1,1,0,0,2008-11-26T00:00:00.000Z,11/26/2008 9:45:00 AM,Mid-Block (not related to intersection),18,"MOTOR VEHICLE STRUCK PEDALCYCLIST, FRONT END AT ANGLE",,0,Clear or Partly Cloudy,Dry,Daylight,,8331036.0,,45.0,Vehicle - Pedalcyclist,0,525542,N,POINT (1279231.375162736 213084.5848462582),8309.0,0.0,Clear or Partly Cloudy
65473,78742,78742,2799480,Matched,Block,,15TH AVE NE BETWEEN NE 73RD ST AND NE 75TH ST,,,2b,Serious Injury Collision,Cycles,2,0,1,1,1,1,0,2007-08-15T00:00:00.000Z,8/15/2007 2:51:00 PM,Mid-Block (not related to intersection),54,PEDALCYCLIST STRUCK MOTOR VEHICLE REAR END,,0,Clear or Partly Cloudy,Dry,Daylight,,7227003.0,,45.0,Vehicle - Pedalcyclist,29132,0,N,POINT (1276280.374967709 252325.3579424322),19440.0,2.178725297839812e-05,Clear or Partly Cloudy
65549,80178,80178,2892283,Matched,Block,,RAINIER AVE S BETWEEN S BAYVIEW ST AND S MCCLELLAN ST,,,2,Injury Collision,Cycles,2,0,1,1,1,0,0,2008-05-17T00:00:00.000Z,5/17/2008 11:20:00 AM,Driveway Junction,18,"MOTOR VEHICLE STRUCK PEDALCYCLIST, FRONT END AT ANGLE",,0,Unknown,Unknown,Daylight,,8138038.0,,45.0,Vehicle - Pedalcyclist,0,0,N,POINT (1278654.949498147 214892.784080103),18006.0,3.1175991380046676e-06,
65637,78991,78991,2898905,Matched,Intersection,28791.0,THOMAS ST AND WESTLAKE AVE N,,,2,Injury Collision,Cycles,2,0,1,1,1,0,0,2007-12-19T00:00:00.000Z,12/19/2007 5:47:00 PM,At Intersection (intersection related),18,"MOTOR VEHICLE STRUCK PEDALCYCLIST, FRONT END AT ANGLE",,0,Raining,Wet,Dark - Street Lights On,Y,7353039.0,,45.0,Vehicle - Pedalcyclist,0,622502,N,POINT (1269249.545520514 230105.7063996792),3827.0,0.0,Raining
65655,79658,79658,2799360,Matched,Block,,25TH AVE NE BETWEEN NE 80TH ST AND RAVENNA S AVE NE,,,2,Injury Collision,Cycles,3,0,1,1,1,0,0,2008-06-16T00:00:00.000Z,6/16/2008 6:40:00 PM,Mid-Block (not related to intersection),56,PEDALCYCLIST STRUCK MOTOR VEHICLE LEFT SIDE SIDESWIPE,,0,Clear or Partly Cloudy,Dry,Daylight,,8168002.0,,45.0,Vehicle - Pedalcyclist,11215,0,N,POINT (1278894.110842392 254109.2129202634),212.0,1.502028016788416e-05,Clear or Partly Cloudy
65774,78751,78751,2826162,Matched,Intersection,29717.0,1ST AVE AND DENNY WAY,,,2,Injury Collision,Cycles,2,0,1,1,1,0,0,2007-06-19T00:00:00.000Z,6/19/2007 7:48:00 PM,At Intersection (intersection related),21,"MOTOR VEHICLE STRUCK PEDALCYCLIST, REAR END",,0,Clear or Partly Cloudy,Dry,Daylight,Y,7170002.0,,45.0,Vehicle - Pedalcyclist,14438,0,N,POINT (1265044.496684209 229359.511198923),8367.0,0.0,Clear or Partly Cloudy
65785,80201,80201,2900226,Matched,Block,,3RD AVE BETWEEN PIKE ST AND PINE ST,,,2,Injury Collision,Cycles,2,1,1,0,1,0,0,2008-06-27T00:00:00.000Z,6/27/2008 4:21:00 PM,Mid-Block (not related to intersection),64,PEDALCYCLIST STRUCK PEDESTRIAN,,1,Clear or Partly Cloudy,Dry,Daylight,,8179004.0,,45.0,Vehicle - Pedalcyclist,35770,0,N,POINT (1269227.76408048 226228.3216277063),12368.0,2.0960438628920944e-05,Clear or Partly Cloudy
65814,79667,79667,3288906,Matched,Block,,WESTLAKE AVE BETWEEN 6TH AVE AND VIRGINIA ST,,,2,Injury Collision,Cycles,4,0,1,1,1,0,0,2008-12-11T00:00:00.000Z,12/11/2008 1:29:00 PM,Mid-Block (not related to intersection),56,PEDALCYCLIST STRUCK MOTOR VEHICLE LEFT SIDE SIDESWIPE,,0,Clear or Partly Cloudy,Dry,Daylight,,8346013.0,,45.0,Vehicle - Pedalcyclist,25288,0,N,POINT (1269403.39966467 227736.8653092533),16041.0,2.217021401446734e-05,Clear or Partly Cloudy
65815,79530,79530,2906221,Matched,Intersection,29164.0,BELLEVUE AVE AND E DENNY WAY,,,2,Injury Collision,Cycles,2,0,1,1,1,0,0,2008-02-02T00:00:00.000Z,2/2/2008,At Intersection (intersection related),18,"MOTOR VEHICLE STRUCK PEDALCYCLIST, FRONT END AT ANGLE",,0,Overcast,Dry,Daylight,,8033003.0,,45.0,Vehicle - Pedalcyclist,23311,0,N,POINT (1272127.268403456 229180.8052787334),6176.0,0.0,Overcast
65883,80335,80335,2908712,Matched,Intersection,31299.0,AIRPORT WAY S AND S LANDER N ST,,,2,Injury Collision,Cycles,2,0,1,1,1,0,0,2008-10-13T00:00:00.000Z,10/13/2008 10:37:00 PM,At Intersection (intersection related),18,"MOTOR VEHICLE STRUCK PEDALCYCLIST, FRONT END AT ANGLE",,0,Raining,Wet,Dark - Street Lights On,Y,8287020.0,,45.0,Vehicle - Pedalcyclist,0,524934,N,POINT (1273168.277812526 215047.1118242592),3310.0,0.0,Raining
65889,79007,79007,2906084,Matched,Block,,EASTLAKE AVE E BETWEEN HARVARD AVE E AND FUHRMAN AVE E,,,2,Injury Collision,Cycles,2,0,1,1,1,0,0,2007-11-23T00:00:00.000Z,11/23/2007 12:34:00 PM,Mid-Block (but intersection related),69,PEDALCYCLIST OVERTURNED IN ROAD,,0,Clear or Partly Cloudy,Dry,Daylight,Y,7327004.0,,45.0,Vehicle - Pedalcyclist,6078,0,N,POINT (1273599.974708959 241029.8313388675),6317.0,1.4142158170737939e-05,Clear or Partly Cloudy
65931,79403,79403,2904585,Matched,Intersection,27043.0,TROLL AVE N AND N 34TH ST,,,2,Injury Collision,Cycles,2,0,1,1,1,0,0,2008-02-23T00:00:00.000Z,2/23/2008 9:05:00 AM,At Intersection (intersection related),18,"MOTOR VEHICLE STRUCK PEDALCYCLIST, FRONT END AT ANGLE",,0,Clear or Partly Cloudy,Dry,Daylight,Y,8054002.0,,45.0,Vehicle - Pedalcyclist,8824,0,N,POINT (1267245.477678463 240493.9652263224),1223.0,0.0,Clear or Partly Cloudy
65938,79011,79011,2795795,Matched,Intersection,37178.0,6TH AVE NW AND NW 87TH ST,,,2,Injury Collision,Cycles,2,0,1,1,1,0,0,2007-09-28T00:00:00.000Z,9/28/2007 7:00:00 AM,At Intersection (intersection related),51,PEDALCYCLIST STRUCK MOTOR VEHICLE FRONT END AT ANGLE,,0,Overcast,Wet,Daylight,Y,7271009.0,,45.0,Vehicle - Pedalcyclist,0,0,N,POINT (1263634.890282765 256189.8974023908),5990.0,0.0,Overcast
65964,80203,80203,2908029,Matched,Block,,2ND AVE BETWEEN UNIVERSITY ST AND UNION ST,,,2,Injury Collision,Cycles,3,0,1,1,1,0,0,2008-03-17T00:00:00.000Z,3/17/2008 8:35:00 AM,Mid-Block (but intersection related),18,"MOTOR VEHICLE STRUCK PEDALCYCLIST, FRONT END AT ANGLE",Y,0,Overcast,Dry,Daylight,Y,8077003.0,,45.0,Vehicle - Pedalcyclist,12162,0,N,POINT (1269384.209328651 225331.5899147987),16946.0,0.0,Overcast
65975,79937,79937,2898683,Matched,Intersection,29969.0,2ND AVE AND COLUMBIA ST,,,2b,Serious Injury Collision,Cycles,2,0,1,1,1,1,0,2008-04-09T00:00:00.000Z,4/9/2008,At Intersection (intersection related),51,PEDALCYCLIST STRUCK MOTOR VEHICLE FRONT END AT ANGLE,,0,Clear or Partly Cloudy,Dry,Daylight,Y,8100007.0,,45.0,Vehicle - Pedalcyclist,12042,0,N,POINT (1270271.923249558 223832.0001532584),5206.0,0.0,Clear or Partly Cloudy
67105,82272,82272,2623995,Matched,Intersection,24205.0,8TH AVE NW AND NW 67TH ST,,,2,Injury Collision,Cycles,2,0,1,1,1,0,0,2008-11-30T00:00:00.000Z,11/30/2008 2:37:00 PM,At Intersection (intersection related),51,PEDALCYCLIST STRUCK MOTOR VEHICLE FRONT END AT ANGLE,,0,Overcast,Wet,Daylight,Y,8335004.0,,45.0,Vehicle - Pedalcyclist,2504,0,N,POINT (1262868.684585974 250989.5379730612),6060.0,0.0,Overcast
67142,81079,81079,2794173,Matched,Intersection,34625.0,SEWARD PARK AVE S AND S BRIGHTON ST,,,2,Injury Collision,Cycles,2,0,1,1,1,0,0,2008-09-18T00:00:00.000Z,9/18/2008 8:08:00 AM,At Intersection (intersection related),51,PEDALCYCLIST STRUCK MOTOR VEHICLE FRONT END AT ANGLE,,0,Clear or Partly Cloudy,Dry,Daylight,,8262003.0,,45.0,Vehicle - Pedalcyclist,0,0,N,POINT (1286812.310082495 200840.6429457217),954.0,0.0,Clear or Partly Cloudy
67204,81359,81359,2882553,Matched,Intersection,30430.0,12TH AVE S AND S KING ST,,,2,Injury Collision,Cycles,2,0,1,1,1,0,0,2008-05-16T00:00:00.000Z,5/16/2008 12:50:00 PM,At Intersection (intersection related),18,"MOTOR VEHICLE STRUCK PEDALCYCLIST, FRONT END AT ANGLE",,0,Clear or Partly Cloudy,Dry,Daylight,Y,8137009.0,,45.0,Vehicle - Pedalcyclist,16232,0,N,POINT (1274327.555381715 221785.0008551627),9996.0,0.0,Clear or Partly Cloudy
67231,82284,82284,2830021,Matched,Intersection,27167.0,UNIVERSITY WAY NE AND NE PACIFIC ST,,,2,Injury Collision,Cycles,2,0,1,1,1,0,0,2008-01-04T00:00:00.000Z,1/4/2008,At Intersection (intersection related),18,"MOTOR VEHICLE STRUCK PEDALCYCLIST, FRONT END AT ANGLE",,0,Raining,Wet,Dark - Street Lights On,Y,8004004.0,,45.0,Vehicle - Pedalcyclist,0,522415,N,POINT (1275674.208311081 241847.4433717132),2203.0,0.0,Raining
67249,82416,82416,2894797,Matched,Block,,NE RAVENNA EB BV BETWEEN NE 63RD ST AND NE RAVENNA BV OFF RP,,,1,Property Damage Only Collision,Cycles,3,0,1,1,0,0,0,2008-04-14T00:00:00.000Z,4/14/2008 10:00:00 AM,Mid-Block (not related to intersection),55,PEDALCYCLIST STRUCK MOTOR VEHICLE RIGHT SIDE SIDESWIPE,Y,0,Overcast,Dry,Daylight,,8105004.0,,45.0,Vehicle - Pedalcyclist,15745,0,N,POINT (1274087.51211746 249277.7696513087),13369.0,3.829156633182215e-09,Overcast
67280,80957,80957,2894881,Matched,Block,,FREMONT AVE N BETWEEN N 36TH ST AND N 38TH ST,,,2,Injury Collision,Cycles,2,0,1,1,1,0,0,2008-02-05T00:00:00.000Z,2/5/2008,Mid-Block (not related to intersection),56,PEDALCYCLIST STRUCK MOTOR VEHICLE LEFT SIDE SIDESWIPE,,0,Overcast,Wet,Daylight,,8036007.0,,45.0,Vehicle - Pedalcyclist,8358,0,N,POINT (1266647.413421839 241526.9393073767),15191.0,7.447914690328972e-09,Overcast
67313,81365,81365,2803142,Matched,Intersection,25602.0,PHINNEY AVE N AND N 62ND ST,,,2,Injury Collision,Cycles,2,0,1,1,1,0,0,2008-04-25T00:00:00.000Z,4/25/2008 9:50:00 PM,At Intersection (intersection related),51,PEDALCYCLIST STRUCK MOTOR VEHICLE FRONT END AT ANGLE,,0,Clear or Partly Cloudy,Dry,Other,Y,8116037.0,,45.0,Vehicle - Pedalcyclist,3862,0,N,POINT (1265710.049068883 249508.4036355466),888.0,0.0,Clear or Partly Cloudy
67333,82159,82159,3287051,Matched,Intersection,25949.0,25TH AVE NE AND NE BLAKELEY ST,,,2,Injury Collision,Cycles,3,0,1,1,1,0,0,2008-10-18T00:00:00.000Z,10/18/2008 8:12:00 PM,At Intersection (intersection related),18,"MOTOR VEHICLE STRUCK PEDALCYCLIST, FRONT END AT ANGLE",,0,Clear or Partly Cloudy,Dry,Dark - Street Lights On,,8292006.0,,45.0,Vehicle - Pedalcyclist,0,524372,N,POINT (1278900.484922394 246480.058544457),210.0,0.0,Clear or Partly Cloudy
67341,82155,82155,2896986,Matched,Intersection,27109.0,BROOKLYN AVE NE AND NE 40TH ST,,,2,Injury Collision,Cycles,2,0,1,1,1,0,0,2008-10-21T00:00:00.000Z,10/21/2008 9:20:00 AM,At Intersection (intersection related),18,"MOTOR VEHICLE STRUCK PEDALCYCLIST, FRONT END AT ANGLE",,0,Clear or Partly Cloudy,Dry,Daylight,,8295006.0,,45.0,Vehicle - Pedalcyclist,0,631432,N,POINT (1275415.350326821 242570.489516452),20084.0,0.0,Clear or Partly Cloudy
67348,81761,81761,3277336,Matched,Block,,12TH AVE BETWEEN E MADISON ST AND E PIKE ST,,,2,Injury Collision,Cycles,3,0,1,1,1,0,0,2008-09-10T00:00:00.000Z,9/10/2008 8:00:00 AM,Mid-Block (not related to intersection),56,PEDALCYCLIST STRUCK MOTOR VEHICLE LEFT SIDE SIDESWIPE,,0,Clear or Partly Cloudy,Dry,Daylight,,8254006.0,,45.0,Vehicle - Pedalcyclist,10789,0,N,POINT (1274543.503669932 227311.3066528141),39.0,2.808636349384009e-10,Clear or Partly Cloudy
67413,81374,81374,3277991,Matched,Intersection,25789.0,ROOSEVELT WAY NE AND NE 50TH ST,,,1,Property Damage Only Collision,Cycles,2,0,1,1,0,0,0,2008-10-24T00:00:00.000Z,10/24/2008 5:30:00 PM,At Intersection (intersection related),18,"MOTOR VEHICLE STRUCK PEDALCYCLIST, FRONT END AT ANGLE",,0,Clear or Partly Cloudy,Dry,Daylight,Y,8298010.0,,45.0,Vehicle - Pedalcyclist,0,523566,N,POINT (1274752.641334146 246074.6052320302),7253.0,0.0,Clear or Partly Cloudy
67419,81371,81371,2882324,Matched,Intersection,29821.0,12TH AVE AND E TERRACE ST,,,2,Injury Collision,Cycles,3,0,1,1,1,0,0,2008-05-02T00:00:00.000Z,5/2/2008,At Intersection (intersection related),18,"MOTOR VEHICLE STRUCK PEDALCYCLIST, FRONT END AT ANGLE",,0,Clear or Partly Cloudy,Dry,Daylight,Y,8123012.0,,45.0,Vehicle - Pedalcyclist,10597,0,N,POINT (1274486.065461874 224284.2699777186),3953.0,0.0,Clear or Partly Cloudy
67431,81237,81237,2893010,Matched,Block,,LAKE CITY WAY NE BETWEEN NE 125TH ST AND NE 127TH ST,,,2,Injury Collision,Cycles,3,0,1,1,1,0,0,2008-05-18T00:00:00.000Z,5/18/2008 5:27:00 PM,Mid-Block (not related to intersection),18,"MOTOR VEHICLE STRUCK PEDALCYCLIST, FRONT END AT ANGLE",,0,Overcast,Dry,Daylight,Y,8139005.0,,45.0,Vehicle - Pedalcyclist,0,523060,N,POINT (1280729.433404267 266116.4105005562),23290.0,2.9417775550482812e-05,Overcast
67520,82296,82296,2898687,Matched,Block,,6TH AVE BETWEEN PINE ST AND OLIVE WAY,,,1,Property Damage Only Collision,Cycles,5,0,1,1,0,0,0,2008-04-09T00:00:00.000Z,4/9/2008,Mid-Block (not related to intersection),18,"MOTOR VEHICLE STRUCK PEDALCYCLIST, FRONT END AT ANGLE",,0,Unknown,Unknown,Dusk,,8100009.0,,45.0,Vehicle - Pedalcyclist,25420,0,N,POINT (1269841.285361111 227087.6141725928),3200.0,2.4618179339475416e-05,
67565,80704,80704,2908162,Matched,Block,,S DEARBORN ST BETWEEN 6TH AVE S AND MAYNARD AVE S,,,1,Property Damage Only Collision,Cycles,2,0,1,1,0,0,0,2008-05-18T00:00:00.000Z,5/18/2008 12:52:00 PM,Mid-Block (not related to intersection),18,"MOTOR VEHICLE STRUCK PEDALCYCLIST, FRONT END AT ANGLE",,0,Clear or Partly Cloudy,Dry,Daylight,,8139004.0,,45.0,Vehicle - Pedalcyclist,5805,0,N,POINT (1272214.297011539 220913.320406273),18338.0,7.602412436582547e-06,Clear or Partly Cloudy
67628,82311,82311,2882251,Matched,Intersection,29050.0,BOYLSTON AVE E AND E OLIVE E WAY,,,2b,Serious Injury Collision,Cycles,2,0,1,1,1,1,0,2008-04-21T00:00:00.000Z,4/21/2008 6:38:00 PM,At Intersection (intersection related),18,"MOTOR VEHICLE STRUCK PEDALCYCLIST, FRONT END AT ANGLE",,0,Raining,Wet,Daylight,Y,8112018.0,,45.0,Vehicle - Pedalcyclist,23232,0,N,POINT (1273038.029620394 229665.2279352248),3929.0,0.0,Raining
67676,80982,80982,2802351,Matched,Block,,NE 45TH ST BETWEEN 7TH AVE NE AND 8TH W AVE NE,,,2,Injury Collision,Cycles,2,0,1,1,1,0,0,2008-11-06T00:00:00.000Z,11/6/2008,Mid-Block (not related to intersection),23,"MOTOR VEHICLE STRUCK PEDALCYCLIST, LEFT SIDE SIDESWIPE",,0,Raining,Wet,Daylight,Y,8311017.0,,45.0,Vehicle - Pedalcyclist,7040,0,N,POINT (1274025.332853392 244767.4182866961),15853.0,2.272866297706576e-05,Raining
67840,81666,81666,3274187,Matched,Intersection,30482.0,2ND AVE AND JAMES ST,,,2,Injury Collision,Cycles,2,0,1,1,1,0,0,2008-09-28T00:00:00.000Z,9/28/2008 1:30:00 PM,At Intersection (intersection related),18,"MOTOR VEHICLE STRUCK PEDALCYCLIST, FRONT END AT ANGLE",,0,Clear or Partly Cloudy,Dry,Daylight,,8272011.0,,45.0,Vehicle - Pedalcyclist,12032,0,N,POINT (1270583.694641873 223305.2345847189),134.0,0.0,Clear or Partly Cloudy
67879,81796,81796,3286833,Matched,Intersection,26605.0,8TH AVE NW AND NW 45TH ST,,,2b,Serious Injury Collision,Cycles,2,0,1,1,1,1,0,2008-11-23T00:00:00.000Z,11/23/2008 4:59:00 PM,At Intersection (intersection related),51,PEDALCYCLIST STRUCK MOTOR VEHICLE FRONT END AT ANGLE,,0,Clear or Partly Cloudy,Dry,Dark - Street Lights On,Y,8328013.0,,45.0,Vehicle - Pedalcyclist,2280,0,N,POINT (1262712.39504981 245042.3817429841),6057.0,0.0,Clear or Partly Cloudy
67931,80867,80867,2881084,Matched,Intersection,26965.0,FREMONT AVE N AND N 42ND ST,,,2,Injury Collision,Cycles,2,0,1,1,1,0,0,2008-03-06T00:00:00.000Z,3/6/2008,At Intersection (intersection related),51,PEDALCYCLIST STRUCK MOTOR VEHICLE FRONT END AT ANGLE,,0,Clear or Partly Cloudy,Dry,Daylight,Y,8066034.0,,45.0,Vehicle - Pedalcyclist,8396,0,N,POINT (1266674.953261867 243605.607341513),1243.0,0.0,Clear or Partly Cloudy
67935,82455,82455,3289079,Matched,Block,,2ND AVE BETWEEN UNION ST AND PIKE ST,,,2,Injury Collision,Cycles,2,0,1,1,1,0,0,2008-11-21T00:00:00.000Z,11/21/2008 6:15:00 PM,Driveway Junction,18,"MOTOR VEHICLE STRUCK PEDALCYCLIST, FRONT END AT ANGLE",,0,Raining,Wet,Dark - Street Lights On,Y,8326003.0,,45.0,Vehicle - Pedalcyclist,12168,0,N,POINT (1269167.241392419 225698.1291791648),135.0,1.0206619767903732e-08,Raining
67956,81269,81269,2829495,Matched,Block,,ROOSEVELT WAY NE BETWEEN NE 47TH ST AND NE 50TH ST,,,1,Property Damage Only Collision,Cycles,2,0,1,1,0,0,0,2008-03-31T00:00:00.000Z,3/31/2008 9:20:00 AM,Mid-Block (not related to intersection),18,"MOTOR VEHICLE STRUCK PEDALCYCLIST, FRONT END AT ANGLE",,0,Clear or Partly Cloudy,Dry,Daylight,,8091010.0,,45.0,Vehicle - Pedalcyclist,9118,0,N,POINT (1274743.822390139 245742.8497117013),13341.0,1.9798688392947268e-10,Clear or Partly Cloudy
67982,81403,81403,2826624,Matched,Intersection,29851.0,BOREN AVE AND STEWART ST,,,2,Injury Collision,Cycles,2,0,1,1,1,0,0,2008-03-04T00:00:00.000Z,3/4/2008,At Intersection (intersection related),18,"MOTOR VEHICLE STRUCK PEDALCYCLIST, FRONT END AT ANGLE",,0,Clear or Partly Cloudy,Dry,Dark - Street Lights On,,8064007.0,,45.0,Vehicle - Pedalcyclist,13701,0,N,POINT (1270638.711345926 228645.0983981937),3393.0,0.0,Clear or Partly Cloudy
68055,80740,80740,2882505,Matched,Intersection,29861.0,CRAWFORD PL AND E PINE ST,,,2,Injury Collision,Cycles,2,0,1,1,1,0,0,2008-05-04T00:00:00.000Z,5/4/2008,At Intersection (intersection related),51,PEDALCYCLIST STRUCK MOTOR VEHICLE FRONT END AT ANGLE,,0,Clear or Partly Cloudy,Dry,Daylight,Y,8125021.0,,45.0,Vehicle - Pedalcyclist,10348,0,N,POINT (1272237.122099563 227982.7903015018),1148.0,0.0,Clear or Partly Cloudy
68077,82595,82595,3277290,Matched,Intersection,25716.0,ROOSEVELT WAY NE AND NE 62ND ST,,,2,Injury Collision,Cycles,2,0,1,1,1,0,0,2008-07-15T00:00:00.000Z,7/15/2008 7:49:00 AM,At Intersection (intersection related),69,PEDALCYCLIST OVERTURNED IN ROAD,,0,Clear or Partly Cloudy,Dry,Daylight,Y,8197004.0,,45.0,Vehicle - Pedalcyclist,9202,0,N,POINT (1274821.663286209 249136.9402111769),7288.0,0.0,Clear or Partly Cloudy
68081,82594,82594,2616707,Matched,Intersection,27153.0,EASTLAKE AVE E AND FUHRMAN AVE E,,,2,Injury Collision,Cycles,2,0,1,1,1,0,0,2008-07-16T00:00:00.000Z,7/16/2008 9:34:00 AM,At Intersection (intersection related),51,PEDALCYCLIST STRUCK MOTOR VEHICLE FRONT END AT ANGLE,,0,Clear or Partly Cloudy,Dry,Daylight,Y,8198005.0,,45.0,Vehicle - Pedalcyclist,6078,0,N,POINT (1273704.647989064 241221.0042030662),995.0,0.0,Clear or Partly Cloudy
68111,81418,81418,2829915,Matched,Intersection,24183.0,8TH AVE NW AND NW 70TH ST,,,2,Injury Collision,Cycles,2,0,1,1,1,0,0,2008-07-21T00:00:00.000Z,7/21/2008 5:55:00 PM,At Intersection (intersection related),18,"MOTOR VEHICLE STRUCK PEDALCYCLIST, FRONT END AT ANGLE",,0,Clear or Partly Cloudy,Dry,Daylight,Y,8203031.0,,45.0,Vehicle - Pedalcyclist,3176,0,N,POINT (1262882.377001986 251637.319349736),4345.0,0.0,Clear or Partly Cloudy