OBJECTID,INCKEY,COLDETKEY,REPORTNO,STATUS,ADDRTYPE,INTKEY,LOCATION,EXCEPTRSNC,EXCEPTRSND,SEVERITYCO,SEVERITYDE,COLLISIONT,PERSONCOUN,PEDCOUNT,PEDCYLCOUN,VEHCOUNT,INJURIES,SERIOUSINJ,FATALITIES,INCDATE,INCDTTM,JUNCTIONTY,SDOT_COLCO,SDOT_COLDE,INATTENTIO,UNDERINFL,WEATHER,ROADCOND,LIGHTCOND,PEDROWNOTG,SDOTCOLNUM,SPEEDING,ST_COLCODE,ST_COLDESC,SEGLANEKEY,CROSSWALKK,HITPARKEDC,geometry,near_str_index,min_length,weather_group
69119,83188,83188,2908613,Matched,Block,,E PIKE ST BETWEEN BROADWAY AND 10TH AVE,,,2,Injury Collision,Cycles,2,0,1,1,1,0,0,2008-07-19T00:00:00.000Z,7/19/2008 7:04:00 PM,Mid-Block (but intersection related),21,"MOTOR VEHICLE STRUCK PEDALCYCLIST, REAR END",Y,0,Unknown,Unknown,Daylight,,8201032.0,,45.0,Vehicle - Pedalcyclist,31226,0,N,POINT (1273726.678581089 227540.1029410511),6915.0,7.450292674380054e-09,
69126,83329,83329,2624105,Matched,Intersection,27244.0,LATONA AVE NE AND NE PACIFIC ST,,,1,Property Damage Only Collision,Cycles,3,0,1,1,0,0,0,2008-06-30T00:00:00.000Z,6/30/2008 7:11:00 AM,At Intersection (intersection related),18,"MOTOR VEHICLE STRUCK PEDALCYCLIST, FRONT END AT ANGLE",,0,Clear or Partly Cloudy,Dry,Daylight,,8182019.0,,45.0,Vehicle - Pedalcyclist,0,576113,N,POINT (1272637.023795977 242449.5139003247),7415.0,0.0,Clear or Partly Cloudy
69168,83464,83464,2899393,Matched,Block,,E UNION ST BETWEEN 27TH AVE AND M L KING JR WAY,,,2,Injury Collision,Cycles,3,0,1,1,1,0,0,2008-09-19T00:00:00.000Z,9/19/2008 3:59:00 PM,Mid-Block (not related to intersection),56,PEDALCYCLIST STRUCK MOTOR VEHICLE LEFT SIDE SIDESWIPE,,0,Clear or Partly Cloudy,Dry,Daylight,,8263005.0,,45.0,Vehicle - Pedalcyclist,9486,0,N,POINT (1279455.714106962 227013.5168285221),15462.0,7.549854411711671e-09,Clear or Partly Cloudy
69237,84784,84784,C704839,Matched,Intersection,28237.0,10TH AVE E AND E LYNN ST,,,2,Injury Collision,Cycles,2,0,1,1,1,0,0,2008-05-29T00:00:00.000Z,5/29/2008 11:45:00 PM,At Intersection (intersection related),51,PEDALCYCLIST STRUCK MOTOR VEHICLE FRONT END AT ANGLE,,0,Clear or Partly Cloudy,Dry,Dark - Street Lights On,,8150027.0,,45.0,Vehicle - Pedalcyclist,6101,0,N,POINT (1273918.633013293 236827.4961025715),22.0,0.0,Clear or Partly Cloudy
69274,83467,83467,2614999,Matched,Block,,S JACKSON ST BETWEEN 14TH AVE S AND 16TH AVE S,,,2,Injury Collision,Cycles,3,0,1,1,1,0,0,2008-09-14T00:00:00.000Z,9/14/2008 3:16:00 PM,Driveway Junction,18,"MOTOR VEHICLE STRUCK PEDALCYCLIST, FRONT END AT ANGLE",,0,Clear or Partly Cloudy,Dry,Daylight,Y,8258006.0,,45.0,Vehicle - Pedalcyclist,11014,0,N,POINT (1275411.86482282 222085.1415274739),1804.0,2.9791262764691712e-05,Clear or Partly Cloudy
69375,82946,82946,3277984,Matched,Intersection,25949.0,25TH AVE NE AND NE BLAKELEY ST,,,2,Injury Collision,Cycles,2,0,1,1,1,0,0,2008-08-30T00:00:00.000Z,8/30/2008 11:50:00 AM,At Intersection (intersection related),18,"MOTOR VEHICLE STRUCK PEDALCYCLIST, FRONT END AT ANGLE",,0,Clear or Partly Cloudy,Dry,Daylight,,8243028.0,,45.0,Vehicle - Pedalcyclist,0,521604,N,POINT (1278900.484922394 246480.058544457),210.0,0.0,Clear or Partly Cloudy
69397,83479,83479,C712479,Matched,Block,,2ND AVE BETWEEN COLUMBIA ST AND MARION ST,,,2,Injury Collision,Cycles,2,0,1,1,1,0,0,2008-11-12T00:00:00.000Z,11/12/2008 5:40:00 PM,Mid-Block (not related to intersection),18,"MOTOR VEHICLE STRUCK PEDALCYCLIST, FRONT END AT ANGLE",,0,Overcast,Wet,Dark - Street Lights On,,8317068.0,,45.0,Vehicle - Pedalcyclist,12047,0,N,POINT (1270194.225905478 223963.2776573896),15133.0,1.1472702889980625e-05,Overcast
69426,83871,83871,2907180,Matched,Block,,QUEEN ANNE AVE N BETWEEN ALOHA ST AND WARD ST,,,2b,Serious Injury Collision,Cycles,1,0,1,0,1,1,0,2008-08-11T00:00:00.000Z,8/11/2008 7:14:00 AM,Mid-Block (not related to intersection),69,PEDALCYCLIST OVERTURNED IN ROAD,,0,Clear or Partly Cloudy,Dry,Daylight,,8224002.0,,45.0,Vehicle - Pedalcyclist,30638,0,N,POINT (1264805.848747954 232658.2347863019),8888.0,7.643841688498156e-09,Clear or Partly Cloudy
69535,83216,83216,2882614,Matched,Block,,E OLIVE WAY BETWEEN SUMMIT AVE E AND E JOHN ST,,,2,Injury Collision,Cycles,3,0,1,1,1,0,0,2008-06-20T00:00:00.000Z,6/20/2008 12:52:00 PM,Driveway Junction,51,PEDALCYCLIST STRUCK MOTOR VEHICLE FRONT END AT ANGLE,,0,Clear or Partly Cloudy,Dry,Daylight,Y,8172002.0,,45.0,Vehicle - Pedalcyclist,23263,0,N,POINT (1272600.543667942 229456.8583350182),9852.0,8.518760906156732e-06,Clear or Partly Cloudy
69540,84019,84019,2899351,Matched,Intersection,30411.0,BOREN AVE AND E YESLER WAY,,,2b,Serious Injury Collision,Cycles,2,0,1,1,1,1,0,2008-08-05T00:00:00.000Z,8/5/2008,At Intersection (intersection related),51,PEDALCYCLIST STRUCK MOTOR VEHICLE FRONT END AT ANGLE,,0,Clear or Partly Cloudy,Dry,Daylight,,8218003.0,,45.0,Vehicle - Pedalcyclist,9991,0,N,POINT (1274204.361781582 223012.3293684125),3394.0,0.0,Clear or Partly Cloudy
69559,84150,84150,3278025,Matched,Intersection,27184.0,EASTERN AVE N AND N 45TH ST,,,2,Injury Collision,Cycles,2,0,1,1,1,0,0,2008-11-15T00:00:00.000Z,11/15/2008 12:00:00 PM,At Intersection (intersection related),18,"MOTOR VEHICLE STRUCK PEDALCYCLIST, FRONT END AT ANGLE",Y,0,Clear or Partly Cloudy,Dry,Daylight,,8320032.0,,45.0,Vehicle - Pedalcyclist,6530,0,N,POINT (1271878.001203194 244826.3482067585),9056.0,0.0,Clear or Partly Cloudy
69737,84817,84817,C704187,Matched,Intersection,28744.0,WESTLAKE AVE N AND VALLEY ST,,,2,Injury Collision,Cycles,2,0,1,1,1,0,0,2008-05-12T00:00:00.000Z,5/12/2008 12:15:00 PM,At Intersection (intersection related),18,"MOTOR VEHICLE STRUCK PEDALCYCLIST, FRONT END AT ANGLE",,0,Unknown,Dry,Daylight,,8133036.0,,45.0,Vehicle - Pedalcyclist,0,523904,N,POINT (1269242.945584506 231901.4393935204),3828.0,0.0,
69776,83099,83099,2900043,Matched,Block,,DENNY WAY BETWEEN FAIRVIEW AVE AND MINOR AVE,,,2,Injury Collision,Cycles,2,0,1,1,1,0,0,2008-07-11T00:00:00.000Z,7/11/2008 9:30:00 AM,Mid-Block (but intersection related),18,"MOTOR VEHICLE STRUCK PEDALCYCLIST, FRONT END AT ANGLE",,0,Clear or Partly Cloudy,Dry,Daylight,Y,8193003.0,,45.0,Vehicle - Pedalcyclist,23526,0,N,POINT (1270377.868849665 229223.3230387866),20562.0,7.448393488203636e-09,Clear or Partly Cloudy
69795,82966,82966,2899279,Matched,Block,,BELMONT AVE E BETWEEN SUMMIT N AVE E AND BELLEVUE PL E,,,2,Injury Collision,Cycles,1,0,1,0,1,0,0,2008-08-01T00:00:00.000Z,8/1/2008,Mid-Block (not related to intersection),69,PEDALCYCLIST OVERTURNED IN ROAD,,0,Overcast,Wet,Dark - Street Lights On,,8214048.0,Y,45.0,Vehicle - Pedalcyclist,36176,0,N,POINT (1272421.117491752 232261.4954578876),17876.0,9.545873636820624e-06,Overcast
69860,84433,84433,3282537,Matched,Block,,YESLER WAY BETWEEN TERRACE ST AND 6TH AVE,,,2,Injury Collision,Cycles,4,0,1,1,1,0,0,2008-10-02T00:00:00.000Z,10/2/2008,Mid-Block (not related to intersection),56,PEDALCYCLIST STRUCK MOTOR VEHICLE LEFT SIDE SIDESWIPE,,0,Overcast,Wet,Daylight,Y,8276023.0,,45.0,Vehicle - Pedalcyclist,9972,0,N,POINT (1271771.700019091 223065.5889524668),11206.0,1.6689366911817768e-05,Overcast
69927,83906,83906,3280341,Matched,Intersection,27900.0,15TH AVE W AND GILMAN UPPER DR W,,,2,Injury Collision,Cycles,2,0,1,1,1,0,0,2008-10-16T00:00:00.000Z,10/16/2008 1:55:00 PM,At Intersection (intersection related),51,PEDALCYCLIST STRUCK MOTOR VEHICLE FRONT END AT ANGLE,,0,Overcast,Wet,Daylight,,8290003.0,,45.0,Vehicle - Pedalcyclist,16095,0,N,POINT (1260114.230311155 238338.4357521087),746.0,0.0,Overcast
69950,83648,83648,2899014,Matched,Block,,12TH AVE BETWEEN E REMINGTON CT AND E JEFFERSON ST,,,2,Injury Collision,Cycles,2,0,1,1,1,0,0,2008-09-08T00:00:00.000Z,9/8/2008,Driveway Junction,18,"MOTOR VEHICLE STRUCK PEDALCYCLIST, FRONT END AT ANGLE",,0,Clear or Partly Cloudy,Dry,Daylight,Y,8252001.0,,45.0,Vehicle - Pedalcyclist,10614,0,N,POINT (1274490.98603788 224535.4521859735),2320.0,7.449163053530303e-09,Clear or Partly Cloudy
69970,84441,84441,3274426,Matched,Intersection,30513.0,7TH AVE S AND S JACKSON ST,,,2b,Serious Injury Collision,Cycles,2,0,1,1,1,1,0,2008-09-17T00:00:00.000Z,9/17/2008 10:02:00 AM,At Intersection (intersection related),18,"MOTOR VEHICLE STRUCK PEDALCYCLIST, FRONT END AT ANGLE",,0,Clear or Partly Cloudy,Dry,Daylight,Y,8261001.0,,45.0,Vehicle - Pedalcyclist,24453,0,N,POINT (1272724.717620075 222126.4531435072),559.0,0.0,Clear or Partly Cloudy
69975,84046,84046,3286428,Matched,Intersection,29876.0,BELMONT AVE AND E PIKE ST,,,2,Injury Collision,Cycles,3,0,1,1,1,0,0,2008-08-05T00:00:00.000Z,8/5/2008,At Intersection (intersection related),18,"MOTOR VEHICLE STRUCK PEDALCYCLIST, FRONT END AT ANGLE",,0,Clear or Partly Cloudy,Dry,Daylight,Y,8218004.0,,45.0,Vehicle - Pedalcyclist,31166,0,N,POINT (1272655.434292004 227565.9575330764),635.0,0.0,Clear or Partly Cloudy
69982,84440,84440,3279641,Matched,Block,,SEWARD PARK AVE S BETWEEN S KENYON ST AND S BUDD CT,,,2,Injury Collision,Cycles,2,0,1,1,1,0,0,2008-09-20T00:00:00.000Z,9/20/2008 6:20:00 AM,Mid-Block (not related to intersection),23,"MOTOR VEHICLE STRUCK PEDALCYCLIST, LEFT SIDE SIDESWIPE",,0,Raining,Wet,Dark - Street Lights On,Y,8264001.0,,45.0,Vehicle - Pedalcyclist,37676,0,N,POINT (1286424.597698092 196880.4920936674),6667.0,2.1598422191330855e-05,Raining
70012,84698,84698,3276780,Matched,Intersection,24485.0,15TH AVE NE AND NE 68TH N ST,,,2,Injury Collision,Cycles,2,0,1,1,1,0,0,2008-09-19T00:00:00.000Z,9/19/2008 3:45:00 PM,At Intersection (intersection related),18,"MOTOR VEHICLE STRUCK PEDALCYCLIST, FRONT END AT ANGLE",,0,Overcast,Dry,Daylight,Y,8263002.0,,45.0,Vehicle - Pedalcyclist,29109,0,N,POINT (1276181.661495611 250827.5862289071),1455.0,0.0,Overcast
70106,84449,84449,2906882,Matched,Intersection,28642.0,QUEEN ANNE AVE N AND REPUBLICAN ST,,,2,Injury Collision,Cycles,2,0,1,1,1,0,0,2008-01-18T00:00:00.000Z,1/18/2008 1:00:00 AM,At Intersection (intersection related),18,"MOTOR VEHICLE STRUCK PEDALCYCLIST, FRONT END AT ANGLE",,0,Clear or Partly Cloudy,Dry,Unknown,,8018003.0,,45.0,Vehicle - Pedalcyclist,0,523532,N,POINT (1264765.902891919 231070.5437766761),903.0,0.0,Clear or Partly Cloudy
70201,83531,83531,2805491,Matched,Intersection,29632.0,ALASKAN WAY AND SPRING ST,,,2,Injury Collision,Cycles,2,0,1,1,1,0,0,2008-05-28T00:00:00.000Z,5/28/2008 6:09:00 PM,At Intersection (intersection related),18,"MOTOR VEHICLE STRUCK PEDALCYCLIST, FRONT END AT ANGLE",,0,Clear or Partly Cloudy,Dry,Daylight,Y,8149002.0,,45.0,Vehicle - Pedalcyclist,0,523596,N,POINT (1268978.35166423 224132.6800895631),3766.0,0.0,Clear or Partly Cloudy
70233,84319,84319,2882452,Matched,Block,,E MADISON ST BETWEEN 28TH AVE E AND 29TH W AVE E,,,2,Injury Collision,Cycles,3,0,1,1,1,0,0,2008-05-08T00:00:00.000Z,5/8/2008,Mid-Block (but intersection related),51,PEDALCYCLIST STRUCK MOTOR VEHICLE FRONT END AT ANGLE,Y,0,Clear or Partly Cloudy,Dry,Dusk,,8129004.0,,45.0,Vehicle - Pedalcyclist,34609,0,N,POINT (1279781.067579299 230939.4231365323),16159.0,1.0534625056287564e-08,Clear or Partly Cloudy
70274,83001,83001,2908430,Matched,Intersection,29592.0,2ND AVE AND PIKE ST,,,2,Injury Collision,Cycles,2,0,1,1,1,0,0,2008-03-23T00:00:00.000Z,3/23/2008 8:10:00 AM,At Intersection (intersection related),18,"MOTOR VEHICLE STRUCK PEDALCYCLIST, FRONT END AT ANGLE",,0,Raining,Wet,Daylight,,8083027.0,,45.0,Vehicle - Pedalcyclist,0,523691,N,POINT (1269058.773296311 225881.3874193579),135.0,0.0,Raining
70410,84595,84595,2906100,Matched,Intersection,28237.0,10TH AVE E AND E LYNN ST,,,2b,Serious Injury Collision,Cycles,3,0,2,1,2,2,0,2008-07-02T00:00:00.000Z,7/2/2008,At Intersection (intersection related),51,PEDALCYCLIST STRUCK MOTOR VEHICLE FRONT END AT ANGLE,,0,Clear or Partly Cloudy,Dry,Dark - Street Lights On,Y,8184007.0,,45.0,Vehicle - Pedalcyclist,6101,0,N,POINT (1273918.633013293 236827.4961025715),22.0,0.0,Clear or Partly Cloudy
70447,85794,85794,2907156,Matched,Intersection,30360.0,ALASKAN WAY AND YESLER WAY,,,1,Property Damage Only Collision,Cycles,3,0,1,1,0,0,0,2008-08-01T00:00:00.000Z,8/1/2008,At Intersection (intersection related),11,"MOTOR VEHICLE STRUCK MOTOR VEHICLE, FRONT END AT ANGLE",,0,Clear or Partly Cloudy,Dry,Dark - Street Lights On,,8214047.0,,45.0,Vehicle - Pedalcyclist,38491,0,N,POINT (1269577.408560842 223110.3243765235),2241.0,0.0,Clear or Partly Cloudy
70456,85791,85791,2899938,Matched,Intersection,27955.0,15TH AVE W AND W HOWE ST,,,2,Injury Collision,Cycles,2,0,1,1,1,0,0,2008-08-05T00:00:00.000Z,8/5/2008,At Intersection (intersection related),18,"MOTOR VEHICLE STRUCK PEDALCYCLIST, FRONT END AT ANGLE",,0,Clear or Partly Cloudy,Dry,Daylight,Y,8218001.0,,45.0,Vehicle - Pedalcyclist,18994,0,N,POINT (1260070.955815107 235788.855973497),2408.0,0.0,Clear or Partly Cloudy
70463,85789,85789,3282504,Matched,Intersection,29683.0,CEDAR ST AND WESTERN AVE,,,3,Fatality Collision,Cycles,5,0,1,2,3,1,1,2008-08-06T00:00:00.000Z,8/6/2008,At Intersection (intersection related),18,"MOTOR VEHICLE STRUCK PEDALCYCLIST, FRONT END AT ANGLE",,0,Clear or Partly Cloudy,Dry,Dusk,,8219001.0,,45.0,Vehicle - Pedalcyclist,0,523859,N,POINT (1266000.287277177 228076.5840936005),3432.0,0.0,Clear or Partly Cloudy
70578,85932,85932,3277302,Matched,Block,,STONE WAY N BETWEEN BRIDGE WAY N AND N 40TH ST,,,2,Injury Collision,Cycles,2,0,1,1,1,0,0,2008-09-19T00:00:00.000Z,9/19/2008 5:57:00 PM,Mid-Block (not related to intersection),18,"MOTOR VEHICLE STRUCK PEDALCYCLIST, FRONT END AT ANGLE",,0,Overcast,Dry,Daylight,Y,8263007.0,,45.0,Vehicle - Pedalcyclist,6316,0,N,POINT (1268509.601071745 242578.8151484579),22560.0,1.032106796664041e-06,Overcast
70644,86598,86598,2897259,Matched,Block,,NW 42ND ST BETWEEN 6TH E AVE NW AND 6TH W AVE NW,,,2,Injury Collision,Cycles,2,0,1,1,1,0,0,2008-05-20T00:00:00.000Z,5/20/2008 9:05:00 AM,Mid-Block (but intersection related),18,"MOTOR VEHICLE STRUCK PEDALCYCLIST, FRONT END AT ANGLE",,0,Raining,Wet,Daylight,,8141010.0,,45.0,Vehicle - Pedalcyclist,0,0,N,POINT (1263276.911018386 243681.977005586),9207.0,5.44552298450999e-06,Raining
70646,86331,86331,2794816,Matched,Intersection,25184.0,SHILSHOLE AVE NW AND NW 46TH ST,,,2b,Serious Injury Collision,Cycles,2,0,1,1,1,1,0,2008-09-06T00:00:00.000Z,9/6/2008,At Intersection (intersection related),18,"MOTOR VEHICLE STRUCK PEDALCYCLIST, FRONT END AT ANGLE",,0,Clear or Partly Cloudy,Dry,Daylight,,8250001.0,,45.0,Vehicle - Pedalcyclist,41180,0,N,POINT (1259729.65200676 245374.2066393197),957.0,0.0,Clear or Partly Cloudy
70657,86204,86204,2898159,Matched,Intersection,25650.0,WHITMAN AVE N AND N 50TH ST,,,2,Injury Collision,Cycles,2,0,1,1,1,0,0,2008-06-24T00:00:00.000Z,6/24/2008 9:50:00 PM,At Intersection (intersection related),18,"MOTOR VEHICLE STRUCK PEDALCYCLIST, FRONT END AT ANGLE",,0,Clear or Partly Cloudy,Dry,Dark - Street Lights On,,8176002.0,,45.0,Vehicle - Pedalcyclist,9741,0,N,POINT (1267692.715310916 246251.2157922089),1036.0,0.0,Clear or Partly Cloudy
70718,86079,86079,2896976,Matched,Intersection,27087.0,11TH AVE NE AND NE 42ND ST,,,2,Injury Collision,Cycles,2,0,1,1,1,0,0,2008-04-01T00:00:00.000Z,4/1/2008,At Intersection (intersection related),18,"MOTOR VEHICLE STRUCK PEDALCYCLIST, FRONT END AT ANGLE",,0,Clear or Partly Cloudy,Dry,Daylight,,8092008.0,,45.0,Vehicle - Pedalcyclist,41835,0,N,POINT (1274890.683190286 243670.8317895681),30.0,0.0,Clear or Partly Cloudy
70794,86339,86339,2792607,Matched,Intersection,32046.0,DELRIDGE WAY SW AND SW ANDOVER ST,,,2,Injury Collision,Cycles,2,0,1,1,1,0,0,2008-03-21T00:00:00.000Z,3/21/2008 8:39:00 AM,At Intersection (intersection related),18,"MOTOR VEHICLE STRUCK PEDALCYCLIST, FRONT END AT ANGLE",,0,Overcast,Dry,Daylight,,8081001.0,,45.0,Vehicle - Pedalcyclist,0,525306,N,POINT (1262749.503529847 211070.2974841893),3472.0,0.0,Overcast
70851,85417,85417,2897694,Matched,Intersection,27153.0,EASTLAKE AVE E AND FUHRMAN AVE E,,,2,Injury Collision,Cycles,2,0,1,1,1,0,0,2008-03-17T00:00:00.000Z,3/17/2008 2:58:00 PM,At Intersection (intersection related),51,PEDALCYCLIST STRUCK MOTOR VEHICLE FRONT END AT ANGLE,,0,Clear or Partly Cloudy,Dry,Daylight,Y,8077002.0,,45.0,Vehicle - Pedalcyclist,6078,0,N,POINT (1273704.647989064 241221.0042030662),995.0,0.0,Clear or Partly Cloudy
70857,85281,85281,3287180,Matched,Block,,S JACKSON ST BETWEEN 22ND AVE S AND 23RD AVE S,,,2,Injury Collision,Cycles,2,0,1,1,1,0,0,2008-11-10T00:00:00.000Z,11/10/2008 3:32:00 PM,Mid-Block (not related to intersection),56,PEDALCYCLIST STRUCK MOTOR VEHICLE LEFT SIDE SIDESWIPE,,0,Clear or Partly Cloudy,Dry,Daylight,,8315023.0,,45.0,Vehicle - Pedalcyclist,11145,0,N,POINT (1277902.738169372 222059.4449514449),7760.0,1.82940854774549e-05,Clear or Partly Cloudy
70921,85018,85018,2900104,Matched,Block,,6TH AVE BETWEEN PINE ST AND OLIVE WAY,,,2,Injury Collision,Cycles,4,0,1,1,1,0,0,2008-07-10T00:00:00.000Z,7/10/2008 5:22:00 PM,Mid-Block (not related to intersection),55,PEDALCYCLIST STRUCK MOTOR VEHICLE RIGHT SIDE SIDESWIPE,,0,Clear or Partly Cloudy,Dry,Daylight,,8192003.0,,45.0,Vehicle - Pedalcyclist,25420,0,N,POINT (1269841.285361111 227087.6141725928),3200.0,2.4618179339475416e-05,Clear or Partly Cloudy
70931,85021,85021,3277079,Matched,Intersection,25558.0,WALLINGFORD AVE N AND N 47TH ST,,,2,Injury Collision,Cycles,2,0,1,1,1,0,0,2008-07-29T00:00:00.000Z,7/29/2008 12:46:00 PM,At Intersection (intersection related),18,"MOTOR VEHICLE STRUCK PEDALCYCLIST, FRONT END AT ANGLE",,0,Overcast,Dry,Daylight,Y,8211004.0,,45.0,Vehicle - Pedalcyclist,0,0,N,POINT (1270052.548145324 245410.4977113605),3813.0,0.0,Overcast
70942,85019,85019,2905738,Matched,Intersection,27041.0,ALBION PL N AND N 34TH ST,,,2,Injury Collision,Cycles,2,0,1,1,1,0,0,2008-07-29T00:00:00.000Z,7/29/2008 3:54:00 PM,At Intersection (intersection related),18,"MOTOR VEHICLE STRUCK PEDALCYCLIST, FRONT END AT ANGLE",,0,Overcast,Dry,Daylight,,8211008.0,,45.0,Vehicle - Pedalcyclist,0,0,N,POINT (1267896.383023128 240335.8440101594),7015.0,0.0,Overcast
70951,85024,85024,3282679,Matched,Block,,1ST AVE BETWEEN BAY ST AND DENNY WAY,,,2,Injury Collision,Cycles,2,0,1,1,2,0,0,2008-08-23T00:00:00.000Z,8/23/2008 1:57:00 AM,Mid-Block (but intersection related),23,"MOTOR VEHICLE STRUCK PEDALCYCLIST, LEFT SIDE SIDESWIPE",,0,Clear or Partly Cloudy,Dry,Dark - Street Lights On,Y,8236006.0,,45.0,Vehicle - Pedalcyclist,14438,0,N,POINT (1265083.39511624 229334.2100788951),8367.0,4.062413503064538e-09,Clear or Partly Cloudy
70964,85692,85692,2882331,Matched,Block,,15TH AVE E BETWEEN E THOMAS S ST AND E THOMAS N ST,,,2,Injury Collision,Cycles,2,0,1,1,1,0,0,2008-07-24T00:00:00.000Z,7/24/2008 8:07:00 PM,Mid-Block (not related to intersection),56,PEDALCYCLIST STRUCK MOTOR VEHICLE LEFT SIDE SIDESWIPE,,0,Clear or Partly Cloudy,Dry,Daylight,,8206005.0,,45.0,Vehicle - Pedalcyclist,8579,0,N,POINT (1275604.093623012 229961.829279542),2386.0,1.5001455794308567e-05,Clear or Partly Cloudy
70975,85689,85689,C707468,Matched,Intersection,29109.0,FAIRVIEW AVE N AND FAIRVIEW PL N,,,1,Property Damage Only Collision,Cycles,2,0,1,1,0,0,0,2008-07-27T00:00:00.000Z,7/27/2008 11:30:00 AM,At Intersection (intersection related),18,"MOTOR VEHICLE STRUCK PEDALCYCLIST, FRONT END AT ANGLE",,0,Clear or Partly Cloudy,Dry,Daylight,,8209030.0,,45.0,Vehicle - Pedalcyclist,0,0,N,POINT (1270386.933809668 232056.0782416761),720.0,0.0,Clear or Partly Cloudy
72068,86554,86554,2792932,Matched,Block,,SW SPOKANE BR BETWEEN SW SPOKANE E ST AND SW SPOKANE W ST,,,2,Injury Collision,Cycles,2,1,1,0,2,0,0,2008-09-09T00:00:00.000Z,9/9/2008,Mid-Block (not related to intersection),64,PEDALCYCLIST STRUCK PEDESTRIAN,,0,Unknown,Dry,Dark - Street Lights On,,8253004.0,,45.0,Vehicle - Pedalcyclist,0,0,N,POINT (1265171.002028331 212128.0279172808),21671.0,1.2796562111321525e-05,
72090,85094,85094,2798020,Matched,Intersection,25940.0,25TH AVE NE AND NE 54TH ST,,,2b,Serious Injury Collision,Cycles,2,0,1,1,1,1,0,2008-10-24T00:00:00.000Z,10/24/2008 10:50:00 AM,At Intersection (intersection related),18,"MOTOR VEHICLE STRUCK PEDALCYCLIST, FRONT END AT ANGLE",,0,Clear or Partly Cloudy,Dry,Daylight,Y,8298004.0,,45.0,Vehicle - Pedalcyclist,18810,0,N,POINT (1278909.645370394 247104.3432170898),210.0,0.0,Clear or Partly Cloudy
72128,86561,86561,2898693,Matched,Intersection,29576.0,5TH AVE AND PIKE ST,,,2,Injury Collision,Cycles,2,1,1,0,2,0,0,2008-04-10T00:00:00.000Z,4/10/2008 6:20:00 PM,At Intersection (intersection related),64,PEDALCYCLIST STRUCK PEDESTRIAN,,0,Raining,Dry,Daylight,,8101003.0,,45.0,Vehicle - Pedalcyclist,21847,523699,N,POINT (1269889.867825165 226373.2711958587),5878.0,0.0,Raining
72150,85507,85507,3277743,Matched,Block,,AIRPORT WAY S BETWEEN S ADAMS ST AND S INDUSTRIAL WB WAY,,,2b,Serious Injury Collision,Cycles,2,0,1,1,1,1,0,2008-11-03T00:00:00.000Z,11/3/2008,Mid-Block (not related to intersection),21,"MOTOR VEHICLE STRUCK PEDALCYCLIST, REAR END",,0,Raining,Wet,Daylight,Y,8308044.0,,45.0,Vehicle - Pedalcyclist,20745,0,N,POINT (1272739.189428076 209883.879434973),16137.0,6.943704851262291e-09,Raining
72174,86302,86302,3274104,Matched,Block,,RAINIER AVE S BETWEEN S EDMUNDS ST AND S FERDINAND ST,,,2,Injury Collision,Cycles,2,0,1,1,1,0,0,2008-08-19T00:00:00.000Z,8/19/2008 1:24:00 PM,Mid-Block (not related to intersection),18,"MOTOR VEHICLE STRUCK PEDALCYCLIST, FRONT END AT ANGLE",,0,Clear or Partly Cloudy,Dry,Daylight,Y,8232003.0,,45.0,Vehicle - Pedalcyclist,0,0,N,POINT (1281941.842493504 207015.3391440362),6614.0,2.2428429239605547e-09,Clear or Partly Cloudy
72176,85901,85901,2616519,Matched,Intersection,30521.0,OCCIDENTAL AVE S AND S KING E ST,,,2,Injury Collision,Cycles,2,0,1,1,1,0,0,2008-08-12T00:00:00.000Z,8/12/2008 8:02:00 AM,At Intersection (intersection related),18,"MOTOR VEHICLE STRUCK PEDALCYCLIST, FRONT END AT ANGLE",,0,Clear or Partly Cloudy,Dry,Daylight,Y,8225004.0,,45.0,Vehicle - Pedalcyclist,35895,0,N,POINT (1270464.828209758 221842.4096232206),9794.0,0.0,Clear or Partly Cloudy
72210,86834,86834,3277628,Matched,Intersection,24483.0,ROOSEVELT WAY NE AND NE 68TH ST,,,2,Injury Collision,Cycles,2,0,1,1,1,0,0,2008-06-17T00:00:00.000Z,6/17/2008 6:57:00 AM,At Intersection (intersection related),51,PEDALCYCLIST STRUCK MOTOR VEHICLE FRONT END AT ANGLE,,0,Raining,Wet,Daylight,Y,8169006.0,,45.0,Vehicle - Pedalcyclist,9408,0,N,POINT (1274847.189558238 250843.0107409209),6644.0,0.0,Raining
72221,86565,86565,3278006,Matched,Intersection,26863.0,STONE WAY N AND N 39TH ST,,,2,Injury Collision,Cycles,2,0,1,1,1,0,0,2008-06-08T00:00:00.000Z,6/8/2008,At Intersection (intersection related),18,"MOTOR VEHICLE STRUCK PEDALCYCLIST, FRONT END AT ANGLE",,0,Clear or Partly Cloudy,Dry,Daylight,Y,8160002.0,,45.0,Vehicle - Pedalcyclist,6304,0,N,POINT (1268492.222511739 242249.8620601147),1235.0,0.0,Clear or Partly Cloudy
72264,85235,85235,2882204,Matched,Intersection,30114.0,20TH AVE AND E MADISON ST,,,2,Injury Collision,Cycles,2,0,1,1,1,0,0,2008-04-12T00:00:00.000Z,4/12/2008 6:55:00 PM,At Intersection (intersection related),23,"MOTOR VEHICLE STRUCK PEDALCYCLIST, LEFT SIDE SIDESWIPE",,0,Clear or Partly Cloudy,Dry,Daylight,Y,8103002.0,,45.0,Vehicle - Pedalcyclist,0,521181,N,POINT (1277195.704888642 228634.6149421781),149.0,0.0,Clear or Partly Cloudy