OBJECTID,INCKEY,COLDETKEY,REPORTNO,STATUS,ADDRTYPE,INTKEY,LOCATION,EXCEPTRSNC,EXCEPTRSND,SEVERITYCO,SEVERITYDE,COLLISIONT,PERSONCOUN,PEDCOUNT,PEDCYLCOUN,VEHCOUNT,INJURIES,SERIOUSINJ,FATALITIES,INCDATE,INCDTTM,JUNCTIONTY,SDOT_COLCO,SDOT_COLDE,INATTENTIO,UNDERINFL,WEATHER,ROADCOND,LIGHTCOND,PEDROWNOTG,SDOTCOLNUM,SPEEDING,ST_COLCODE,ST_COLDESC,SEGLANEKEY,CROSSWALKK,HITPARKEDC,geometry,near_str_index,min_length,weather_group
72356,86443,86443,2907135,Matched,Block,,1ST AVE S BETWEEN YESLER WAY AND S WASHINGTON ST,,,1,Property Damage Only Collision,Cycles,2,0,1,1,0,0,0,2008-10-18T00:00:00.000Z,10/18/2008 12:34:00 AM,Mid-Block (not related to intersection),18,"MOTOR VEHICLE STRUCK PEDALCYCLIST, FRONT END AT ANGLE",,0,Overcast,Wet,Dark - Street Lights On,,8292001.0,,45.0,Vehicle - Pedalcyclist,0,0,N,POINT (1270166.966705441 222947.9864563495),15894.0,2.0135683050544327e-05,Overcast
72370,85246,85246,2804592,Matched,Intersection,30367.0,ALASKAN WAY S AND S KING ST,,,2,Injury Collision,Cycles,2,0,1,1,1,0,0,2008-01-14T00:00:00.000Z,1/14/2008 6:25:00 PM,At Intersection (intersection related),18,"MOTOR VEHICLE STRUCK PEDALCYCLIST, FRONT END AT ANGLE",,0,Raining,Wet,Dark - Street Lights On,Y,8014010.0,,45.0,Vehicle - Pedalcyclist,0,524773,N,,,,Raining
72401,86842,86842,2898182,Matched,Block,,LAKE WASHINGTON BLVD S BETWEEN S ANGELINE ST AND S FERDINAND ST,,,2,Injury Collision,Cycles,2,0,1,1,1,0,0,2008-04-24T00:00:00.000Z,4/24/2008 6:45:00 PM,Mid-Block (not related to intersection),18,"MOTOR VEHICLE STRUCK PEDALCYCLIST, FRONT END AT ANGLE",,0,Unknown,Unknown,Dusk,,8115017.0,,45.0,Vehicle - Pedalcyclist,38101,0,N,POINT (1287300.166402996 207138.6342481673),21592.0,6.84193003661427e-06,
72485,86978,86978,2894014,Matched,Intersection,24318.0,GREENWOOD AVE N AND N 73RD ST,,,2,Injury Collision,Cycles,3,0,1,1,1,0,0,2008-05-04T00:00:00.000Z,5/4/2008,At Intersection (intersection related),51,PEDALCYCLIST STRUCK MOTOR VEHICLE FRONT END AT ANGLE,,0,Clear or Partly Cloudy,Dry,Daylight,,8125031.0,,45.0,Vehicle - Pedalcyclist,4445,0,N,POINT (1265537.280300707 252408.5887265205),7098.0,0.0,Clear or Partly Cloudy
72673,88945,88945,3281912,Matched,Block,,RAINIER AVE S BETWEEN S COLLEGE S ST AND 25TH AVE S,,,2,Injury Collision,Cycles,2,0,1,1,1,0,0,2008-11-21T00:00:00.000Z,11/21/2008 7:21:00 PM,Mid-Block (not related to intersection),21,"MOTOR VEHICLE STRUCK PEDALCYCLIST, REAR END",,0,Raining,Wet,Dark - Street Lights On,Y,8326034.0,,45.0,Vehicle - Pedalcyclist,20004,0,N,POINT (1278232.309305713 215751.0386089832),6611.0,3.705546022965067e-05,Raining
72687,87758,87758,3279485,Matched,Intersection,33106.0,7TH AVE S AND S LUCILE ST,,,2b,Serious Injury Collision,Cycles,2,0,1,1,1,1,0,2008-08-22T00:00:00.000Z,8/22/2008 4:43:00 PM,At Intersection (intersection related),51,PEDALCYCLIST STRUCK MOTOR VEHICLE FRONT END AT ANGLE,,0,Clear or Partly Cloudy,Dry,Daylight,,8235004.0,,45.0,Vehicle - Pedalcyclist,0,0,N,POINT (1272361.911347702 205416.6383423954),3243.0,0.0,Clear or Partly Cloudy
72701,87751,87751,2803903,Matched,Block,,HARBOR AVE SW BETWEEN SW MARYLAND PL AND CALIFORNIA WAY SW,,,2,Injury Collision,Cycles,2,0,1,1,1,0,0,2008-11-07T00:00:00.000Z,11/7/2008,Mid-Block (not related to intersection),23,"MOTOR VEHICLE STRUCK PEDALCYCLIST, LEFT SIDE SIDESWIPE",,1,Raining,Wet,Dark - Street Lights On,,8312008.0,,45.0,Vehicle - Pedalcyclist,4105,0,N,POINT (1258205.826917201 219540.360020861),6404.0,2.0954053904114126e-05,Raining
72703,88016,88016,2899583,Matched,Block,,12TH AVE E BETWEEN E HARRISON ST AND E REPUBLICAN ST,,,2,Injury Collision,Cycles,2,0,1,1,1,0,0,2008-10-12T00:00:00.000Z,10/12/2008 12:59:00 AM,Mid-Block (but intersection related),56,PEDALCYCLIST STRUCK MOTOR VEHICLE LEFT SIDE SIDESWIPE,,1,Clear or Partly Cloudy,Dry,Dark - Street Lights On,,8286022.0,,45.0,Vehicle - Pedalcyclist,10933,0,N,POINT (1274612.202549994 230609.3391682059),5018.0,7.670864114632581e-09,Clear or Partly Cloudy
72721,87622,87622,C709247,Matched,Intersection,27180.0,LATONA AVE NE AND NE 45TH ST,,,2,Injury Collision,Cycles,2,0,1,1,1,0,0,2008-08-28T00:00:00.000Z,8/28/2008 3:00:00 PM,At Intersection (intersection related),18,"MOTOR VEHICLE STRUCK PEDALCYCLIST, FRONT END AT ANGLE",,0,Overcast,Dry,Daylight,,8241043.0,,45.0,Vehicle - Pedalcyclist,0,523674,N,POINT (1272829.279028177 244800.8552147299),17466.0,0.0,Overcast
72723,88672,88672,3277800,Matched,Block,,MERIDIAN AVE N BETWEEN N 107TH ST AND N NORTHGATE WAY,,,2,Injury Collision,Cycles,2,0,1,1,1,0,0,2008-10-20T00:00:00.000Z,10/20/2008 12:22:00 PM,Driveway Junction,18,"MOTOR VEHICLE STRUCK PEDALCYCLIST, FRONT END AT ANGLE",,0,Raining,Wet,Daylight,Y,8294003.0,,45.0,Vehicle - Pedalcyclist,0,0,N,POINT (1270974.133810282 261769.354560107),853.0,2.8799068521211657e-05,Raining
72769,87248,87248,2905886,Matched,Block,,3RD AVE NW BETWEEN NW 52ND S ST AND NW MARKET ST,,,2,Injury Collision,Cycles,2,0,1,1,1,0,0,2008-06-11T00:00:00.000Z,6/11/2008 2:38:00 PM,Mid-Block (but intersection related),23,"MOTOR VEHICLE STRUCK PEDALCYCLIST, LEFT SIDE SIDESWIPE",,0,Overcast,Dry,Daylight,,8163005.0,,45.0,Vehicle - Pedalcyclist,27129,0,N,POINT (1264073.830827206 246915.4878568947),2722.0,2.637789087608575e-05,Overcast
72825,88023,88023,2900214,Matched,Intersection,28791.0,THOMAS ST AND WESTLAKE AVE N,,,2,Injury Collision,Cycles,2,0,1,1,1,0,0,2008-07-23T00:00:00.000Z,7/23/2008 1:10:00 PM,At Intersection (intersection related),18,"MOTOR VEHICLE STRUCK PEDALCYCLIST, FRONT END AT ANGLE",,0,Clear or Partly Cloudy,Dry,Daylight,Y,8205020.0,,45.0,Vehicle - Pedalcyclist,24570,0,N,POINT (1269249.545520514 230105.7063996792),3827.0,0.0,Clear or Partly Cloudy
72930,87131,87131,2908466,Matched,Block,,BLANCHARD ST BETWEEN 8TH AVE AND WESTLAKE AVE,,,2,Injury Collision,Cycles,2,0,1,1,1,0,0,2008-05-27T00:00:00.000Z,5/27/2008 4:43:00 PM,Mid-Block (but intersection related),21,"MOTOR VEHICLE STRUCK PEDALCYCLIST, REAR END",,0,Clear or Partly Cloudy,Dry,Daylight,Y,8148002.0,,45.0,Vehicle - Pedalcyclist,0,0,N,POINT (1269139.707440391 228896.352798447),6187.0,1.7911869309912048e-05,Clear or Partly Cloudy
72967,87507,87507,2906904,Matched,Intersection,28915.0,4TH AVE N AND MERCER ST,,,2,Injury Collision,Cycles,2,0,1,1,1,0,0,2008-01-18T00:00:00.000Z,1/18/2008 5:53:00 PM,At Intersection (intersection related),18,"MOTOR VEHICLE STRUCK PEDALCYCLIST, FRONT END AT ANGLE",,0,Overcast,Dry,Dark - Street Lights On,Y,8018002.0,,45.0,Vehicle - Pedalcyclist,0,521962,N,POINT (1266708.919853911 231501.9083851129),847.0,0.0,Overcast
72986,88559,88559,2899760,Matched,Intersection,30374.0,ALASKAN E RDWY WAY S AND S WASHINGTON ST,,,2,Injury Collision,Cycles,2,0,1,1,1,0,0,2008-06-15T00:00:00.000Z,6/15/2008 3:19:00 PM,At Intersection (intersection related),51,PEDALCYCLIST STRUCK MOTOR VEHICLE FRONT END AT ANGLE,Y,0,Clear or Partly Cloudy,Dry,Daylight,,8167041.0,,45.0,Vehicle - Pedalcyclist,0,0,N,POINT (1269832.008497104 222801.9324402064),1910.0,0.0,Clear or Partly Cloudy
72990,88558,88558,2908267,Matched,Intersection,29172.0,MINOR AVE AND STEWART ST,,,2,Injury Collision,Cycles,3,0,1,1,1,0,0,2008-06-16T00:00:00.000Z,6/16/2008 4:58:00 PM,At Intersection (intersection related),18,"MOTOR VEHICLE STRUCK PEDALCYCLIST, FRONT END AT ANGLE",,0,Clear or Partly Cloudy,Dry,Daylight,,8168006.0,,45.0,Vehicle - Pedalcyclist,0,630806,N,POINT (1270855.40024215 228883.3427504301),8866.0,0.0,Clear or Partly Cloudy
73012,88426,88426,2899591,Matched,Intersection,29070.0,BOYLSTON AVE AND E DENNY WAY,,,2,Injury Collision,Cycles,3,0,1,1,1,0,0,2008-10-31T00:00:00.000Z,10/31/2008 12:20:00 PM,At Intersection (intersection related),18,"MOTOR VEHICLE STRUCK PEDALCYCLIST, FRONT END AT ANGLE",,0,Raining,Wet,Daylight,Y,8305057.0,,45.0,Vehicle - Pedalcyclist,35202,0,N,POINT (1272933.242164284 229180.753054738),14294.0,0.0,Raining
73107,87519,87519,3276813,Matched,Intersection,26803.0,STONE WAY N AND N 44TH ST,,,2,Injury Collision,Cycles,2,0,1,1,1,0,0,2008-10-02T00:00:00.000Z,10/2/2008,At Intersection (intersection related),18,"MOTOR VEHICLE STRUCK PEDALCYCLIST, FRONT END AT ANGLE",,0,Clear or Partly Cloudy,Dry,Dark - Street Lights On,,8276021.0,,45.0,Vehicle - Pedalcyclist,0,0,N,POINT (1268603.962415844 244378.0983503014),972.0,0.0,Clear or Partly Cloudy
73126,88695,88695,2908201,Matched,Intersection,30487.0,3RD AVE AND YESLER WAY,,,2,Injury Collision,Cycles,2,0,1,1,1,0,0,2008-04-20T00:00:00.000Z,4/20/2008 10:28:00 PM,At Intersection (intersection related),18,"MOTOR VEHICLE STRUCK PEDALCYCLIST, FRONT END AT ANGLE",,0,Overcast,Dry,Dark - Street Lights On,Y,8111021.0,,45.0,Vehicle - Pedalcyclist,9967,0,N,POINT (1271135.639346436 223079.4392564893),261.0,0.0,Overcast
73138,88431,88431,2907280,Matched,Block,,W NICKERSON ST BETWEEN 8TH AVE W AND XW JESSE AVE W,,,1,Property Damage Only Collision,Cycles,2,0,1,1,0,0,0,2008-05-23T00:00:00.000Z,5/23/2008 5:00:00 PM,Mid-Block (not related to intersection),23,"MOTOR VEHICLE STRUCK PEDALCYCLIST, LEFT SIDE SIDESWIPE",,0,Clear or Partly Cloudy,Unknown,Daylight,Y,8144002.0,,45.0,Vehicle - Pedalcyclist,12518,0,N,POINT (1262022.920489103 241992.6456758529),4817.0,2.8332723144572138e-06,Clear or Partly Cloudy
73139,88569,88569,2896203,Matched,Block,,SW AVALON WAY BETWEEN 30TH AVE SW AND SW GENESEE ST,,,2,Injury Collision,Cycles,2,0,1,1,1,0,0,2008-10-24T00:00:00.000Z,10/24/2008 6:59:00 AM,Mid-Block (not related to intersection),18,"MOTOR VEHICLE STRUCK PEDALCYCLIST, FRONT END AT ANGLE",,0,Clear or Partly Cloudy,Dry,Dawn,Y,8298024.0,,45.0,Vehicle - Pedalcyclist,3490,0,N,POINT (1260663.074983716 210305.9865074009),20296.0,2.7690022586267913e-05,Clear or Partly Cloudy
73151,88303,88303,3277333,Matched,Intersection,30194.0,16TH AVE AND E JEFFERSON ST,,,2,Injury Collision,Cycles,2,0,1,1,1,0,0,2008-07-31T00:00:00.000Z,7/31/2008 7:56:00 PM,At Intersection (intersection related),18,"MOTOR VEHICLE STRUCK PEDALCYCLIST, FRONT END AT ANGLE",,0,Overcast,Wet,Dusk,Y,8213006.0,,45.0,Vehicle - Pedalcyclist,10490,0,N,POINT (1275782.041655198 224618.6003460586),92.0,0.0,Overcast
73157,88563,88563,2905791,Matched,Intersection,26896.0,STONE WAY N AND N 34TH ST,,,2,Injury Collision,Cycles,2,0,1,1,1,0,0,2008-05-06T00:00:00.000Z,5/6/2008,At Intersection (intersection related),18,"MOTOR VEHICLE STRUCK PEDALCYCLIST, FRONT END AT ANGLE",,0,Clear or Partly Cloudy,Dry,Daylight,Y,8127026.0,,45.0,Vehicle - Pedalcyclist,0,524012,N,POINT (1268384.754735619 240216.4179620296),4878.0,0.0,Clear or Partly Cloudy
73187,87392,87392,2797455,Matched,Block,,S ROYAL BROUGHAM WAY BETWEEN OCCIDENTAL AVE S AND DEAD END,,,2,Injury Collision,Cycles,2,0,1,1,1,0,0,2008-06-17T00:00:00.000Z,6/17/2008 4:50:00 PM,Driveway Junction,18,"MOTOR VEHICLE STRUCK PEDALCYCLIST, FRONT END AT ANGLE",,0,Clear or Partly Cloudy,Dry,Daylight,Y,8169027.0,,45.0,Vehicle - Pedalcyclist,0,0,N,POINT (1270806.624754101 219693.603861019),4591.0,9.653301210321094e-06,Clear or Partly Cloudy
73228,88442,88442,2904574,Matched,Intersection,27141.0,BROOKLYN AVE NE AND NE CAMPUS WB PY,,,2,Injury Collision,Cycles,2,0,1,1,1,0,0,2008-04-22T00:00:00.000Z,4/22/2008 1:15:00 PM,At Intersection (intersection related),18,"MOTOR VEHICLE STRUCK PEDALCYCLIST, FRONT END AT ANGLE",,0,Unknown,Unknown,Unknown,Y,8113005.0,,45.0,Vehicle - Pedalcyclist,31398,0,N,POINT (1275426.926646829 242883.2216767669),6215.0,0.0,
73269,87026,87026,3277960,Matched,Intersection,25949.0,25TH AVE NE AND NE BLAKELEY ST,,,2,Injury Collision,Cycles,2,0,1,1,1,0,0,2008-06-08T00:00:00.000Z,6/8/2008,At Intersection (intersection related),18,"MOTOR VEHICLE STRUCK PEDALCYCLIST, FRONT END AT ANGLE",,0,Clear or Partly Cloudy,Dry,Daylight,Y,8160003.0,,45.0,Vehicle - Pedalcyclist,0,521604,N,POINT (1278900.484922394 246480.058544457),210.0,0.0,Clear or Partly Cloudy
73275,88835,88835,C712562,Matched,Block,,EASTLAKE AVE E BETWEEN FAIRVIEW AVE N AND E GARFIELD ST,NEI,"Not Enough Information, or Insufficient Location Information",2,Injury Collision,Cycles,2,0,1,1,1,0,0,2008-11-12T00:00:00.000Z,11/12/2008 5:30:00 PM,Mid-Block (not related to intersection),18,"MOTOR VEHICLE STRUCK PEDALCYCLIST, FRONT END AT ANGLE",,0,Unknown,Dry,Dark - Street Lights On,,8317063.0,,45.0,Vehicle - Pedalcyclist,11631,0,N,POINT (1272451.355635792 234487.7995881736),8786.0,1.7365056339255425e-05,
73320,87662,87662,2899386,Matched,Block,,RAINIER AVE S BETWEEN S WELLER ST AND S LANE ST,,,2,Injury Collision,Cycles,2,0,1,1,1,0,0,2008-09-15T00:00:00.000Z,9/15/2008 9:08:00 PM,Mid-Block (not related to intersection),23,"MOTOR VEHICLE STRUCK PEDALCYCLIST, LEFT SIDE SIDESWIPE",Y,0,Clear or Partly Cloudy,Dry,Dark - Street Lights On,,8259006.0,,45.0,Vehicle - Pedalcyclist,24371,0,N,POINT (1275499.630198911 221300.5915106684),3718.0,1.396935862692702e-05,Clear or Partly Cloudy
73331,87534,87534,2899680,Matched,Intersection,28762.0,BOREN AVE N AND MERCER SR ST,,,2,Injury Collision,Cycles,2,0,1,1,1,0,0,2008-08-08T00:00:00.000Z,8/8/2008,At Intersection (intersection related),18,"MOTOR VEHICLE STRUCK PEDALCYCLIST, FRONT END AT ANGLE",,0,Clear or Partly Cloudy,Dry,Daylight,,8221003.0,,45.0,Vehicle - Pedalcyclist,0,0,N,POINT (1269926.182961196 231430.9392970353),3663.0,0.0,Clear or Partly Cloudy
73359,88448,88448,3289094,Matched,Block,,DEXTER AVE N BETWEEN WARD ST AND PROSPECT ST,,,2,Injury Collision,Cycles,2,0,1,1,1,0,0,2008-12-04T00:00:00.000Z,12/4/2008,Mid-Block (not related to intersection),23,"MOTOR VEHICLE STRUCK PEDALCYCLIST, LEFT SIDE SIDESWIPE",,0,Clear or Partly Cloudy,Dry,Dusk,,8339005.0,,45.0,Vehicle - Pedalcyclist,12788,0,N,,,,Clear or Partly Cloudy
73390,88189,88189,3283632,Matched,Intersection,25349.0,6TH AVE NW AND NW 49TH ST,,,2b,Serious Injury Collision,Cycles,3,0,1,1,1,1,0,2008-10-19T00:00:00.000Z,10/19/2008 9:46:00 AM,At Intersection (intersection related),18,"MOTOR VEHICLE STRUCK PEDALCYCLIST, FRONT END AT ANGLE",,0,Clear or Partly Cloudy,Dry,Daylight,Y,8293004.0,,45.0,Vehicle - Pedalcyclist,0,0,N,POINT (1263269.802282393 246097.2504800558),536.0,0.0,Clear or Partly Cloudy
73391,87929,87929,3282442,Matched,Block,,JAMES ST BETWEEN YESLER WAY AND 2ND AVE,,,1,Property Damage Only Collision,Cycles,2,0,1,1,0,0,0,2008-12-09T00:00:00.000Z,12/9/2008,Driveway Junction,18,"MOTOR VEHICLE STRUCK PEDALCYCLIST, FRONT END AT ANGLE",,0,Overcast,Wet,Dark - Street Lights On,,8344034.0,,45.0,Vehicle - Pedalcyclist,36188,0,N,POINT (1270410.557425693 223202.7094646096),19841.0,1.5748339583200395e-05,Overcast
73411,87284,87284,2622098,Matched,Intersection,30175.0,21ST AVE AND E CHERRY ST,,,2,Injury Collision,Cycles,2,0,1,1,1,0,0,2008-05-29T00:00:00.000Z,5/29/2008 6:09:00 PM,At Intersection (intersection related),51,PEDALCYCLIST STRUCK MOTOR VEHICLE FRONT END AT ANGLE,,0,Clear or Partly Cloudy,Dry,Daylight,Y,8150004.0,,45.0,Vehicle - Pedalcyclist,9550,0,N,POINT (1277405.267512858 225256.1453067213),161.0,0.0,Clear or Partly Cloudy
73467,88196,88196,3280735,Matched,Intersection,29508.0,DENNY WAY AND TERRY AVE,,,2,Injury Collision,Cycles,2,0,1,1,1,0,0,2008-10-14T00:00:00.000Z,10/14/2008 3:34:00 PM,At Intersection (intersection related),18,"MOTOR VEHICLE STRUCK PEDALCYCLIST, FRONT END AT ANGLE",,0,Clear or Partly Cloudy,Dry,Daylight,Y,8288023.0,,45.0,Vehicle - Pedalcyclist,23507,0,N,POINT (1269556.96734482 229243.3586228043),11074.0,0.0,Clear or Partly Cloudy
73472,88194,88194,3280702,Matched,Intersection,28049.0,FLORENTIA ST AND WARREN AVE N,,,2,Injury Collision,Cycles,2,0,1,1,1,0,0,2008-10-15T00:00:00.000Z,10/15/2008 1:55:00 PM,At Intersection (intersection related),51,PEDALCYCLIST STRUCK MOTOR VEHICLE FRONT END AT ANGLE,,0,Clear or Partly Cloudy,Dry,Daylight,Y,8289027.0,,45.0,Vehicle - Pedalcyclist,34773,0,N,POINT (1265482.736172646 239670.6336414814),3530.0,0.0,Clear or Partly Cloudy
73604,87680,87680,3273908,Matched,Intersection,28780.0,HARRISON ST AND WESTLAKE AVE N,,,2,Injury Collision,Cycles,2,0,1,1,1,0,0,2008-08-31T00:00:00.000Z,8/31/2008 2:13:00 PM,At Intersection (intersection related),51,PEDALCYCLIST STRUCK MOTOR VEHICLE FRONT END AT ANGLE,,0,Clear or Partly Cloudy,Dry,Daylight,Y,8244019.0,,45.0,Vehicle - Pedalcyclist,25129,0,N,POINT (1269260.255280524 230531.315104112),3563.0,0.0,Clear or Partly Cloudy
73613,87414,87414,C707630,Matched,Block,,N 77TH ST BETWEEN DAYTON AVE N AND FREMONT AVE N,,,2,Injury Collision,Cycles,2,0,1,1,1,0,0,2008-07-12T00:00:00.000Z,7/12/2008 1:45:00 PM,Mid-Block (not related to intersection),18,"MOTOR VEHICLE STRUCK PEDALCYCLIST, FRONT END AT ANGLE",,0,Clear or Partly Cloudy,Dry,Daylight,,8194036.0,,45.0,Vehicle - Pedalcyclist,0,0,N,POINT (1266580.569005772 253463.5221676081),12745.0,2.5474973110719612e-05,Clear or Partly Cloudy
73694,88731,88731,2826192,Matched,Intersection,28661.0,JOHN ST AND QUEEN ANNE AVE N,,,2,Injury Collision,Cycles,3,0,1,1,1,0,0,2008-07-24T00:00:00.000Z,7/24/2008 1:36:00 PM,At Intersection (intersection related),18,"MOTOR VEHICLE STRUCK PEDALCYCLIST, FRONT END AT ANGLE",,0,Clear or Partly Cloudy,Dry,Daylight,Y,8206006.0,,45.0,Vehicle - Pedalcyclist,12310,0,N,POINT (1264733.977899879 229792.9509433657),6602.0,0.0,Clear or Partly Cloudy
73719,87428,87428,2896559,Matched,Block,,HIGH POINT DR SW BETWEEN SW RAYMOND ST AND 30TH N AVE SW,,,2,Injury Collision,Cycles,6,0,1,1,1,0,0,2008-07-20T00:00:00.000Z,7/20/2008 8:28:00 PM,Driveway Junction,18,"MOTOR VEHICLE STRUCK PEDALCYCLIST, FRONT END AT ANGLE",,0,Clear or Partly Cloudy,Dry,Dusk,,8202001.0,,45.0,Vehicle - Pedalcyclist,0,0,N,POINT (1261221.575208291 204088.4123570472),3580.0,7.585860458918739e-06,Clear or Partly Cloudy
73735,87823,87823,2906993,Matched,Intersection,30488.0,2ND AVE AND YESLER WAY,,,1,Property Damage Only Collision,Cycles,2,0,1,1,0,0,0,2008-11-03T00:00:00.000Z,11/3/2008,At Intersection (intersection related),51,PEDALCYCLIST STRUCK MOTOR VEHICLE FRONT END AT ANGLE,,0,Raining,Wet,Dark - Street Lights On,Y,8308005.0,,45.0,Vehicle - Pedalcyclist,9961,0,N,POINT (1270711.71845001 223088.620440498),134.0,0.0,Raining
73775,88868,88868,3276729,Matched,Block,,NE NORTHGATE WAY BETWEEN 5TH AVE NE AND 8TH AVE NE,,,2,Injury Collision,Cycles,2,0,1,1,1,0,0,2008-07-31T00:00:00.000Z,7/31/2008 7:45:00 AM,Driveway Junction,18,"MOTOR VEHICLE STRUCK PEDALCYCLIST, FRONT END AT ANGLE",,0,Clear or Partly Cloudy,Dry,Daylight,Y,8213004.0,Y,45.0,Vehicle - Pedalcyclist,0,0,N,POINT (1273947.872117326 262014.5961603522),18258.0,2.9695336695744496e-05,Clear or Partly Cloudy
73818,89073,89073,2900025,Matched,Intersection,29593.0,1ST AVE AND PIKE ST,,,2,Injury Collision,Cycles,2,0,1,1,1,0,0,2008-11-18T00:00:00.000Z,11/18/2008 9:10:00 PM,At Intersection (intersection related),51,PEDALCYCLIST STRUCK MOTOR VEHICLE FRONT END AT ANGLE,,0,Clear or Partly Cloudy,Dry,Dark - Street Lights On,Y,8323028.0,,45.0,Vehicle - Pedalcyclist,36657,0,N,POINT (1268781.771056026 225717.4590991884),1.0,0.0,Clear or Partly Cloudy
73858,87431,87431,3280376,Matched,Intersection,30553.0,4TH AVE S AND S ROYAL BROUGHAM WAY,,,3,Fatality Collision,Cycles,2,0,1,1,0,0,1,2008-10-01T00:00:00.000Z,10/1/2008,At Intersection (intersection related),18,"MOTOR VEHICLE STRUCK PEDALCYCLIST, FRONT END AT ANGLE",,0,Clear or Partly Cloudy,Dry,Dark - Street Lights On,,8275005.0,,45.0,Vehicle - Pedalcyclist,31081,0,N,POINT (1271369.508658677 219673.991061002),9363.0,0.0,Clear or Partly Cloudy
73915,88745,88745,2905058,Matched,Intersection,37326.0,AURORA AVE N AND N 94TH ST,,,1,Property Damage Only Collision,Cycles,2,0,1,1,0,0,0,2008-01-16T00:00:00.000Z,1/16/2008 12:02:00 PM,At Intersection (intersection related),51,PEDALCYCLIST STRUCK MOTOR VEHICLE FRONT END AT ANGLE,,0,Clear or Partly Cloudy,Dry,Daylight,,8016003.0,,45.0,Vehicle - Pedalcyclist,0,0,N,POINT (1268282.953519523 257928.7945561707),1310.0,0.0,Clear or Partly Cloudy
73932,88973,88973,2620740,Matched,Intersection,29734.0,BOYLSTON AVE AND E PINE ST,,,2,Injury Collision,Cycles,2,0,1,1,1,0,0,2008-04-01T00:00:00.000Z,4/1/2008,At Intersection (intersection related),18,"MOTOR VEHICLE STRUCK PEDALCYCLIST, FRONT END AT ANGLE",,0,Clear or Partly Cloudy,Dry,Daylight,Y,8092009.0,,45.0,Vehicle - Pedalcyclist,10374,0,N,POINT (1272920.548660263 227975.5196454972),6198.0,0.0,Clear or Partly Cloudy
73959,87066,87066,2899332,Matched,Block,,E JEFFERSON ST BETWEEN 11TH AVE AND 12TH AVE,,,2,Injury Collision,Cycles,2,0,1,1,1,0,0,2008-08-02T00:00:00.000Z,8/2/2008,Driveway Junction,51,PEDALCYCLIST STRUCK MOTOR VEHICLE FRONT END AT ANGLE,,0,Clear or Partly Cloudy,Dry,Daylight,Y,8215002.0,,45.0,Vehicle - Pedalcyclist,10458,0,N,POINT (1274328.733749703 224655.0855301023),13834.0,2.3858037551314784e-05,Clear or Partly Cloudy
73973,87445,87445,2900042,Matched,Intersection,29603.0,2ND AVE AND UNIVERSITY ST,,,2,Injury Collision,Cycles,2,0,1,1,1,0,0,2008-07-01T00:00:00.000Z,7/1/2008,At Intersection (intersection related),18,"MOTOR VEHICLE STRUCK PEDALCYCLIST, FRONT END AT ANGLE",,0,Clear or Partly Cloudy,Dry,Daylight,Y,8183003.0,,45.0,Vehicle - Pedalcyclist,12162,0,N,POINT (1269492.709168762 225148.3088906109),2490.0,0.0,Clear or Partly Cloudy
71038,86225,86225,3276817,Matched,Block,,NE 45TH ST BETWEEN 7TH AVE NE AND 8TH W AVE NE,,,2,Injury Collision,Cycles,2,0,1,1,1,0,0,2008-10-22T00:00:00.000Z,10/22/2008 12:15:00 PM,Driveway Junction,18,"MOTOR VEHICLE STRUCK PEDALCYCLIST, FRONT END AT ANGLE",Y,0,Clear or Partly Cloudy,Dry,Daylight,,8296005.0,Y,45.0,Vehicle - Pedalcyclist,0,0,N,POINT (1274025.332853392 244767.4182866961),15853.0,2.272866297706576e-05,Clear or Partly Cloudy
71087,86760,86760,3281651,Matched,Block,,S DAWSON ST BETWEEN BEACON WR AVE S AND BEACON ER AVE S,,,2,Injury Collision,Cycles,2,0,1,1,1,0,0,2008-10-03T00:00:00.000Z,10/3/2008,Mid-Block (but intersection related),18,"MOTOR VEHICLE STRUCK PEDALCYCLIST, FRONT END AT ANGLE",,0,Raining,Wet,Dark - Street Lights On,Y,8277060.0,,45.0,Vehicle - Pedalcyclist,0,630863,N,POINT (1277446.748472899 206256.0817992538),15097.0,7.318630394678255e-09,Raining
71209,85173,85173,2896383,Matched,Intersection,30911.0,54TH PL SW AND ALKI AVE SW,,,2,Injury Collision,Cycles,2,0,1,1,1,0,0,2008-08-16T00:00:00.000Z,8/16/2008 8:40:00 PM,At Intersection (intersection related),51,PEDALCYCLIST STRUCK MOTOR VEHICLE FRONT END AT ANGLE,Y,0,Clear or Partly Cloudy,Dry,Dark - Street Lights On,,8229041.0,,45.0,Vehicle - Pedalcyclist,0,0,N,POINT (1253282.013984159 216498.6466737539),6118.0,0.0,Clear or Partly Cloudy
71230,85038,85038,2897260,Matched,Intersection,27043.0,TROLL AVE N AND N 34TH ST,,,2,Injury Collision,Cycles,2,0,1,1,1,0,0,2008-05-21T00:00:00.000Z,5/21/2008 9:10:00 AM,At Intersection (intersection related),18,"MOTOR VEHICLE STRUCK PEDALCYCLIST, FRONT END AT ANGLE",,0,Overcast,Dry,Daylight,Y,8142006.0,,45.0,Vehicle - Pedalcyclist,8816,0,N,POINT (1267245.477678463 240493.9652263224),1223.0,0.0,Overcast