OBJECTID,INCKEY,COLDETKEY,REPORTNO,STATUS,ADDRTYPE,INTKEY,LOCATION,EXCEPTRSNC,EXCEPTRSND,SEVERITYCO,SEVERITYDE,COLLISIONT,PERSONCOUN,PEDCOUNT,PEDCYLCOUN,VEHCOUNT,INJURIES,SERIOUSINJ,FATALITIES,INCDATE,INCDTTM,JUNCTIONTY,SDOT_COLCO,SDOT_COLDE,INATTENTIO,UNDERINFL,WEATHER,ROADCOND,LIGHTCOND,PEDROWNOTG,SDOTCOLNUM,SPEEDING,ST_COLCODE,ST_COLDESC,SEGLANEKEY,CROSSWALKK,HITPARKEDC,geometry,near_str_index,min_length,weather_group
71263,85842,85842,2897602,Matched,Intersection,28258.0,10TH AVE E AND E NEWTON ST,,,2,Injury Collision,Cycles,2,0,1,1,1,0,0,2008-01-16T00:00:00.000Z,1/16/2008 5:21:00 PM,At Intersection (intersection related),18,"MOTOR VEHICLE STRUCK PEDALCYCLIST, FRONT END AT ANGLE",,0,Clear or Partly Cloudy,Wet,Dark - Street Lights On,Y,8016004.0,,45.0,Vehicle - Pedalcyclist,6111,0,N,POINT (1273898.280501276 235990.4813177139),9849.0,0.0,Clear or Partly Cloudy
71345,84918,84918,2623543,Matched,Intersection,28300.0,EASTLAKE AVE E AND E ROANOKE ST,,,2,Injury Collision,Cycles,2,0,1,1,1,0,0,2008-03-04T00:00:00.000Z,3/4/2008,At Intersection (intersection related),51,PEDALCYCLIST STRUCK MOTOR VEHICLE FRONT END AT ANGLE,,0,Overcast,Dry,Dusk,Y,8064006.0,,45.0,Vehicle - Pedalcyclist,24724,0,N,POINT (1272508.910643846 238184.0703119487),3943.0,0.0,Overcast
71488,85184,85184,2907472,Matched,Block,,RAINIER AVE S BETWEEN S HENDERSON ST AND S DIRECTOR N ST,,,2,Injury Collision,Cycles,2,0,1,1,1,0,0,2008-04-27T00:00:00.000Z,4/27/2008 12:00:00 PM,Driveway Junction,51,PEDALCYCLIST STRUCK MOTOR VEHICLE FRONT END AT ANGLE,,0,Clear or Partly Cloudy,Dry,Daylight,Y,8118001.0,,45.0,Vehicle - Pedalcyclist,24134,0,N,POINT (1285466.46284911 194020.8907467276),16666.0,1.5881773688968475e-05,Clear or Partly Cloudy
71502,85859,85859,3286499,Matched,Block,,12TH AVE BETWEEN E YESLER WAY AND E FIR ST,,,2,Injury Collision,Cycles,3,0,1,1,1,0,0,2008-09-16T00:00:00.000Z,9/16/2008 4:35:00 PM,Mid-Block (but intersection related),51,PEDALCYCLIST STRUCK MOTOR VEHICLE FRONT END AT ANGLE,,0,Clear or Partly Cloudy,Dry,Daylight,Y,8260003.0,,45.0,Vehicle - Pedalcyclist,10536,0,N,POINT (1274464.679541856 223187.2106485963),12266.0,2.189364124587166e-05,Clear or Partly Cloudy
71529,86131,86131,2828425,Matched,Block,,S ALBRO PL BETWEEN CORGIAT DR S AND SWIFT AVE S,,,2,Injury Collision,Cycles,2,0,1,1,1,0,0,2008-03-16T00:00:00.000Z,3/16/2008 4:18:00 AM,Mid-Block (not related to intersection),51,PEDALCYCLIST STRUCK MOTOR VEHICLE FRONT END AT ANGLE,,1,Raining,Wet,Dark - Street Lights On,,8076008.0,,45.0,Vehicle - Pedalcyclist,38523,0,N,POINT (1275313.183030725 203591.5070765316),7598.0,5.723267697347832e-06,Raining
71567,86659,86659,2621798,Matched,Intersection,29469.0,LAKE WASHINGTON BLVD E AND MCGILVRA BLVD E,,,2,Injury Collision,Cycles,2,0,1,1,1,0,0,2008-05-25T00:00:00.000Z,5/25/2008 4:51:00 PM,At Intersection (intersection related),18,"MOTOR VEHICLE STRUCK PEDALCYCLIST, FRONT END AT ANGLE",,0,Clear or Partly Cloudy,Dry,Daylight,Y,8146007.0,,45.0,Vehicle - Pedalcyclist,35989,0,N,POINT (1282910.412350491 229978.4139835536),2930.0,0.0,Clear or Partly Cloudy
71574,86657,86657,2894074,Matched,Block,,DAYTON AVE N BETWEEN N 67TH ST AND N 68TH ST,,,2,Injury Collision,Cycles,2,0,1,1,1,0,0,2008-10-29T00:00:00.000Z,10/29/2008 7:10:00 AM,Mid-Block (but intersection related),14,"MOTOR VEHICLE STRUCK MOTOR VEHICLE, REAR END",,0,Clear or Partly Cloudy,Dry,Dawn,,8303005.0,,45.0,Vehicle - Pedalcyclist,0,0,N,POINT (1266175.470765367 251106.3442451805),16243.0,7.603099552403309e-09,Clear or Partly Cloudy
71624,85062,85062,2906708,Matched,Block,,2ND AVE BETWEEN UNIVERSITY ST AND UNION ST,,,2,Injury Collision,Cycles,3,0,1,1,1,0,0,2008-03-22T00:00:00.000Z,3/22/2008 6:48:00 PM,Driveway Junction,18,"MOTOR VEHICLE STRUCK PEDALCYCLIST, FRONT END AT ANGLE",Y,0,Clear or Partly Cloudy,Dry,Daylight,Y,8082025.0,,45.0,Vehicle - Pedalcyclist,0,0,N,POINT (1269384.209328651 225331.5899147987),16946.0,0.0,Clear or Partly Cloudy
71657,85868,85868,C698602,Matched,Intersection,27149.0,15TH AVE NE AND NE PACIFIC ST,,,2,Injury Collision,Cycles,2,0,1,1,1,0,0,2008-01-04T00:00:00.000Z,1/4/2008,At Intersection (intersection related),18,"MOTOR VEHICLE STRUCK PEDALCYCLIST, FRONT END AT ANGLE",,0,Clear or Partly Cloudy,Unknown,Dark - Street Lights On,,8004034.0,,45.0,Vehicle - Pedalcyclist,0,520838,N,POINT (1275885.728567302 241688.8779955506),1534.0,0.0,Clear or Partly Cloudy
71685,86265,86265,2899394,Matched,Block,,E UNION ST BETWEEN 18TH AVE AND 19TH AVE,,,2,Injury Collision,Cycles,2,0,1,1,1,0,0,2008-09-19T00:00:00.000Z,9/19/2008 8:50:00 PM,Mid-Block (but intersection related),18,"MOTOR VEHICLE STRUCK PEDALCYCLIST, FRONT END AT ANGLE",,0,Overcast,Dry,Dark - Street Lights On,,8263004.0,,45.0,Vehicle - Pedalcyclist,9334,0,N,POINT (1276660.086328104 227053.0027165562),16269.0,7.411635155469193e-06,Overcast
71695,86665,86665,2616262,Matched,Intersection,30501.0,5TH AVE S AND S MAIN ST,,,2,Injury Collision,Cycles,2,0,1,1,1,0,0,2008-07-15T00:00:00.000Z,7/15/2008 8:30:00 AM,At Intersection (intersection related),51,PEDALCYCLIST STRUCK MOTOR VEHICLE FRONT END AT ANGLE,,0,Clear or Partly Cloudy,Dry,Daylight,,8197002.0,,45.0,Vehicle - Pedalcyclist,35997,0,N,POINT (1271765.404467091 222453.5182318538),5902.0,0.0,Clear or Partly Cloudy
71709,85071,85071,2795699,Matched,Intersection,29809.0,12TH AVE AND E JEFFERSON ST,,,2,Injury Collision,Cycles,2,0,1,1,1,0,0,2008-01-26T00:00:00.000Z,1/26/2008 2:06:00 AM,At Intersection (intersection related),18,"MOTOR VEHICLE STRUCK PEDALCYCLIST, FRONT END AT ANGLE",,1,Clear or Partly Cloudy,Dry,Dark - Street Lights On,Y,8026002.0,,45.0,Vehicle - Pedalcyclist,10636,0,N,POINT (1274493.248053879 224651.3819140941),2320.0,0.0,Clear or Partly Cloudy
71722,84938,84938,2827550,Matched,Block,,29TH AVE E BETWEEN E REPUBLICAN ST AND E MADISON W ST,,,2,Injury Collision,Cycles,2,0,1,1,1,0,0,2008-07-17T00:00:00.000Z,7/17/2008 8:36:00 AM,Mid-Block (not related to intersection),56,PEDALCYCLIST STRUCK MOTOR VEHICLE LEFT SIDE SIDESWIPE,,0,Overcast,Dry,Daylight,Y,8199003.0,,45.0,Vehicle - Pedalcyclist,0,0,N,POINT (1279941.729915455 230971.7000005692),5436.0,1.5784890282912938e-06,Overcast
71758,85201,85201,2827599,Matched,Block,,BROADWAY BETWEEN E PIKE ST AND E PINE ST,,,2,Injury Collision,Cycles,2,0,1,1,1,0,0,2008-01-07T00:00:00.000Z,1/7/2008,Driveway Junction,51,PEDALCYCLIST STRUCK MOTOR VEHICLE FRONT END AT ANGLE,,0,Clear or Partly Cloudy,Dry,Dark - Street Lights On,Y,8007008.0,,45.0,Vehicle - Pedalcyclist,0,0,N,POINT (1273564.040884927 227752.5528612733),15815.0,2.877603720450791e-05,Clear or Partly Cloudy
71799,86007,86007,3282893,Matched,Block,,W MCGRAW ST BETWEEN 33RD AVE W AND 34TH AVE W,,,2,Injury Collision,Cycles,2,0,1,1,1,0,0,2008-09-12T00:00:00.000Z,9/12/2008 10:15:00 AM,Mid-Block (not related to intersection),56,PEDALCYCLIST STRUCK MOTOR VEHICLE LEFT SIDE SIDESWIPE,,0,Clear or Partly Cloudy,Dry,Daylight,,8256007.0,,45.0,Vehicle - Pedalcyclist,34144,0,N,POINT (1254138.070817038 237223.3875589669),12978.0,0.0,Clear or Partly Cloudy
71804,86538,86538,2882705,Matched,Intersection,29292.0,M L KING JR WAY E AND E MADISON ST,,,2,Injury Collision,Cycles,2,0,1,1,1,0,0,2008-06-13T00:00:00.000Z,6/13/2008 6:54:00 PM,At Intersection (intersection related),18,"MOTOR VEHICLE STRUCK PEDALCYCLIST, FRONT END AT ANGLE",Y,0,Clear or Partly Cloudy,Dry,Dusk,,8165003.0,,45.0,Vehicle - Pedalcyclist,0,524071,N,POINT (1279632.640827134 230796.7868483961),6879.0,0.0,Clear or Partly Cloudy
71830,86276,86276,2898286,Matched,Intersection,29508.0,DENNY WAY AND TERRY AVE,,,2,Injury Collision,Cycles,2,0,1,1,1,0,0,2008-03-04T00:00:00.000Z,3/4/2008,At Intersection (intersection related),51,PEDALCYCLIST STRUCK MOTOR VEHICLE FRONT END AT ANGLE,,0,Clear or Partly Cloudy,Dry,Dusk,,8064005.0,,45.0,Vehicle - Pedalcyclist,23507,0,N,POINT (1269556.96734482 229243.3586228043),11074.0,0.0,Clear or Partly Cloudy
71843,85214,85214,2613297,Matched,Intersection,31581.0,RAINIER AVE S AND S COLLEGE N ST,,,2,Injury Collision,Cycles,4,0,1,1,3,0,0,2008-09-23T00:00:00.000Z,9/23/2008 7:52:00 PM,At Intersection (intersection related),51,PEDALCYCLIST STRUCK MOTOR VEHICLE FRONT END AT ANGLE,,0,Clear or Partly Cloudy,Dry,Dark - Street Lights On,,8267021.0,,45.0,Vehicle - Pedalcyclist,19994,0,N,POINT (1278025.18226549 216171.4133934081),8892.0,0.0,Clear or Partly Cloudy
71865,85080,85080,2906668,Matched,Block,,BELL ST BETWEEN 1ST AVE AND 2ND AVE,,,2,Injury Collision,Cycles,2,0,1,1,1,0,0,2008-05-16T00:00:00.000Z,5/16/2008 7:35:00 PM,Driveway Junction,18,"MOTOR VEHICLE STRUCK PEDALCYCLIST, FRONT END AT ANGLE",,1,Clear or Partly Cloudy,Dry,Daylight,,8137010.0,,45.0,Vehicle - Pedalcyclist,0,0,N,POINT (1267319.502254531 227528.5551650375),6173.0,1.0311578928451351e-05,Clear or Partly Cloudy
74001,87971,87971,2906239,Matched,Block,,LAKEVIEW BLVD E BETWEEN E GARFIELD ST AND HARVARD AVE E,,,1,Property Damage Only Collision,Cycles,2,0,1,1,0,0,0,2008-05-05T00:00:00.000Z,5/5/2008,Mid-Block (but intersection related),23,"MOTOR VEHICLE STRUCK PEDALCYCLIST, LEFT SIDE SIDESWIPE",,0,Clear or Partly Cloudy,Dry,Daylight,,8126005.0,,45.0,Vehicle - Pedalcyclist,41909,0,N,POINT (1273313.356532663 235256.0079089552),6462.0,9.056032802750305e-07,Clear or Partly Cloudy
74049,88624,88624,2898058,Matched,Intersection,27153.0,EASTLAKE AVE E AND FUHRMAN AVE E,,,2,Injury Collision,Cycles,2,0,1,1,1,0,0,2008-05-09T00:00:00.000Z,5/9/2008,At Intersection (intersection related),18,"MOTOR VEHICLE STRUCK PEDALCYCLIST, FRONT END AT ANGLE",,0,Overcast,Dry,Daylight,Y,8130021.0,,45.0,Vehicle - Pedalcyclist,6078,0,N,POINT (1273704.647989064 241221.0042030662),995.0,0.0,Overcast
74103,87451,87451,3283836,Matched,Block,,EAST GREEN LAKE DR N BETWEEN WALLINGFORD AVE N AND GREEN LAKE DR N,,,2,Injury Collision,Cycles,2,0,1,1,1,0,0,2008-09-26T00:00:00.000Z,9/26/2008 4:44:00 PM,Mid-Block (but intersection related),23,"MOTOR VEHICLE STRUCK PEDALCYCLIST, LEFT SIDE SIDESWIPE",,0,Clear or Partly Cloudy,Dry,Daylight,Y,8270021.0,,45.0,Vehicle - Pedalcyclist,9780,0,N,POINT (1270004.423153281 253729.813175872),19978.0,5.571539719707784e-06,Clear or Partly Cloudy
74146,88234,88234,2617745,Matched,Block,,35TH AVE NE BETWEEN NE 100TH ST AND NE 103RD ST,,,2b,Serious Injury Collision,Cycles,1,0,1,0,1,1,0,2008-10-04T00:00:00.000Z,10/4/2008,Mid-Block (not related to intersection),69,PEDALCYCLIST OVERTURNED IN ROAD,,0,Clear or Partly Cloudy,Dry,Dark - Street Lights On,,8278008.0,Y,45.0,Vehicle - Pedalcyclist,4124,0,N,POINT (1281576.232573137 259496.6206057817),340.0,1.6246700707833482e-05,Clear or Partly Cloudy
74152,88109,88109,2792421,Matched,Block,,BROADWAY E BETWEEN E THOMAS ST AND E HARRISON ST,,,2,Injury Collision,Cycles,1,0,1,0,1,0,0,2008-03-24T00:00:00.000Z,3/24/2008 12:07:00 PM,Mid-Block (but intersection related),69,PEDALCYCLIST OVERTURNED IN ROAD,,0,Clear or Partly Cloudy,Dry,Daylight,,8084008.0,,45.0,Vehicle - Pedalcyclist,6791,0,N,POINT (1273585.545588955 230261.4066238403),19760.0,6.052494278416865e-06,Clear or Partly Cloudy
74208,87215,87215,2806190,Matched,Intersection,27153.0,EASTLAKE AVE E AND FUHRMAN AVE E,,,2,Injury Collision,Cycles,2,0,1,1,1,0,0,2008-06-27T00:00:00.000Z,6/27/2008 12:47:00 PM,At Intersection (intersection related),51,PEDALCYCLIST STRUCK MOTOR VEHICLE FRONT END AT ANGLE,,0,Clear or Partly Cloudy,Dry,Daylight,Y,8179006.0,,45.0,Vehicle - Pedalcyclist,6078,0,N,POINT (1273704.647989064 241221.0042030662),995.0,0.0,Clear or Partly Cloudy
74246,87722,87722,3276936,Matched,Intersection,26215.0,37TH AVE NE AND NE 55TH ST,,,2b,Serious Injury Collision,Cycles,2,0,1,1,1,1,0,2008-11-24T00:00:00.000Z,11/24/2008 2:05:00 PM,At Intersection (intersection related),51,PEDALCYCLIST STRUCK MOTOR VEHICLE FRONT END AT ANGLE,,0,Clear or Partly Cloudy,Dry,Daylight,,8329005.0,,45.0,Vehicle - Pedalcyclist,0,0,N,POINT (1282029.061693594 247239.3742572218),2898.0,0.0,Clear or Partly Cloudy
74275,88243,88243,2882243,Matched,Intersection,29052.0,BROADWAY E AND E OLIVE WAY,,,2,Injury Collision,Cycles,2,0,1,1,1,0,0,2008-09-14T00:00:00.000Z,9/14/2008 3:39:00 PM,At Intersection (intersection related),18,"MOTOR VEHICLE STRUCK PEDALCYCLIST, FRONT END AT ANGLE",,0,Clear or Partly Cloudy,Dry,Daylight,,8258005.0,,45.0,Vehicle - Pedalcyclist,6798,0,N,POINT (1273580.513332948 229668.9325112402),650.0,0.0,Clear or Partly Cloudy
74406,87599,87599,3279680,Matched,Intersection,32498.0,S ALASKA ST AND S COLUMBIAN WAY,,,2,Injury Collision,Cycles,1,0,1,0,1,0,0,2008-09-17T00:00:00.000Z,9/17/2008 4:46:00 PM,At Intersection (intersection related),69,PEDALCYCLIST OVERTURNED IN ROAD,,0,Clear or Partly Cloudy,Dry,Daylight,,8261007.0,Y,45.0,Vehicle - Pedalcyclist,0,0,N,POINT (1278992.878138483 208306.1922653615),1718.0,0.0,Clear or Partly Cloudy
74489,87604,87604,2793570,Matched,Intersection,29366.0,19TH AVE E AND E THOMAS ST,,,2,Injury Collision,Cycles,2,0,1,1,1,0,0,2008-01-11T00:00:00.000Z,1/11/2008 10:02:00 AM,At Intersection (intersection related),51,PEDALCYCLIST STRUCK MOTOR VEHICLE FRONT END AT ANGLE,,0,Clear or Partly Cloudy,Wet,Daylight,,8011004.0,,45.0,Vehicle - Pedalcyclist,35317,0,N,POINT (1276918.858552366 229816.1215033829),1173.0,0.0,Clear or Partly Cloudy
74538,88263,88263,C705012,Matched,Intersection,29053.0,10TH AVE E AND E JOHN ST,,,2,Injury Collision,Cycles,2,0,1,1,1,0,0,2008-05-31T00:00:00.000Z,5/31/2008 1:00:00 PM,At Intersection (intersection related),18,"MOTOR VEHICLE STRUCK PEDALCYCLIST, FRONT END AT ANGLE",,0,Unknown,Dry,Daylight,,8152038.0,,45.0,Vehicle - Pedalcyclist,35215,0,N,POINT (1273909.412661284 229666.025887236),2286.0,0.0,
74557,88523,88523,C703284,Matched,Block,,NW 65TH ST BETWEEN 9TH AVE NW AND 10TH AVE NW,,,2,Injury Collision,Cycles,2,0,1,1,1,0,0,2008-04-23T00:00:00.000Z,4/23/2008 8:40:00 AM,Driveway Junction,18,"MOTOR VEHICLE STRUCK PEDALCYCLIST, FRONT END AT ANGLE",,0,Clear or Partly Cloudy,Dry,Daylight,,8114029.0,,45.0,Vehicle - Pedalcyclist,0,0,N,POINT (1262058.589481145 250350.3121804148),7494.0,3.019918453772681e-05,Clear or Partly Cloudy
74576,88652,88652,2882786,Matched,Intersection,29054.0,11TH AVE E AND E JOHN ST,,,2,Injury Collision,Cycles,3,0,1,1,1,0,0,2008-06-30T00:00:00.000Z,6/30/2008 1:09:00 AM,At Intersection (intersection related),18,"MOTOR VEHICLE STRUCK PEDALCYCLIST, FRONT END AT ANGLE",,1,Clear or Partly Cloudy,Dry,Dark - Street Lights On,Y,8182001.0,,45.0,Vehicle - Pedalcyclist,35222,0,N,POINT (1274231.354165614 229663.4530872256),10807.0,0.0,Clear or Partly Cloudy
74584,89857,89857,C710136,Matched,Block,,BEACON AVE S BETWEEN S STEVENS ST AND S HANFORD ST,,,2,Injury Collision,Cycles,2,0,1,1,1,0,0,2008-09-23T00:00:00.000Z,9/23/2008 11:18:00 AM,Mid-Block (not related to intersection),56,PEDALCYCLIST STRUCK MOTOR VEHICLE LEFT SIDE SIDESWIPE,,0,Clear or Partly Cloudy,Dry,Daylight,,8267043.0,,45.0,Vehicle - Pedalcyclist,13384,0,N,POINT (1276073.880119503 213628.7618708163),6164.0,3.0301576491192487e-05,Clear or Partly Cloudy
74631,90391,90391,2898109,Matched,Block,,EASTLAKE AVE E BETWEEN E SHELBY ST AND E ALLISON ST,,,2,Injury Collision,Cycles,2,0,1,1,1,0,0,2008-06-10T00:00:00.000Z,6/10/2008 3:20:00 PM,Mid-Block (not related to intersection),51,PEDALCYCLIST STRUCK MOTOR VEHICLE FRONT END AT ANGLE,,0,Overcast,Dry,Daylight,,8162004.0,,45.0,Vehicle - Pedalcyclist,24676,0,N,POINT (1273014.144436359 239959.6311457753),14311.0,6.534807990617901e-09,Overcast
74642,90123,90123,2799513,Matched,Intersection,27091.0,15TH AVE NE AND NE 42ND ST,,,2,Injury Collision,Cycles,2,0,1,1,1,0,0,2008-02-12T00:00:00.000Z,2/12/2008 8:31:00 PM,At Intersection (intersection related),18,"MOTOR VEHICLE STRUCK PEDALCYCLIST, FRONT END AT ANGLE",,0,Overcast,Dry,Dark - Street Lights On,,8043004.0,,45.0,Vehicle - Pedalcyclist,0,520845,N,POINT (1276019.869751438 243629.2156615257),9126.0,0.0,Overcast
74677,90923,90923,2906715,Matched,Block,,2ND AVE BETWEEN UNIVERSITY ST AND UNION ST,,,2,Injury Collision,Cycles,2,0,1,1,1,0,0,2008-05-27T00:00:00.000Z,5/27/2008 4:18:00 PM,Mid-Block (not related to intersection),18,"MOTOR VEHICLE STRUCK PEDALCYCLIST, FRONT END AT ANGLE",,0,Clear or Partly Cloudy,Dry,Daylight,,8148004.0,,45.0,Vehicle - Pedalcyclist,12163,0,N,POINT (1269384.209328651 225331.5899147987),16946.0,0.0,Clear or Partly Cloudy
74702,89195,89195,3277458,Matched,Intersection,25124.0,24TH AVE NW AND NW 60TH ST,,,1,Property Damage Only Collision,Cycles,2,0,1,1,0,0,0,2008-06-19T00:00:00.000Z,6/19/2008 7:47:00 PM,At Intersection (intersection related),51,PEDALCYCLIST STRUCK MOTOR VEHICLE FRONT END AT ANGLE,,0,Clear or Partly Cloudy,Dry,Dusk,Y,8171002.0,,45.0,Vehicle - Pedalcyclist,2115,0,N,POINT (1257517.066020489 249128.0490751565),1587.0,0.0,Clear or Partly Cloudy
74714,89601,89601,2803879,Matched,Block,,SW BARTON ST BETWEEN 16TH AVE SW AND 17TH AVE SW,,,2,Injury Collision,Cycles,2,0,1,1,1,0,0,2008-11-21T00:00:00.000Z,11/21/2008 4:38:00 PM,Driveway Junction,51,PEDALCYCLIST STRUCK MOTOR VEHICLE FRONT END AT ANGLE,,0,Overcast,Dry,Dark - Street Lights On,,8326033.0,,45.0,Vehicle - Pedalcyclist,0,0,N,POINT (1264256.121003389 193778.1459144801),7945.0,1.6722054319878673e-05,Overcast
74722,91186,91186,2908524,Matched,Intersection,28744.0,WESTLAKE AVE N AND VALLEY ST,,,2,Injury Collision,Cycles,2,0,1,1,1,0,0,2008-08-28T00:00:00.000Z,8/28/2008 4:20:00 PM,At Intersection (intersection related),18,"MOTOR VEHICLE STRUCK PEDALCYCLIST, FRONT END AT ANGLE",,0,Clear or Partly Cloudy,Dry,Daylight,,8241002.0,,45.0,Vehicle - Pedalcyclist,0,523374,N,POINT (1269242.945584506 231901.4393935204),3828.0,0.0,Clear or Partly Cloudy
74756,90131,90131,2794441,Matched,Block,,45TH AVE S BETWEEN S CLOVERDALE ST AND S TRENTON ST,,,2,Injury Collision,Cycles,2,0,1,1,1,0,0,2008-09-11T00:00:00.000Z,9/11/2008 5:57:00 PM,Mid-Block (but intersection related),21,"MOTOR VEHICLE STRUCK PEDALCYCLIST, REAR END",,0,Clear or Partly Cloudy,Dry,Daylight,Y,8255007.0,,45.0,Vehicle - Pedalcyclist,0,0,N,POINT (1284035.933823645 194912.9514196515),5825.0,2.359736066055041e-05,Clear or Partly Cloudy
74866,89466,89466,2896895,Matched,Block,,24TH AVE NW BETWEEN NW 61ST ST AND NW 62ND ST,,,2,Injury Collision,Cycles,2,0,1,1,1,0,0,2008-09-15T00:00:00.000Z,9/15/2008 8:48:00 AM,Driveway Junction,18,"MOTOR VEHICLE STRUCK PEDALCYCLIST, FRONT END AT ANGLE",,0,Clear or Partly Cloudy,Dry,Daylight,Y,8259010.0,,45.0,Vehicle - Pedalcyclist,2126,0,N,POINT (1257525.368100509 249526.6866435707),8499.0,7.4489224040720376e-09,Clear or Partly Cloudy
74868,89465,89465,3274502,Matched,Intersection,28619.0,QUEEN ANNE AVE N AND W ROY ST,,,2,Injury Collision,Cycles,2,0,1,1,1,0,0,2008-09-17T00:00:00.000Z,9/17/2008 9:46:00 PM,At Intersection (intersection related),18,"MOTOR VEHICLE STRUCK PEDALCYCLIST, FRONT END AT ANGLE",,0,Clear or Partly Cloudy,Dry,Dark - Street Lights On,Y,8261004.0,,45.0,Vehicle - Pedalcyclist,30620,0,N,POINT (1264787.491371945 231959.4205775857),2140.0,0.0,Clear or Partly Cloudy
74872,89464,89464,2892368,Matched,Block,,M L KING JR WAY S BETWEEN S PLUM ST AND S HILL ST,,,1,Property Damage Only Collision,Cycles,2,0,1,1,0,0,0,2008-09-17T00:00:00.000Z,9/17/2008 7:25:00 AM,Mid-Block (not related to intersection),21,"MOTOR VEHICLE STRUCK PEDALCYCLIST, REAR END",Y,0,Clear or Partly Cloudy,Dry,Daylight,,8261019.0,,45.0,Vehicle - Pedalcyclist,37786,0,N,POINT (1278944.870138437 216826.1721780896),17965.0,1.9882391508993858e-05,Clear or Partly Cloudy
74908,90410,90410,C713353,Matched,Intersection,24283.0,DAYTON AVE N AND N 80TH ST,,,2,Injury Collision,Cycles,2,0,1,1,1,0,0,2008-11-26T00:00:00.000Z,11/26/2008 1:00:00 PM,At Intersection (intersection related),51,PEDALCYCLIST STRUCK MOTOR VEHICLE FRONT END AT ANGLE,,0,Clear or Partly Cloudy,Dry,Daylight,,8331044.0,,45.0,Vehicle - Pedalcyclist,27312,0,N,POINT (1266240.084525421 254268.2730804235),4064.0,0.0,Clear or Partly Cloudy
75035,89882,89882,3283980,Matched,Block,,NE 40TH ST BETWEEN 7TH AVE NE AND UNIVERSITY BR OFF RP,,,2,Injury Collision,Cycles,2,0,1,1,1,0,0,2008-08-26T00:00:00.000Z,8/26/2008 6:01:00 PM,Mid-Block (not related to intersection),18,"MOTOR VEHICLE STRUCK PEDALCYCLIST, FRONT END AT ANGLE",Y,0,Clear or Partly Cloudy,Dry,Daylight,,8239002.0,,45.0,Vehicle - Pedalcyclist,11720,0,N,POINT (1274257.475829631 242649.8072765321),13899.0,1.7102748335079325e-05,Clear or Partly Cloudy
75047,90680,90680,2905310,Matched,Intersection,287144.0,BURKE GILMAN TRL AND NW 42ND ST,,,2,Injury Collision,Cycles,2,0,1,1,1,0,0,2008-08-25T00:00:00.000Z,8/25/2008 6:08:00 PM,At Intersection (intersection related),18,"MOTOR VEHICLE STRUCK PEDALCYCLIST, FRONT END AT ANGLE",,0,Raining,Wet,Dusk,Y,8238008.0,,45.0,Vehicle - Pedalcyclist,0,525276,N,POINT (1263036.861226141 243684.2264775932),15101.0,0.0,Raining
75058,90550,90550,3273879,Matched,Block,,DEXTER AVE N BETWEEN HALLADAY ST AND 4TH S AVE N,,,2,Injury Collision,Cycles,3,0,1,2,1,0,0,2008-08-10T00:00:00.000Z,8/10/2008 12:30:00 PM,Mid-Block (not related to intersection),21,"MOTOR VEHICLE STRUCK PEDALCYCLIST, REAR END",,0,Clear or Partly Cloudy,Dry,Daylight,Y,8223006.0,,45.0,Vehicle - Pedalcyclist,13856,0,N,POINT (1267398.841070607 238676.1005844623),6301.0,1.2122977418892884e-05,Clear or Partly Cloudy
75071,90545,90545,2895743,Matched,Intersection,31066.0,CALIFORNIA AVE SW AND SW ADMIRAL WAY,,,2,Injury Collision,Cycles,3,0,1,1,1,0,0,2008-08-13T00:00:00.000Z,8/13/2008 1:49:00 PM,At Intersection (intersection related),18,"MOTOR VEHICLE STRUCK PEDALCYCLIST, FRONT END AT ANGLE",,0,Clear or Partly Cloudy,Dry,Daylight,,8226004.0,,45.0,Vehicle - Pedalcyclist,0,522655,N,POINT (1257102.362148076 215870.8315051049),1934.0,0.0,Clear or Partly Cloudy
75137,90029,90029,3273910,Matched,Block,,12TH AVE BETWEEN E MADISON ST AND E PIKE ST,,,2,Injury Collision,Cycles,2,0,1,1,1,0,0,2008-10-13T00:00:00.000Z,10/13/2008 5:26:00 PM,Mid-Block (not related to intersection),51,PEDALCYCLIST STRUCK MOTOR VEHICLE FRONT END AT ANGLE,,0,Clear or Partly Cloudy,Dry,Daylight,Y,8287019.0,,45.0,Vehicle - Pedalcyclist,10782,0,N,POINT (1274543.503669932 227311.3066528141),39.0,2.808636349384009e-10,Clear or Partly Cloudy
75138,89755,89755,2906540,Matched,Block,,E OLIVE ST BETWEEN 16TH AVE AND 17TH AVE,,,2,Injury Collision,Cycles,2,0,1,1,1,0,0,2008-10-08T00:00:00.000Z,10/8/2008,Mid-Block (not related to intersection),18,"MOTOR VEHICLE STRUCK PEDALCYCLIST, FRONT END AT ANGLE",,0,Clear or Partly Cloudy,Dry,Daylight,,8282032.0,,45.0,Vehicle - Pedalcyclist,0,0,N,POINT (1276039.180983454 228358.0192298889),19999.0,7.611976522952632e-09,Clear or Partly Cloudy
75175,90292,90292,2892342,Matched,Block,,43RD AVE S BETWEEN LAKE WASHINGTON BLVD S AND S BRADFORD ST TRL,,,2b,Serious Injury Collision,Cycles,2,0,1,1,1,1,0,2008-04-17T00:00:00.000Z,4/17/2008 7:50:00 AM,Mid-Block (but intersection related),21,"MOTOR VEHICLE STRUCK PEDALCYCLIST, REAR END",Y,0,Clear or Partly Cloudy,Dry,Daylight,Y,8108030.0,,45.0,Vehicle - Pedalcyclist,0,0,N,POINT (1283425.500927031 211079.0690041929),5796.0,3.797601478944629e-06,Clear or Partly Cloudy