OBJECTID,INCKEY,COLDETKEY,REPORTNO,STATUS,ADDRTYPE,INTKEY,LOCATION,EXCEPTRSNC,EXCEPTRSND,SEVERITYCO,SEVERITYDE,COLLISIONT,PERSONCOUN,PEDCOUNT,PEDCYLCOUN,VEHCOUNT,INJURIES,SERIOUSINJ,FATALITIES,INCDATE,INCDTTM,JUNCTIONTY,SDOT_COLCO,SDOT_COLDE,INATTENTIO,UNDERINFL,WEATHER,ROADCOND,LIGHTCOND,PEDROWNOTG,SDOTCOLNUM,SPEEDING,ST_COLCODE,ST_COLDESC,SEGLANEKEY,CROSSWALKK,HITPARKEDC,geometry,near_str_index,min_length,weather_group
75194,90558,90558,2905781,Matched,Intersection,25992.0,20TH AVE NE AND NE 61ST ST,,,2,Injury Collision,Cycles,2,0,1,1,1,0,0,2008-04-17T00:00:00.000Z,4/17/2008 9:44:00 AM,At Intersection (intersection related),18,"MOTOR VEHICLE STRUCK PEDALCYCLIST, FRONT END AT ANGLE",,0,Clear or Partly Cloudy,Dry,Daylight,,8108002.0,,45.0,Vehicle - Pedalcyclist,0,0,N,POINT (1277490.261304945 248825.6972028464),4924.0,0.0,Clear or Partly Cloudy
75208,89090,89090,2798325,Matched,Block,,17TH AVE SW BETWEEN SW GRAHAM ST AND DEAD END 4,,,2,Injury Collision,Cycles,2,0,1,1,1,0,0,2008-05-24T00:00:00.000Z,5/24/2008 5:01:00 PM,Mid-Block (not related to intersection),51,PEDALCYCLIST STRUCK MOTOR VEHICLE FRONT END AT ANGLE,,0,Clear or Partly Cloudy,Dry,Daylight,,8145002.0,Y,45.0,Vehicle - Pedalcyclist,0,0,N,POINT (1264382.414443523 202825.4627237469),15668.0,2.331334036536995e-05,Clear or Partly Cloudy
75236,89770,89770,3274109,Matched,Block,,BROADWAY E BETWEEN E OLIVE WAY AND E THOMAS ST,,,1,Property Damage Only Collision,Cycles,2,0,1,1,0,0,0,2008-08-21T00:00:00.000Z,8/21/2008 4:45:00 PM,Mid-Block (not related to intersection),18,"MOTOR VEHICLE STRUCK PEDALCYCLIST, FRONT END AT ANGLE",,0,Overcast,Unknown,Daylight,,8234030.0,Y,45.0,Vehicle - Pedalcyclist,6809,0,N,POINT (1273582.31198895 229881.4840634465),3411.0,1.821298017624641e-06,Overcast
75248,89490,89490,2905658,Matched,Block,,PHINNEY AVE N BETWEEN N 56TH ST AND N 58TH ST,,,2,Injury Collision,Cycles,2,0,1,1,1,0,0,2008-09-03T00:00:00.000Z,9/3/2008,Mid-Block (but intersection related),23,"MOTOR VEHICLE STRUCK PEDALCYCLIST, LEFT SIDE SIDESWIPE",,0,Clear or Partly Cloudy,Dry,Daylight,,8247009.0,,45.0,Vehicle - Pedalcyclist,3832,0,N,POINT (1265679.416108847 248271.36581029),16858.0,0.0,Clear or Partly Cloudy
75326,90565,90565,C705243,Matched,Intersection,28736.0,DEXTER AVE N AND VALLEY ST,,,1,Property Damage Only Collision,Cycles,2,0,1,1,0,0,0,2008-06-11T00:00:00.000Z,6/11/2008 4:15:00 PM,At Intersection (intersection related),51,PEDALCYCLIST STRUCK MOTOR VEHICLE FRONT END AT ANGLE,,0,Clear or Partly Cloudy,Dry,Daylight,,8163028.0,,45.0,Vehicle - Pedalcyclist,12708,0,N,POINT (1268334.096175566 232089.1498577148),9821.0,0.0,Clear or Partly Cloudy
75375,89641,89641,2882761,Matched,Block,,E JOHN ST BETWEEN 12TH AVE E AND 13TH AVE E,,,1,Property Damage Only Collision,Cycles,2,0,1,1,0,0,0,2008-10-29T00:00:00.000Z,10/29/2008 3:05:00 PM,Mid-Block (but intersection related),51,PEDALCYCLIST STRUCK MOTOR VEHICLE FRONT END AT ANGLE,,0,Clear or Partly Cloudy,Dry,Daylight,Y,8303001.0,,45.0,Vehicle - Pedalcyclist,35229,0,N,POINT (1274714.803126112 229659.3541432321),19987.0,6.286244622273471e-11,Clear or Partly Cloudy
75379,89102,89102,2906566,Matched,Intersection,29745.0,BROADWAY AND E PIKE ST,,,1,Property Damage Only Collision,Cycles,2,0,1,1,0,0,0,2008-05-21T00:00:00.000Z,5/21/2008 9:15:00 PM,At Intersection (intersection related),18,"MOTOR VEHICLE STRUCK PEDALCYCLIST, FRONT END AT ANGLE",,0,Overcast,Wet,Dark - Street Lights On,,8142003.0,,45.0,Vehicle - Pedalcyclist,0,522257,N,POINT (1273562.21214892 227541.5487010628),1144.0,0.0,Overcast
75389,89239,89239,2607844,Matched,Block,,7TH AVE S BETWEEN S PLUMMER ST AND AIRPORT NB WAY S,,,2,Injury Collision,Cycles,2,0,1,1,1,0,0,2008-07-25T00:00:00.000Z,7/25/2008 4:25:00 PM,Driveway Junction,18,"MOTOR VEHICLE STRUCK PEDALCYCLIST, FRONT END AT ANGLE",,0,Clear or Partly Cloudy,Dry,Daylight,Y,8207002.0,,45.0,Vehicle - Pedalcyclist,0,0,N,POINT (1272678.760244027 220043.374293372),3241.0,2.1484403289354866e-05,Clear or Partly Cloudy
75422,90044,90044,2896288,Matched,Intersection,30026.0,24TH AVE AND E UNION ST,,,2,Injury Collision,Cycles,2,0,1,1,1,0,0,2008-09-13T00:00:00.000Z,9/13/2008 4:00:00 PM,At Intersection (intersection related),51,PEDALCYCLIST STRUCK MOTOR VEHICLE FRONT END AT ANGLE,,0,Clear or Partly Cloudy,Dry,Daylight,Y,8257004.0,,45.0,Vehicle - Pedalcyclist,9384,0,N,POINT (1278329.387577802 227037.8681885451),5323.0,0.0,Clear or Partly Cloudy
75450,90442,90442,3289280,Matched,Intersection,29761.0,12TH AVE AND E MADISON ST,,,2,Injury Collision,Cycles,2,0,1,1,1,0,0,2008-12-11T00:00:00.000Z,12/11/2008 7:40:00 AM,At Intersection (intersection related),18,"MOTOR VEHICLE STRUCK PEDALCYCLIST, FRONT END AT ANGLE",,0,Clear or Partly Cloudy,Dry,Dawn,,8346025.0,,45.0,Vehicle - Pedalcyclist,10773,0,N,POINT (1274551.867445946 227089.5945245922),39.0,0.0,Clear or Partly Cloudy
75482,89109,89109,2795122,Matched,Intersection,24350.0,GREENWOOD AVE N AND N 67TH ST,,,2,Injury Collision,Cycles,2,0,1,1,1,0,0,2008-02-07T00:00:00.000Z,2/7/2008,At Intersection (intersection related),18,"MOTOR VEHICLE STRUCK PEDALCYCLIST, FRONT END AT ANGLE",,0,Clear or Partly Cloudy,Dry,Daylight,Y,8038002.0,,45.0,Vehicle - Pedalcyclist,4312,0,N,POINT (1265503.634476677 250941.2625170201),10075.0,0.0,Clear or Partly Cloudy
75509,89240,89240,2899201,Matched,Intersection,30192.0,18TH AVE AND E JEFFERSON ST,,,2,Injury Collision,Cycles,2,0,1,1,1,0,0,2008-07-24T00:00:00.000Z,7/24/2008 10:30:00 PM,At Intersection (intersection related),18,"MOTOR VEHICLE STRUCK PEDALCYCLIST, FRONT END AT ANGLE",,0,Clear or Partly Cloudy,Dry,Dark - No Street Lights,,8206007.0,,45.0,Vehicle - Pedalcyclist,0,0,N,POINT (1276426.313527852 224602.1469700485),6861.0,0.0,Clear or Partly Cloudy
75548,89513,89513,2897126,Matched,Intersection,37373.0,ASHWORTH AVE N AND N 85TH ST,,,2,Injury Collision,Cycles,2,0,1,1,1,0,0,2008-02-28T00:00:00.000Z,2/28/2008 12:53:00 PM,At Intersection (intersection related),18,"MOTOR VEHICLE STRUCK PEDALCYCLIST, FRONT END AT ANGLE",,0,Clear or Partly Cloudy,Dry,Daylight,Y,8059010.0,,45.0,Vehicle - Pedalcyclist,0,0,N,POINT (1269581.675568849 255509.0682176948),4073.0,0.0,Clear or Partly Cloudy
75566,90981,90981,2894468,Matched,Intersection,31369.0,4TH AVE S AND S LANDER ST,,,2,Injury Collision,Cycles,2,0,1,1,1,0,0,2008-12-15T00:00:00.000Z,12/15/2008 3:43:00 PM,At Intersection (intersection related),18,"MOTOR VEHICLE STRUCK PEDALCYCLIST, FRONT END AT ANGLE",,0,Clear or Partly Cloudy,Dry,Daylight,Y,8350023.0,,45.0,Vehicle - Pedalcyclist,0,524930,N,POINT (1271278.378034592 215084.3521443009),18784.0,0.0,Clear or Partly Cloudy
75635,89788,89788,3282488,Matched,Block,,2ND AVE BETWEEN UNIVERSITY ST AND UNION ST,,,2,Injury Collision,Cycles,2,0,1,1,1,0,0,2008-10-16T00:00:00.000Z,10/16/2008 5:02:00 PM,Driveway Junction,18,"MOTOR VEHICLE STRUCK PEDALCYCLIST, FRONT END AT ANGLE",,0,Clear or Partly Cloudy,Dry,Daylight,Y,8290001.0,,45.0,Vehicle - Pedalcyclist,12162,0,N,POINT (1269384.209328651 225331.5899147987),16946.0,0.0,Clear or Partly Cloudy
75672,90457,90457,2900213,Matched,Block,,8TH AVE N BETWEEN ALOHA ST AND WESTLAKE S AVE N,,,2,Injury Collision,Cycles,2,0,1,1,1,0,0,2008-07-17T00:00:00.000Z,7/17/2008 5:15:00 PM,Driveway Junction,18,"MOTOR VEHICLE STRUCK PEDALCYCLIST, FRONT END AT ANGLE",Y,0,Clear or Partly Cloudy,Dry,Daylight,Y,8199004.0,,45.0,Vehicle - Pedalcyclist,0,0,N,POINT (1268678.344879925 232786.9707864225),14269.0,2.685910847421943e-10,Clear or Partly Cloudy
75753,90857,90857,2806183,Matched,Intersection,30148.0,22ND AVE AND E UNION ST,,,1,Property Damage Only Collision,Cycles,2,0,1,1,0,0,0,2008-05-30T00:00:00.000Z,5/30/2008 3:48:00 PM,At Intersection (intersection related),18,"MOTOR VEHICLE STRUCK PEDALCYCLIST, FRONT END AT ANGLE",,0,Clear or Partly Cloudy,Dry,Daylight,,8151004.0,,45.0,Vehicle - Pedalcyclist,9360,0,N,POINT (1277782.270009249 227043.597980544),1178.0,0.0,Clear or Partly Cloudy
75762,89395,89395,2804004,Matched,Intersection,33983.0,24TH AVE SW AND SW HOLDEN ST,,,2,Injury Collision,Cycles,2,0,1,1,1,0,0,2008-09-04T00:00:00.000Z,9/4/2008,At Intersection (intersection related),51,PEDALCYCLIST STRUCK MOTOR VEHICLE FRONT END AT ANGLE,,0,Clear or Partly Cloudy,Dry,Daylight,Y,8248007.0,,45.0,Vehicle - Pedalcyclist,0,0,N,POINT (1262522.259241626 198433.2919032574),2003.0,0.0,Clear or Partly Cloudy
75792,89799,89799,C710661,Matched,Intersection,28709.0,GALER ST AND WESTLAKE S AVE N,,,2,Injury Collision,Cycles,2,0,1,1,1,0,0,2008-09-29T00:00:00.000Z,9/29/2008 4:15:00 PM,At Intersection (intersection related),18,"MOTOR VEHICLE STRUCK PEDALCYCLIST, FRONT END AT ANGLE",,0,Clear or Partly Cloudy,Dry,Daylight,,8273038.0,,45.0,Vehicle - Pedalcyclist,0,574140,N,POINT (1268717.396015957 234274.2061159462),6373.0,0.0,Clear or Partly Cloudy
75851,89138,89138,2905527,Matched,Intersection,37600.0,4TH AVE NE AND NE 88TH ST,,,2,Injury Collision,Cycles,2,0,1,1,1,0,0,2008-05-15T00:00:00.000Z,5/15/2008 3:39:00 PM,At Intersection (intersection related),18,"MOTOR VEHICLE STRUCK PEDALCYCLIST, FRONT END AT ANGLE",,0,Clear or Partly Cloudy,Dry,Daylight,,8136019.0,,45.0,Vehicle - Pedalcyclist,0,0,N,POINT (1273230.475060582 256061.8462022692),16065.0,0.0,Clear or Partly Cloudy
75994,89272,89272,3288540,Matched,Block,,YESLER WAY BETWEEN JAMES ST AND OCCIDENTAL AVE S,,,2,Injury Collision,Cycles,2,0,1,1,1,0,0,2008-10-25T00:00:00.000Z,10/25/2008 1:45:00 AM,Driveway Junction,18,"MOTOR VEHICLE STRUCK PEDALCYCLIST, FRONT END AT ANGLE",,0,Clear or Partly Cloudy,Dry,Dark - Street Lights On,,8299002.0,,45.0,Vehicle - Pedalcyclist,0,0,N,POINT (1270365.729073659 223096.2536565065),19964.0,1.4289455508372476e-05,Clear or Partly Cloudy
76022,89543,89543,2892328,Matched,Block,,S SPOKANE SR ST BETWEEN COLORADO AVE S AND 1ST AV S OFF RP,,,1,Property Damage Only Collision,Cycles,2,0,1,1,0,0,0,2008-04-09T00:00:00.000Z,4/9/2008,Mid-Block (not related to intersection),23,"MOTOR VEHICLE STRUCK PEDALCYCLIST, LEFT SIDE SIDESWIPE",Y,0,Clear or Partly Cloudy,Dry,Daylight,,8100008.0,,45.0,Vehicle - Pedalcyclist,39236,0,N,POINT (1269615.003504887 212043.8270851821),16743.0,3.1557678572842936e-06,Clear or Partly Cloudy
76036,89411,89411,2802522,Matched,Intersection,25695.0,PHINNEY TURN RD AND N 46TH ST,,,2,Injury Collision,Cycles,3,0,1,1,1,0,0,2008-02-24T00:00:00.000Z,2/24/2008 2:07:00 PM,At Intersection (intersection related),18,"MOTOR VEHICLE STRUCK PEDALCYCLIST, FRONT END AT ANGLE",,0,Clear or Partly Cloudy,Dry,Daylight,,8055004.0,,45.0,Vehicle - Pedalcyclist,22137,0,N,POINT (1267313.21835053 245175.3286871165),9875.0,0.0,Clear or Partly Cloudy
76068,90089,90089,2614200,Matched,Intersection,26662.0,3RD AVE NW AND LEARY WAY NW,,,2,Injury Collision,Cycles,2,0,1,1,1,0,0,2008-05-27T00:00:00.000Z,5/27/2008 6:03:00 PM,At Intersection (intersection related),51,PEDALCYCLIST STRUCK MOTOR VEHICLE FRONT END AT ANGLE,Y,0,Clear or Partly Cloudy,Dry,Daylight,Y,8148003.0,,45.0,Vehicle - Pedalcyclist,0,0,N,POINT (1263981.419819117 242637.3067965209),3623.0,0.0,Clear or Partly Cloudy
76073,90351,90351,2905686,Matched,Intersection,37682.0,30TH AVE NE AND NE 85TH ST,,,2,Injury Collision,Cycles,2,0,1,1,1,0,0,2008-06-25T00:00:00.000Z,6/25/2008 5:34:00 PM,At Intersection (intersection related),51,PEDALCYCLIST STRUCK MOTOR VEHICLE FRONT END AT ANGLE,,0,Clear or Partly Cloudy,Dry,Daylight,Y,8177006.0,,45.0,Vehicle - Pedalcyclist,0,0,N,POINT (1280195.619131714 255199.5913533866),4248.0,0.0,Clear or Partly Cloudy
76172,89283,89283,2900033,Matched,Intersection,29174.0,HOWELL ST AND YALE AVE,,,2,Injury Collision,Cycles,2,0,1,1,1,0,0,2008-06-15T00:00:00.000Z,6/15/2008 4:14:00 PM,At Intersection (intersection related),18,"MOTOR VEHICLE STRUCK PEDALCYCLIST, FRONT END AT ANGLE",,0,Clear or Partly Cloudy,Dry,Daylight,Y,8167001.0,,45.0,Vehicle - Pedalcyclist,0,524028,N,POINT (1271387.224370703 228834.7163183838),9769.0,0.0,Clear or Partly Cloudy
76199,90622,90622,2826595,Matched,Block,,ALASKAN WAY BETWEEN UNIVERSITY ST AND UNION ST,,,2b,Serious Injury Collision,Cycles,3,0,1,1,1,1,0,2008-08-06T00:00:00.000Z,8/6/2008,Mid-Block (not related to intersection),55,PEDALCYCLIST STRUCK MOTOR VEHICLE RIGHT SIDE SIDESWIPE,,0,Clear or Partly Cloudy,Dry,Daylight,,8219002.0,,45.0,Vehicle - Pedalcyclist,20982,0,N,POINT (1268552.622383788 224840.8194822967),6109.0,4.233589164102291e-05,Clear or Partly Cloudy
76291,90105,90105,2882797,Matched,Intersection,27153.0,EASTLAKE AVE E AND FUHRMAN AVE E,,,2,Injury Collision,Cycles,2,0,1,1,1,0,0,2008-09-12T00:00:00.000Z,9/12/2008 5:36:00 PM,At Intersection (intersection related),51,PEDALCYCLIST STRUCK MOTOR VEHICLE FRONT END AT ANGLE,,0,Clear or Partly Cloudy,Dry,Daylight,Y,8256006.0,,45.0,Vehicle - Pedalcyclist,6078,0,N,POINT (1273704.647989064 241221.0042030662),995.0,0.0,Clear or Partly Cloudy
76312,89831,89831,3274023,Matched,Block,,2ND AVE BETWEEN CHERRY ST AND COLUMBIA ST,,,2,Injury Collision,Cycles,1,0,1,0,1,0,0,2008-08-20T00:00:00.000Z,8/20/2008 10:00:00 AM,Mid-Block (not related to intersection),69,PEDALCYCLIST OVERTURNED IN ROAD,,0,Clear or Partly Cloudy,Dry,Daylight,,8233027.0,,45.0,Vehicle - Pedalcyclist,12036,0,N,POINT (1270349.829233631 223700.3408251256),5206.0,1.9350582031315633e-05,Clear or Partly Cloudy
76334,89697,89697,3289012,Matched,Block,,RAINIER AVE S BETWEEN S BAYVIEW ST AND S MCCLELLAN ST,,,1,Property Damage Only Collision,Cycles,2,0,1,1,0,0,0,2008-12-15T00:00:00.000Z,12/15/2008 5:20:00 PM,Mid-Block (but intersection related),18,"MOTOR VEHICLE STRUCK PEDALCYCLIST, FRONT END AT ANGLE",,0,Unknown,Unknown,Unknown,,8350022.0,,45.0,Vehicle - Pedalcyclist,20041,0,N,POINT (1278654.949498147 214892.784080103),18006.0,3.1175991380046676e-06,
76351,90365,90365,2624475,Matched,Block,,NW BALLARD WAY BETWEEN 14TH AVE NW AND BALLARD BR OFF RP,,,2,Injury Collision,Cycles,2,0,1,1,1,0,0,2008-08-21T00:00:00.000Z,8/21/2008 8:40:00 PM,Mid-Block (not related to intersection),18,"MOTOR VEHICLE STRUCK PEDALCYCLIST, FRONT END AT ANGLE",,0,Clear or Partly Cloudy,Dry,Dark - No Street Lights,,8234004.0,,45.0,Vehicle - Pedalcyclist,26349,0,N,POINT (1260584.324711636 245621.4990555644),7574.0,2.2576198941569783e-05,Clear or Partly Cloudy
76358,90364,90364,2905813,Matched,Block,,NW MARKET ST BETWEEN NW 54TH ST AND 30TH AVE NW,,,1,Property Damage Only Collision,Cycles,3,0,1,1,0,0,0,2008-06-13T00:00:00.000Z,6/13/2008 7:16:00 PM,Driveway Junction,51,PEDALCYCLIST STRUCK MOTOR VEHICLE FRONT END AT ANGLE,,0,Clear or Partly Cloudy,Dry,Dawn,,8165002.0,,45.0,Vehicle - Pedalcyclist,0,0,N,POINT (1255644.709282577 247805.6792178005),23090.0,3.111176436458512e-05,Clear or Partly Cloudy
76506,90371,90371,3277879,Matched,Intersection,24244.0,WALLINGFORD AVE N AND EAST GREEN LAKE DR N,,,2,Injury Collision,Cycles,2,0,1,1,1,0,0,2008-08-15T00:00:00.000Z,8/15/2008 4:58:00 PM,At Intersection (intersection related),18,"MOTOR VEHICLE STRUCK PEDALCYCLIST, FRONT END AT ANGLE",Y,0,Clear or Partly Cloudy,Dry,Daylight,Y,8228027.0,,45.0,Vehicle - Pedalcyclist,7370,0,N,POINT (1270130.000177413 253707.3386798501),9824.0,0.0,Clear or Partly Cloudy
76513,91167,91167,3288822,Matched,Block,,WESTLAKE AVE BETWEEN LENORA ST AND BLANCHARD ST,,,2,Injury Collision,Cycles,2,0,1,1,1,0,0,2008-11-24T00:00:00.000Z,11/24/2008 5:23:00 PM,Driveway Junction,51,PEDALCYCLIST STRUCK MOTOR VEHICLE FRONT END AT ANGLE,,0,Clear or Partly Cloudy,Dry,Dark - Street Lights On,Y,8329004.0,,45.0,Vehicle - Pedalcyclist,37218,0,N,POINT (1269303.789040565 228734.0190382749),1029.0,8.056711351935307e-06,Clear or Partly Cloudy
76559,89576,89576,2795124,Matched,Block,,24TH AVE NW BETWEEN NW 56TH ST AND NW 57TH ST,,,2,Injury Collision,Cycles,3,0,1,1,1,0,0,2008-02-26T00:00:00.000Z,2/26/2008 4:51:00 PM,Mid-Block (not related to intersection),51,PEDALCYCLIST STRUCK MOTOR VEHICLE FRONT END AT ANGLE,,0,Clear or Partly Cloudy,Dry,Dusk,Y,8057002.0,,45.0,Vehicle - Pedalcyclist,1876,0,N,POINT (1257498.216548473 248197.0392822027),19507.0,4.705980645790648e-06,Clear or Partly Cloudy
76717,91708,91708,2881011,Matched,Intersection,24388.0,ROOSEVELT WAY NE AND NE 82ND S ST,,,2b,Serious Injury Collision,Cycles,5,0,1,1,2,1,0,2008-12-10T00:00:00.000Z,12/10/2008 7:08:00 PM,At Intersection (intersection related),18,"MOTOR VEHICLE STRUCK PEDALCYCLIST, FRONT END AT ANGLE",,0,Clear or Partly Cloudy,Dry,Dark - Street Lights On,Y,8345023.0,,45.0,Vehicle - Pedalcyclist,16603,0,N,POINT (1274873.225014269 254558.6208567172),938.0,0.0,Clear or Partly Cloudy
76737,92371,92371,2907157,Matched,Block,,WESTLAKE AVE BETWEEN LENORA ST AND BLANCHARD ST,,,2,Injury Collision,Cycles,2,0,1,1,1,0,0,2008-08-02T00:00:00.000Z,8/2/2008,Mid-Block (not related to intersection),21,"MOTOR VEHICLE STRUCK PEDALCYCLIST, REAR END",,0,Clear or Partly Cloudy,Dry,Daylight,Y,8215003.0,,45.0,Vehicle - Pedalcyclist,37217,0,N,POINT (1269303.789040565 228734.0190382749),1029.0,8.056711351935307e-06,Clear or Partly Cloudy
76783,92776,92776,2895603,Matched,Intersection,30968.0,61ST AVE SW AND ALKI AVE SW,,,2,Injury Collision,Cycles,2,0,1,1,1,0,0,2008-07-15T00:00:00.000Z,7/15/2008 6:01:00 PM,At Intersection (intersection related),18,"MOTOR VEHICLE STRUCK PEDALCYCLIST, FRONT END AT ANGLE",,0,Clear or Partly Cloudy,Dry,Daylight,,8197003.0,,45.0,Vehicle - Pedalcyclist,3646,0,N,POINT (1251139.562525958 215236.7663524598),548.0,0.0,Clear or Partly Cloudy
76789,92774,92774,2894367,Matched,Block,,LAKE WASHINGTON BLVD S BETWEEN 46TH AVE S AND 48TH AVE S,,,2b,Serious Injury Collision,Cycles,2,0,1,1,1,1,0,2008-07-16T00:00:00.000Z,7/16/2008 6:30:00 PM,Mid-Block (not related to intersection),21,"MOTOR VEHICLE STRUCK PEDALCYCLIST, REAR END",,0,Clear or Partly Cloudy,Dry,Daylight,,8198004.0,,45.0,Vehicle - Pedalcyclist,38094,0,N,POINT (1284587.908352211 211183.4512123019),6456.0,2.1590429587223197e-05,Clear or Partly Cloudy
76828,93305,93305,C699408,Matched,Intersection,29188.0,E JOHN ST AND E OLIVE WAY,,,2,Injury Collision,Cycles,2,0,1,1,1,0,0,2008-01-17T00:00:00.000Z,1/17/2008 7:30:00 PM,At Intersection (intersection related),18,"MOTOR VEHICLE STRUCK PEDALCYCLIST, FRONT END AT ANGLE",,0,Clear or Partly Cloudy,Dry,Dark - Street Lights On,,8017035.0,,45.0,Vehicle - Pedalcyclist,23258,0,N,POINT (1272743.709492087 229563.6079671234),6913.0,0.0,Clear or Partly Cloudy
76872,92520,92520,2807597,Matched,Intersection,29589.0,4TH AVE AND PIKE ST,,,1,Property Damage Only Collision,Cycles,2,0,1,1,0,0,0,2008-10-08T00:00:00.000Z,10/8/2008,At Intersection (intersection related),18,"MOTOR VEHICLE STRUCK PEDALCYCLIST, FRONT END AT ANGLE",,0,Overcast,Dry,Daylight,,8282031.0,,45.0,Vehicle - Pedalcyclist,12755,0,N,POINT (1269612.963888884 226209.446555689),6586.0,0.0,Overcast
76935,93312,93312,2899312,Matched,Intersection,29446.0,32ND AVE E AND LAKE WASHINGTON BLVD E,,,2,Injury Collision,Cycles,2,0,1,1,1,0,0,2008-08-15T00:00:00.000Z,8/15/2008 6:04:00 PM,At Intersection (intersection related),51,PEDALCYCLIST STRUCK MOTOR VEHICLE FRONT END AT ANGLE,,0,Clear or Partly Cloudy,Dry,Daylight,Y,8228025.0,,45.0,Vehicle - Pedalcyclist,8960,0,N,POINT (1280968.790844515 231367.6325449795),2795.0,0.0,Clear or Partly Cloudy
77065,91198,91198,2897506,Matched,Intersection,26787.0,WALLINGFORD AVE N AND N 45TH ST,,,2,Injury Collision,Cycles,3,0,1,1,1,0,0,2008-03-15T00:00:00.000Z,3/15/2008 11:10:00 PM,At Intersection (intersection related),51,PEDALCYCLIST STRUCK MOTOR VEHICLE FRONT END AT ANGLE,,0,Clear or Partly Cloudy,Dry,Dark - Street Lights On,,8075003.0,,45.0,Vehicle - Pedalcyclist,6488,0,N,POINT (1270073.455921352 244869.6531668007),1013.0,0.0,Clear or Partly Cloudy
77122,92532,92532,2893744,Matched,Block,,NICKERSON TURN RD BETWEEN W NICKERSON ST AND 15TH AV W ON RP,,,2,Injury Collision,Cycles,3,0,1,1,1,0,0,2008-09-12T00:00:00.000Z,9/12/2008 2:52:00 PM,Mid-Block (but intersection related),51,PEDALCYCLIST STRUCK MOTOR VEHICLE FRONT END AT ANGLE,,0,Clear or Partly Cloudy,Dry,Daylight,,8256005.0,,45.0,Vehicle - Pedalcyclist,0,0,N,POINT (1260292.12995933 242429.8202683032),6555.0,2.5384862688762924e-05,Clear or Partly Cloudy
77204,91607,91607,2613996,Matched,Intersection,35011.0,16TH AVE SW AND SW CLOVERDALE ST,,,2,Injury Collision,Cycles,5,0,1,1,1,0,0,2008-08-09T00:00:00.000Z,8/9/2008,At Intersection (intersection related),18,"MOTOR VEHICLE STRUCK PEDALCYCLIST, FRONT END AT ANGLE",,0,Raining,Wet,Daylight,,8222004.0,,45.0,Vehicle - Pedalcyclist,0,0,N,POINT (1264474.086443618 195774.508924529),102.0,0.0,Raining
77325,92809,92809,2826703,Matched,Intersection,29621.0,1ST AVE AND MADISON ST,,,2,Injury Collision,Cycles,3,1,1,1,2,0,0,2008-01-14T00:00:00.000Z,1/14/2008 5:09:00 PM,At Intersection (intersection related),51,PEDALCYCLIST STRUCK MOTOR VEHICLE FRONT END AT ANGLE,,0,Raining,Wet,Dark - Street Lights On,,8014009.0,,45.0,Vehicle - Pedalcyclist,25537,0,N,POINT (1269683.396144956 224194.549401626),4939.0,0.0,Raining
77326,93071,93071,3281705,Matched,Block,,15TH AVE S BETWEEN S HILL ST AND S WALKER ST,,,2b,Serious Injury Collision,Cycles,2,0,1,1,1,1,0,2008-10-31T00:00:00.000Z,10/31/2008 5:06:00 AM,Mid-Block (but intersection related),51,PEDALCYCLIST STRUCK MOTOR VEHICLE FRONT END AT ANGLE,,0,Raining,Wet,Dark - Street Lights On,Y,8305041.0,,45.0,Vehicle - Pedalcyclist,14065,0,N,POINT (1275176.327094585 216581.4345138371),18622.0,0.0,Raining
77374,92283,92283,2895150,Matched,Block,,MELROSE AVE E BETWEEN E DENNY WAY AND E THOMAS ST,,,1,Property Damage Only Collision,Cycles,2,0,1,1,0,0,0,2008-08-11T00:00:00.000Z,8/11/2008 3:36:00 PM,Mid-Block (not related to intersection),51,PEDALCYCLIST STRUCK MOTOR VEHICLE FRONT END AT ANGLE,,0,Clear or Partly Cloudy,Dry,Daylight,,8224001.0,,45.0,Vehicle - Pedalcyclist,11534,0,N,POINT (1271857.189235181 229612.1718071848),8859.0,1.7651655022509205e-05,Clear or Partly Cloudy
77428,92420,92420,2897990,Matched,Block,,20TH AVE BETWEEN E FIR ST AND E SPRUCE ST,,,1,Property Damage Only Collision,Cycles,3,0,1,1,0,0,0,2008-04-05T00:00:00.000Z,4/5/2008,Mid-Block (but intersection related),18,"MOTOR VEHICLE STRUCK PEDALCYCLIST, FRONT END AT ANGLE",,0,Clear or Partly Cloudy,Dry,Daylight,,8096042.0,,45.0,Vehicle - Pedalcyclist,0,0,N,POINT (1277044.115768492 223467.2531448901),5230.0,3.13276715568136e-05,Clear or Partly Cloudy
77505,92027,92027,3282443,Matched,Intersection,30477.0,6TH AVE AND JEFFERSON ST,,,2,Injury Collision,Cycles,2,0,1,1,1,0,0,2008-12-10T00:00:00.000Z,12/10/2008 3:49:00 PM,At Intersection (intersection related),18,"MOTOR VEHICLE STRUCK PEDALCYCLIST, FRONT END AT ANGLE",,0,Overcast,Dry,Dusk,Y,8345024.0,,45.0,Vehicle - Pedalcyclist,0,0,N,POINT (1271848.696115166 223696.6158331186),3197.0,0.0,Overcast
77521,92430,92430,2882556,Matched,Block,,ALDER ST BETWEEN DEAD END AND 9TH AVE,,,1,Property Damage Only Collision,Cycles,2,0,1,1,0,0,0,2008-05-22T00:00:00.000Z,5/22/2008 3:20:00 PM,Mid-Block (not related to intersection),51,PEDALCYCLIST STRUCK MOTOR VEHICLE FRONT END AT ANGLE,,0,Overcast,Dry,Daylight,,8143036.0,,45.0,Vehicle - Pedalcyclist,0,0,N,POINT (1272804.601332143 223552.7854329795),18884.0,4.642872825350288e-06,Overcast