OBJECTID,INCKEY,COLDETKEY,REPORTNO,STATUS,ADDRTYPE,INTKEY,LOCATION,EXCEPTRSNC,EXCEPTRSND,SEVERITYCO,SEVERITYDE,COLLISIONT,PERSONCOUN,PEDCOUNT,PEDCYLCOUN,VEHCOUNT,INJURIES,SERIOUSINJ,FATALITIES,INCDATE,INCDTTM,JUNCTIONTY,SDOT_COLCO,SDOT_COLDE,INATTENTIO,UNDERINFL,WEATHER,ROADCOND,LIGHTCOND,PEDROWNOTG,SDOTCOLNUM,SPEEDING,ST_COLCODE,ST_COLDESC,SEGLANEKEY,CROSSWALKK,HITPARKEDC,geometry,near_str_index,min_length,weather_group
77528,92160,92160,3287235,Matched,Intersection,29859.0,BELMONT AVE AND E PINE ST,,,1,Property Damage Only Collision,Cycles,2,0,1,1,0,0,0,2008-12-09T00:00:00.000Z,12/9/2008,At Intersection (intersection related),18,"MOTOR VEHICLE STRUCK PEDALCYCLIST, FRONT END AT ANGLE",,0,Clear or Partly Cloudy,Dry,Dark - Street Lights Off,Y,8344023.0,,45.0,Vehicle - Pedalcyclist,10368,0,N,POINT (1272659.811123997 227978.3315495104),6178.0,0.0,Clear or Partly Cloudy
77538,92689,92689,2625825,Matched,Block,,SW SPOKANE ST BETWEEN SW KLICKITAT SR WAY AND 11TH CR AVE SW,,,2b,Serious Injury Collision,Cycles,3,0,1,1,3,1,0,2008-05-12T00:00:00.000Z,5/12/2008 6:19:00 PM,Mid-Block (but intersection related),51,PEDALCYCLIST STRUCK MOTOR VEHICLE FRONT END AT ANGLE,,0,Clear or Partly Cloudy,Dry,Daylight,,8133003.0,,45.0,Vehicle - Pedalcyclist,39193,0,N,POINT (1266646.509229839 212124.0900612772),8075.0,2.422839771644671e-05,Clear or Partly Cloudy
77618,91496,91496,2899577,Matched,Intersection,28368.0,25TH AVE E AND E LYNN W ST,,,2,Injury Collision,Cycles,2,0,1,1,1,0,0,2008-10-09T00:00:00.000Z,10/9/2008,At Intersection (intersection related),51,PEDALCYCLIST STRUCK MOTOR VEHICLE FRONT END AT ANGLE,,0,Clear or Partly Cloudy,Dry,Daylight,Y,8283004.0,,45.0,Vehicle - Pedalcyclist,0,0,N,POINT (1278740.254778221 236726.582182467),1115.0,0.0,Clear or Partly Cloudy
77623,91232,91232,2826563,Matched,Block,,NICKERSON ST BETWEEN WARREN AVE N AND ETRURIA ST,,,2b,Serious Injury Collision,Cycles,2,0,1,1,1,1,0,2008-09-11T00:00:00.000Z,9/11/2008 11:25:00 PM,Mid-Block (not related to intersection),54,PEDALCYCLIST STRUCK MOTOR VEHICLE REAR END,Y,1,Clear or Partly Cloudy,Dry,Dark - Street Lights Off,,8255004.0,,45.0,Vehicle - Pedalcyclist,12453,0,N,POINT (1265637.231020808 240088.1165859103),14820.0,2.4737661997471852e-05,Clear or Partly Cloudy
77634,92301,92301,2895369,Matched,Intersection,37340.0,AURORA AVE N AND N 90TH ST,,,2,Injury Collision,Cycles,2,0,1,1,1,0,0,2008-09-25T00:00:00.000Z,9/25/2008 5:39:00 PM,At Intersection (intersection related),51,PEDALCYCLIST STRUCK MOTOR VEHICLE FRONT END AT ANGLE,,0,Overcast,Dry,Dusk,Y,8269004.0,,45.0,Vehicle - Pedalcyclist,0,0,N,POINT (1268270.673711509 256871.5821390897),1305.0,0.0,Overcast
77753,91637,91637,3286576,Matched,Intersection,29542.0,7TH AVE AND WESTLAKE AVE,,,2,Injury Collision,Cycles,2,1,1,0,1,0,0,2008-11-19T00:00:00.000Z,11/19/2008 4:40:00 PM,At Intersection (intersection related),64,PEDALCYCLIST STRUCK PEDESTRIAN,,0,Clear or Partly Cloudy,Unknown,Daylight,Y,8324021.0,,45.0,Vehicle - Pedalcyclist,25294,622404,N,POINT (1269364.609328628 228063.7656615973),554.0,0.0,Clear or Partly Cloudy
77779,92577,92577,2609742,Matched,Intersection,26711.0,11TH AVE NW AND NW 45TH ST,,,2,Injury Collision,Cycles,2,0,1,1,1,0,0,2008-11-24T00:00:00.000Z,11/24/2008 7:00:00 PM,At Intersection (intersection related),18,"MOTOR VEHICLE STRUCK PEDALCYCLIST, FRONT END AT ANGLE",,0,Clear or Partly Cloudy,Dry,Unknown,,8329013.0,,45.0,Vehicle - Pedalcyclist,0,0,N,POINT (1261580.185640648 245068.0060629994),31.0,0.0,Clear or Partly Cloudy
77802,92177,92177,3277330,Matched,Intersection,25789.0,ROOSEVELT WAY NE AND NE 50TH ST,,,2,Injury Collision,Cycles,3,0,1,1,1,0,0,2008-07-07T00:00:00.000Z,7/7/2008,At Intersection (intersection related),18,"MOTOR VEHICLE STRUCK PEDALCYCLIST, FRONT END AT ANGLE",,0,Clear or Partly Cloudy,Dry,Daylight,,8189022.0,,45.0,Vehicle - Pedalcyclist,9124,0,N,POINT (1274752.641334146 246074.6052320302),7253.0,0.0,Clear or Partly Cloudy
77834,93106,93106,2616457,Matched,Intersection,30355.0,2ND AVE AND CHERRY ST,,,2,Injury Collision,Cycles,2,0,1,1,1,0,0,2008-12-02T00:00:00.000Z,12/2/2008,At Intersection (intersection related),51,PEDALCYCLIST STRUCK MOTOR VEHICLE FRONT END AT ANGLE,,0,Raining,Wet,Dark - Street Lights On,,8337022.0,,45.0,Vehicle - Pedalcyclist,12035,0,N,POINT (1270427.74891372 223568.6895609945),2488.0,0.0,Raining
77965,93249,93249,2898139,Matched,Intersection,30403.0,12TH AVE AND E FIR ST,,,2,Injury Collision,Cycles,3,0,1,1,1,0,0,2008-08-14T00:00:00.000Z,8/14/2008 8:49:00 AM,At Intersection (intersection related),51,PEDALCYCLIST STRUCK MOTOR VEHICLE FRONT END AT ANGLE,,0,Clear or Partly Cloudy,Dry,Daylight,Y,8227037.0,,45.0,Vehicle - Pedalcyclist,10566,0,N,POINT (1274468.18949385 223368.6972407848),1080.0,0.0,Clear or Partly Cloudy
79030,94802,94802,3198693,Matched,Block,,DAYTON AVE N BETWEEN N 36TH ST AND N 39TH E ST,,,2,Injury Collision,Cycles,2,0,1,1,1,0,0,2009-11-20T00:00:00.000Z,11/20/2009 11:55:00 AM,Driveway Junction,18,"MOTOR VEHICLE STRUCK PEDALCYCLIST, FRONT END AT ANGLE",,0,Overcast,Dry,Daylight,Y,9324030.0,,45.0,Vehicle - Pedalcyclist,0,0,N,POINT (1266056.198509246 241871.7122997344),9749.0,2.1946287607007918e-05,Overcast
79043,93713,93713,C721126,Matched,Intersection,29004.0,11TH AVE E AND E MERCER ST,,,2,Injury Collision,Cycles,2,0,1,1,1,0,0,2009-05-21T00:00:00.000Z,5/21/2009 8:45:00 AM,At Intersection (intersection related),11,"MOTOR VEHICLE STRUCK MOTOR VEHICLE, FRONT END AT ANGLE",,0,Clear or Partly Cloudy,Dry,Daylight,,9141038.0,,45.0,Vehicle - Pedalcyclist,0,0,N,POINT (1274372.085557759 231242.9213768542),4997.0,0.0,Clear or Partly Cloudy
79085,94129,94129,3207417,Matched,Block,,EASTLAKE AVE E BETWEEN E LYNN ST AND E LOUISA ST,,,2,Injury Collision,Cycles,2,0,1,1,1,0,0,2009-10-07T00:00:00.000Z,10/7/2009,Mid-Block (not related to intersection),18,"MOTOR VEHICLE STRUCK PEDALCYCLIST, FRONT END AT ANGLE",,1,Clear or Partly Cloudy,Dry,Daylight,Y,9280030.0,,45.0,Vehicle - Pedalcyclist,24736,0,N,POINT (1272491.78142783 237340.4494470954),17909.0,2.8952388918938843e-05,Clear or Partly Cloudy
79095,93864,93864,3198422,Matched,Intersection,24319.0,GREENWOOD AVE N AND N 74TH ST,,,2,Injury Collision,Cycles,2,0,1,1,1,0,0,2009-11-10T00:00:00.000Z,11/10/2009 6:10:00 PM,At Intersection (intersection related),51,PEDALCYCLIST STRUCK MOTOR VEHICLE FRONT END AT ANGLE,,0,Raining,Wet,Dark - Street Lights On,Y,9314031.0,,45.0,Vehicle - Pedalcyclist,4451,0,N,POINT (1265543.467308715 252681.5878947973),1286.0,0.0,Raining
79099,94133,94133,3200779,Matched,Block,,1ST AVE BETWEEN UNION ST AND PIKE ST,,,2,Injury Collision,Cycles,2,0,1,1,1,0,0,2009-05-28T00:00:00.000Z,5/28/2009 6:28:00 PM,Mid-Block (not related to intersection),18,"MOTOR VEHICLE STRUCK PEDALCYCLIST, FRONT END AT ANGLE",,0,Clear or Partly Cloudy,Dry,Daylight,,9148023.0,,45.0,Vehicle - Pedalcyclist,36675,0,N,POINT (1268890.208304137 225534.2326029986),16932.0,0.0,Clear or Partly Cloudy
79107,94939,94939,2608024,Matched,Block,,DEXTER AVE N BETWEEN WARD ST AND PROSPECT ST,,,2,Injury Collision,Cycles,2,0,1,1,1,0,0,2009-08-13T00:00:00.000Z,8/13/2009 7:30:00 AM,Mid-Block (but intersection related),23,"MOTOR VEHICLE STRUCK PEDALCYCLIST, LEFT SIDE SIDESWIPE",,0,Overcast,Dry,Daylight,Y,9225012.0,,45.0,Vehicle - Pedalcyclist,12740,0,N,,,,Overcast
79129,94405,94405,3285606,Matched,Intersection,34861.0,DELRIDGE WAY SW AND SW TRENTON ST,,,2,Injury Collision,Cycles,2,0,1,1,1,0,0,2009-07-09T00:00:00.000Z,7/9/2009,At Intersection (intersection related),18,"MOTOR VEHICLE STRUCK PEDALCYCLIST, FRONT END AT ANGLE",,0,Clear or Partly Cloudy,Dry,Daylight,,9190005.0,,45.0,Vehicle - Pedalcyclist,0,0,N,POINT (1263125.492266238 195136.1959638745),2061.0,0.0,Clear or Partly Cloudy
79190,93591,93591,3333226,Matched,Block,,N 125TH ST BETWEEN NORTH PARK AVE N AND INTERURBAN TRL,,,2,Injury Collision,Cycles,3,0,1,1,1,0,0,2009-12-22T00:00:00.000Z,12/22/2009 5:41:00 PM,Driveway Junction,18,"MOTOR VEHICLE STRUCK PEDALCYCLIST, FRONT END AT ANGLE",,0,Raining,Wet,Unknown,,9356005.0,,45.0,Vehicle - Pedalcyclist,0,0,N,POINT (1267330.173294544 266156.301316604),3986.0,1.9068998889711767e-05,Raining
79209,94270,94270,2796230,Matched,Intersection,29054.0,11TH AVE E AND E JOHN ST,,,2,Injury Collision,Cycles,3,0,1,1,1,0,0,2009-09-29T00:00:00.000Z,9/29/2009 9:25:00 AM,At Intersection (intersection related),18,"MOTOR VEHICLE STRUCK PEDALCYCLIST, FRONT END AT ANGLE",,0,Overcast,Dry,Daylight,Y,9272009.0,,45.0,Vehicle - Pedalcyclist,35222,0,N,POINT (1274231.354165614 229663.4530872256),10807.0,0.0,Overcast
79219,94138,94138,3205977,Matched,Block,,38TH AVE NE BETWEEN NE 82ND ST AND NE 85TH E ST,,,2,Injury Collision,Cycles,2,0,1,1,1,0,0,2009-05-31T00:00:00.000Z,5/31/2009 11:48:00 AM,Driveway Junction,18,"MOTOR VEHICLE STRUCK PEDALCYCLIST, FRONT END AT ANGLE",,0,Clear or Partly Cloudy,Dry,Daylight,,9151002.0,,45.0,Vehicle - Pedalcyclist,0,0,N,POINT (1282295.268413872 254822.9841209948),5677.0,0.0,Clear or Partly Cloudy
79263,94275,94275,3283150,Matched,Intersection,29734.0,BOYLSTON AVE AND E PINE ST,,,2b,Serious Injury Collision,Cycles,2,0,1,1,1,1,0,2009-03-24T00:00:00.000Z,3/24/2009 10:16:00 PM,At Intersection (intersection related),69,PEDALCYCLIST OVERTURNED IN ROAD,,0,Overcast,Dry,Dark - Street Lights On,Y,9083002.0,,45.0,Vehicle - Pedalcyclist,10374,0,N,POINT (1272920.548660263 227975.5196454972),6198.0,0.0,Overcast
79278,94950,94950,3286938,Matched,Block,,NE 45TH ST BETWEEN ROOSEVELT WAY NE AND 11TH AVE NE,,,2,Injury Collision,Cycles,1,0,1,0,1,0,0,2009-08-03T00:00:00.000Z,8/3/2009,Driveway Junction,68,PEDALCYCLIST RAN OFF ROAD - HIT FIXED OBJECT,,0,Clear or Partly Cloudy,Dry,Daylight,,9215026.0,,45.0,Vehicle - Pedalcyclist,7005,0,N,POINT (1274799.267510191 244744.9816146791),21388.0,1.5619185560219236e-05,Clear or Partly Cloudy
79290,94817,94817,2612770,Matched,Block,,7TH AVE BETWEEN UNION ST AND PIKE ST,,,2,Injury Collision,Cycles,2,0,1,1,1,0,0,2009-06-12T00:00:00.000Z,6/12/2009 3:10:00 PM,Mid-Block (not related to intersection),18,"MOTOR VEHICLE STRUCK PEDALCYCLIST, FRONT END AT ANGLE",,0,Clear or Partly Cloudy,Dry,Daylight,Y,9163006.0,,45.0,Vehicle - Pedalcyclist,37095,0,N,POINT (1270552.595057845 226517.6563480049),16830.0,3.52445909575815e-05,Clear or Partly Cloudy
79374,94686,94686,3285993,Matched,Block,,S JACKSON ST BETWEEN 2ND AV ET S AND 4TH AVE S,,,1,Property Damage Only Collision,Cycles,2,0,1,1,0,0,0,2009-09-18T00:00:00.000Z,9/18/2009 2:16:00 AM,Mid-Block (but intersection related),51,PEDALCYCLIST STRUCK MOTOR VEHICLE FRONT END AT ANGLE,,0,Clear or Partly Cloudy,Dry,Dark - Street Lights On,,9261024.0,,45.0,Vehicle - Pedalcyclist,4866,0,N,POINT (1271349.578866661 222156.3556075394),4520.0,1.9060884995019305e-05,Clear or Partly Cloudy
79401,94961,94961,3200461,Matched,Block,,9TH AVE BETWEEN LENORA ST AND BLANCHARD ST,,,2,Injury Collision,Cycles,1,0,1,0,1,0,0,2009-12-17T00:00:00.000Z,12/17/2009 8:15:00 PM,Mid-Block (but intersection related),66,PEDALCYCLIST STRUCK OBJECT IN ROAD,Y,0,Clear or Partly Cloudy,Dry,Dark - Street Lights On,,9351019.0,,45.0,Vehicle - Pedalcyclist,36884,0,N,POINT (1269423.327216685 228874.9866544157),3288.0,2.571998290674865e-05,Clear or Partly Cloudy
79424,95092,95092,3198351,Matched,Intersection,27021.0,BRIDGE WAY N AND N 38TH ST,,,2,Injury Collision,Cycles,2,0,1,1,1,0,0,2009-06-06T00:00:00.000Z,6/6/2009,At Intersection (intersection related),18,"MOTOR VEHICLE STRUCK PEDALCYCLIST, FRONT END AT ANGLE",Y,0,Overcast,Dry,Dusk,,9157004.0,,45.0,Vehicle - Pedalcyclist,0,0,N,POINT (1267629.176622853 241765.1255476177),1230.0,0.0,Overcast
79425,94823,94823,3328430,Matched,Intersection,29656.0,4TH AVE AND DENNY WAY,,,2,Injury Collision,Cycles,2,0,1,1,1,0,0,2009-11-26T00:00:00.000Z,11/26/2009 12:05:00 AM,At Intersection (intersection related),18,"MOTOR VEHICLE STRUCK PEDALCYCLIST, FRONT END AT ANGLE",,1,Raining,Wet,Dark - Street Lights On,,9330006.0,,45.0,Vehicle - Pedalcyclist,23321,0,N,POINT (1266653.967149854 229318.3287348747),399.0,0.0,Raining
79466,94154,94154,3200786,Matched,Intersection,29552.0,7TH AVE AND STEWART ST,,,2,Injury Collision,Cycles,1,0,1,0,1,0,0,2009-06-29T00:00:00.000Z,6/29/2009 4:29:00 PM,At Intersection (intersection related),69,PEDALCYCLIST OVERTURNED IN ROAD,,0,Clear or Partly Cloudy,Dry,Daylight,,9180004.0,,45.0,Vehicle - Pedalcyclist,13649,0,N,POINT (1269772.35947305 227692.6352932155),965.0,0.0,Clear or Partly Cloudy
79528,94835,94835,2796581,Matched,Block,,CALIFORNIA AVE SW BETWEEN SW RAYMOND ST AND SW GRAHAM ST,,,2,Injury Collision,Cycles,3,0,1,2,1,0,0,2009-07-15T00:00:00.000Z,7/15/2009 5:20:00 PM,Mid-Block (but intersection related),56,PEDALCYCLIST STRUCK MOTOR VEHICLE LEFT SIDE SIDESWIPE,,0,Clear or Partly Cloudy,Dry,Daylight,Y,9196002.0,,45.0,Vehicle - Pedalcyclist,2736,0,N,POINT (1256700.926435664 203617.3557805568),22373.0,8.465092702429935e-06,Clear or Partly Cloudy
79540,95376,95376,2899121,Matched,Intersection,30134.0,16TH AVE AND E PINE ST,,,2,Injury Collision,Cycles,2,0,1,1,1,0,0,2009-05-27T00:00:00.000Z,5/27/2009 7:53:00 AM,At Intersection (intersection related),18,"MOTOR VEHICLE STRUCK PEDALCYCLIST, FRONT END AT ANGLE",,0,Clear or Partly Cloudy,Dry,Daylight,Y,9147002.0,,45.0,Vehicle - Pedalcyclist,23057,0,N,POINT (1275868.608823285 227935.6348454654),3936.0,0.0,Clear or Partly Cloudy
79661,94573,94573,2906164,Matched,Intersection,30750.0,17TH AVE S AND S JACKSON ST,,,2,Injury Collision,Cycles,2,0,1,1,1,0,0,2009-01-14T00:00:00.000Z,1/14/2009 8:23:00 AM,At Intersection (intersection related),18,"MOTOR VEHICLE STRUCK PEDALCYCLIST, FRONT END AT ANGLE",,0,Clear or Partly Cloudy,Dry,Daylight,Y,9014012.0,,45.0,Vehicle - Pedalcyclist,11031,0,N,POINT (1276049.648439467 222078.1021674573),9323.0,0.0,Clear or Partly Cloudy
79675,94442,94442,3207979,Matched,Intersection,29055.0,12TH AVE E AND E JOHN ST,,,2,Injury Collision,Cycles,2,0,1,1,1,0,0,2009-11-11T00:00:00.000Z,11/11/2009 6:56:00 AM,At Intersection (intersection related),21,"MOTOR VEHICLE STRUCK PEDALCYCLIST, REAR END",,0,Overcast,Wet,Daylight,,9315031.0,,45.0,Vehicle - Pedalcyclist,35229,0,N,POINT (1274553.345845938 229660.7164472342),10813.0,0.0,Overcast
79738,93621,93621,3296704,Matched,Intersection,32298.0,15TH AVE S AND S NEVADA ST,,,1,Property Damage Only Collision,Cycles,3,0,1,1,0,0,0,2009-03-08T00:00:00.000Z,3/8/2009,At Intersection (intersection related),11,"MOTOR VEHICLE STRUCK MOTOR VEHICLE, FRONT END AT ANGLE",,0,Clear or Partly Cloudy,Dry,Daylight,,9067003.0,,45.0,Vehicle - Pedalcyclist,11777,0,N,POINT (1275017.876790419 209726.2401388139),2404.0,0.0,Clear or Partly Cloudy
79762,94578,94578,2899917,Matched,Block,,ALASKAN E RDWY WAY S BETWEEN S WASHINGTON ST AND S MAIN ST,,,1,Property Damage Only Collision,Cycles,2,0,1,1,0,0,0,2009-08-08T00:00:00.000Z,8/8/2009,Mid-Block (not related to intersection),21,"MOTOR VEHICLE STRUCK PEDALCYCLIST, REAR END",,0,Overcast,Dry,Dark - Street Lights On,,9220002.0,,45.0,Vehicle - Pedalcyclist,0,0,N,POINT (1269846.153521121 222649.5575920492),3319.0,3.0785206384742654e-05,Overcast
79770,94449,94449,3206306,Matched,Intersection,27149.0,15TH AVE NE AND NE PACIFIC ST,,,2,Injury Collision,Cycles,5,0,1,1,1,0,0,2009-07-21T00:00:00.000Z,7/21/2009 5:27:00 PM,At Intersection (intersection related),18,"MOTOR VEHICLE STRUCK PEDALCYCLIST, FRONT END AT ANGLE",,0,Clear or Partly Cloudy,Dry,Daylight,Y,9202006.0,,45.0,Vehicle - Pedalcyclist,0,520838,N,POINT (1275885.728567302 241688.8779955506),1534.0,0.0,Clear or Partly Cloudy
79872,93768,93768,3295554,Matched,Intersection,32018.0,MARGINAL PL SW AND SW CHARLESTOWN ST,,,2b,Serious Injury Collision,Cycles,2,0,1,1,1,1,0,2009-05-29T00:00:00.000Z,5/29/2009 5:13:00 PM,At Intersection (intersection related),51,PEDALCYCLIST STRUCK MOTOR VEHICLE FRONT END AT ANGLE,,0,Clear or Partly Cloudy,Dry,Daylight,Y,9149004.0,,45.0,Vehicle - Pedalcyclist,38438,0,N,POINT (1264506.776107654 211680.1232768148),9400.0,0.0,Clear or Partly Cloudy
79905,94719,94719,2882436,Matched,Block,,12TH AVE BETWEEN E MARION ST AND E SPRING ST,,,2,Injury Collision,Cycles,2,0,1,1,1,0,0,2009-12-19T00:00:00.000Z,12/19/2009 3:18:00 AM,Mid-Block (not related to intersection),18,"MOTOR VEHICLE STRUCK PEDALCYCLIST, FRONT END AT ANGLE",,0,Raining,Wet,Dark - Street Lights On,Y,9353026.0,,45.0,Vehicle - Pedalcyclist,10734,0,N,POINT (1274527.158005908 226393.0969878882),18595.0,1.3906977835739267e-05,Raining
79912,94318,94318,2893363,Matched,Block,,WALLINGFORD AVE N BETWEEN N 47TH ST AND N 48TH ST,,,2,Injury Collision,Cycles,2,1,1,0,2,0,0,2009-05-28T00:00:00.000Z,5/28/2009 4:50:00 PM,Mid-Block (not related to intersection),64,PEDALCYCLIST STRUCK PEDESTRIAN,Y,0,Clear or Partly Cloudy,Dry,Daylight,,9148001.0,,45.0,Vehicle - Pedalcyclist,0,0,N,POINT (1270055.558001339 245539.9739994854),6744.0,7.630544751034425e-06,Clear or Partly Cloudy
79987,93371,93371,2904932,Matched,Block,,STONE WAY N BETWEEN BRIDGE WAY N AND N 40TH ST,,,2,Injury Collision,Cycles,2,0,1,1,1,0,0,2008-08-22T00:00:00.000Z,8/22/2008 8:37:00 PM,Driveway Junction,18,"MOTOR VEHICLE STRUCK PEDALCYCLIST, FRONT END AT ANGLE",,0,Clear or Partly Cloudy,Dry,Dark - Street Lights On,Y,8235003.0,,45.0,Vehicle - Pedalcyclist,6317,0,N,POINT (1268509.601071745 242578.8151484579),22560.0,1.032106796664041e-06,Clear or Partly Cloudy
79992,93638,93638,3200470,Matched,Intersection,28746.0,BOREN AVE N AND VALLEY ST,,,2,Injury Collision,Cycles,5,0,2,1,1,0,0,2009-12-22T00:00:00.000Z,12/22/2009 10:43:00 PM,At Intersection (intersection related),18,"MOTOR VEHICLE STRUCK PEDALCYCLIST, FRONT END AT ANGLE",,0,Clear or Partly Cloudy,Dry,Dark - Street Lights On,,9356001.0,,45.0,Vehicle - Pedalcyclist,0,0,N,POINT (1269937.512753218 231883.842721507),642.0,0.0,Clear or Partly Cloudy
80024,93922,93922,2896055,Matched,Block,,FAUNTLEROY WAY SW BETWEEN SW FONTANELLE ST AND 47TH AVE SW,,,2,Injury Collision,Cycles,2,0,1,1,1,0,0,2009-07-22T00:00:00.000Z,7/22/2009 5:16:00 AM,Mid-Block (not related to intersection),21,"MOTOR VEHICLE STRUCK PEDALCYCLIST, REAR END",Y,0,Clear or Partly Cloudy,Dry,Dawn,Y,9203005.0,,45.0,Vehicle - Pedalcyclist,2969,0,N,POINT (1255362.522274286 199564.0875524133),16847.0,2.69334624944516e-09,Clear or Partly Cloudy
80062,94997,94997,3274173,Matched,Intersection,29895.0,7TH AVE AND PIKE ST,,,2,Injury Collision,Cycles,2,0,1,1,1,0,0,2009-08-13T00:00:00.000Z,8/13/2009 3:37:00 PM,At Intersection (intersection related),18,"MOTOR VEHICLE STRUCK PEDALCYCLIST, FRONT END AT ANGLE",,0,Clear or Partly Cloudy,Dry,Daylight,Y,9225005.0,,45.0,Vehicle - Pedalcyclist,37108,0,N,POINT (1270444.014641732 226701.1900441945),6587.0,0.0,Clear or Partly Cloudy
80142,93786,93786,2882558,Matched,Intersection,29818.0,BROADWAY AND TERRACE ST,,,2,Injury Collision,Cycles,2,0,1,1,1,0,0,2009-09-03T00:00:00.000Z,9/3/2009,At Intersection (intersection related),51,PEDALCYCLIST STRUCK MOTOR VEHICLE FRONT END AT ANGLE,,0,Clear or Partly Cloudy,Dry,Daylight,Y,9246016.0,,45.0,Vehicle - Pedalcyclist,11844,0,N,POINT (1273507.629364863 224314.2486017495),6207.0,0.0,Clear or Partly Cloudy
80193,94066,94066,3326841,Matched,Block,,4TH AVE S BETWEEN 2ND AV ET S AND SEATTLE BLVD S,,,2,Injury Collision,Cycles,2,0,1,1,1,0,0,2009-09-29T00:00:00.000Z,9/29/2009 5:30:00 PM,Driveway Junction,18,"MOTOR VEHICLE STRUCK PEDALCYCLIST, FRONT END AT ANGLE",,0,Raining,Wet,Daylight,,9272007.0,,45.0,Vehicle - Pedalcyclist,0,611157,N,POINT (1271424.009074733 221518.5828068852),2972.0,9.5887589402708e-06,Raining
80214,95282,95282,2615095,Matched,Block,,26TH AVE E BETWEEN BOYER AVE E AND E NEWTON ST,,,2,Injury Collision,Cycles,2,0,1,1,1,0,0,2009-05-14T00:00:00.000Z,5/14/2009 8:54:00 PM,Mid-Block (not related to intersection),54,PEDALCYCLIST STRUCK MOTOR VEHICLE REAR END,,0,Clear or Partly Cloudy,Dry,Dusk,,9134003.0,Y,45.0,Vehicle - Pedalcyclist,0,0,N,POINT (1278968.479994461 235403.2652531117),8511.0,1.7366605418985038e-05,Clear or Partly Cloudy
80216,95010,95010,3286337,Matched,Block,,WESTERN AVE BETWEEN UNIVERSITY ST AND UNION ST,,,1,Property Damage Only Collision,Cycles,4,0,1,1,0,0,0,2009-01-31T00:00:00.000Z,1/31/2009 1:56:00 PM,Mid-Block (not related to intersection),18,"MOTOR VEHICLE STRUCK PEDALCYCLIST, FRONT END AT ANGLE",,0,Clear or Partly Cloudy,Dry,Daylight,,9031007.0,,45.0,Vehicle - Pedalcyclist,13033,0,N,POINT (1268830.213488072 225003.2628744543),12671.0,1.2211213188120944e-06,Clear or Partly Cloudy
80297,94204,94204,2797921,Matched,Intersection,30447.0,8TH AVE S AND S DEARBORN ST,,,2,Injury Collision,Cycles,2,0,1,1,1,0,0,2009-06-12T00:00:00.000Z,6/12/2009 9:55:00 AM,At Intersection (intersection related),51,PEDALCYCLIST STRUCK MOTOR VEHICLE FRONT END AT ANGLE,,0,Clear or Partly Cloudy,Dry,Daylight,Y,9163035.0,,45.0,Vehicle - Pedalcyclist,5851,0,N,POINT (1273019.573044375 220895.8416862488),3274.0,0.0,Clear or Partly Cloudy
80330,94615,94615,3295729,Matched,Intersection,31913.0,36TH AVE SW AND SW SNOQUALMIE ST,,,2,Injury Collision,Cycles,2,0,1,1,1,0,0,2009-08-13T00:00:00.000Z,8/13/2009 7:23:00 PM,At Intersection (intersection related),18,"MOTOR VEHICLE STRUCK PEDALCYCLIST, FRONT END AT ANGLE",,0,Overcast,Wet,Daylight,,9225008.0,,45.0,Vehicle - Pedalcyclist,41581,0,N,POINT (1259206.079782218 208838.2281059027),13651.0,0.0,Overcast
80351,94748,94748,3211367,Matched,Intersection,38309.0,56TH AVE S AND S RYAN ST,,,2,Injury Collision,Cycles,2,0,1,1,1,0,0,2009-09-11T00:00:00.000Z,9/11/2009 8:00:00 PM,At Intersection (intersection related),51,PEDALCYCLIST STRUCK MOTOR VEHICLE FRONT END AT ANGLE,,0,Clear or Partly Cloudy,Dry,Dark - Street Lights On,,9254006.0,,45.0,Vehicle - Pedalcyclist,0,0,N,POINT (1287088.028738782 189199.8588057905),3179.0,0.0,Clear or Partly Cloudy
80361,95293,95293,3344637,Matched,Intersection,28725.0,HIGHLAND DR AND WESTLAKE AVE N,,,2b,Serious Injury Collision,Cycles,2,0,1,1,1,1,0,2009-08-19T00:00:00.000Z,8/19/2009 4:58:00 PM,At Intersection (intersection related),18,"MOTOR VEHICLE STRUCK PEDALCYCLIST, FRONT END AT ANGLE",,0,Clear or Partly Cloudy,Dry,Daylight,Y,9231001.0,,45.0,Vehicle - Pedalcyclist,0,574134,N,POINT (1268685.901615933 233340.9993309975),2204.0,0.0,Clear or Partly Cloudy
80364,95292,95292,3206527,Matched,Intersection,25790.0,11TH AVE NE AND NE 50TH ST,,,2,Injury Collision,Cycles,2,0,1,1,1,0,0,2009-05-19T00:00:00.000Z,5/19/2009 8:32:00 PM,At Intersection (intersection related),18,"MOTOR VEHICLE STRUCK PEDALCYCLIST, FRONT END AT ANGLE",,0,Raining,Wet,Dark - Street Lights On,Y,9139003.0,,45.0,Vehicle - Pedalcyclist,0,524459,N,POINT (1275016.001590416 246065.9995360225),7253.0,0.0,Raining
80370,93663,93663,3199256,Matched,Block,,S JACKSON ST BETWEEN 10TH AVE S AND 12TH AVE S,,,2,Injury Collision,Cycles,2,0,1,1,1,0,0,2009-06-23T00:00:00.000Z,6/23/2009 8:52:00 AM,Driveway Junction,18,"MOTOR VEHICLE STRUCK PEDALCYCLIST, FRONT END AT ANGLE",,0,Clear or Partly Cloudy,Dry,Daylight,Y,9174005.0,,45.0,Vehicle - Pedalcyclist,24480,0,N,POINT (1274036.343669415 222100.3491434902),20239.0,2.70784097836294e-05,Clear or Partly Cloudy