OBJECTID,INCKEY,COLDETKEY,REPORTNO,STATUS,ADDRTYPE,INTKEY,LOCATION,EXCEPTRSNC,EXCEPTRSND,SEVERITYCO,SEVERITYDE,COLLISIONT,PERSONCOUN,PEDCOUNT,PEDCYLCOUN,VEHCOUNT,INJURIES,SERIOUSINJ,FATALITIES,INCDATE,INCDTTM,JUNCTIONTY,SDOT_COLCO,SDOT_COLDE,INATTENTIO,UNDERINFL,WEATHER,ROADCOND,LIGHTCOND,PEDROWNOTG,SDOTCOLNUM,SPEEDING,ST_COLCODE,ST_COLDESC,SEGLANEKEY,CROSSWALKK,HITPARKEDC,geometry,near_str_index,min_length,weather_group
88612,103494,103494,3284488,Matched,Block,,NE 65TH ST BETWEEN 44TH AVE NE AND 45TH AVE NE,,,2b,Serious Injury Collision,Cycles,2,0,1,1,1,1,0,2009-08-03T00:00:00.000Z,8/3/2009,Mid-Block (not related to intersection),54,PEDALCYCLIST STRUCK MOTOR VEHICLE REAR END,,0,Clear or Partly Cloudy,Dry,Daylight,,9215005.0,,45.0,Vehicle - Pedalcyclist,29987,0,N,POINT (1283991.4445436 249857.6480519027),7309.0,7.585913373942834e-09,Clear or Partly Cloudy
88632,102146,102146,3277107,Matched,Block,,ROOSEVELT WAY NE BETWEEN NE 42ND N ST AND NE 43RD S ST,,,2,Injury Collision,Cycles,1,0,1,0,1,0,0,2009-04-17T00:00:00.000Z,4/17/2009 9:28:00 AM,Mid-Block (not related to intersection),69,PEDALCYCLIST OVERTURNED IN ROAD,,0,Overcast,Wet,Daylight,,9107008.0,,45.0,Vehicle - Pedalcyclist,8990,0,N,POINT (1274621.021750003 243878.6222537905),19030.0,1.4612336307282194e-05,Overcast
88656,102279,102279,3282573,Matched,Intersection,36585.0,CORLISS AVE N AND N NORTHGATE WAY,,,2,Injury Collision,Cycles,2,0,1,1,1,0,0,2009-01-26T00:00:00.000Z,1/26/2009 12:05:00 PM,At Intersection (intersection related),51,PEDALCYCLIST STRUCK MOTOR VEHICLE FRONT END AT ANGLE,,0,Clear or Partly Cloudy,Dry,Daylight,,9026005.0,,45.0,Vehicle - Pedalcyclist,18972,0,N,POINT (1271636.107314959 262081.3979524225),14407.0,0.0,Clear or Partly Cloudy
88659,102009,102009,3207651,Matched,Intersection,30750.0,17TH AVE S AND S JACKSON ST,,,2,Injury Collision,Cycles,3,0,1,1,1,0,0,2009-10-12T00:00:00.000Z,10/12/2009 6:55:00 AM,At Intersection (intersection related),18,"MOTOR VEHICLE STRUCK PEDALCYCLIST, FRONT END AT ANGLE",,0,Clear or Partly Cloudy,Dry,Dawn,Y,9285003.0,,45.0,Vehicle - Pedalcyclist,11031,0,N,POINT (1276049.648439467 222078.1021674573),9323.0,0.0,Clear or Partly Cloudy
88691,103102,103102,3207727,Matched,Block,,BROADWAY E BETWEEN E DENNY WAY AND E OLIVE WAY,,,2,Injury Collision,Cycles,2,0,1,1,1,0,0,2009-10-19T00:00:00.000Z,10/19/2009 6:45:00 PM,Mid-Block (but intersection related),23,"MOTOR VEHICLE STRUCK PEDALCYCLIST, LEFT SIDE SIDESWIPE",,0,Clear or Partly Cloudy,Dry,Dusk,Y,9292003.0,,45.0,Vehicle - Pedalcyclist,6821,0,N,POINT (1273578.660532936 229455.3690550178),650.0,2.2848738557753846e-05,Clear or Partly Cloudy
88696,102559,102559,3273860,Matched,Intersection,29109.0,FAIRVIEW AVE N AND FAIRVIEW PL N,,,2,Injury Collision,Cycles,2,0,1,1,1,0,0,2009-05-25T00:00:00.000Z,5/25/2009 11:42:00 PM,At Intersection (intersection related),18,"MOTOR VEHICLE STRUCK PEDALCYCLIST, FRONT END AT ANGLE",,0,Clear or Partly Cloudy,Dry,Dark - Street Lights On,,9145001.0,,45.0,Vehicle - Pedalcyclist,0,0,N,POINT (1270386.933809668 232056.0782416761),720.0,0.0,Clear or Partly Cloudy
88727,103645,103645,3199078,Matched,Intersection,29761.0,12TH AVE AND E MADISON ST,,,1,Property Damage Only Collision,Cycles,2,0,1,1,0,0,0,2009-05-20T00:00:00.000Z,5/20/2009 6:19:00 PM,At Intersection (intersection related),18,"MOTOR VEHICLE STRUCK PEDALCYCLIST, FRONT END AT ANGLE",,0,Clear or Partly Cloudy,Dry,Daylight,,9140005.0,,45.0,Vehicle - Pedalcyclist,10773,0,N,POINT (1274551.867445946 227089.5945245922),39.0,0.0,Clear or Partly Cloudy
88781,102291,102291,3283001,Matched,Intersection,30144.0,18TH AVE AND E UNION ST,,,2,Injury Collision,Cycles,2,0,1,1,1,0,0,2009-02-01T00:00:00.000Z,2/1/2009,At Intersection (intersection related),51,PEDALCYCLIST STRUCK MOTOR VEHICLE FRONT END AT ANGLE,,0,Clear or Partly Cloudy,Dry,Dark - Street Lights On,Y,9032003.0,,45.0,Vehicle - Pedalcyclist,9324,0,N,POINT (1276493.390135929 227056.8316445649),3962.0,0.0,Clear or Partly Cloudy
88834,102839,102839,2796201,Matched,Intersection,28913.0,MERCER ST AND TAYLOR AVE N,,,2,Injury Collision,Cycles,2,0,1,1,1,0,0,2009-08-13T00:00:00.000Z,8/13/2009 8:04:00 AM,At Intersection (intersection related),18,"MOTOR VEHICLE STRUCK PEDALCYCLIST, FRONT END AT ANGLE",,0,Overcast,Dry,Daylight,Y,9225013.0,,45.0,Vehicle - Pedalcyclist,25073,0,N,POINT (1267352.501806572 231486.9510730952),6529.0,0.0,Overcast
88893,104055,104055,3198935,Matched,Block,,LAKE WASHINGTON BLVD E BETWEEN E MADISON ST AND ARBORETUM DR E,,,1,Property Damage Only Collision,Cycles,2,0,1,1,0,0,0,2009-06-01T00:00:00.000Z,6/1/2009,Mid-Block (but intersection related),23,"MOTOR VEHICLE STRUCK PEDALCYCLIST, LEFT SIDE SIDESWIPE",,0,Clear or Partly Cloudy,Dry,Daylight,Y,9152003.0,,45.0,Vehicle - Pedalcyclist,8945,0,N,POINT (1280506.198972031 232193.5976018161),21803.0,4.019627683587087e-06,Clear or Partly Cloudy
88901,103927,103927,3198940,Matched,Intersection,29862.0,BELLEVUE AVE AND E PINE ST,,,2,Injury Collision,Cycles,2,0,1,1,1,0,0,2009-08-18T00:00:00.000Z,8/18/2009 4:52:00 PM,At Intersection (intersection related),51,PEDALCYCLIST STRUCK MOTOR VEHICLE FRONT END AT ANGLE,,0,Clear or Partly Cloudy,Dry,Daylight,Y,9230003.0,,45.0,Vehicle - Pedalcyclist,10342,0,N,POINT (1272084.808499411 227986.9833255112),633.0,0.0,Clear or Partly Cloudy
88935,102576,102576,3284864,Matched,Intersection,27185.0,SUNNYSIDE AVE N AND N 45TH ST,,,1,Property Damage Only Collision,Cycles,3,0,1,1,0,0,0,2009-02-10T00:00:00.000Z,2/10/2009 7:31:00 PM,At Intersection (intersection related),18,"MOTOR VEHICLE STRUCK PEDALCYCLIST, FRONT END AT ANGLE",,0,Sleet/Hail/Freezing Rain,Wet,Dark - Street Lights On,Y,9041002.0,,45.0,Vehicle - Pedalcyclist,6525,0,N,POINT (1271584.0799229 244834.1738707721),9056.0,0.0,Raining
88946,102845,102845,2896681,Matched,Block,,S DEARBORN ST BETWEEN MAYNARD AVE S AND 7TH AVE S,,,2,Injury Collision,Cycles,2,0,1,1,1,0,0,2009-06-18T00:00:00.000Z,6/18/2009 6:28:00 AM,Driveway Junction,51,PEDALCYCLIST STRUCK MOTOR VEHICLE FRONT END AT ANGLE,Y,0,Clear or Partly Cloudy,Dry,Daylight,Y,9169009.0,,45.0,Vehicle - Pedalcyclist,5820,0,N,POINT (1272536.731315881 220906.3445982635),7666.0,2.29931664055418e-05,Clear or Partly Cloudy
90074,105187,105187,3296870,Matched,Block,,RAINIER AVE S BETWEEN S FOREST ST AND M L KING JR WAY S,,,2,Injury Collision,Cycles,2,0,1,1,1,0,0,2009-09-25T00:00:00.000Z,9/25/2009 12:56:00 PM,Driveway Junction,18,"MOTOR VEHICLE STRUCK PEDALCYCLIST, FRONT END AT ANGLE",,0,Clear or Partly Cloudy,Dry,Daylight,Y,9268004.0,,45.0,Vehicle - Pedalcyclist,20107,0,N,POINT (1279149.975418642 213887.4315030724),10372.0,8.050861236951097e-06,Clear or Partly Cloudy
90082,105984,105984,3285060,Matched,Block,,14TH AVE S BETWEEN S ATLANTIC ST AND S MASSACHUSETTS ST,,,2,Injury Collision,Cycles,2,0,1,1,1,0,0,2009-04-05T00:00:00.000Z,4/5/2009,Mid-Block (not related to intersection),56,PEDALCYCLIST STRUCK MOTOR VEHICLE LEFT SIDE SIDESWIPE,,0,Clear or Partly Cloudy,Dry,Daylight,,9095026.0,,45.0,Vehicle - Pedalcyclist,37518,0,N,POINT (1274848.570294246 218446.4066757411),13287.0,2.70280965053307e-05,Clear or Partly Cloudy
90152,104659,104659,3276966,Matched,Block,,1ST AVE BETWEEN LENORA ST AND BLANCHARD ST,,,1,Property Damage Only Collision,Cycles,2,0,1,1,0,0,0,2009-07-11T00:00:00.000Z,7/11/2009 3:06:00 PM,Driveway Junction,18,"MOTOR VEHICLE STRUCK PEDALCYCLIST, FRONT END AT ANGLE",Y,0,Clear or Partly Cloudy,Dry,Daylight,Y,9192025.0,,45.0,Vehicle - Pedalcyclist,0,0,N,POINT (1267684.527726904 226979.4172444791),21687.0,4.30423418006055e-06,Clear or Partly Cloudy
90153,104927,104927,3344724,Matched,Intersection,29881.0,7TH AVE AND PINE ST,,,2,Injury Collision,Cycles,2,0,1,1,1,0,0,2009-08-14T00:00:00.000Z,8/14/2009 6:37:00 PM,At Intersection (intersection related),51,PEDALCYCLIST STRUCK MOTOR VEHICLE FRONT END AT ANGLE,,0,Clear or Partly Cloudy,Dry,Daylight,Y,9226007.0,,45.0,Vehicle - Pedalcyclist,37048,0,N,POINT (1270227.014961511 227068.0994845778),6591.0,0.0,Clear or Partly Cloudy
90174,104793,104793,3284678,Matched,Intersection,26903.0,WALLINGFORD AVE N AND N 35TH ST,,,2,Injury Collision,Cycles,2,0,1,1,1,0,0,2009-01-07T00:00:00.000Z,1/7/2009,At Intersection (intersection related),51,PEDALCYCLIST STRUCK MOTOR VEHICLE FRONT END AT ANGLE,,0,Overcast,Wet,Daylight,Y,9007031.0,,45.0,Vehicle - Pedalcyclist,6168,0,N,POINT (1269975.803953245 240424.215466246),1012.0,0.0,Overcast
90227,105864,105864,3286368,Matched,Block,,S DEARBORN ST BETWEEN 7TH AVE S AND 8TH AVE S,,,2,Injury Collision,Cycles,5,0,1,1,1,0,0,2009-08-26T00:00:00.000Z,8/26/2009 12:38:00 PM,Driveway Junction,18,"MOTOR VEHICLE STRUCK PEDALCYCLIST, FRONT END AT ANGLE",,0,Clear or Partly Cloudy,Dry,Daylight,,9238004.0,,45.0,Vehicle - Pedalcyclist,0,0,N,POINT (1272858.619828209 220899.3477982581),13978.0,1.948371687125159e-05,Clear or Partly Cloudy
90231,105862,105862,3200772,Matched,Block,,QUEEN ANNE AVE N BETWEEN VALLEY ST AND ALOHA ST,,,2,Injury Collision,Cycles,1,0,1,0,1,0,0,2009-05-23T00:00:00.000Z,5/23/2009 2:07:00 PM,Mid-Block (not related to intersection),69,PEDALCYCLIST OVERTURNED IN ROAD,,0,Clear or Partly Cloudy,Dry,Daylight,,9143002.0,Y,45.0,Vehicle - Pedalcyclist,30628,0,N,POINT (1264797.588459954 232338.1954899728),6603.0,2.4836486857224092e-05,Clear or Partly Cloudy
90260,104271,104271,3210485,Matched,Intersection,24429.0,12TH AVE NE AND NE 75TH ST,,,2b,Serious Injury Collision,Cycles,2,0,1,1,1,1,0,2009-07-07T00:00:00.000Z,7/7/2009,At Intersection (intersection related),18,"MOTOR VEHICLE STRUCK PEDALCYCLIST, FRONT END AT ANGLE",,0,Clear or Partly Cloudy,Dry,Daylight,Y,9188011.0,,45.0,Vehicle - Pedalcyclist,0,521080,N,POINT (1275403.414582804 252683.3998627961),1474.0,0.0,Clear or Partly Cloudy
90264,104525,104525,3289058,Matched,Intersection,25790.0,11TH AVE NE AND NE 50TH ST,,,2,Injury Collision,Cycles,2,0,1,1,1,0,0,2009-01-27T00:00:00.000Z,1/27/2009 4:40:00 PM,At Intersection (intersection related),18,"MOTOR VEHICLE STRUCK PEDALCYCLIST, FRONT END AT ANGLE",Y,0,Raining,Wet,Dusk,,9027010.0,,45.0,Vehicle - Pedalcyclist,21428,0,N,POINT (1275016.001590416 246065.9995360225),7253.0,0.0,Raining
90268,104267,104267,3199097,Matched,Intersection,29739.0,11TH AVE AND E PINE ST,,,2,Injury Collision,Cycles,4,0,1,1,1,0,0,2009-06-12T00:00:00.000Z,6/12/2009 9:20:00 PM,At Intersection (intersection related),18,"MOTOR VEHICLE STRUCK PEDALCYCLIST, FRONT END AT ANGLE",,0,Clear or Partly Cloudy,Dry,Daylight,Y,9163004.0,,45.0,Vehicle - Pedalcyclist,10420,0,N,POINT (1274216.837429598 227958.9433894902),28.0,0.0,Clear or Partly Cloudy
90276,104144,104144,3208204,Matched,Intersection,29965.0,5TH AVE AND COLUMBIA ST,,,2,Injury Collision,Cycles,2,0,1,1,1,0,0,2009-04-10T00:00:00.000Z,4/10/2009 5:11:00 PM,At Intersection (intersection related),18,"MOTOR VEHICLE STRUCK PEDALCYCLIST, FRONT END AT ANGLE",,0,Overcast,Dry,Daylight,,9100003.0,,45.0,Vehicle - Pedalcyclist,36265,0,N,POINT (1271103.339058414 224324.1504257619),8766.0,0.0,Overcast
90310,105069,105069,3210511,Matched,Intersection,29863.0,MELROSE AVE AND PINE ST,,,2,Injury Collision,Cycles,2,0,1,1,1,0,0,2009-09-17T00:00:00.000Z,9/17/2009 3:15:00 AM,At Intersection (intersection related),11,"MOTOR VEHICLE STRUCK MOTOR VEHICLE, FRONT END AT ANGLE",,1,Clear or Partly Cloudy,Dry,Dark - Street Lights On,,9260001.0,,45.0,Vehicle - Pedalcyclist,41973,0,N,POINT (1271813.802035138 227999.6394535303),897.0,0.0,Clear or Partly Cloudy
90319,104937,104937,3283660,Matched,Block,,15TH AVE NE BETWEEN NE 73RD ST AND NE 75TH ST,,,2,Injury Collision,Cycles,2,0,1,1,1,0,0,2009-05-21T00:00:00.000Z,5/21/2009 12:32:00 AM,Mid-Block (but intersection related),21,"MOTOR VEHICLE STRUCK PEDALCYCLIST, REAR END",,1,Clear or Partly Cloudy,Dry,Dark - Street Lights On,Y,9141001.0,,45.0,Vehicle - Pedalcyclist,29134,0,N,POINT (1276280.374967709 252325.3579424322),19440.0,2.178725297839812e-05,Clear or Partly Cloudy
90385,105874,105874,3286687,Matched,Block,,NE 127TH ST BETWEEN 25TH AVE NE AND 26TH AVE NE,,,2,Injury Collision,Cycles,2,0,1,1,1,0,0,2009-02-02T00:00:00.000Z,2/2/2009,Driveway Junction,51,PEDALCYCLIST STRUCK MOTOR VEHICLE FRONT END AT ANGLE,,0,Overcast,Dry,Dusk,Y,9033003.0,,45.0,Vehicle - Pedalcyclist,0,0,N,POINT (1279140.087994635 266489.3313969374),18194.0,0.0,Overcast
90424,104282,104282,3277075,Matched,Intersection,25464.0,LEARY WAY NW AND NW 46TH ST,,,2,Injury Collision,Cycles,2,0,1,1,1,0,0,2009-07-08T00:00:00.000Z,7/8/2009,At Intersection (intersection related),18,"MOTOR VEHICLE STRUCK PEDALCYCLIST, FRONT END AT ANGLE",,0,Clear or Partly Cloudy,Dry,Daylight,Y,9189002.0,,45.0,Vehicle - Pedalcyclist,0,0,N,POINT (1262301.018409386 245318.484655261),804.0,0.0,Clear or Partly Cloudy
90428,104280,104280,2797615,Matched,Block,,5TH AVE BETWEEN STEWART ST AND VIRGINIA ST,,,2,Injury Collision,Cycles,2,0,1,1,1,0,0,2009-07-06T00:00:00.000Z,7/6/2009,Mid-Block (not related to intersection),56,PEDALCYCLIST STRUCK MOTOR VEHICLE LEFT SIDE SIDESWIPE,,0,Clear or Partly Cloudy,Dry,Daylight,,9187033.0,,45.0,Vehicle - Pedalcyclist,36184,0,N,POINT (1269181.479856446 227359.3147168756),5879.0,1.0524931659861929e-08,Clear or Partly Cloudy
90474,105611,105611,3345129,Matched,Intersection,29681.0,CLAY ST AND ELLIOTT AVE,,,2,Injury Collision,Cycles,2,0,1,1,1,0,0,2009-10-05T00:00:00.000Z,10/5/2009,At Intersection (intersection related),51,PEDALCYCLIST STRUCK MOTOR VEHICLE FRONT END AT ANGLE,,0,Clear or Partly Cloudy,Dry,Daylight,Y,9278002.0,,45.0,Vehicle - Pedalcyclist,41963,0,N,POINT (1265557.378092721 228044.242589578),3437.0,0.0,Clear or Partly Cloudy
90495,105880,105880,2899042,Matched,Intersection,29157.0,BELMONT AVE E AND E OLIVE WAY,,,2,Injury Collision,Cycles,2,0,1,1,1,0,0,2009-06-26T00:00:00.000Z,6/26/2009 9:33:00 PM,At Intersection (intersection related),51,PEDALCYCLIST STRUCK MOTOR VEHICLE FRONT END AT ANGLE,,0,Clear or Partly Cloudy,Dry,Dark - Street Lights On,Y,9177035.0,,45.0,Vehicle - Pedalcyclist,23250,0,N,POINT (1272804.962100148 229595.8329911679),3379.0,0.0,Clear or Partly Cloudy
90517,104159,104159,3206463,Matched,Intersection,24698.0,28TH AVE NE AND NE 65TH ST,,,2,Injury Collision,Cycles,2,0,1,1,1,0,0,2009-11-01T00:00:00.000Z,11/1/2009,At Intersection (intersection related),18,"MOTOR VEHICLE STRUCK PEDALCYCLIST, FRONT END AT ANGLE",,0,Clear or Partly Cloudy,Dry,Daylight,Y,9305016.0,,45.0,Vehicle - Pedalcyclist,29805,0,N,POINT (1279752.890939265 249933.5799559802),10538.0,0.0,Clear or Partly Cloudy
90563,104417,104417,3285024,Matched,Intersection,27077.0,UNIVERSITY WAY NE AND NE 43RD ST,,,2,Injury Collision,Cycles,2,0,1,1,1,0,0,2009-01-08T00:00:00.000Z,1/8/2009,At Intersection (intersection related),18,"MOTOR VEHICLE STRUCK PEDALCYCLIST, FRONT END AT ANGLE",,0,Raining,Wet,Dark - Street Lights On,,9008004.0,,45.0,Vehicle - Pedalcyclist,5653,0,N,POINT (1275760.030775174 244179.1487180889),998.0,0.0,Raining
90564,104416,104416,3282182,Matched,Intersection,31577.0,21ST AVE S AND S COLLEGE ST,,,2,Injury Collision,Cycles,2,0,1,1,1,0,0,2009-01-06T00:00:00.000Z,1/6/2009,At Intersection (intersection related),18,"MOTOR VEHICLE STRUCK PEDALCYCLIST, FRONT END AT ANGLE",,0,Raining,Wet,Daylight,Y,9006018.0,Y,45.0,Vehicle - Pedalcyclist,38190,0,N,POINT (1277097.888056546 216119.9712173641),11707.0,0.0,Raining
90582,105086,105086,2893935,Matched,Block,,24TH AVE NW BETWEEN NW 73RD ST AND NW 75TH ST,,,2,Injury Collision,Cycles,2,0,1,1,1,0,0,2009-04-13T00:00:00.000Z,4/13/2009 6:40:00 PM,Mid-Block (not related to intersection),18,"MOTOR VEHICLE STRUCK PEDALCYCLIST, FRONT END AT ANGLE",,0,Overcast,Wet,Dawn,Y,9103026.0,,45.0,Vehicle - Pedalcyclist,2174,0,N,POINT (1257597.930916578 252728.7082788497),201.0,1.133963465451017e-06,Overcast
90591,105222,105222,3283110,Matched,Block,,SW JUNEAU ST BETWEEN 40TH AVE SW AND 41ST AVE SW,,,2,Injury Collision,Cycles,2,0,1,1,1,0,0,2009-08-11T00:00:00.000Z,8/11/2009 3:15:00 PM,Driveway Junction,51,PEDALCYCLIST STRUCK MOTOR VEHICLE FRONT END AT ANGLE,,0,Clear or Partly Cloudy,Dry,Daylight,Y,9223023.0,,45.0,Vehicle - Pedalcyclist,0,0,N,POINT (1257581.984932557 204573.3315895349),4709.0,7.4447574743924944e-09,Clear or Partly Cloudy
90642,106023,106023,2796379,Matched,Intersection,30968.0,61ST AVE SW AND ALKI AVE SW,,,2,Injury Collision,Cycles,2,0,1,1,1,0,0,2009-09-11T00:00:00.000Z,9/11/2009 3:39:00 PM,At Intersection (intersection related),18,"MOTOR VEHICLE STRUCK PEDALCYCLIST, FRONT END AT ANGLE",,0,Clear or Partly Cloudy,Dry,Daylight,,9254002.0,,45.0,Vehicle - Pedalcyclist,3646,0,N,POINT (1251139.562525958 215236.7663524598),548.0,0.0,Clear or Partly Cloudy
90672,104168,104168,3296132,Matched,Intersection,35096.0,12TH AVE S AND S CLOVERDALE ST,,,2,Injury Collision,Cycles,2,0,1,1,1,0,0,2009-02-04T00:00:00.000Z,2/4/2009,At Intersection (intersection related),18,"MOTOR VEHICLE STRUCK PEDALCYCLIST, FRONT END AT ANGLE",,0,Clear or Partly Cloudy,Dry,Dark - Street Lights On,Y,9035021.0,,45.0,Vehicle - Pedalcyclist,0,0,N,POINT (1273734.543669105 195568.9532123208),51.0,0.0,Clear or Partly Cloudy
90762,105896,105896,3210185,Matched,Intersection,26915.0,DENSMORE AVE N AND N NORTHLAKE WAY,,,2,Injury Collision,Cycles,3,0,2,1,1,0,0,2009-05-25T00:00:00.000Z,5/25/2009 4:11:00 PM,At Intersection (intersection related),18,"MOTOR VEHICLE STRUCK PEDALCYCLIST, FRONT END AT ANGLE",,0,Clear or Partly Cloudy,Dry,Daylight,Y,9145004.0,,45.0,Vehicle - Pedalcyclist,0,0,N,POINT (1269659.243056923 239587.2022173852),4089.0,0.0,Clear or Partly Cloudy
90774,106243,106243,3280418,Matched,Intersection,27039.0,FREMONT AVE N AND N 34TH ST,,,2,Injury Collision,Cycles,2,0,1,1,1,0,0,2009-05-19T00:00:00.000Z,5/19/2009 7:20:00 AM,At Intersection (intersection related),18,"MOTOR VEHICLE STRUCK PEDALCYCLIST, FRONT END AT ANGLE",,0,Overcast,Dry,Daylight,Y,9139005.0,,45.0,Vehicle - Pedalcyclist,8240,0,N,POINT (1266674.116909876 240632.7658664584),1223.0,0.0,Overcast
90786,105762,105762,2797154,Matched,Intersection,30056.0,27TH AVE AND E COLUMBIA ST,,,2,Injury Collision,Cycles,2,0,1,1,1,0,0,2009-06-04T00:00:00.000Z,6/4/2009,At Intersection (intersection related),18,"MOTOR VEHICLE STRUCK PEDALCYCLIST, FRONT END AT ANGLE",,0,Clear or Partly Cloudy,Dry,Daylight,Y,9155019.0,,45.0,Vehicle - Pedalcyclist,0,0,N,POINT (1279255.575610757 225584.0559630543),2664.0,0.0,Clear or Partly Cloudy
90861,104830,104830,3207268,Matched,Block,,FAIRVIEW AVE N BETWEEN MERCER S SR ST AND MERCER ST,,,1,Property Damage Only Collision,Cycles,2,0,1,1,0,0,0,2009-07-29T00:00:00.000Z,7/29/2009 7:55:00 AM,Mid-Block (but intersection related),21,"MOTOR VEHICLE STRUCK PEDALCYCLIST, REAR END",Y,N,Clear or Partly Cloudy,Dry,Daylight,,9210020.0,,45.0,Vehicle - Pedalcyclist,25396,0,N,POINT (1270305.557809591 231399.9859530032),16361.0,5.0355877184119225e-06,Clear or Partly Cloudy
90893,106038,106038,2827950,Matched,Intersection,29140.0,SUMMIT AVE E AND E HARRISON ST,,,2,Injury Collision,Cycles,2,0,1,1,1,0,0,2009-07-20T00:00:00.000Z,7/20/2009 7:32:00 AM,At Intersection (intersection related),51,PEDALCYCLIST STRUCK MOTOR VEHICLE FRONT END AT ANGLE,,0,Clear or Partly Cloudy,Dry,Daylight,Y,9201005.0,,45.0,Vehicle - Pedalcyclist,0,0,N,POINT (1272502.116403833 230448.0313920379),3779.0,0.0,Clear or Partly Cloudy
90900,105909,105909,3343891,Matched,Intersection,33362.0,15TH AVE S AND S LUCILE ST,,,1,Property Damage Only Collision,Cycles,2,0,1,1,0,0,0,2009-10-06T00:00:00.000Z,10/6/2009,At Intersection (intersection related),18,"MOTOR VEHICLE STRUCK PEDALCYCLIST, FRONT END AT ANGLE",,0,Clear or Partly Cloudy,Dry,Daylight,,9279005.0,,45.0,Vehicle - Pedalcyclist,0,525165,N,POINT (1274938.905398339 205394.0947263837),88.0,0.0,Clear or Partly Cloudy
90914,104182,104182,3199390,Matched,Block,,15TH AVE E BETWEEN E REPUBLICAN N ST AND E MERCER S ST,,,1,Property Damage Only Collision,Cycles,2,0,1,1,0,0,0,2009-09-29T00:00:00.000Z,9/29/2009 5:49:00 PM,Mid-Block (not related to intersection),56,PEDALCYCLIST STRUCK MOTOR VEHICLE LEFT SIDE SIDESWIPE,,0,Raining,Wet,Daylight,,9272008.0,,45.0,Vehicle - Pedalcyclist,8560,0,N,POINT (1275643.679031059 231033.3088326305),20456.0,7.447112339121464e-09,Raining
90915,104181,104181,3211220,Matched,Intersection,31517.0,RAINIER AVE S AND S MASSACHUSETTS ST,,,2,Injury Collision,Cycles,3,0,1,1,1,0,0,2009-09-28T00:00:00.000Z,9/28/2009 4:34:00 PM,At Intersection (intersection related),18,"MOTOR VEHICLE STRUCK PEDALCYCLIST, FRONT END AT ANGLE",,0,Clear or Partly Cloudy,Dry,Daylight,,9271001.0,,45.0,Vehicle - Pedalcyclist,0,522986,N,POINT (1277070.548280522 218110.6185154021),13469.0,0.0,Clear or Partly Cloudy
90933,104188,104188,2826485,Matched,Intersection,29894.0,6TH AVE AND PIKE ST,,,1,Property Damage Only Collision,Cycles,2,0,1,1,0,0,0,2009-05-24T00:00:00.000Z,5/24/2009 12:50:00 PM,At Intersection (intersection related),18,"MOTOR VEHICLE STRUCK PEDALCYCLIST, FRONT END AT ANGLE",,0,Clear or Partly Cloudy,Dry,Daylight,Y,9144012.0,,45.0,Vehicle - Pedalcyclist,0,523698,N,POINT (1270166.981681451 226537.3270040303),16633.0,0.0,Clear or Partly Cloudy
90969,104709,104709,2893931,Matched,Intersection,25934.0,27TH AVE NE AND NE 55TH ST,,,2,Injury Collision,Cycles,2,0,1,1,1,0,0,2009-04-09T00:00:00.000Z,4/9/2009,At Intersection (intersection related),18,"MOTOR VEHICLE STRUCK PEDALCYCLIST, FRONT END AT ANGLE",,0,Overcast,Wet,Daylight,Y,9099004.0,,45.0,Vehicle - Pedalcyclist,33923,0,N,POINT (1279432.700986937 247293.0254572779),1422.0,0.0,Overcast
90979,104441,104441,2612760,Matched,Block,,W NICKERSON ST BETWEEN QUEEN ANNE AVE N AND W BERTONA ST,,,2,Injury Collision,Cycles,2,0,1,1,1,0,0,2009-05-05T00:00:00.000Z,5/5/2009,Mid-Block (not related to intersection),23,"MOTOR VEHICLE STRUCK PEDALCYCLIST, LEFT SIDE SIDESWIPE",,0,Raining,Wet,Daylight,Y,9125021.0,,45.0,Vehicle - Pedalcyclist,12480,0,N,POINT (1264549.237547696 240861.1549866945),4816.0,3.612505573042066e-05,Raining
91001,105113,105113,2802362,Matched,Block,,ROOSEVELT WAY NE BETWEEN NE 50TH ST AND NE 52ND ST,,,1,Property Damage Only Collision,Cycles,2,0,1,1,0,0,0,2009-04-25T00:00:00.000Z,4/25/2009 5:57:00 PM,Mid-Block (not related to intersection),56,PEDALCYCLIST STRUCK MOTOR VEHICLE LEFT SIDE SIDESWIPE,,0,Clear or Partly Cloudy,Dry,Daylight,,9115002.0,,45.0,Vehicle - Pedalcyclist,9128,0,N,POINT (1274759.934198156 246347.9235043079),15580.0,2.6524693346689482e-05,Clear or Partly Cloudy
91059,105917,105917,3334399,Matched,Intersection,27100.0,ROOSEVELT WAY NE AND NE 41ST ST,,,2,Injury Collision,Cycles,2,0,1,1,1,0,0,2009-10-12T00:00:00.000Z,10/12/2009 3:30:00 PM,At Intersection (intersection related),23,"MOTOR VEHICLE STRUCK PEDALCYCLIST, LEFT SIDE SIDESWIPE",,0,Unknown,Unknown,Unknown,Y,9285016.0,,45.0,Vehicle - Pedalcyclist,11662,0,N,POINT (1274593.717557982 243141.4757570326),6641.0,0.0,