OBJECTID,INCKEY,COLDETKEY,REPORTNO,STATUS,ADDRTYPE,INTKEY,LOCATION,EXCEPTRSNC,EXCEPTRSND,SEVERITYCO,SEVERITYDE,COLLISIONT,PERSONCOUN,PEDCOUNT,PEDCYLCOUN,VEHCOUNT,INJURIES,SERIOUSINJ,FATALITIES,INCDATE,INCDTTM,JUNCTIONTY,SDOT_COLCO,SDOT_COLDE,INATTENTIO,UNDERINFL,WEATHER,ROADCOND,LIGHTCOND,PEDROWNOTG,SDOTCOLNUM,SPEEDING,ST_COLCODE,ST_COLDESC,SEGLANEKEY,CROSSWALKK,HITPARKEDC,geometry,near_str_index,min_length,weather_group
91100,104319,104319,3328460,Matched,Block,,6TH AVE BETWEEN JAMES ST AND CHERRY ST,,,2,Injury Collision,Cycles,2,0,1,1,1,0,0,2009-10-20T00:00:00.000Z,10/20/2009 4:44:00 PM,Driveway Junction,18,"MOTOR VEHICLE STRUCK PEDALCYCLIST, FRONT END AT ANGLE",,0,Clear or Partly Cloudy,Dry,Daylight,Y,9293003.0,,45.0,Vehicle - Pedalcyclist,36575,0,N,POINT (1271613.980978936 224092.6397695243),8687.0,6.409061983493852e-09,Clear or Partly Cloudy
91171,105657,105657,3284814,Matched,Intersection,26791.0,WOODLAWN AVE N AND N 45TH W ST,,,2,Injury Collision,Cycles,2,0,1,1,1,0,0,2009-01-30T00:00:00.000Z,1/30/2009 6:56:00 PM,At Intersection (intersection related),18,"MOTOR VEHICLE STRUCK PEDALCYCLIST, FRONT END AT ANGLE",,0,Raining,Wet,Dark - Street Lights On,Y,9030008.0,,45.0,Vehicle - Pedalcyclist,0,0,N,POINT (1269368.240432635 244883.5078868121),6787.0,0.0,Raining
91173,106170,106170,3333504,Matched,Intersection,24483.0,ROOSEVELT WAY NE AND NE 68TH ST,,,2,Injury Collision,Cycles,2,0,1,1,1,0,0,2009-12-11T00:00:00.000Z,12/11/2009 7:27:00 AM,At Intersection (intersection related),51,PEDALCYCLIST STRUCK MOTOR VEHICLE FRONT END AT ANGLE,Y,0,Clear or Partly Cloudy,Dry,Dawn,,9345026.0,,45.0,Vehicle - Pedalcyclist,9408,0,N,POINT (1274847.189558238 250843.0107409209),6644.0,0.0,Clear or Partly Cloudy
91286,105799,105799,2893945,Matched,Intersection,27061.0,15TH AVE NE AND NE 45TH ST,,,2,Injury Collision,Cycles,2,1,1,0,1,0,0,2009-04-21T00:00:00.000Z,4/21/2009 1:30:00 PM,At Intersection (intersection related),64,PEDALCYCLIST STRUCK PEDESTRIAN,,0,Clear or Partly Cloudy,Dry,Daylight,Y,9111012.0,,45.0,Vehicle - Pedalcyclist,6965,524694,N,POINT (1276059.821623489 244708.5347026438),14574.0,0.0,Clear or Partly Cloudy
91307,105931,105931,3282592,Matched,Block,,S ROYAL BROUGHAM WAY BETWEEN EAST FRONTAGE RD S AND 1ST AVE S,,,2,Injury Collision,Cycles,2,0,1,1,1,0,0,2009-06-01T00:00:00.000Z,6/1/2009,Driveway Junction,51,PEDALCYCLIST STRUCK MOTOR VEHICLE FRONT END AT ANGLE,,0,Clear or Partly Cloudy,Dry,Daylight,,9152001.0,,45.0,Vehicle - Pedalcyclist,0,0,N,POINT (1269939.469041213 219702.962261036),7860.0,1.7859582699567894e-05,Clear or Partly Cloudy
91332,104595,104595,2826472,Matched,Intersection,28783.0,DEXTER AVE N AND HARRISON ST,,,2,Injury Collision,Cycles,2,0,1,1,1,0,0,2009-11-16T00:00:00.000Z,11/16/2009 5:17:00 PM,At Intersection (intersection related),51,PEDALCYCLIST STRUCK MOTOR VEHICLE FRONT END AT ANGLE,,0,Raining,Wet,Dark - Street Lights On,Y,9320004.0,,45.0,Vehicle - Pedalcyclist,12620,0,N,POINT (1268294.844463527 230555.517344147),6407.0,0.0,Raining
91338,104593,104593,2797562,Matched,Intersection,29925.0,9TH AVE AND MADISON ST,,,2,Injury Collision,Cycles,2,0,1,1,1,0,0,2009-11-13T00:00:00.000Z,11/13/2009 9:13:00 AM,At Intersection (intersection related),18,"MOTOR VEHICLE STRUCK PEDALCYCLIST, FRONT END AT ANGLE",,0,Raining,Wet,Daylight,Y,9317046.0,,45.0,Vehicle - Pedalcyclist,22727,0,N,POINT (1271899.279667228 225506.2567949742),3646.0,0.0,Raining
91351,104335,104335,3206104,Matched,Block,,LINDEN AVE N BETWEEN N 130TH ST AND N 135TH ST,,,2,Injury Collision,Cycles,2,0,1,1,1,0,0,2009-10-20T00:00:00.000Z,10/20/2009 2:16:00 PM,Driveway Junction,18,"MOTOR VEHICLE STRUCK PEDALCYCLIST, FRONT END AT ANGLE",,0,Clear or Partly Cloudy,Dry,Daylight,,9293004.0,,45.0,Vehicle - Pedalcyclist,40842,0,N,POINT (1267662.791086882 268139.4151106328),20586.0,2.602739777230382e-06,Clear or Partly Cloudy
91395,105543,105543,3207386,Matched,Block,,BOYER AVE E BETWEEN BOYER UPPER AVE E AND E EDGAR ST,,,2,Injury Collision,Cycles,2,0,1,1,1,0,0,2009-12-05T00:00:00.000Z,12/5/2009,Mid-Block (not related to intersection),56,PEDALCYCLIST STRUCK MOTOR VEHICLE LEFT SIDE SIDESWIPE,,0,Clear or Partly Cloudy,Dry,Daylight,,9339022.0,,45.0,Vehicle - Pedalcyclist,6016,0,N,POINT (1274691.750838086 238452.9495442361),3399.0,7.4496707627478945e-09,Clear or Partly Cloudy
91450,105671,105671,2798093,Matched,Intersection,30868.0,34TH AVE S AND S MCCLELLAN ST,,,2,Injury Collision,Cycles,2,0,1,1,1,0,0,2009-03-17T00:00:00.000Z,3/17/2009 9:29:00 AM,At Intersection (intersection related),51,PEDALCYCLIST STRUCK MOTOR VEHICLE FRONT END AT ANGLE,,0,Clear or Partly Cloudy,Wet,Daylight,Y,9076025.0,,45.0,Vehicle - Pedalcyclist,0,0,N,POINT (1280956.545084491 214363.1340955645),331.0,0.0,Clear or Partly Cloudy
91481,104344,104344,3211076,Matched,Intersection,33710.0,LAKE WASHINGTON BLVD S AND S ORCAS ST,,,3,Fatality Collision,Cycles,7,0,1,1,1,0,1,2009-07-17T00:00:00.000Z,7/17/2009 6:36:00 PM,At Intersection (intersection related),51,PEDALCYCLIST STRUCK MOTOR VEHICLE FRONT END AT ANGLE,,0,Clear or Partly Cloudy,Dry,Daylight,Y,9198005.0,,45.0,Vehicle - Pedalcyclist,38088,0,N,POINT (1288286.985796005 204269.0295092314),17297.0,0.0,Clear or Partly Cloudy
91543,105414,105414,3289759,Matched,Intersection,28767.0,DEXTER AVE N AND MERCER ST,,,2,Injury Collision,Cycles,2,0,1,1,1,0,0,2009-02-23T00:00:00.000Z,2/23/2009 8:05:00 AM,At Intersection (intersection related),51,PEDALCYCLIST STRUCK MOTOR VEHICLE FRONT END AT ANGLE,,0,Clear or Partly Cloudy,Dry,Daylight,Y,9054014.0,,45.0,Vehicle - Pedalcyclist,12649,0,N,POINT (1268318.102319553 231464.9540170729),696.0,0.0,Clear or Partly Cloudy
91573,105948,105948,2804338,Matched,Block,,14TH AVE NW BETWEEN NW LEARY WAY AND NW 49TH ST,,,2,Injury Collision,Cycles,2,0,1,1,1,0,0,2009-06-29T00:00:00.000Z,6/29/2009 11:00:00 PM,Mid-Block (not related to intersection),23,"MOTOR VEHICLE STRUCK PEDALCYCLIST, LEFT SIDE SIDESWIPE",,0,Clear or Partly Cloudy,Dry,Dusk,,9180032.0,,45.0,Vehicle - Pedalcyclist,26641,0,N,POINT (1260903.071463957 246013.9404639751),17651.0,2.8509719181201196e-05,Clear or Partly Cloudy
91633,106779,106779,3342980,Matched,Block,,CALIFORNIA AVE SW BETWEEN FAUNTLEROY WAY SW AND SW HOLLY ST,,,2,Injury Collision,Cycles,2,0,1,1,1,0,0,2010-07-30T00:00:00.000Z,7/30/2010 6:16:00 PM,Mid-Block (not related to intersection),18,"MOTOR VEHICLE STRUCK PEDALCYCLIST, FRONT END AT ANGLE",Y,N,Clear or Partly Cloudy,Dry,Daylight,Y,10211030.0,,45.0,Vehicle - Pedalcyclist,0,0,N,POINT (1256660.714211613 202300.2606112063),13728.0,2.6822544971110686e-06,Clear or Partly Cloudy
91653,107884,107884,3345283,Matched,Intersection,29763.0,14TH AVE AND E UNION ST,,,1,Property Damage Only Collision,Cycles,2,0,1,1,0,0,0,2010-06-18T00:00:00.000Z,6/18/2010 8:30:00 AM,At Intersection (intersection related),11,"MOTOR VEHICLE STRUCK MOTOR VEHICLE, FRONT END AT ANGLE",,N,Unknown,Unknown,Unknown,,10169045.0,,45.0,Vehicle - Pedalcyclist,9297,0,N,POINT (1275184.862518594 227087.6763165891),1176.0,0.0,
91678,108420,108420,3198721,Matched,Block,,NW 80TH ST BETWEEN 14TH AVE NW AND MARY AVE NW,,,2,Injury Collision,Cycles,2,0,1,1,1,0,0,2010-03-17T00:00:00.000Z,3/17/2010 12:44:00 PM,Mid-Block (not related to intersection),23,"MOTOR VEHICLE STRUCK PEDALCYCLIST, LEFT SIDE SIDESWIPE",,N,Overcast,Wet,Daylight,Y,10076003.0,,45.0,Vehicle - Pedalcyclist,27401,0,N,POINT (1260779.013543829 254358.0638005137),22967.0,1.6040671444893706e-05,Overcast
91692,108290,108290,3331301,Matched,Intersection,33877.0,48TH AVE SW AND BEACH DR SW,,,2,Injury Collision,Cycles,2,0,1,1,1,0,0,2010-06-18T00:00:00.000Z,6/18/2010 5:28:00 PM,At Intersection (intersection related),51,PEDALCYCLIST STRUCK MOTOR VEHICLE FRONT END AT ANGLE,,N,Clear or Partly Cloudy,Dry,Daylight,Y,10169050.0,,45.0,Vehicle - Pedalcyclist,0,0,N,POINT (1254355.860769257 201152.6557460278),626.0,0.0,Clear or Partly Cloudy
91719,107068,107068,3333839,Matched,Block,,FREMONT AVE N BETWEEN FREMONT WAY N AND XW N40,,,2,Injury Collision,Cycles,1,0,1,0,1,0,0,2010-09-11T00:00:00.000Z,9/11/2010 4:43:00 PM,Mid-Block (not related to intersection),29,MOTOR VEHICLE OVERTURNED IN ROAD,,N,Clear or Partly Cloudy,Dry,Daylight,,10254020.0,Y,45.0,Vehicle - Pedalcyclist,8386,0,N,POINT (1266669.794221863 242523.3219003975),18957.0,1.552714960933239e-05,Clear or Partly Cloudy
91767,107893,107893,3373648,Matched,Block,,8TH AVE BETWEEN OLIVE WAY AND STEWART ST,,,2,Injury Collision,Cycles,2,0,1,1,1,0,0,2010-09-21T00:00:00.000Z,9/21/2010 5:27:00 PM,Mid-Block (not related to intersection),18,"MOTOR VEHICLE STRUCK PEDALCYCLIST, FRONT END AT ANGLE",Y,N,Clear or Partly Cloudy,Dry,Daylight,Y,10264001.0,,45.0,Vehicle - Pedalcyclist,14013,0,N,POINT (1270138.091249421 227764.5553572923),11873.0,3.017830789670348e-05,Clear or Partly Cloudy
91781,107345,107345,3207911,Matched,Block,,BROADWAY E BETWEEN E ROANOKE ST AND E EDGAR S ST,,,2,Injury Collision,Cycles,2,0,1,1,1,0,0,2010-01-15T00:00:00.000Z,1/15/2010 4:56:00 PM,Mid-Block (but intersection related),18,"MOTOR VEHICLE STRUCK PEDALCYCLIST, FRONT END AT ANGLE",,N,Raining,Wet,Dark - No Street Lights,,10015030.0,,45.0,Vehicle - Pedalcyclist,0,0,N,POINT (1273754.572277129 238386.2610321641),9734.0,1.7903286181275588e-05,Raining
91788,107755,107755,3332465,Matched,Intersection,30408.0,14TH AVE AND E YESLER WAY,,,2,Injury Collision,Cycles,2,0,1,1,1,0,0,2010-08-10T00:00:00.000Z,8/10/2010 3:15:00 PM,At Intersection (intersection related),14,"MOTOR VEHICLE STRUCK MOTOR VEHICLE, REAR END",,N,Clear or Partly Cloudy,Dry,Daylight,,10222003.0,,45.0,Vehicle - Pedalcyclist,10011,0,N,POINT (1275107.402806506 222992.5917683989),1182.0,0.0,Clear or Partly Cloudy
91860,107075,107075,2893075,Matched,Intersection,24266.0,DAYTON AVE N AND N 83RD ST,,,2b,Serious Injury Collision,Cycles,2,0,1,1,1,1,0,2010-04-26T00:00:00.000Z,4/26/2010 4:56:00 PM,At Intersection (intersection related),18,"MOTOR VEHICLE STRUCK PEDALCYCLIST, FRONT END AT ANGLE",,N,Raining,Wet,Daylight,,10116005.0,,45.0,Vehicle - Pedalcyclist,0,0,N,POINT (1266255.081517443 255060.2771772295),10491.0,0.0,Raining
91958,106387,106387,3206721,Matched,Intersection,25178.0,BALLARD AVE NW AND NW DOCK PL,,,2,Injury Collision,Cycles,2,0,1,1,1,0,0,2009-06-02T00:00:00.000Z,6/2/2009,At Intersection (intersection related),51,PEDALCYCLIST STRUCK MOTOR VEHICLE FRONT END AT ANGLE,Y,0,Clear or Partly Cloudy,Dry,Daylight,Y,9153019.0,,45.0,Vehicle - Pedalcyclist,26310,0,N,POINT (1259104.774950117 246209.3851361722),621.0,0.0,Clear or Partly Cloudy
91965,108311,108311,3329509,Matched,Intersection,30428.0,BOREN AVE S AND RAINIER AVE S,,,2,Injury Collision,Cycles,2,0,1,1,1,0,0,2010-02-18T00:00:00.000Z,2/18/2010 8:07:00 PM,At Intersection (intersection related),18,"MOTOR VEHICLE STRUCK PEDALCYCLIST, FRONT END AT ANGLE",,N,Clear or Partly Cloudy,Dry,Dark - Street Lights On,Y,10049017.0,,45.0,Vehicle - Pedalcyclist,11014,0,N,POINT (1275096.091702491 222088.5095914751),1804.0,0.0,Clear or Partly Cloudy
91998,106659,106659,3296095,Matched,Intersection,34266.0,2ND AVE S AND S HOLDEN ST,,,2,Injury Collision,Cycles,3,0,1,1,1,0,0,2009-06-26T00:00:00.000Z,6/26/2009 11:45:00 AM,At Intersection (intersection related),18,"MOTOR VEHICLE STRUCK PEDALCYCLIST, FRONT END AT ANGLE",,0,Clear or Partly Cloudy,Dry,Daylight,Y,9177036.0,,45.0,Vehicle - Pedalcyclist,4423,0,N,POINT (1270379.42200166 198445.9738872647),8469.0,0.0,Clear or Partly Cloudy
89045,103934,103934,2882165,Matched,Intersection,29157.0,BELMONT AVE E AND E OLIVE WAY,,,1,Property Damage Only Collision,Cycles,4,0,1,1,0,0,0,2009-12-29T00:00:00.000Z,12/29/2009 8:20:00 AM,At Intersection (intersection related),18,"MOTOR VEHICLE STRUCK PEDALCYCLIST, FRONT END AT ANGLE",,0,Clear or Partly Cloudy,Dry,Daylight,Y,9363003.0,,45.0,Vehicle - Pedalcyclist,23250,0,N,POINT (1272804.962100148 229595.8329911679),3379.0,0.0,Clear or Partly Cloudy
89123,103533,103533,3333139,Matched,Intersection,25439.0,14TH AVE NW AND NW 51ST ST,,,2,Injury Collision,Cycles,2,0,1,1,1,0,0,2009-12-14T00:00:00.000Z,12/14/2009 5:28:00 PM,At Intersection (intersection related),18,"MOTOR VEHICLE STRUCK PEDALCYCLIST, FRONT END AT ANGLE",,0,Raining,Wet,Dark - Street Lights Off,Y,9348034.0,,45.0,Vehicle - Pedalcyclist,26676,0,N,POINT (1260915.751975968 246625.2812006027),5076.0,0.0,Raining
89165,104074,104074,2805528,Matched,Intersection,26727.0,14TH AVE W AND W NICKERSON ST,,,2,Injury Collision,Cycles,2,0,1,1,1,0,0,2009-06-30T00:00:00.000Z,6/30/2009 9:46:00 PM,At Intersection (intersection related),18,"MOTOR VEHICLE STRUCK PEDALCYCLIST, FRONT END AT ANGLE",,0,Clear or Partly Cloudy,Dry,Dusk,Y,9181035.0,,45.0,Vehicle - Pedalcyclist,29914,0,N,POINT (1260512.508199558 242789.3170366734),2135.0,0.0,Clear or Partly Cloudy
89172,102587,102587,3210926,Matched,Intersection,31517.0,RAINIER AVE S AND S MASSACHUSETTS ST,,,1,Property Damage Only Collision,Cycles,6,0,1,1,0,0,0,2009-06-28T00:00:00.000Z,6/28/2009 11:39:00 AM,At Intersection (intersection related),18,"MOTOR VEHICLE STRUCK PEDALCYCLIST, FRONT END AT ANGLE",,0,Clear or Partly Cloudy,Dry,Daylight,Y,9179002.0,,45.0,Vehicle - Pedalcyclist,0,524935,N,POINT (1277070.548280522 218110.6185154021),13469.0,0.0,Clear or Partly Cloudy
89176,102318,102318,2882766,Matched,Intersection,29205.0,24TH AVE E AND E PROSPECT ST,,,2,Injury Collision,Cycles,2,0,1,1,1,0,0,2009-01-28T00:00:00.000Z,1/28/2009 8:30:00 AM,At Intersection (intersection related),51,PEDALCYCLIST STRUCK MOTOR VEHICLE FRONT END AT ANGLE,,0,Clear or Partly Cloudy,Dry,Daylight,,9028021.0,Y,45.0,Vehicle - Pedalcyclist,22536,0,N,POINT (1278381.563961864 232991.5219546407),2598.0,0.0,Clear or Partly Cloudy
89181,102451,102451,3277109,Matched,Block,,GREEN LAKE WAY N BETWEEN N 52ND ST AND N 53RD ST,,,2,Injury Collision,Cycles,2,0,1,1,1,0,0,2009-04-21T00:00:00.000Z,4/21/2009 5:13:00 PM,Mid-Block (not related to intersection),23,"MOTOR VEHICLE STRUCK PEDALCYCLIST, LEFT SIDE SIDESWIPE",Y,0,Clear or Partly Cloudy,Dry,Daylight,,9111013.0,,45.0,Vehicle - Pedalcyclist,40757,0,N,POINT (1269177.053232431 246842.9798888266),15568.0,7.63197730363398e-09,Clear or Partly Cloudy
89187,102315,102315,3207302,Matched,Intersection,25978.0,15TH AVE NE AND NE 62ND ST,,,2,Injury Collision,Cycles,2,0,1,1,1,0,0,2009-09-30T00:00:00.000Z,9/30/2009 8:35:00 AM,At Intersection (intersection related),51,PEDALCYCLIST STRUCK MOTOR VEHICLE FRONT END AT ANGLE,,0,Clear or Partly Cloudy,Dry,Daylight,,9273019.0,,45.0,Vehicle - Pedalcyclist,29058,0,N,POINT (1276167.552311599 249345.8559233844),4195.0,0.0,Clear or Partly Cloudy
89213,103402,103402,3289749,Matched,Intersection,28028.0,DEXTER AVE N AND GARFIELD N ST,,,2,Injury Collision,Cycles,2,0,1,1,1,0,0,2009-04-10T00:00:00.000Z,4/10/2009 8:21:00 AM,At Intersection (intersection related),18,"MOTOR VEHICLE STRUCK PEDALCYCLIST, FRONT END AT ANGLE",,0,Raining,Wet,Daylight,Y,9100025.0,,45.0,Vehicle - Pedalcyclist,12978,0,N,POINT (1268397.97150363 234699.651748389),3491.0,0.0,Raining
89273,104080,104080,3207284,Matched,Intersection,29592.0,2ND AVE AND PIKE ST,,,2,Injury Collision,Cycles,2,0,1,1,1,0,0,2009-10-13T00:00:00.000Z,10/13/2009 7:40:00 AM,At Intersection (intersection related),51,PEDALCYCLIST STRUCK MOTOR VEHICLE FRONT END AT ANGLE,,0,Overcast,Dry,Daylight,,9286045.0,,45.0,Vehicle - Pedalcyclist,36906,0,N,POINT (1269058.773296311 225881.3874193579),135.0,0.0,Overcast
89385,102738,102738,3287033,Matched,Intersection,27182.0,2ND AVE NE AND NE 45TH ST,,,2,Injury Collision,Cycles,3,0,1,1,1,0,0,2009-05-01T00:00:00.000Z,5/1/2009,At Intersection (intersection related),51,PEDALCYCLIST STRUCK MOTOR VEHICLE FRONT END AT ANGLE,,0,Clear or Partly Cloudy,Dry,Daylight,Y,9121031.0,,45.0,Vehicle - Pedalcyclist,6532,0,N,POINT (1272301.489459634 244814.9838547409),5213.0,0.0,Clear or Partly Cloudy
89488,105420,105420,2796281,Matched,Intersection,32871.0,46TH AVE SW AND ERSKINE E WAY SW,,,2,Injury Collision,Cycles,2,0,1,1,1,0,0,2009-09-12T00:00:00.000Z,9/12/2009 5:55:00 AM,At Intersection (intersection related),18,"MOTOR VEHICLE STRUCK PEDALCYCLIST, FRONT END AT ANGLE",,0,Clear or Partly Cloudy,Dry,Dark - Street Lights On,Y,9255001.0,,45.0,Vehicle - Pedalcyclist,32376,0,N,POINT (1255906.26435484 206583.1758155972),461.0,0.0,Clear or Partly Cloudy
89494,104751,104751,3210254,Matched,Intersection,27066.0,ROOSEVELT WAY NE AND NE 45TH ST,,,2,Injury Collision,Cycles,2,0,1,1,1,0,0,2009-03-06T00:00:00.000Z,3/6/2009,At Intersection (intersection related),18,"MOTOR VEHICLE STRUCK PEDALCYCLIST, FRONT END AT ANGLE",,0,Clear or Partly Cloudy,Dry,Dark - Street Lights On,,9065027.0,,45.0,Vehicle - Pedalcyclist,0,524683,N,POINT (1274669.303606063 244748.7264466733),4159.0,0.0,Clear or Partly Cloudy
89505,105016,105016,3289570,Matched,Block,,EASTLAKE AVE E BETWEEN E BLAINE ST AND E HOWE ST,,,2,Injury Collision,Cycles,4,0,1,1,1,0,0,2009-04-07T00:00:00.000Z,4/7/2009,Driveway Junction,18,"MOTOR VEHICLE STRUCK PEDALCYCLIST, FRONT END AT ANGLE",,0,Clear or Partly Cloudy,Dry,Daylight,Y,9097039.0,,45.0,Vehicle - Pedalcyclist,24781,0,N,POINT (1272573.382131919 235329.4137970358),6315.0,1.826381830891898e-05,Clear or Partly Cloudy
89524,105292,105292,3274132,Matched,Block,,W GOVERNMENT WAY BETWEEN 33RD AVE W AND 34TH AVE W,,,2,Injury Collision,Cycles,2,0,1,1,1,0,0,2009-01-31T00:00:00.000Z,1/31/2009 10:31:00 AM,Mid-Block (not related to intersection),23,"MOTOR VEHICLE STRUCK PEDALCYCLIST, LEFT SIDE SIDESWIPE",,0,Clear or Partly Cloudy,Dry,Daylight,,9031004.0,Y,45.0,Vehicle - Pedalcyclist,15363,0,N,POINT (1254279.872993186 244597.4050385207),20369.0,1.3923080590291226e-05,Clear or Partly Cloudy
89644,104893,104893,C721225,Matched,Intersection,25790.0,11TH AVE NE AND NE 50TH ST,,,2,Injury Collision,Cycles,2,0,1,1,1,0,0,2009-05-18T00:00:00.000Z,5/18/2009 6:00:00 PM,At Intersection (intersection related),18,"MOTOR VEHICLE STRUCK PEDALCYCLIST, FRONT END AT ANGLE",,0,Overcast,Dry,Daylight,,9138042.0,,45.0,Vehicle - Pedalcyclist,21428,0,N,POINT (1275016.001590416 246065.9995360225),7253.0,0.0,Overcast
89703,104233,104233,3345176,Matched,Intersection,29587.0,3RD AVE AND PIKE ST,,,2,Injury Collision,Cycles,2,0,1,1,1,0,0,2009-10-09T00:00:00.000Z,10/9/2009,At Intersection (intersection related),21,"MOTOR VEHICLE STRUCK PEDALCYCLIST, REAR END",,0,Clear or Partly Cloudy,Dry,Daylight,,9282002.0,,45.0,Vehicle - Pedalcyclist,35770,0,N,POINT (1269336.03102459 226045.4631955326),10901.0,0.0,Clear or Partly Cloudy
89749,104770,104770,2796652,Matched,Intersection,34801.0,FAUNTLEROY WAY SW AND SW BARTON ST,,,2,Injury Collision,Cycles,4,0,1,1,1,0,0,2009-07-29T00:00:00.000Z,7/29/2009 9:15:00 PM,At Intersection (intersection related),18,"MOTOR VEHICLE STRUCK PEDALCYCLIST, FRONT END AT ANGLE",,0,Clear or Partly Cloudy,Dry,Dusk,Y,9210022.0,,45.0,Vehicle - Pedalcyclist,3033,0,N,POINT (1255083.342626005 194742.8197074682),9395.0,0.0,Clear or Partly Cloudy
89830,105840,105840,3283907,Matched,Intersection,24573.0,LATONA AVE NE AND EAST GREEN LAKE DR N,,,2,Injury Collision,Cycles,2,0,1,1,1,0,0,2009-09-17T00:00:00.000Z,9/17/2009 8:00:00 AM,At Intersection (intersection related),51,PEDALCYCLIST STRUCK MOTOR VEHICLE FRONT END AT ANGLE,Y,0,Clear or Partly Cloudy,Dry,Daylight,,9260031.0,,45.0,Vehicle - Pedalcyclist,7307,0,N,POINT (1272386.552627727 252220.6916383356),17956.0,0.0,Clear or Partly Cloudy
89994,105979,105979,3276690,Matched,Block,,NW 65TH ST BETWEEN 7TH E AVE NW AND 7TH W AVE NW,,,2b,Serious Injury Collision,Cycles,2,0,1,1,1,1,0,2009-10-24T00:00:00.000Z,10/24/2009 4:35:00 PM,Mid-Block (not related to intersection),21,"MOTOR VEHICLE STRUCK PEDALCYCLIST, REAR END",,1,Clear or Partly Cloudy,Dry,Daylight,Y,9297006.0,,45.0,Vehicle - Pedalcyclist,28346,0,N,POINT (1263158.103594273 250334.1807883978),12829.0,0.0,Clear or Partly Cloudy
92040,107363,107363,3199611,Matched,Block,,M L KING JR WAY S BETWEEN S DEARBORN ST AND S NORMAN ST,,,2,Injury Collision,Cycles,2,0,1,1,1,0,0,2010-07-15T00:00:00.000Z,7/15/2010 5:26:00 PM,Mid-Block (not related to intersection),51,PEDALCYCLIST STRUCK MOTOR VEHICLE FRONT END AT ANGLE,,N,Clear or Partly Cloudy,Dry,Daylight,Y,10196012.0,,45.0,Vehicle - Pedalcyclist,10259,0,N,POINT (1279075.528122574 220270.5320536047),17964.0,8.966451790299172e-06,Clear or Partly Cloudy
92094,106254,106254,3207353,Matched,Block,,E MADISON ST BETWEEN E PINE ST AND 17TH AVE,,,2,Injury Collision,Cycles,2,0,1,1,1,0,0,2009-08-18T00:00:00.000Z,8/18/2009 11:43:00 PM,Mid-Block (but intersection related),21,"MOTOR VEHICLE STRUCK PEDALCYCLIST, REAR END",Y,0,Clear or Partly Cloudy,Dry,Dark - Street Lights On,,9230004.0,,45.0,Vehicle - Pedalcyclist,22986,0,N,POINT (1276066.916599497 227968.2798374891),15590.0,2.2217744091981272e-05,Clear or Partly Cloudy
92114,106816,106816,3198664,Matched,Block,,30TH AVE NE BETWEEN NE 125TH ST AND NE 127TH ST,,,2,Injury Collision,Cycles,2,0,1,1,1,0,0,2010-07-21T00:00:00.000Z,7/21/2010 11:41:00 AM,Mid-Block (not related to intersection),18,"MOTOR VEHICLE STRUCK PEDALCYCLIST, FRONT END AT ANGLE",,N,Clear or Partly Cloudy,Dry,Daylight,Y,10202017.0,,45.0,Vehicle - Pedalcyclist,35218,0,N,POINT (1280328.802043855 266124.8325805664),19552.0,1.2087418182647014e-06,Clear or Partly Cloudy
92115,107097,107097,3376379,Matched,Intersection,26823.0,STONE WAY N AND N MENFORD PL,,,2,Injury Collision,Cycles,2,0,1,1,1,0,0,2010-04-11T00:00:00.000Z,4/11/2010 1:12:00 PM,At Intersection (intersection related),18,"MOTOR VEHICLE STRUCK PEDALCYCLIST, FRONT END AT ANGLE",,N,Clear or Partly Cloudy,Dry,Daylight,,10101002.0,,45.0,Vehicle - Pedalcyclist,0,0,N,POINT (1268574.199087813 243822.1579977274),971.0,0.0,Clear or Partly Cloudy
92206,108326,108326,3332466,Matched,Intersection,29860.0,SUMMIT AVE AND E PINE ST,,,2,Injury Collision,Cycles,2,0,1,1,1,0,0,2010-08-11T00:00:00.000Z,8/11/2010 6:22:00 PM,At Intersection (intersection related),18,"MOTOR VEHICLE STRUCK PEDALCYCLIST, FRONT END AT ANGLE",,N,Clear or Partly Cloudy,Dry,Daylight,Y,10223007.0,,45.0,Vehicle - Pedalcyclist,10354,0,N,POINT (1272399.309875742 227981.0989095122),1148.0,0.0,Clear or Partly Cloudy
92208,108325,108325,3559211,Matched,Intersection,25392.0,14TH AVE NW AND NW 61ST ST,,,2b,Serious Injury Collision,Cycles,2,0,1,1,1,1,0,2010-08-09T00:00:00.000Z,8/9/2010 11:58:00 AM,At Intersection (intersection related),18,"MOTOR VEHICLE STRUCK PEDALCYCLIST, FRONT END AT ANGLE",,N,Unknown,Unknown,Daylight,Y,10221041.0,,45.0,Vehicle - Pedalcyclist,0,0,N,POINT (1260972.868136033 249318.5445633531),2372.0,0.0,
92246,106681,106681,2791625,Matched,Intersection,28767.0,DEXTER AVE N AND MERCER ST,,,2,Injury Collision,Cycles,2,0,1,1,1,0,0,2009-05-15T00:00:00.000Z,5/15/2009 3:49:00 PM,At Intersection (intersection related),51,PEDALCYCLIST STRUCK MOTOR VEHICLE FRONT END AT ANGLE,,0,Clear or Partly Cloudy,Dry,Daylight,Y,9135003.0,,45.0,Vehicle - Pedalcyclist,12649,0,N,POINT (1268318.102319553 231464.9540170729),696.0,0.0,Clear or Partly Cloudy