OBJECTID,INCKEY,COLDETKEY,REPORTNO,STATUS,ADDRTYPE,INTKEY,LOCATION,EXCEPTRSNC,EXCEPTRSND,SEVERITYCO,SEVERITYDE,COLLISIONT,PERSONCOUN,PEDCOUNT,PEDCYLCOUN,VEHCOUNT,INJURIES,SERIOUSINJ,FATALITIES,INCDATE,INCDTTM,JUNCTIONTY,SDOT_COLCO,SDOT_COLDE,INATTENTIO,UNDERINFL,WEATHER,ROADCOND,LIGHTCOND,PEDROWNOTG,SDOTCOLNUM,SPEEDING,ST_COLCODE,ST_COLDESC,SEGLANEKEY,CROSSWALKK,HITPARKEDC,geometry,near_str_index,min_length,weather_group
92251,106679,106679,3326412,Matched,Block,,ALOHA ST BETWEEN YALE AVE N AND EASTLAKE AVE E,,,2,Injury Collision,Cycles,2,0,1,1,1,0,0,2009-06-18T00:00:00.000Z,6/18/2009 12:19:00 PM,Driveway Junction,18,"MOTOR VEHICLE STRUCK PEDALCYCLIST, FRONT END AT ANGLE",,0,Clear or Partly Cloudy,Dry,Daylight,,9169008.0,,45.0,Vehicle - Pedalcyclist,0,0,N,POINT (1271371.004786685 232251.713889882),6123.0,2.9836318252041786e-05,Clear or Partly Cloudy
92277,106540,106540,2613344,Matched,Intersection,38074.0,MARINE VIEW DR SW AND SW 104TH ST,,,2,Injury Collision,Cycles,2,0,1,1,2,0,0,2009-08-08T00:00:00.000Z,8/8/2009,At Intersection (intersection related),23,"MOTOR VEHICLE STRUCK PEDALCYCLIST, LEFT SIDE SIDESWIPE",Y,0,Overcast,Dry,Daylight,,9220001.0,,45.0,Vehicle - Pedalcyclist,31570,0,N,POINT (1256179.186723128 189945.4672545642),14495.0,0.0,Overcast
92281,107380,107380,3296583,Matched,Block,,AIRPORT WAY S BETWEEN S OTHELLO ST AND MILITARY RD S,,,2,Injury Collision,Cycles,2,0,1,1,1,0,0,2010-03-11T00:00:00.000Z,3/11/2010 2:53:00 AM,Mid-Block (not related to intersection),54,PEDALCYCLIST STRUCK MOTOR VEHICLE REAR END,,N,Raining,Wet,Dark - Street Lights On,,10070025.0,,45.0,Vehicle - Pedalcyclist,20380,0,N,POINT (1278535.278266013 198218.4091510326),597.0,3.0160403572974595e-06,Raining
92300,107790,107790,3198718,Matched,Intersection,27109.0,BROOKLYN AVE NE AND NE 40TH ST,,,2b,Serious Injury Collision,Cycles,2,0,1,1,1,1,0,2010-01-13T00:00:00.000Z,1/13/2010 10:33:00 AM,At Intersection (intersection related),18,"MOTOR VEHICLE STRUCK PEDALCYCLIST, FRONT END AT ANGLE",Y,N,Clear or Partly Cloudy,Wet,Daylight,,10013005.0,,45.0,Vehicle - Pedalcyclist,41120,0,N,POINT (1275415.350326821 242570.489516452),20084.0,0.0,Clear or Partly Cloudy
92449,107388,107388,3329370,Matched,Block,,E UNION ST BETWEEN 19TH AVE AND 20TH AVE,,,1,Property Damage Only Collision,Cycles,2,0,1,1,0,0,0,2010-03-04T00:00:00.000Z,3/4/2010 10:11:00 PM,Mid-Block (not related to intersection),51,PEDALCYCLIST STRUCK MOTOR VEHICLE FRONT END AT ANGLE,,N,Clear or Partly Cloudy,Dry,Dark - Street Lights On,,10063021.0,,45.0,Vehicle - Pedalcyclist,9350,0,N,POINT (1276983.09394443 227048.2475805581),20646.0,7.493786302273541e-09,Clear or Partly Cloudy
92497,106417,106417,2803792,Matched,Block,,15TH AVE W BETWEEN W ARMOUR ST AND 15TH AV W NB OFF RP,,,2,Injury Collision,Cycles,4,0,1,1,1,0,0,2009-04-24T00:00:00.000Z,4/24/2009 7:59:00 PM,Mid-Block (but intersection related),51,PEDALCYCLIST STRUCK MOTOR VEHICLE FRONT END AT ANGLE,,0,Clear or Partly Cloudy,Dry,Dusk,,9114003.0,,45.0,Vehicle - Pedalcyclist,16116,0,N,POINT (1260111.056679145 239331.0025371313),13035.0,7.4429924782326745e-09,Clear or Partly Cloudy
92541,106981,106981,3383659,Matched,Intersection,29865.0,BOREN AVE AND OLIVE WAY,,,2,Injury Collision,Cycles,2,0,1,1,1,0,0,2010-10-08T00:00:00.000Z,10/8/2010 11:55:00 PM,At Intersection (intersection related),18,"MOTOR VEHICLE STRUCK PEDALCYCLIST, FRONT END AT ANGLE",,N,Raining,Wet,Dark - Street Lights On,,10281029.0,,45.0,Vehicle - Pedalcyclist,24933,0,N,POINT (1271118.433586419 228090.2473256141),640.0,0.0,Raining
92586,108077,108077,3329403,Matched,Intersection,30427.0,12TH AVE S AND S JACKSON ST,,,2,Injury Collision,Cycles,2,0,1,1,1,0,0,2010-02-02T00:00:00.000Z,2/2/2010 8:43:00 AM,At Intersection (intersection related),18,"MOTOR VEHICLE STRUCK PEDALCYCLIST, FRONT END AT ANGLE",,N,Overcast,Wet,Daylight,Y,10033021.0,,45.0,Vehicle - Pedalcyclist,11009,0,N,POINT (1274334.809653714 222095.5050474852),12155.0,0.0,Overcast
92595,108079,108079,3333092,Matched,Block,,35TH AVE NE BETWEEN NE 57TH ST AND NE 60TH ST,,,2,Injury Collision,Cycles,2,0,1,1,1,0,0,2010-02-04T00:00:00.000Z,2/4/2010 3:20:00 PM,Mid-Block (but intersection related),51,PEDALCYCLIST STRUCK MOTOR VEHICLE FRONT END AT ANGLE,,N,Clear or Partly Cloudy,Dry,Daylight,Y,10035012.0,,45.0,Vehicle - Pedalcyclist,30278,0,N,POINT (1281492.364861041 248242.6136822551),2850.0,2.9257645421841075e-05,Clear or Partly Cloudy
92636,106566,106566,2898871,Matched,Intersection,29592.0,2ND AVE AND PIKE ST,,,2,Injury Collision,Cycles,3,0,1,1,1,0,0,2009-05-09T00:00:00.000Z,5/9/2009,At Intersection (intersection related),18,"MOTOR VEHICLE STRUCK PEDALCYCLIST, FRONT END AT ANGLE",,0,Clear or Partly Cloudy,Dry,Dark - Street Lights On,,9129016.0,,45.0,Vehicle - Pedalcyclist,12173,0,N,POINT (1269058.773296311 225881.3874193579),135.0,0.0,Clear or Partly Cloudy
92728,107952,107952,3329364,Matched,Block,,TERRY AVE BETWEEN SPRUCE ST AND ALDER ST,,,2,Injury Collision,Cycles,2,0,1,1,1,0,0,2010-02-21T00:00:00.000Z,2/21/2010 9:30:00 PM,Mid-Block (not related to intersection),56,PEDALCYCLIST STRUCK MOTOR VEHICLE LEFT SIDE SIDESWIPE,,Y,Clear or Partly Cloudy,Dry,Dark - Street Lights On,,10052015.0,,45.0,Vehicle - Pedalcyclist,0,0,N,,,,Clear or Partly Cloudy
92831,107279,107279,3342212,Matched,Intersection,28046.0,FLORENTIA ST AND NICKERSON ST,,,2,Injury Collision,Cycles,4,0,1,1,1,0,0,2010-02-10T00:00:00.000Z,2/10/2010 6:09:00 PM,At Intersection (intersection related),18,"MOTOR VEHICLE STRUCK PEDALCYCLIST, FRONT END AT ANGLE",,N,Raining,Wet,Dark - Street Lights On,,10041035.0,,45.0,Vehicle - Pedalcyclist,12468,0,N,POINT (1266258.966573447 239654.013865456),10175.0,0.0,Raining
92832,107549,107549,2882168,Matched,Intersection,29808.0,12TH AVE AND E BARCLAY CT,,,1,Property Damage Only Collision,Cycles,2,0,1,1,0,0,0,2010-04-05T00:00:00.000Z,4/5/2010 10:34:00 AM,At Intersection (intersection related),51,PEDALCYCLIST STRUCK MOTOR VEHICLE FRONT END AT ANGLE,,N,Clear or Partly Cloudy,Dry,Daylight,Y,10095024.0,,45.0,Vehicle - Pedalcyclist,10648,0,N,POINT (1274497.753909886 224882.8422663361),6808.0,0.0,Clear or Partly Cloudy
92865,108098,108098,3210889,Matched,Intersection,29826.0,12TH AVE AND E ALDER ST,,,3,Fatality Collision,Cycles,2,0,1,1,0,0,1,2010-07-28T00:00:00.000Z,7/28/2010 10:38:00 AM,At Intersection (intersection related),18,"MOTOR VEHICLE STRUCK PEDALCYCLIST, FRONT END AT ANGLE",,N,Clear or Partly Cloudy,Dry,Daylight,Y,10209025.0,,45.0,Vehicle - Pedalcyclist,10590,0,N,POINT (1274480.128053859 223979.3716734052),2319.0,0.0,Clear or Partly Cloudy
92896,106313,106313,3286569,Matched,Intersection,36693.0,20TH AVE NE AND NE 125TH ST,,,2b,Serious Injury Collision,Cycles,2,0,1,1,1,1,0,2009-09-04T00:00:00.000Z,9/4/2009,At Intersection (intersection related),51,PEDALCYCLIST STRUCK MOTOR VEHICLE FRONT END AT ANGLE,,0,Clear or Partly Cloudy,Dry,Dawn,Y,9247036.0,,45.0,Vehicle - Pedalcyclist,42001,0,N,POINT (1277629.018681094 265876.440516308),7189.0,0.0,Clear or Partly Cloudy
92926,106718,106718,3205930,Matched,Block,,EAST GREEN LAKE WAY N BETWEEN 2ND AVE NE AND 4TH AVE NE,,,2,Injury Collision,Cycles,2,0,1,1,1,0,0,2009-05-31T00:00:00.000Z,5/31/2009 1:12:00 PM,Mid-Block (not related to intersection),51,PEDALCYCLIST STRUCK MOTOR VEHICLE FRONT END AT ANGLE,,0,Overcast,Dry,Daylight,Y,9151003.0,,45.0,Vehicle - Pedalcyclist,7406,0,N,POINT (1272444.628211781 251045.6949651241),14867.0,7.332676064504416e-06,Overcast
92932,106586,106586,3198286,Matched,Intersection,26710.0,9TH AVE NW AND NW 45TH ST,,,2,Injury Collision,Cycles,2,0,1,1,1,0,0,2009-12-10T00:00:00.000Z,12/10/2009 2:14:00 PM,At Intersection (intersection related),18,"MOTOR VEHICLE STRUCK PEDALCYCLIST, FRONT END AT ANGLE",,0,Clear or Partly Cloudy,Dry,Daylight,Y,9344022.0,,45.0,Vehicle - Pedalcyclist,0,630875,N,POINT (1262110.833705202 245056.5021909922),1566.0,0.0,Clear or Partly Cloudy
92940,106581,106581,3198863,Matched,Block,,NW MARKET ST BETWEEN TALLMAN AVE NW AND 20TH AVE NW,,,2,Injury Collision,Cycles,3,0,1,1,1,0,0,2009-10-03T00:00:00.000Z,10/3/2009,Mid-Block (not related to intersection),56,PEDALCYCLIST STRUCK MOTOR VEHICLE LEFT SIDE SIDESWIPE,Y,0,Clear or Partly Cloudy,Dry,Daylight,,9276003.0,,45.0,Vehicle - Pedalcyclist,25888,0,N,POINT (1258902.59318991 247750.7359217554),1668.0,7.448768883149546e-09,Clear or Partly Cloudy
92950,107553,107553,3558805,Matched,Intersection,24245.0,STROUD AVE N AND EAST GREEN LAKE DR N,,,2,Injury Collision,Cycles,3,0,1,1,1,0,0,2010-09-22T00:00:00.000Z,9/22/2010 11:22:00 AM,At Intersection (intersection related),11,"MOTOR VEHICLE STRUCK MOTOR VEHICLE, FRONT END AT ANGLE",,N,Clear or Partly Cloudy,Dry,Daylight,,10265002.0,,45.0,Vehicle - Pedalcyclist,7360,0,N,POINT (1270260.463409543 253635.7472557724),11177.0,0.0,Clear or Partly Cloudy
92987,107829,107829,3560557,Matched,Intersection,26448.0,23RD AVE W AND GILMAN AVE W,,,2,Injury Collision,Cycles,2,0,1,1,1,0,0,2010-11-26T00:00:00.000Z,11/26/2010 4:48:00 PM,At Intersection (but not related to intersection),54,PEDALCYCLIST STRUCK MOTOR VEHICLE REAR END,Y,N,Raining,Wet,Dark - Street Lights On,,10330017.0,,45.0,Vehicle - Pedalcyclist,15419,0,N,POINT (1257783.748388767 242963.6809408516),8496.0,0.0,Raining
93012,107833,107833,3559552,Matched,Block,,E PINE ST BETWEEN MELROSE AVE AND BELLEVUE AVE,,,2,Injury Collision,Cycles,1,0,1,0,1,0,0,2010-12-06T00:00:00.000Z,12/6/2010 7:26:00 PM,Driveway Junction,18,"MOTOR VEHICLE STRUCK PEDALCYCLIST, FRONT END AT ANGLE",,N,Clear or Partly Cloudy,Dry,Dark - Street Lights On,,10340024.0,,45.0,Vehicle - Pedalcyclist,10336,0,N,POINT (1271948.807091266 227993.3346855193),1147.0,3.091341478536574e-05,Clear or Partly Cloudy
93039,108242,108242,3334754,Matched,Block,,6TH AVE BETWEEN UNIVERSITY ST AND UNION ST,,,2,Injury Collision,Cycles,5,0,1,2,1,0,0,2010-09-03T00:00:00.000Z,9/3/2010 4:19:00 PM,Mid-Block (not related to intersection),55,PEDALCYCLIST STRUCK MOTOR VEHICLE RIGHT SIDE SIDESWIPE,,N,Clear or Partly Cloudy,Dry,Daylight,,10246021.0,,45.0,Vehicle - Pedalcyclist,36407,0,N,POINT (1270493.199921787 225988.3224594742),3199.0,4.169726785151738e-06,Clear or Partly Cloudy
93077,106877,106877,3207743,Matched,Block,,HARVARD AVE E BETWEEN E SHELBY ST AND E GWINN PL,,,2,Injury Collision,Cycles,2,0,1,1,1,0,0,2010-03-19T00:00:00.000Z,3/19/2010 11:09:00 PM,Mid-Block (not related to intersection),23,"MOTOR VEHICLE STRUCK PEDALCYCLIST, LEFT SIDE SIDESWIPE",,N,Clear or Partly Cloudy,Dry,Dark - Street Lights On,,10078025.0,,45.0,Vehicle - Pedalcyclist,6049,0,N,POINT (1273471.265780836 239691.2868894935),3578.0,1.9365746666917987e-05,Clear or Partly Cloudy
93100,107299,107299,3374633,Matched,Intersection,26863.0,STONE WAY N AND N 39TH ST,,,2b,Serious Injury Collision,Cycles,2,0,1,1,1,1,0,2010-07-13T00:00:00.000Z,7/13/2010 7:45:00 PM,At Intersection (intersection related),51,PEDALCYCLIST STRUCK MOTOR VEHICLE FRONT END AT ANGLE,,N,Clear or Partly Cloudy,Dry,Daylight,Y,10194014.0,,45.0,Vehicle - Pedalcyclist,6311,0,N,POINT (1268492.222511739 242249.8620601147),1235.0,0.0,Clear or Partly Cloudy
93151,108115,108115,3386576,Matched,Intersection,30474.0,DEARBORN ST OFF RP AND S DEARBORN ST,,,2,Injury Collision,Cycles,2,0,1,1,1,0,0,2010-08-28T00:00:00.000Z,8/28/2010 3:50:00 PM,At Intersection (intersection related),18,"MOTOR VEHICLE STRUCK PEDALCYCLIST, FRONT END AT ANGLE",,N,Clear or Partly Cloudy,Dry,Daylight,Y,10240009.0,,45.0,Vehicle - Pedalcyclist,0,525652,N,POINT (1273819.595573187 220878.1180382371),7667.0,0.0,Clear or Partly Cloudy
93203,107171,107171,3346476,Matched,Block,,DEXTER AVE N BETWEEN WARD ST AND PROSPECT ST,,,2b,Serious Injury Collision,Cycles,2,1,1,0,2,1,0,2010-06-08T00:00:00.000Z,6/8/2010 5:25:00 PM,,0,NOT ENOUGH INFORMATION / NOT APPLICABLE,,N,Overcast,Dry,Daylight,Y,10159011.0,,45.0,Vehicle - Pedalcyclist,12783,0,N,,,,Overcast
93262,107301,107301,3377214,Matched,Intersection,25144.0,BALLARD AVE NW AND NW MARKET ST,,,2,Injury Collision,Cycles,2,0,1,1,1,0,0,2010-07-18T00:00:00.000Z,7/18/2010 2:31:00 PM,At Intersection (intersection related),18,"MOTOR VEHICLE STRUCK PEDALCYCLIST, FRONT END AT ANGLE",,N,Clear or Partly Cloudy,Dry,Daylight,Y,10199015.0,,45.0,Vehicle - Pedalcyclist,0,521840,N,POINT (1257790.177572772 247774.8087537736),7585.0,0.0,Clear or Partly Cloudy
93282,108261,108261,3329732,Matched,Intersection,29863.0,MELROSE AVE AND PINE ST,,,2,Injury Collision,Cycles,2,0,1,1,1,0,0,2010-04-09T00:00:00.000Z,4/9/2010 8:19:00 PM,At Intersection (intersection related),51,PEDALCYCLIST STRUCK MOTOR VEHICLE FRONT END AT ANGLE,Y,N,Clear or Partly Cloudy,Dry,Dark - Street Lights On,,10099002.0,Y,45.0,Vehicle - Pedalcyclist,10336,0,N,POINT (1271813.802035138 227999.6394535303),897.0,0.0,Clear or Partly Cloudy
93302,106890,106890,3560681,Matched,Intersection,28873.0,ALOHA ST AND TAYLOR AVE N,,,2,Injury Collision,Cycles,2,0,1,1,1,0,0,2010-12-16T00:00:00.000Z,12/16/2010 5:22:00 PM,At Intersection (intersection related),18,"MOTOR VEHICLE STRUCK PEDALCYCLIST, FRONT END AT ANGLE",,0,Overcast,Dry,Dark - Street Lights On,Y,10350006.0,,45.0,Vehicle - Pedalcyclist,11245,0,N,POINT (1267376.434734598 232433.9206740707),3325.0,0.0,Overcast
93339,107174,107174,3377224,Matched,Intersection,25843.0,KIRKWOOD PL N AND N 56TH ST,,,1,Property Damage Only Collision,Cycles,3,0,1,1,0,0,0,2010-09-21T00:00:00.000Z,9/21/2010 4:02:00 PM,At Intersection (intersection related),11,"MOTOR VEHICLE STRUCK MOTOR VEHICLE, FRONT END AT ANGLE",,N,Clear or Partly Cloudy,Dry,Daylight,Y,10264002.0,,45.0,Vehicle - Pedalcyclist,31729,0,N,POINT (1271251.185458556 247628.1627376229),7075.0,0.0,Clear or Partly Cloudy
93346,107315,107315,3345934,Matched,Block,,THORNDYKE AVE W BETWEEN 22ND AVE W AND 21ST AVE W,,,2,Injury Collision,Cycles,2,0,1,1,1,0,0,2010-08-23T00:00:00.000Z,8/23/2010 4:53:00 PM,Mid-Block (not related to intersection),11,"MOTOR VEHICLE STRUCK MOTOR VEHICLE, FRONT END AT ANGLE",,N,Clear or Partly Cloudy,Dry,Daylight,Y,10235033.0,,45.0,Vehicle - Pedalcyclist,41943,0,N,POINT (1258212.922405213 238705.047080487),6715.0,6.627503009717053e-09,Clear or Partly Cloudy
93359,107309,107309,2599441,Matched,Block,,ALASKAN WAY BETWEEN XW BELL ST AND WALL ST,,,2,Injury Collision,Cycles,2,0,1,1,1,0,0,2010-08-14T00:00:00.000Z,8/14/2010 1:35:00 PM,Mid-Block (not related to intersection),56,PEDALCYCLIST STRUCK MOTOR VEHICLE LEFT SIDE SIDESWIPE,,N,Clear or Partly Cloudy,Dry,Daylight,,10226030.0,,45.0,Vehicle - Pedalcyclist,20821,0,N,POINT (1266337.989357531 226993.4955164939),12522.0,3.878887756723577e-06,Clear or Partly Cloudy
93384,107717,107717,3332031,Matched,Intersection,29744.0,HARVARD AVE AND E PIKE ST,,,2b,Serious Injury Collision,Cycles,2,0,1,1,1,1,0,2010-07-14T00:00:00.000Z,7/14/2010 2:10:00 PM,At Intersection (intersection related),51,PEDALCYCLIST STRUCK MOTOR VEHICLE FRONT END AT ANGLE,,N,Clear or Partly Cloudy,Dry,Daylight,,10195021.0,,45.0,Vehicle - Pedalcyclist,36650,0,N,POINT (1273234.02603659 227544.4404770583),1144.0,0.0,Clear or Partly Cloudy
93397,108137,108137,3326384,Matched,Block,,N 36TH ST BETWEEN PALATINE AVE N AND GREENWOOD AVE N,,,2,Injury Collision,Cycles,1,0,1,0,1,0,0,2010-04-26T00:00:00.000Z,4/26/2010 7:30:00 PM,Driveway Junction,69,PEDALCYCLIST OVERTURNED IN ROAD,,N,Raining,Wet,Dusk,,10116028.0,,45.0,Vehicle - Pedalcyclist,17472,0,N,POINT (1265143.9019963 241760.8785076141),12727.0,2.487774758399777e-09,Raining
93417,107449,107449,3376234,Matched,Intersection,37396.0,GREENWOOD AVE N AND N 100TH ST,,,2,Injury Collision,Cycles,2,0,1,1,1,0,0,2010-04-14T00:00:00.000Z,4/14/2010 4:32:00 PM,At Intersection (intersection related),18,"MOTOR VEHICLE STRUCK PEDALCYCLIST, FRONT END AT ANGLE",,N,Clear or Partly Cloudy,Dry,Daylight,,10104003.0,,45.0,Vehicle - Pedalcyclist,0,0,N,POINT (1265651.679532826 259577.5454058647),3562.0,0.0,Clear or Partly Cloudy
93422,106614,106614,3296461,Matched,Block,,BEACON ER AVE S BETWEEN CHEASTY BLVD S AND S ANGELINE ST,,,2,Injury Collision,Cycles,2,0,1,1,1,0,0,2009-06-25T00:00:00.000Z,6/25/2009 12:57:00 PM,Driveway Junction,54,PEDALCYCLIST STRUCK MOTOR VEHICLE REAR END,,0,Clear or Partly Cloudy,Dry,Daylight,,9176003.0,,45.0,Vehicle - Pedalcyclist,13052,0,N,POINT (1277156.1866806 207984.8842330277),21777.0,0.0,Clear or Partly Cloudy
93498,107869,107869,3329583,Matched,Intersection,28375.0,24TH AVE E AND BOYER AVE E,,,2,Injury Collision,Cycles,2,0,1,1,1,0,0,2010-05-15T00:00:00.000Z,5/15/2010 1:49:00 PM,At Intersection (intersection related),51,PEDALCYCLIST STRUCK MOTOR VEHICLE FRONT END AT ANGLE,,N,Clear or Partly Cloudy,Dry,Daylight,Y,10135003.0,,45.0,Vehicle - Pedalcyclist,22451,0,N,POINT (1278448.004665926 235170.6751088649),643.0,0.0,Clear or Partly Cloudy
93502,107587,107587,3332229,Matched,Block,,10TH AVE E BETWEEN E ROY W ST AND E ALOHA ST,,,2,Injury Collision,Cycles,3,0,1,1,1,0,0,2010-06-22T00:00:00.000Z,6/22/2010 9:47:00 PM,Mid-Block (not related to intersection),54,PEDALCYCLIST STRUCK MOTOR VEHICLE REAR END,Y,N,Clear or Partly Cloudy,Dry,Dark - No Street Lights,,10173018.0,,45.0,Vehicle - Pedalcyclist,6191,0,N,POINT (1273784.705397159 231940.3861455619),4984.0,1.3544046334140847e-05,Clear or Partly Cloudy
93581,106916,106916,3331801,Matched,Intersection,34876.0,25TH AVE SW AND SW BARTON ST,,,2,Injury Collision,Cycles,2,0,1,1,1,0,0,2010-04-06T00:00:00.000Z,4/6/2010 6:12:00 PM,At Intersection (intersection related),18,"MOTOR VEHICLE STRUCK PEDALCYCLIST, FRONT END AT ANGLE",,N,Clear or Partly Cloudy,Dry,Daylight,Y,10096011.0,,45.0,Vehicle - Pedalcyclist,29560,0,N,POINT (1262093.778473184 193817.7286345214),7947.0,0.0,Clear or Partly Cloudy
93594,106911,106911,3345676,Matched,Intersection,29603.0,2ND AVE AND UNIVERSITY ST,,,2,Injury Collision,Cycles,3,0,1,1,1,0,0,2010-09-01T00:00:00.000Z,9/1/2010 8:41:00 PM,At Intersection (intersection related),18,"MOTOR VEHICLE STRUCK PEDALCYCLIST, FRONT END AT ANGLE",,N,Clear or Partly Cloudy,Dry,Dark - Street Lights On,,10244034.0,,45.0,Vehicle - Pedalcyclist,12162,0,N,POINT (1269492.709168762 225148.3088906109),2490.0,0.0,Clear or Partly Cloudy
93597,106909,106909,3206118,Matched,Block,,NE 45TH ST BETWEEN ROOSEVELT WAY NE AND 11TH AVE NE,,,2,Injury Collision,Cycles,2,0,1,1,1,0,0,2010-08-31T00:00:00.000Z,8/31/2010 7:50:00 PM,Mid-Block (not related to intersection),51,PEDALCYCLIST STRUCK MOTOR VEHICLE FRONT END AT ANGLE,,N,Overcast,Wet,Dark - Street Lights On,Y,10243055.0,,45.0,Vehicle - Pedalcyclist,0,0,N,POINT (1274799.267510191 244744.9816146791),21388.0,1.5619185560219236e-05,Overcast
93706,106768,106768,3200790,Matched,Block,,1ST AVE S BETWEEN S ROYAL BROUGHAM WAY AND S ATLANTIC ST,,,2,Injury Collision,Cycles,2,0,1,1,1,0,0,2010-07-02T00:00:00.000Z,7/2/2010,Mid-Block (not related to intersection),21,"MOTOR VEHICLE STRUCK PEDALCYCLIST, REAR END",,0,Raining,Wet,Daylight,Y,10183031.0,,45.0,Vehicle - Pedalcyclist,5236,0,N,POINT (1270092.515441373 219319.766740635),14.0,2.805568900512688e-05,Raining
93803,109941,109941,3327738,Matched,Intersection,37425.0,FREMONT AVE N AND N 95TH ST,,,2,Injury Collision,Cycles,2,0,1,1,1,0,0,2010-10-19T00:00:00.000Z,10/19/2010 4:39:00 PM,At Intersection (intersection related),51,PEDALCYCLIST STRUCK MOTOR VEHICLE FRONT END AT ANGLE,,N,Clear or Partly Cloudy,Dry,Daylight,Y,10292030.0,,45.0,Vehicle - Pedalcyclist,0,0,N,POINT (1266959.111470163 258224.7182684839),3539.0,0.0,Clear or Partly Cloudy
93842,108699,108699,3377189,Matched,Block,,5TH AVE NE BETWEEN NE 52ND ST AND NE 53RD ST,NEI,"Not Enough Information, or Insufficient Location Information",2,Injury Collision,Cycles,2,0,1,1,1,0,0,2010-06-11T00:00:00.000Z,6/11/2010 8:10:00 AM,Mid-Block (not related to intersection),0,NOT ENOUGH INFORMATION / NOT APPLICABLE,,N,Overcast,Dry,Daylight,Y,10162006.0,,45.0,Vehicle - Pedalcyclist,0,0,N,POINT (1273422.434356779 246773.1023847461),16823.0,1.7813845247160206e-10,Overcast
93910,109950,109950,3374922,Matched,Block,,BARNES AVE NW BETWEEN 17TH AVE NW AND NW MARKET ST,,,2,Injury Collision,Cycles,3,0,1,1,1,0,0,2010-10-04T00:00:00.000Z,10/4/2010 9:21:00 AM,Driveway Junction,54,PEDALCYCLIST STRUCK MOTOR VEHICLE REAR END,Y,N,Clear or Partly Cloudy,Dry,Daylight,,10277028.0,,45.0,Vehicle - Pedalcyclist,0,0,N,POINT (1259448.164518476 247511.8866415024),10282.0,1.298373787780735e-07,Clear or Partly Cloudy
93947,110228,110228,3283168,Matched,Block,,10TH AVE E BETWEEN E ROY W ST AND E ALOHA ST,,,2,Injury Collision,Cycles,2,0,1,1,1,0,0,2010-06-01T00:00:00.000Z,6/1/2010 10:15:00 AM,Mid-Block (not related to intersection),51,PEDALCYCLIST STRUCK MOTOR VEHICLE FRONT END AT ANGLE,,N,Clear or Partly Cloudy,Dry,Daylight,Y,10152032.0,,45.0,Vehicle - Pedalcyclist,6193,0,N,POINT (1273784.705397159 231940.3861455619),4984.0,1.3544046334140847e-05,Clear or Partly Cloudy
93990,109270,109270,3288358,Matched,Block,,DELRIDGE WAY SW BETWEEN SW CHARLESTOWN ST AND DELRIDGE-W SEATTLE BR EB ON RP,,,2,Injury Collision,Cycles,3,0,1,1,2,0,0,2010-05-24T00:00:00.000Z,5/24/2010 4:22:00 PM,Mid-Block (but intersection related),51,PEDALCYCLIST STRUCK MOTOR VEHICLE FRONT END AT ANGLE,,N,Clear or Partly Cloudy,Dry,Daylight,Y,10144037.0,,45.0,Vehicle - Pedalcyclist,0,0,N,POINT (1263052.248746157 211681.8288768232),14535.0,3.081303737711058e-05,Clear or Partly Cloudy
94019,108711,108711,3206054,Matched,Block,,15TH AVE NW BETWEEN NW 70TH ST AND NW 73RD ST,,,2,Injury Collision,Cycles,2,0,1,1,1,0,0,2010-05-21T00:00:00.000Z,5/21/2010 8:50:00 AM,Mid-Block (not related to intersection),18,"MOTOR VEHICLE STRUCK PEDALCYCLIST, FRONT END AT ANGLE",,N,Clear or Partly Cloudy,Dry,Daylight,,10141029.0,,45.0,Vehicle - Pedalcyclist,0,0,N,POINT (1260240.242407277 252021.5676061213),5107.0,1.0428065279238208e-05,Clear or Partly Cloudy
94020,108710,108710,3325807,Matched,Intersection,32118.0,ADMIRAL AVALON RP AND SW ADMIRAL WAY,,,2,Injury Collision,Cycles,2,0,1,1,1,0,0,2010-05-20T00:00:00.000Z,5/20/2010 8:24:00 AM,At Intersection (intersection related),51,PEDALCYCLIST STRUCK MOTOR VEHICLE FRONT END AT ANGLE,,0,Overcast,Dry,Daylight,,10140039.0,,45.0,Vehicle - Pedalcyclist,3037,0,N,POINT (1260788.571175843 212251.0217093974),4635.0,0.0,Overcast
94094,110508,110508,3561680,Matched,Intersection,37659.0,27TH AVE NE AND NE 90TH ST,,,2,Injury Collision,Cycles,2,0,1,1,1,0,0,2010-12-15T00:00:00.000Z,12/15/2010 7:31:00 AM,At Intersection (intersection related),18,"MOTOR VEHICLE STRUCK PEDALCYCLIST, FRONT END AT ANGLE",,N,Clear or Partly Cloudy,Wet,Daylight,Y,10349033.0,,45.0,Vehicle - Pedalcyclist,0,0,N,POINT (1279553.935163066 256543.2554827482),234.0,0.0,Clear or Partly Cloudy
94115,110368,110368,3206060,Matched,Block,,GREENWOOD AVE N BETWEEN N 100TH ST AND N 101ST ST,,,2,Injury Collision,Cycles,2,0,1,1,1,0,0,2010-11-10T00:00:00.000Z,11/10/2010 2:00:00 PM,Mid-Block (not related to intersection),18,"MOTOR VEHICLE STRUCK PEDALCYCLIST, FRONT END AT ANGLE",,N,Unknown,Unknown,Unknown,Y,10314003.0,,45.0,Vehicle - Pedalcyclist,4755,0,N,POINT (1265653.355628833 259709.1738860011),17933.0,1.3199512753945552e-05,