OBJECTID,INCKEY,COLDETKEY,REPORTNO,STATUS,ADDRTYPE,INTKEY,LOCATION,EXCEPTRSNC,EXCEPTRSND,SEVERITYCO,SEVERITYDE,COLLISIONT,PERSONCOUN,PEDCOUNT,PEDCYLCOUN,VEHCOUNT,INJURIES,SERIOUSINJ,FATALITIES,INCDATE,INCDTTM,JUNCTIONTY,SDOT_COLCO,SDOT_COLDE,INATTENTIO,UNDERINFL,WEATHER,ROADCOND,LIGHTCOND,PEDROWNOTG,SDOTCOLNUM,SPEEDING,ST_COLCODE,ST_COLDESC,SEGLANEKEY,CROSSWALKK,HITPARKEDC,geometry,near_str_index,min_length,weather_group
95945,111582,111582,3332176,Matched,Intersection,28437.0,BOYER AVE E AND E LYNN ST,,,2,Injury Collision,Cycles,2,0,1,1,1,0,0,2010-06-08T00:00:00.000Z,6/8/2010 8:23:00 AM,At Intersection (intersection related),0,NOT ENOUGH INFORMATION / NOT APPLICABLE,,N,Clear or Partly Cloudy,Dry,Daylight,,10159019.0,,45.0,Vehicle - Pedalcyclist,35868,0,N,POINT (1276208.922423631 236788.7410305291),3905.0,0.0,Clear or Partly Cloudy
95995,111042,111042,3377245,Matched,Block,,N 115TH ST BETWEEN STONE AVE N AND MERIDIAN AVE N,,,2,Injury Collision,Cycles,3,0,1,1,1,0,0,2010-07-24T00:00:00.000Z,7/24/2010 4:05:00 PM,Mid-Block (not related to intersection),54,PEDALCYCLIST STRUCK MOTOR VEHICLE REAR END,Y,N,Clear or Partly Cloudy,Dry,Daylight,,10205028.0,,45.0,Vehicle - Pedalcyclist,32878,0,N,POINT (1269993.564209267 263447.243457824),6981.0,1.1611468617676787e-05,Clear or Partly Cloudy
97003,112334,112334,3560301,Matched,Intersection,30365.0,1ST AVE S AND S JACKSON ST,,,2,Injury Collision,Cycles,2,0,1,1,1,0,0,2010-10-22T00:00:00.000Z,10/22/2010 7:53:00 AM,At Intersection (intersection related),51,PEDALCYCLIST STRUCK MOTOR VEHICLE FRONT END AT ANGLE,,N,Overcast,Wet,Daylight,,10295033.0,,45.0,Vehicle - Pedalcyclist,0,521022,N,POINT (1270150.066225424 222182.4193515629),1802.0,0.0,Overcast
97018,112055,112055,3331964,Matched,Intersection,30427.0,12TH AVE S AND S JACKSON ST,,,2,Injury Collision,Cycles,2,0,1,1,1,0,0,2010-05-27T00:00:00.000Z,5/27/2010 9:48:00 PM,At Intersection (intersection related),51,PEDALCYCLIST STRUCK MOTOR VEHICLE FRONT END AT ANGLE,,N,Overcast,Dry,Dark - Street Lights On,Y,10147027.0,,45.0,Vehicle - Pedalcyclist,34790,0,N,POINT (1274334.809653714 222095.5050474852),12155.0,0.0,Overcast
97062,110833,110833,3332085,Matched,Intersection,30213.0,19TH AVE AND E SPRUCE ST,,,2,Injury Collision,Cycles,2,0,1,1,1,0,0,2010-06-13T00:00:00.000Z,6/13/2010 5:35:00 PM,At Intersection (intersection related),51,PEDALCYCLIST STRUCK MOTOR VEHICLE FRONT END AT ANGLE,,N,Clear or Partly Cloudy,Dry,Daylight,Y,10164004.0,,45.0,Vehicle - Pedalcyclist,8651,0,N,POINT (1276724.10476017 223627.6115450561),2475.0,0.0,Clear or Partly Cloudy
97067,112468,112468,3376902,Matched,Intersection,36527.0,ROOSEVELT WAY NE AND NE 105TH ST,,,1,Property Damage Only Collision,Cycles,2,0,1,1,0,0,0,2010-11-20T00:00:00.000Z,11/20/2010 7:51:00 AM,At Intersection (intersection related),18,"MOTOR VEHICLE STRUCK PEDALCYCLIST, FRONT END AT ANGLE",,N,Overcast,Wet,Daylight,Y,10324007.0,,45.0,Vehicle - Pedalcyclist,7818,0,N,POINT (1274936.421430334 260658.1196149737),1330.0,0.0,Overcast
97114,111799,111799,3346387,Matched,Block,,S JACKSON ST BETWEEN 7TH AVE S AND 8TH AVE S,,,2,Injury Collision,Cycles,1,0,1,0,1,0,0,2010-11-09T00:00:00.000Z,11/9/2010 5:39:00 PM,Mid-Block (not related to intersection),69,PEDALCYCLIST OVERTURNED IN ROAD,,N,Raining,Wet,Dark - Street Lights On,,10313021.0,,45.0,Vehicle - Pedalcyclist,24453,0,N,POINT (1272885.209396228 222122.8979435116),15016.0,3.015195311668457e-05,Raining
97116,111798,111798,3373757,Matched,Intersection,28788.0,DEXTER AVE N AND THOMAS ST,,,2,Injury Collision,Cycles,1,0,1,0,1,0,0,2010-11-08T00:00:00.000Z,11/8/2010 6:17:00 PM,At Intersection (intersection related),51,PEDALCYCLIST STRUCK MOTOR VEHICLE FRONT END AT ANGLE,,N,Clear or Partly Cloudy,Dry,Dark - Street Lights On,,10312015.0,,45.0,Vehicle - Pedalcyclist,12606,0,N,POINT (1268283.993903518 230129.8392637074),3489.0,0.0,Clear or Partly Cloudy
97124,111796,111796,3374162,Matched,Intersection,30453.0,GOLF DR S AND S CHARLES ST,,,2,Injury Collision,Cycles,3,0,1,1,1,0,0,2010-11-05T00:00:00.000Z,11/5/2010 5:56:00 PM,At Intersection (intersection related),18,"MOTOR VEHICLE STRUCK PEDALCYCLIST, FRONT END AT ANGLE",,N,Raining,Wet,Dark - Street Lights On,Y,10309049.0,,45.0,Vehicle - Pedalcyclist,14097,0,N,POINT (1274459.601717845 220302.7257816494),5033.0,0.0,Raining
97125,112205,112205,2892785,Matched,Block,,ROOSEVELT WAY NE BETWEEN NE 63RD ST AND NE 64TH ST,,,2,Injury Collision,Cycles,4,0,1,2,1,0,0,2010-08-13T00:00:00.000Z,8/13/2010 1:25:00 PM,Mid-Block (not related to intersection),51,PEDALCYCLIST STRUCK MOTOR VEHICLE FRONT END AT ANGLE,,N,Clear or Partly Cloudy,Dry,Daylight,Y,10225023.0,,45.0,Vehicle - Pedalcyclist,9207,0,N,POINT (1274830.361590222 249586.2318596244),6643.0,1.933789083281005e-05,Clear or Partly Cloudy
97199,111118,111118,3558932,Matched,Intersection,24499.0,ROOSEVELT WAY NE AND NE 66TH ST,,,2b,Serious Injury Collision,Cycles,2,0,1,1,1,1,0,2010-09-20T00:00:00.000Z,9/20/2010 3:56:00 PM,At Intersection (intersection related),51,PEDALCYCLIST STRUCK MOTOR VEHICLE FRONT END AT ANGLE,,N,Clear or Partly Cloudy,Dry,Daylight,Y,10263002.0,,45.0,Vehicle - Pedalcyclist,9394,0,N,POINT (1274841.88523823 250311.1781643778),4208.0,0.0,Clear or Partly Cloudy
97228,111532,111532,3333542,Matched,Intersection,25792.0,BROOKLYN AVE NE AND NE 50TH ST,,,2,Injury Collision,Cycles,2,0,1,1,1,0,0,2010-06-14T00:00:00.000Z,6/14/2010 4:39:00 PM,,0,NOT ENOUGH INFORMATION / NOT APPLICABLE,,N,Clear or Partly Cloudy,Dry,Daylight,,10165003.0,,45.0,Vehicle - Pedalcyclist,21421,0,N,POINT (1275539.245622948 246048.9179360121),652.0,0.0,Clear or Partly Cloudy
97283,112622,112622,3565412,Matched,Intersection,25463.0,LEARY WAY NW AND NW BALLARD WAY,,,2,Injury Collision,Cycles,2,0,1,1,1,0,0,2010-10-14T00:00:00.000Z,10/14/2010 11:35:00 AM,At Intersection (intersection related),51,PEDALCYCLIST STRUCK MOTOR VEHICLE FRONT END AT ANGLE,,N,Clear or Partly Cloudy,Dry,Daylight,Y,10287037.0,,45.0,Vehicle - Pedalcyclist,17333,0,N,POINT (1262125.314857215 245592.6314715445),3625.0,0.0,Clear or Partly Cloudy
97370,111403,111403,3386765,Matched,Block,,HARVARD AVE E BETWEEN E ALLISON ST AND EASTLAKE AVE E,,,2,Injury Collision,Cycles,2,0,1,1,1,0,0,2010-10-07T00:00:00.000Z,10/7/2010 5:04:00 PM,Mid-Block (not related to intersection),18,"MOTOR VEHICLE STRUCK PEDALCYCLIST, FRONT END AT ANGLE",,N,Overcast,Dry,Dusk,,10280030.0,,45.0,Vehicle - Pedalcyclist,6056,0,N,POINT (1273488.362036854 240508.8856743425),762.0,1.018576464839149e-05,Overcast
97384,112085,112085,3559303,Matched,Intersection,287158.0,BROOKLYN AVE NE AND BURKE GILMAN TRL,,,2,Injury Collision,Cycles,2,0,1,1,1,0,0,2010-08-11T00:00:00.000Z,8/11/2010 7:00:00 PM,At Intersection (but not related to intersection),51,PEDALCYCLIST STRUCK MOTOR VEHICLE FRONT END AT ANGLE,,N,Clear or Partly Cloudy,Dry,Daylight,Y,10223034.0,,45.0,Vehicle - Pedalcyclist,0,525567,N,POINT (1275399.661622807 242148.1143480092),2203.0,0.0,Clear or Partly Cloudy
97464,110859,110859,3376977,Matched,Intersection,36788.0,SAND POINT WAY NE AND NE 107TH ST,,,2,Injury Collision,Cycles,2,0,1,1,1,0,0,2010-05-09T00:00:00.000Z,5/9/2010 12:36:00 PM,At Intersection (intersection related),51,PEDALCYCLIST STRUCK MOTOR VEHICLE FRONT END AT ANGLE,,N,Clear or Partly Cloudy,Dry,Daylight,Y,10129003.0,,45.0,Vehicle - Pedalcyclist,28194,0,N,POINT (1284433.360960051 261245.8779515773),9810.0,0.0,Clear or Partly Cloudy
97465,111002,111002,3333876,Matched,Intersection,25960.0,25TH AVE NE AND NE 47TH ST,,,2,Injury Collision,Cycles,2,0,1,1,1,0,0,2010-01-22T00:00:00.000Z,1/22/2010 1:00:00 PM,At Intersection (intersection related),18,"MOTOR VEHICLE STRUCK PEDALCYCLIST, FRONT END AT ANGLE",,N,Overcast,Dry,Dusk,,10022003.0,,45.0,Vehicle - Pedalcyclist,0,521603,N,POINT (1278810.157370299 245387.0872793347),11332.0,0.0,Overcast
97595,110865,110865,3326980,Matched,Intersection,29603.0,2ND AVE AND UNIVERSITY ST,,,2,Injury Collision,Cycles,2,0,1,1,1,0,0,2010-10-05T00:00:00.000Z,10/5/2010 9:22:00 AM,At Intersection (intersection related),18,"MOTOR VEHICLE STRUCK PEDALCYCLIST, FRONT END AT ANGLE",,N,Clear or Partly Cloudy,Dry,Daylight,Y,10278025.0,,45.0,Vehicle - Pedalcyclist,12162,0,N,POINT (1269492.709168762 225148.3088906109),2490.0,0.0,Clear or Partly Cloudy
97607,110736,110736,3334885,Matched,Block,,1ST AVE S BETWEEN S WASHINGTON ST AND S MAIN ST,,,2,Injury Collision,Cycles,2,0,1,1,1,0,0,2010-02-26T00:00:00.000Z,2/26/2010 4:40:00 PM,Mid-Block (but intersection related),69,PEDALCYCLIST OVERTURNED IN ROAD,,N,Raining,Wet,Dusk,,10057005.0,,45.0,Vehicle - Pedalcyclist,36130,0,N,POINT (1270160.215729445 222642.0015600473),4970.0,5.7314798960468596e-06,Raining
97644,111967,111967,3561776,Matched,Block,,UNIVERSITY WAY NE BETWEEN NE 42ND ST AND NE 43RD ST,,,2,Injury Collision,Cycles,4,0,1,1,1,0,0,2010-12-19T00:00:00.000Z,12/19/2010 8:33:00 PM,Mid-Block (not related to intersection),0,NOT ENOUGH INFORMATION / NOT APPLICABLE,Y,N,Overcast,Wet,Dark - Street Lights On,,10353013.0,,45.0,Vehicle - Pedalcyclist,5663,0,N,POINT (1275750.037175164 243908.8157258183),998.0,5.74251594587681e-06,Overcast
97677,111829,111829,3329411,Matched,Intersection,29877.0,MELROSE AVE AND PIKE ST,,,2,Injury Collision,Cycles,3,0,1,1,1,0,0,2010-02-08T00:00:00.000Z,2/8/2010 4:11:00 PM,At Intersection (intersection related),18,"MOTOR VEHICLE STRUCK PEDALCYCLIST, FRONT END AT ANGLE",,N,Clear or Partly Cloudy,Dry,Daylight,Y,10039006.0,,45.0,Vehicle - Pedalcyclist,31114,0,N,POINT (1271828.993331149 227522.0719650388),1143.0,0.0,Clear or Partly Cloudy
97681,110878,110878,2905242,Matched,Block,,AURORA AVE N BETWEEN N 125TH ST AND N 127TH ST,,,1,Property Damage Only Collision,Cycles,2,0,1,1,0,0,0,2010-02-16T00:00:00.000Z,2/16/2010 1:44:00 PM,Driveway Junction,51,PEDALCYCLIST STRUCK MOTOR VEHICLE FRONT END AT ANGLE,,N,Raining,Dry,Daylight,,10047001.0,,45.0,Vehicle - Pedalcyclist,15043,0,N,POINT (1268365.048943609 266463.5964849144),12531.0,7.929148705898784e-06,Raining
97767,111568,111568,3374377,Matched,Intersection,33064.0,AIRPORT WAY S AND S EDMUNDS ST,,,2,Injury Collision,Cycles,1,0,1,0,1,0,0,2010-10-12T00:00:00.000Z,10/12/2010 2:40:00 PM,At Intersection (intersection related),51,PEDALCYCLIST STRUCK MOTOR VEHICLE FRONT END AT ANGLE,,N,Clear or Partly Cloudy,Dry,Daylight,,10285012.0,,45.0,Vehicle - Pedalcyclist,17569,0,N,POINT (1272565.048627898 207762.2539608032),3311.0,0.0,Clear or Partly Cloudy
97786,111979,111979,3283340,Matched,Intersection,29761.0,12TH AVE AND E MADISON ST,,,2,Injury Collision,Cycles,2,0,1,1,1,0,0,2010-09-29T00:00:00.000Z,9/29/2010 3:32:00 PM,At Intersection (intersection related),18,"MOTOR VEHICLE STRUCK PEDALCYCLIST, FRONT END AT ANGLE",Y,N,Clear or Partly Cloudy,Dry,Daylight,Y,10272016.0,,45.0,Vehicle - Pedalcyclist,10773,0,N,POINT (1274551.867445946 227089.5945245922),39.0,0.0,Clear or Partly Cloudy
97794,112113,112113,3211324,Matched,Intersection,33624.0,32ND AVE S AND S ORCAS ST,,,2,Injury Collision,Cycles,2,0,1,1,1,0,0,2010-08-25T00:00:00.000Z,8/25/2010 6:13:00 PM,At Intersection (intersection related),51,PEDALCYCLIST STRUCK MOTOR VEHICLE FRONT END AT ANGLE,,N,Overcast,Dry,Daylight,Y,10237022.0,,45.0,Vehicle - Pedalcyclist,37891,0,N,POINT (1280332.873531863 204383.3706293404),313.0,0.0,Overcast
97862,111020,111020,3329194,Matched,Intersection,29732.0,HARVARD AVE AND E OLIVE ST,,,2,Injury Collision,Cycles,2,1,1,0,1,0,0,2010-07-21T00:00:00.000Z,7/21/2010 7:01:00 PM,At Intersection (intersection related),24,MOTOR VEHCILE STRUCK PEDESTRIAN,,N,Clear or Partly Cloudy,Dry,Daylight,,10202015.0,,45.0,Vehicle - Pedalcyclist,0,0,N,POINT (1273241.110324591 228393.6265259236),3575.0,0.0,Clear or Partly Cloudy
97863,110882,110882,3329755,Matched,Intersection,29747.0,11TH AVE AND E PIKE ST,,,2b,Serious Injury Collision,Cycles,2,0,1,1,1,1,0,2010-05-13T00:00:00.000Z,5/13/2010 7:55:00 PM,At Intersection (intersection related),51,PEDALCYCLIST STRUCK MOTOR VEHICLE FRONT END AT ANGLE,,N,Clear or Partly Cloudy,Dry,Dusk,Y,10133003.0,,45.0,Vehicle - Pedalcyclist,31243,0,N,POINT (1274213.232437596 227535.8214690536),1145.0,0.0,Clear or Partly Cloudy
97885,111571,111571,3386708,Matched,Block,,E MCGRAW ST BETWEEN 15TH AVE E AND 16TH AVE E,,,2,Injury Collision,Cycles,2,0,1,1,1,0,0,2010-10-15T00:00:00.000Z,10/15/2010 8:04:00 AM,Mid-Block (but intersection related),18,"MOTOR VEHICLE STRUCK PEDALCYCLIST, FRONT END AT ANGLE",,N,Clear or Partly Cloudy,Wet,Daylight,Y,10288009.0,,45.0,Vehicle - Pedalcyclist,6032,0,N,POINT (1276027.446071446 237059.9941508025),1128.0,7.448245615541411e-09,Clear or Partly Cloudy
97917,111715,111715,2796159,Matched,Intersection,27955.0,15TH AVE W AND W HOWE ST,,,2,Injury Collision,Cycles,2,0,1,1,1,0,0,2010-07-27T00:00:00.000Z,7/27/2010 6:24:00 PM,At Intersection (intersection related),18,"MOTOR VEHICLE STRUCK PEDALCYCLIST, FRONT END AT ANGLE",,N,Clear or Partly Cloudy,Dry,Daylight,Y,10208025.0,,45.0,Vehicle - Pedalcyclist,19025,0,N,POINT (1260070.955815107 235788.855973497),2408.0,0.0,Clear or Partly Cloudy
97927,111852,111852,3284671,Matched,Block,,NE 45TH ST BETWEEN 1ST AVE NE AND 2ND AVE NE,,,2,Injury Collision,Cycles,2,0,1,1,1,0,0,2010-04-15T00:00:00.000Z,4/15/2010 8:18:00 PM,Driveway Junction,51,PEDALCYCLIST STRUCK MOTOR VEHICLE FRONT END AT ANGLE,,N,Clear or Partly Cloudy,Dry,Dark - Street Lights On,Y,10105002.0,Y,45.0,Vehicle - Pedalcyclist,6532,0,N,POINT (1272176.522995502 244818.3334227502),18208.0,3.0169654243669977e-05,Clear or Partly Cloudy
97958,112392,112392,3343106,Matched,Intersection,32934.0,25TH AVE SW AND SW HUDSON ST,,,2,Injury Collision,Cycles,2,0,1,1,1,0,0,2010-07-13T00:00:00.000Z,7/13/2010 7:48:00 AM,At Intersection (intersection related),51,PEDALCYCLIST STRUCK MOTOR VEHICLE FRONT END AT ANGLE,,N,Clear or Partly Cloudy,Dry,Daylight,,10194015.0,,45.0,Vehicle - Pedalcyclist,0,0,N,POINT (1262430.601257533 207109.8497361392),2009.0,0.0,Clear or Partly Cloudy
96033,111587,111587,3330272,Matched,Intersection,26726.0,13TH AVE W AND W NICKERSON ST,NEI,"Not Enough Information, or Insufficient Location Information",2,Injury Collision,Cycles,2,0,1,1,1,0,0,2010-05-08T00:00:00.000Z,5/8/2010 12:22:00 PM,At Intersection (intersection related),18,"MOTOR VEHICLE STRUCK PEDALCYCLIST, FRONT END AT ANGLE",,N,Unknown,Unknown,Unknown,,10128032.0,,45.0,Vehicle - Pedalcyclist,12549,0,N,POINT (1260836.659751892 242909.9862207919),2135.0,0.0,
96040,111457,111457,3332053,Matched,Intersection,30190.0,20TH AVE AND E JEFFERSON ST,,,2,Injury Collision,Cycles,2,0,1,1,1,0,0,2010-05-19T00:00:00.000Z,5/19/2010 3:21:00 PM,At Intersection (intersection related),51,PEDALCYCLIST STRUCK MOTOR VEHICLE FRONT END AT ANGLE,,N,Raining,Wet,Daylight,Y,10139027.0,,45.0,Vehicle - Pedalcyclist,34934,0,N,POINT (1277070.102328524 224588.8925700337),5231.0,0.0,Raining
96042,111455,111455,3326861,Matched,Intersection,29512.0,BELL ST AND DENNY WAY,,,2,Injury Collision,Cycles,2,0,1,1,1,0,0,2010-05-18T00:00:00.000Z,5/18/2010 1:30:00 PM,At Intersection (intersection related),51,PEDALCYCLIST STRUCK MOTOR VEHICLE FRONT END AT ANGLE,,N,Clear or Partly Cloudy,Dry,Daylight,Y,10138007.0,,45.0,Vehicle - Pedalcyclist,23480,0,N,POINT (1268895.825456142 229261.1191348135),3480.0,0.0,Clear or Partly Cloudy
96052,111724,111724,3329477,Matched,Intersection,30752.0,18TH AVE S AND S JACKSON ST,,,2,Injury Collision,Cycles,2,0,1,1,1,0,0,2010-02-10T00:00:00.000Z,2/10/2010 8:08:00 AM,At Intersection (intersection related),18,"MOTOR VEHICLE STRUCK PEDALCYCLIST, FRONT END AT ANGLE",,N,Clear or Partly Cloudy,Dry,Daylight,Y,10041005.0,,45.0,Vehicle - Pedalcyclist,11040,0,N,POINT (1276371.452727795 222074.5465834588),121.0,0.0,Clear or Partly Cloudy
96076,112409,112409,3332033,Matched,Intersection,29013.0,14TH AVE E AND E REPUBLICAN ST,,,1,Property Damage Only Collision,Cycles,2,0,1,1,0,0,0,2010-08-06T00:00:00.000Z,8/6/2010 3:18:00 PM,At Intersection (intersection related),51,PEDALCYCLIST STRUCK MOTOR VEHICLE FRONT END AT ANGLE,,N,Clear or Partly Cloudy,Dry,Daylight,,10218027.0,,45.0,Vehicle - Pedalcyclist,0,0,N,POINT (1275136.455478534 230807.1315523982),6929.0,0.0,Clear or Partly Cloudy
96084,112406,112406,2623325,Matched,Intersection,30355.0,2ND AVE AND CHERRY ST,,,2,Injury Collision,Cycles,2,0,1,1,1,0,0,2010-07-01T00:00:00.000Z,7/1/2010 5:28:00 PM,At Intersection (intersection related),11,"MOTOR VEHICLE STRUCK MOTOR VEHICLE, FRONT END AT ANGLE",,N,Clear or Partly Cloudy,Dry,Daylight,,10182028.0,,45.0,Vehicle - Pedalcyclist,12035,0,N,POINT (1270427.74891372 223568.6895609945),2488.0,0.0,Clear or Partly Cloudy
96110,110773,110773,3342432,Matched,Block,,SW ORCHARD ST BETWEEN DELRIDGE WAY SW AND SYLVAN WAY SW,,,2,Injury Collision,Cycles,2,0,1,1,1,0,0,2010-11-18T00:00:00.000Z,11/18/2010 3:40:00 PM,Mid-Block (but intersection related),18,"MOTOR VEHICLE STRUCK PEDALCYCLIST, FRONT END AT ANGLE",,N,Clear or Partly Cloudy,Dry,Daylight,,10322020.0,,45.0,Vehicle - Pedalcyclist,0,525434,N,POINT (1262876.84132199 199907.5637767613),10719.0,4.172306713893499e-06,Clear or Partly Cloudy
96114,112685,112685,3199574,Matched,Intersection,30737.0,18TH AVE S AND S WASHINGTON ST,,,1,Property Damage Only Collision,Cycles,2,0,1,1,0,0,0,2010-01-12T00:00:00.000Z,1/12/2010 1:45:00 PM,At Intersection (intersection related),18,"MOTOR VEHICLE STRUCK PEDALCYCLIST, FRONT END AT ANGLE",,N,Raining,Wet,Daylight,Y,10012007.0,,45.0,Vehicle - Pedalcyclist,0,0,N,POINT (1276383.874359816 222657.9931120574),4617.0,0.0,Raining
96138,111466,111466,3333661,Matched,Intersection,35969.0,1ST AVE NE AND NE 130TH ST,,,2b,Serious Injury Collision,Cycles,2,0,1,1,1,1,0,2010-08-08T00:00:00.000Z,8/8/2010 9:36:00 AM,At Intersection (intersection related),51,PEDALCYCLIST STRUCK MOTOR VEHICLE FRONT END AT ANGLE,,N,Raining,Wet,Daylight,,10220015.0,,45.0,Vehicle - Pedalcyclist,0,524136,N,POINT (1272328.64363566 267365.1911098361),3990.0,0.0,Raining
96192,111877,111877,3562078,Matched,Intersection,24981.0,44TH AVE NE AND NE 65TH ST,,,2,Injury Collision,Cycles,2,0,1,1,1,0,0,2010-12-10T00:00:00.000Z,12/10/2010 8:41:00 AM,At Intersection (intersection related),18,"MOTOR VEHICLE STRUCK PEDALCYCLIST, FRONT END AT ANGLE",,N,Clear or Partly Cloudy,Dry,Daylight,Y,10344004.0,,45.0,Vehicle - Pedalcyclist,0,0,N,POINT (1283826.117695436 249860.6793479174),1451.0,0.0,Clear or Partly Cloudy
96203,111602,111602,2793748,Matched,Intersection,29603.0,2ND AVE AND UNIVERSITY ST,,,2,Injury Collision,Cycles,2,0,1,1,1,0,0,2010-06-18T00:00:00.000Z,6/18/2010 10:49:00 PM,At Intersection (intersection related),51,PEDALCYCLIST STRUCK MOTOR VEHICLE FRONT END AT ANGLE,,N,Clear or Partly Cloudy,Dry,Dark - Street Lights On,,10169039.0,,45.0,Vehicle - Pedalcyclist,12166,0,N,POINT (1269492.709168762 225148.3088906109),2490.0,0.0,Clear or Partly Cloudy
96206,112007,112007,3332235,Matched,Block,,1ST WR AVE S BETWEEN S HINDS ST AND S SPOKANE NR ST,,,1,Property Damage Only Collision,Cycles,2,0,1,1,0,0,0,2010-06-24T00:00:00.000Z,6/24/2010 5:15:00 PM,Mid-Block (not related to intersection),51,PEDALCYCLIST STRUCK MOTOR VEHICLE FRONT END AT ANGLE,,N,Clear or Partly Cloudy,Dry,Daylight,Y,10175014.0,,45.0,Vehicle - Pedalcyclist,0,0,N,POINT (1269924.224177197 212517.1146376729),21214.0,4.225034146597451e-06,Clear or Partly Cloudy
96235,112284,112284,3332238,Matched,Block,,E ALDER ST BETWEEN BOREN AVE AND 10TH AVE,,,2,Injury Collision,Cycles,2,0,1,1,1,0,0,2010-06-09T00:00:00.000Z,6/9/2010 2:20:00 PM,Mid-Block (not related to intersection),51,PEDALCYCLIST STRUCK MOTOR VEHICLE FRONT END AT ANGLE,,N,Raining,Wet,Daylight,,10160040.0,,45.0,Vehicle - Pedalcyclist,0,0,N,POINT (1273688.266549051 223995.012633428),6799.0,7.448752796551477e-09,Raining
96244,112555,112555,3200692,Matched,Intersection,29579.0,4TH AVE AND PINE ST,,,2,Injury Collision,Cycles,2,1,1,0,1,0,0,2010-05-02T00:00:00.000Z,5/2/2010 2:04:00 PM,At Intersection (intersection related),64,PEDALCYCLIST STRUCK PEDESTRIAN,,N,Clear or Partly Cloudy,Dry,Daylight,,10122004.0,,45.0,Vehicle - Pedalcyclist,12761,521865,N,POINT (1269395.978288665 226576.0889880657),895.0,0.0,Clear or Partly Cloudy
96426,111213,111213,2881318,Matched,Block,,NE 45TH ST BETWEEN THACKERAY PL NE AND LATONA AVE NE,,,2,Injury Collision,Cycles,3,0,1,1,1,0,0,2010-07-29T00:00:00.000Z,7/29/2010 3:58:00 PM,Mid-Block (not related to intersection),51,PEDALCYCLIST STRUCK MOTOR VEHICLE FRONT END AT ANGLE,,N,Clear or Partly Cloudy,Dry,Daylight,Y,10210026.0,,45.0,Vehicle - Pedalcyclist,6540,0,N,POINT (1272697.333940044 244804.383342728),21125.0,3.041552461625017e-05,Clear or Partly Cloudy
96434,111481,111481,3343969,Matched,Block,,S MYRTLE ST BETWEEN 38TH AVE S AND M L KING JR WR WAY S,,,2,Injury Collision,Cycles,2,0,1,1,1,0,0,2010-01-06T00:00:00.000Z,1/6/2010 6:08:00 PM,Driveway Junction,18,"MOTOR VEHICLE STRUCK PEDALCYCLIST, FRONT END AT ANGLE",,N,Clear or Partly Cloudy,Dry,Dark - Street Lights On,Y,10006020.0,,45.0,Vehicle - Pedalcyclist,0,0,N,POINT (1282247.876925826 199943.1210248023),22274.0,1.8923084309374947e-05,Clear or Partly Cloudy
96445,111479,111479,3346154,Matched,Block,,2ND AV ET S BETWEEN S JACKSON ST AND S MAIN ST,,,1,Property Damage Only Collision,Cycles,2,0,1,1,0,0,0,2010-06-01T00:00:00.000Z,6/1/2010 7:08:00 PM,Mid-Block (not related to intersection),18,"MOTOR VEHICLE STRUCK PEDALCYCLIST, FRONT END AT ANGLE",,N,Overcast,Wet,Dusk,Y,10152031.0,,45.0,Vehicle - Pedalcyclist,35929,0,N,POINT (1271183.316146493 222304.5042156875),10135.0,3.5431266009836825e-09,Overcast
96481,111893,111893,3377015,Matched,Intersection,24265.0,DAYTON AVE N AND N 84TH ST,,,2,Injury Collision,Cycles,4,0,1,1,1,0,0,2010-08-04T00:00:00.000Z,8/4/2010 6:47:00 PM,At Intersection (intersection related),51,PEDALCYCLIST STRUCK MOTOR VEHICLE FRONT END AT ANGLE,,N,Clear or Partly Cloudy,Dry,Dusk,,10216031.0,,45.0,Vehicle - Pedalcyclist,0,0,N,POINT (1266260.396589443 255324.2244415134),3466.0,0.0,Clear or Partly Cloudy
96530,112436,112436,3327873,Matched,Intersection,24119.0,MARY AVE NW AND NW 83RD ST,,,2,Injury Collision,Cycles,2,0,1,1,1,0,0,2010-01-13T00:00:00.000Z,1/13/2010 8:00:00 PM,At Intersection (intersection related),18,"MOTOR VEHICLE STRUCK PEDALCYCLIST, FRONT END AT ANGLE",,N,Raining,Wet,Dark - No Street Lights,Y,10013044.0,,45.0,Vehicle - Pedalcyclist,0,0,N,POINT (1260623.778343678 255032.4499772042),3655.0,0.0,Raining
96543,111077,111077,3331708,Matched,Intersection,33118.0,AIRPORT WAY S AND S VALE ST,,,2,Injury Collision,Cycles,2,0,1,1,1,0,0,2010-12-21T00:00:00.000Z,12/21/2010 2:15:00 PM,At Intersection (intersection related),18,"MOTOR VEHICLE STRUCK PEDALCYCLIST, FRONT END AT ANGLE",,N,Overcast,Wet,Daylight,Y,10355009.0,,45.0,Vehicle - Pedalcyclist,0,0,N,POINT (1274064.456757441 203878.9681968242),1904.0,0.0,Overcast