OBJECTID,INCKEY,COLDETKEY,REPORTNO,STATUS,ADDRTYPE,INTKEY,LOCATION,EXCEPTRSNC,EXCEPTRSND,SEVERITYCO,SEVERITYDE,COLLISIONT,PERSONCOUN,PEDCOUNT,PEDCYLCOUN,VEHCOUNT,INJURIES,SERIOUSINJ,FATALITIES,INCDATE,INCDTTM,JUNCTIONTY,SDOT_COLCO,SDOT_COLDE,INATTENTIO,UNDERINFL,WEATHER,ROADCOND,LIGHTCOND,PEDROWNOTG,SDOTCOLNUM,SPEEDING,ST_COLCODE,ST_COLDESC,SEGLANEKEY,CROSSWALKK,HITPARKEDC,geometry,near_str_index,min_length,weather_group
101051,115024,115024,3374805,Matched,Block,,EAST GREEN LAKE DR N BETWEEN LATONA AVE NE AND SUNNYSIDE AVE N,,,2b,Serious Injury Collision,Cycles,2,0,1,1,1,1,0,2010-07-14T00:00:00.000Z,7/14/2010 9:00:00 PM,Mid-Block (not related to intersection),56,PEDALCYCLIST STRUCK MOTOR VEHICLE LEFT SIDE SIDESWIPE,Y,N,Clear or Partly Cloudy,Dry,Dusk,,10195031.0,,45.0,Vehicle - Pedalcyclist,7304,0,N,POINT (1272157.573939487 252442.4733985513),19073.0,1.0382362796336802e-05,Clear or Partly Cloudy
101057,115859,115859,3296621,Matched,Intersection,25939.0,25TH AVE NE AND NE 55TH ST,,,2,Injury Collision,Cycles,2,0,1,1,1,0,0,2010-09-22T00:00:00.000Z,9/22/2010 11:57:00 AM,At Intersection (intersection related),18,"MOTOR VEHICLE STRUCK PEDALCYCLIST, FRONT END AT ANGLE",,N,Clear or Partly Cloudy,Dry,Daylight,Y,10265019.0,,45.0,Vehicle - Pedalcyclist,18807,0,N,POINT (1278912.752442405 247303.9912173003),5350.0,0.0,Clear or Partly Cloudy
101110,115990,115990,3334804,Matched,Block,,YESLER WAY BETWEEN 6TH AVE AND 8TH AVE,,,2,Injury Collision,Cycles,2,0,1,1,1,0,0,2010-01-22T00:00:00.000Z,1/22/2010 3:59:00 PM,Mid-Block (but intersection related),54,PEDALCYCLIST STRUCK MOTOR VEHICLE REAR END,Y,N,Clear or Partly Cloudy,Dry,Daylight,,10022005.0,,45.0,Vehicle - Pedalcyclist,9977,0,N,POINT (1272581.983923927 223048.7888244539),21094.0,1.5079506378515307e-05,Clear or Partly Cloudy
101141,116817,116817,3287953,Matched,Intersection,31178.0,45TH AVE SW AND SW STEVENS S ST,,,2,Injury Collision,Cycles,2,0,1,1,1,0,0,2010-02-03T00:00:00.000Z,2/3/2010 6:00:00 PM,At Intersection (intersection related),51,PEDALCYCLIST STRUCK MOTOR VEHICLE FRONT END AT ANGLE,,N,Raining,Wet,Dark - Street Lights On,Y,10034004.0,,45.0,Vehicle - Pedalcyclist,0,0,N,POINT (1256373.314851329 214425.8507676274),5826.0,0.0,Raining
101145,116956,116956,3376912,Matched,Intersection,36527.0,ROOSEVELT WAY NE AND NE 105TH ST,,,2,Injury Collision,Cycles,2,0,1,1,1,0,0,2010-12-06T00:00:00.000Z,12/6/2010 9:54:00 PM,At Intersection (intersection related),18,"MOTOR VEHICLE STRUCK PEDALCYCLIST, FRONT END AT ANGLE",,N,Overcast,Dry,Dark - Street Lights On,Y,10340023.0,,45.0,Vehicle - Pedalcyclist,7573,0,N,POINT (1274936.421430334 260658.1196149737),1330.0,0.0,Overcast
101241,116553,116553,3329177,Matched,Intersection,29462.0,36TH AVE E AND E HARRISON ST,,,2,Injury Collision,Cycles,2,0,1,1,1,0,0,2010-02-18T00:00:00.000Z,2/18/2010 12:59:00 PM,At Intersection (intersection related),51,PEDALCYCLIST STRUCK MOTOR VEHICLE FRONT END AT ANGLE,,N,Clear or Partly Cloudy,Dry,Daylight,Y,10049013.0,,45.0,Vehicle - Pedalcyclist,0,0,N,POINT (1281914.538045481 230462.7716160417),1092.0,0.0,Clear or Partly Cloudy
101349,115740,115740,3383704,Matched,Intersection,29970.0,3RD AVE AND COLUMBIA ST,,,2,Injury Collision,Cycles,2,0,1,1,1,0,0,2010-10-06T00:00:00.000Z,10/6/2010 7:04:00 PM,At Intersection (intersection related),18,"MOTOR VEHICLE STRUCK PEDALCYCLIST, FRONT END AT ANGLE",,N,Clear or Partly Cloudy,Dry,Dark - Street Lights On,Y,10279031.0,,45.0,Vehicle - Pedalcyclist,35884,0,N,POINT (1270549.053233832 223996.0009214282),11065.0,0.0,Clear or Partly Cloudy
101354,116141,116141,3336027,Matched,Intersection,31361.0,6TH AVE S AND S STACY ST,,,2,Injury Collision,Cycles,2,0,1,1,1,0,0,2010-04-16T00:00:00.000Z,4/16/2010 4:41:00 PM,At Intersection (intersection related),51,PEDALCYCLIST STRUCK MOTOR VEHICLE FRONT END AT ANGLE,,N,Clear or Partly Cloudy,Dry,Daylight,Y,10106001.0,,45.0,Vehicle - Pedalcyclist,19329,0,N,POINT (1272053.474355385 215829.286545068),1895.0,0.0,Clear or Partly Cloudy
101457,115751,115751,3386905,Matched,Intersection,30453.0,GOLF DR S AND S CHARLES ST,,,2,Injury Collision,Cycles,2,0,1,1,1,0,0,2010-10-26T00:00:00.000Z,10/26/2010 9:50:00 AM,At Intersection (intersection related),18,"MOTOR VEHICLE STRUCK PEDALCYCLIST, FRONT END AT ANGLE",,N,Overcast,Dry,Daylight,Y,10299035.0,,45.0,Vehicle - Pedalcyclist,14097,0,N,POINT (1274459.601717845 220302.7257816494),5033.0,0.0,Overcast
101527,116018,116018,3331930,Matched,Block,,M L KING JR WAY BETWEEN E MARION ST AND E SPRING ST,,,2,Injury Collision,Cycles,1,0,1,0,1,0,0,2010-05-31T00:00:00.000Z,5/31/2010 1:49:00 AM,Mid-Block (not related to intersection),69,PEDALCYCLIST OVERTURNED IN ROAD,,Y,Raining,Wet,Dark - Street Lights On,,10151031.0,,45.0,Vehicle - Pedalcyclist,10208,0,N,POINT (1279594.749947101 226235.4933397174),6490.0,1.440382659914587e-05,Raining
101558,116840,116840,3329863,Matched,Block,,ALOHA ST BETWEEN MINOR AVE N AND YALE AVE N,,,2,Injury Collision,Cycles,2,0,1,1,1,0,0,2010-07-12T00:00:00.000Z,7/12/2010 5:57:00 PM,Mid-Block (not related to intersection),51,PEDALCYCLIST STRUCK MOTOR VEHICLE FRONT END AT ANGLE,,N,Overcast,Dry,Daylight,Y,10193016.0,,45.0,Vehicle - Pedalcyclist,0,0,N,POINT (1270982.354290277 232255.4960338771),8729.0,1.874616780936276e-05,Overcast
101568,116709,116709,3332484,Matched,Block,,E PINE ST BETWEEN BELLEVUE AVE AND CRAWFORD PL,,,2,Injury Collision,Cycles,4,0,1,1,1,0,0,2010-08-17T00:00:00.000Z,8/17/2010 3:19:00 PM,Mid-Block (not related to intersection),51,PEDALCYCLIST STRUCK MOTOR VEHICLE FRONT END AT ANGLE,,N,Clear or Partly Cloudy,Dry,Daylight,Y,10229023.0,,45.0,Vehicle - Pedalcyclist,10342,0,N,POINT (1272160.465331495 227984.7903655171),6919.0,2.168716269089231e-05,Clear or Partly Cloudy
101588,115327,115327,3345046,Matched,Intersection,25144.0,BALLARD AVE NW AND NW MARKET ST,,,2,Injury Collision,Cycles,2,0,1,1,1,0,0,2010-01-28T00:00:00.000Z,1/28/2010 11:30:00 AM,At Intersection (intersection related),18,"MOTOR VEHICLE STRUCK PEDALCYCLIST, FRONT END AT ANGLE",,N,Unknown,Unknown,Daylight,Y,10028021.0,,45.0,Vehicle - Pedalcyclist,0,521840,N,POINT (1257790.177572772 247774.8087537736),7585.0,0.0,
101597,115470,115470,3206045,Matched,Intersection,24799.0,20TH AVE NE AND NE 65TH ST,,,2,Injury Collision,Cycles,2,0,1,1,1,0,0,2010-04-02T00:00:00.000Z,4/2/2010 8:35:00 PM,At Intersection (intersection related),21,"MOTOR VEHICLE STRUCK PEDALCYCLIST, REAR END",Y,N,Raining,Wet,Dark - Street Lights On,,10092002.0,,45.0,Vehicle - Pedalcyclist,29713,0,N,POINT (1277510.011192963 249976.833204031),7304.0,0.0,Raining
101609,115057,115057,3559157,Matched,Intersection,25452.0,8TH AVE NW AND NW 48TH ST,,,2,Injury Collision,Cycles,1,0,1,0,1,0,0,2010-08-11T00:00:00.000Z,8/11/2010 9:11:00 AM,At Intersection (intersection related),69,PEDALCYCLIST OVERTURNED IN ROAD,,N,Clear or Partly Cloudy,Dry,Daylight,,10223029.0,,45.0,Vehicle - Pedalcyclist,2312,0,N,POINT (1262723.969577834 245841.2589277923),572.0,0.0,Clear or Partly Cloudy
101629,116159,116159,3329960,Matched,Block,,WESTERN AVE BETWEEN UNION ST AND PIKE ST,,,2,Injury Collision,Cycles,2,0,1,1,1,0,0,2010-12-02T00:00:00.000Z,12/2/2010 1:24:00 PM,Mid-Block (not related to intersection),51,PEDALCYCLIST STRUCK MOTOR VEHICLE FRONT END AT ANGLE,,N,Clear or Partly Cloudy,Dry,Daylight,Y,10336002.0,,45.0,Vehicle - Pedalcyclist,13038,0,N,POINT (1268613.002415851 225370.2989068329),11196.0,1.0205433644179254e-08,Clear or Partly Cloudy
101632,115888,115888,3344048,Matched,Block,,17TH AVE S BETWEEN S HOLGATE ST AND S PLUM ST,,,2,Injury Collision,Cycles,2,0,1,1,1,0,0,2010-03-27T00:00:00.000Z,3/27/2010 8:06:00 AM,Mid-Block (not related to intersection),18,"MOTOR VEHICLE STRUCK PEDALCYCLIST, FRONT END AT ANGLE",,N,Clear or Partly Cloudy,Dry,Daylight,Y,10086015.0,,45.0,Vehicle - Pedalcyclist,37600,0,N,POINT (1275837.035767257 217232.5764665008),21504.0,5.413952491619733e-06,Clear or Partly Cloudy
101655,116718,116718,2905189,Matched,Intersection,35748.0,AURORA AVE N AND N 137TH ST,,,2,Injury Collision,Cycles,2,0,1,1,1,0,0,2010-01-20T00:00:00.000Z,1/20/2010 5:49:00 AM,At Intersection (intersection related),18,"MOTOR VEHICLE STRUCK PEDALCYCLIST, FRONT END AT ANGLE",,N,Clear or Partly Cloudy,Dry,Dark - Street Lights On,Y,10020022.0,,45.0,Vehicle - Pedalcyclist,14964,0,N,POINT (1268401.569327638 269452.9699279815),3346.0,0.0,Clear or Partly Cloudy
101658,116444,116444,3288256,Matched,Intersection,34956.0,34TH AVE SW AND SW ROXBURY ST,,,2,Injury Collision,Cycles,2,0,1,1,1,0,0,2010-03-03T00:00:00.000Z,3/3/2010 6:28:00 PM,At Intersection (intersection related),51,PEDALCYCLIST STRUCK MOTOR VEHICLE FRONT END AT ANGLE,,N,Clear or Partly Cloudy,Dry,Dark - Street Lights On,,10062014.0,,45.0,Vehicle - Pedalcyclist,0,0,N,POINT (1259358.995238379 192576.8165052533),2046.0,0.0,Clear or Partly Cloudy
101679,116851,116851,3286572,Matched,Intersection,27182.0,2ND AVE NE AND NE 45TH ST,,,2,Injury Collision,Cycles,3,0,1,1,1,0,0,2010-02-06T00:00:00.000Z,2/6/2010 3:50:00 PM,At Intersection (intersection related),51,PEDALCYCLIST STRUCK MOTOR VEHICLE FRONT END AT ANGLE,,N,Clear or Partly Cloudy,Dry,Daylight,Y,10037002.0,,45.0,Vehicle - Pedalcyclist,6532,0,N,POINT (1272301.489459634 244814.9838547409),5213.0,0.0,Clear or Partly Cloudy
101691,115201,115201,2882724,Matched,Intersection,30793.0,HIAWATHA PL S AND S CHARLES ST,,,2,Injury Collision,Cycles,2,0,1,1,1,0,0,2010-02-10T00:00:00.000Z,2/10/2010 11:57:00 AM,At Intersection (intersection related),18,"MOTOR VEHICLE STRUCK PEDALCYCLIST, FRONT END AT ANGLE",,N,Raining,Wet,Daylight,,10041007.0,,45.0,Vehicle - Pedalcyclist,11487,0,N,POINT (1276300.119095728 220322.2322136611),763.0,0.0,Raining
101741,115897,115897,3387702,Matched,Intersection,32333.0,1ST AVE S AND S HORTON ST,,,2b,Serious Injury Collision,Cycles,2,0,1,1,1,1,0,2010-09-13T00:00:00.000Z,9/13/2010 3:33:00 PM,At Intersection (intersection related),51,PEDALCYCLIST STRUCK MOTOR VEHICLE FRONT END AT ANGLE,,N,Clear or Partly Cloudy,Dry,Daylight,Y,10256004.0,,45.0,Vehicle - Pedalcyclist,0,525175,N,POINT (1269969.659441248 213131.0214543045),4973.0,0.0,Clear or Partly Cloudy
101745,116036,116036,3288939,Matched,Block,,WESTLAKE AVE BETWEEN 9TH AVE AND DENNY WAY,,,2,Injury Collision,Cycles,2,0,1,1,1,0,0,2010-07-09T00:00:00.000Z,7/9/2010 2:20:00 AM,Mid-Block (not related to intersection),21,"MOTOR VEHICLE STRUCK PEDALCYCLIST, REAR END",,Y,Clear or Partly Cloudy,Dry,Dark - Street Lights On,,10190009.0,,45.0,Vehicle - Pedalcyclist,37291,0,N,POINT (1269234.818672493 229177.5049267262),19954.0,1.8650063885842446e-06,Clear or Partly Cloudy
101754,116033,116033,3332090,Matched,Intersection,28375.0,24TH AVE E AND BOYER AVE E,,,2b,Serious Injury Collision,Cycles,5,0,1,1,1,1,0,2010-07-06T00:00:00.000Z,7/6/2010 9:02:00 PM,At Intersection (intersection related),18,"MOTOR VEHICLE STRUCK PEDALCYCLIST, FRONT END AT ANGLE",,N,Clear or Partly Cloudy,Dry,Daylight,Y,10187029.0,,45.0,Vehicle - Pedalcyclist,22442,0,N,POINT (1278448.004665926 235170.6751088649),643.0,0.0,Clear or Partly Cloudy
101799,116174,116174,3374737,Matched,Intersection,27149.0,15TH AVE NE AND NE PACIFIC ST,,,2,Injury Collision,Cycles,2,0,1,1,1,0,0,2010-11-11T00:00:00.000Z,11/11/2010 4:50:00 PM,At Intersection (intersection related),0,NOT ENOUGH INFORMATION / NOT APPLICABLE,,N,Raining,Wet,Dark - Street Lights On,,10315034.0,,45.0,Vehicle - Pedalcyclist,0,520838,N,POINT (1275885.728567302 241688.8779955506),1534.0,0.0,Raining
101831,116999,116999,3328863,Matched,Block,,9TH AVE N BETWEEN REPUBLICAN ST AND MERCER SR ST,,,2,Injury Collision,Cycles,2,0,1,1,1,0,0,2010-10-04T00:00:00.000Z,10/4/2010 7:40:00 AM,Mid-Block (not related to intersection),56,PEDALCYCLIST STRUCK MOTOR VEHICLE LEFT SIDE SIDESWIPE,,N,Clear or Partly Cloudy,Dry,Daylight,,10277029.0,,45.0,Vehicle - Pedalcyclist,15976,0,N,POINT (1268955.242480204 231207.3062088042),18873.0,7.582185863960906e-07,Clear or Partly Cloudy
101869,116038,116038,3346273,Matched,Intersection,30385.0,ALASKAN WAY S AND S ATLANTIC ST,,,2,Injury Collision,Cycles,2,0,1,1,1,0,0,2010-07-11T00:00:00.000Z,7/11/2010 2:41:00 PM,At Intersection (intersection related),51,PEDALCYCLIST STRUCK MOTOR VEHICLE FRONT END AT ANGLE,,N,Clear or Partly Cloudy,Dry,Daylight,Y,10192013.0,,45.0,Vehicle - Pedalcyclist,0,524988,N,POINT (1269313.201520577 219107.6093644202),4413.0,0.0,Clear or Partly Cloudy
101913,116180,116180,3333147,Matched,Block,,STONE WAY N BETWEEN N 36TH ST AND N 38TH ST,,,2,Injury Collision,Cycles,2,0,1,1,1,0,0,2010-04-21T00:00:00.000Z,4/21/2010 11:12:00 AM,Driveway Junction,18,"MOTOR VEHICLE STRUCK PEDALCYCLIST, FRONT END AT ANGLE",,N,Raining,Wet,Daylight,Y,10111008.0,Y,45.0,Vehicle - Pedalcyclist,6292,0,N,POINT (1268443.36548768 241338.2046511918),21604.0,1.4776690813661218e-05,Raining
101920,116460,116460,3331409,Matched,Intersection,31153.0,45TH AVE SW AND SW ADMIRAL WAY,,,2,Injury Collision,Cycles,2,0,1,1,1,0,0,2010-10-19T00:00:00.000Z,10/19/2010 4:43:00 PM,At Intersection (intersection related),51,PEDALCYCLIST STRUCK MOTOR VEHICLE FRONT END AT ANGLE,,N,Clear or Partly Cloudy,Dry,Daylight,,10292029.0,,45.0,Vehicle - Pedalcyclist,0,0,N,POINT (1256437.716515392 215882.8591531217),4637.0,0.0,Clear or Partly Cloudy
101959,115076,115076,3206545,Matched,Intersection,36061.0,28TH AVE NE AND NE 127TH ST,,,2,Injury Collision,Cycles,2,0,1,1,1,0,0,2010-02-27T00:00:00.000Z,2/27/2010 1:53:00 PM,At Intersection (intersection related),51,PEDALCYCLIST STRUCK MOTOR VEHICLE FRONT END AT ANGLE,,N,Raining,Wet,Daylight,Y,10058001.0,,45.0,Vehicle - Pedalcyclist,0,0,N,POINT (1279991.60607551 266464.8242609203),242.0,0.0,Raining
101961,117147,117147,3345452,Matched,Block,,ALASKAN WAY BETWEEN CLAY ST AND BROAD ST,,,1,Property Damage Only Collision,Cycles,3,0,1,1,0,0,0,2010-08-05T00:00:00.000Z,8/5/2010 8:05:00 AM,Mid-Block (not related to intersection),56,PEDALCYCLIST STRUCK MOTOR VEHICLE LEFT SIDE SIDESWIPE,,N,Unknown,Unknown,Unknown,,10217017.0,,45.0,Vehicle - Pedalcyclist,20766,0,N,POINT (1265252.220780417 227935.6119334549),6111.0,2.6849740543234957e-06,
101991,115643,115643,3383989,Matched,Intersection,486565.0,M L KING JR ER WAY S AND S MYRTLE ST,,,2,Injury Collision,Cycles,2,0,1,1,1,0,0,2010-04-30T00:00:00.000Z,4/30/2010 10:17:00 AM,At Intersection (intersection related),18,"MOTOR VEHICLE STRUCK PEDALCYCLIST, FRONT END AT ANGLE",,N,Overcast,Dry,Daylight,,10120003.0,,45.0,Vehicle - Pedalcyclist,0,525621,N,POINT (1282612.231742188 199938.2165767848),2231.0,0.0,Overcast
101998,115502,115502,3387369,Matched,Intersection,32410.0,RAINIER AVE S AND S BYRON ST,,,2,Injury Collision,Cycles,3,0,1,1,1,0,0,2010-10-16T00:00:00.000Z,10/16/2010 2:21:00 PM,At Intersection (intersection related),51,PEDALCYCLIST STRUCK MOTOR VEHICLE FRONT END AT ANGLE,,N,Clear or Partly Cloudy,Dry,Daylight,,10289033.0,,45.0,Vehicle - Pedalcyclist,0,0,N,POINT (1279694.187835202 212782.3753099442),13339.0,0.0,Clear or Partly Cloudy
102014,115496,115496,3208045,Matched,Intersection,29556.0,5TH AVE AND STEWART ST,,,2,Injury Collision,Cycles,2,0,1,1,1,0,0,2010-06-06T00:00:00.000Z,6/6/2010 12:46:00 AM,At Intersection (intersection related),51,PEDALCYCLIST STRUCK MOTOR VEHICLE FRONT END AT ANGLE,,N,Clear or Partly Cloudy,Dry,Dark - Street Lights On,,10157006.0,,45.0,Vehicle - Pedalcyclist,36167,0,N,POINT (1269339.042608604 227215.989660725),3109.0,0.0,Clear or Partly Cloudy
102039,116467,116467,2892786,Matched,Intersection,24499.0,ROOSEVELT WAY NE AND NE 66TH ST,,,2,Injury Collision,Cycles,2,0,1,1,1,0,0,2010-08-25T00:00:00.000Z,8/25/2010 12:42:00 PM,At Intersection (intersection related),18,"MOTOR VEHICLE STRUCK PEDALCYCLIST, FRONT END AT ANGLE",Y,N,Clear or Partly Cloudy,Dry,Daylight,Y,10237004.0,,45.0,Vehicle - Pedalcyclist,9394,0,N,POINT (1274841.88523823 250311.1781643778),4208.0,0.0,Clear or Partly Cloudy
102094,116741,116741,3326894,Matched,Block,,AIRPORT WAY S BETWEEN AIRPORT NB N WAY S AND S ROYAL BROUGHAM WAY,,,2,Injury Collision,Cycles,2,0,1,1,1,0,0,2010-07-10T00:00:00.000Z,7/10/2010 11:36:00 AM,Mid-Block (not related to intersection),56,PEDALCYCLIST STRUCK MOTOR VEHICLE LEFT SIDE SIDESWIPE,,N,Clear or Partly Cloudy,Dry,Daylight,,10191031.0,,45.0,Vehicle - Pedalcyclist,16287,0,N,POINT (1272564.223283902 219816.6745811403),23228.0,3.2721066458000174e-06,Clear or Partly Cloudy
102117,115924,115924,3375032,Matched,Intersection,35825.0,FREMONT AVE N AND N 130TH ST,,,2,Injury Collision,Cycles,2,0,1,1,1,0,0,2010-09-25T00:00:00.000Z,9/25/2010 6:58:00 PM,At Intersection (intersection related),11,"MOTOR VEHICLE STRUCK MOTOR VEHICLE, FRONT END AT ANGLE",,N,Clear or Partly Cloudy,Dry,Dusk,Y,10268026.0,,45.0,Vehicle - Pedalcyclist,9611,0,N,POINT (1267052.230958253 267489.4294459671),3989.0,0.0,Clear or Partly Cloudy
102129,115793,115793,3344868,Matched,Intersection,29591.0,3RD AVE AND UNION ST,,,2,Injury Collision,Cycles,2,0,1,1,1,0,0,2010-05-17T00:00:00.000Z,5/17/2010 8:11:00 PM,At Intersection (intersection related),18,"MOTOR VEHICLE STRUCK PEDALCYCLIST, FRONT END AT ANGLE",,N,Clear or Partly Cloudy,Dry,Daylight,,10137002.0,,45.0,Vehicle - Pedalcyclist,35825,0,N,POINT (1269552.961328819 225678.7565071434),2713.0,0.0,Clear or Partly Cloudy
102134,115649,115649,3561777,Matched,Intersection,27077.0,UNIVERSITY WAY NE AND NE 43RD ST,,,2,Injury Collision,Cycles,2,0,1,1,1,0,0,2010-12-19T00:00:00.000Z,12/19/2010 11:00:00 PM,At Intersection (intersection related),18,"MOTOR VEHICLE STRUCK PEDALCYCLIST, FRONT END AT ANGLE",,N,Raining,Wet,Dark - Street Lights On,,10353007.0,,45.0,Vehicle - Pedalcyclist,0,524563,N,POINT (1275760.030775174 244179.1487180889),998.0,0.0,Raining
102189,115929,115929,3198535,Matched,Block,,N 105TH ST BETWEEN WHITMAN AVE N AND AURORA AVE N,,,2,Injury Collision,Cycles,1,0,1,0,1,0,0,2010-05-14T00:00:00.000Z,5/14/2010 8:25:00 PM,Mid-Block (not related to intersection),69,PEDALCYCLIST OVERTURNED IN ROAD,,N,Clear or Partly Cloudy,Dry,Dusk,,10134005.0,,45.0,Vehicle - Pedalcyclist,18890,0,N,POINT (1268151.208431378 260838.8260471523),6973.0,1.3878991119233325e-05,Clear or Partly Cloudy
102208,116752,116752,3332327,Matched,Intersection,29809.0,12TH AVE AND E JEFFERSON ST,,,1,Property Damage Only Collision,Cycles,2,0,1,1,0,0,0,2010-06-27T00:00:00.000Z,6/27/2010 8:50:00 AM,At Intersection (intersection related),51,PEDALCYCLIST STRUCK MOTOR VEHICLE FRONT END AT ANGLE,,N,Clear or Partly Cloudy,Dry,Daylight,Y,10178009.0,,45.0,Vehicle - Pedalcyclist,10458,0,N,POINT (1274493.248053879 224651.3819140941),2320.0,0.0,Clear or Partly Cloudy
102242,115370,115370,3373956,Matched,Block,,AIRPORT WAY S BETWEEN S INDUSTRIAL EB WAY AND S OREGON ST,,,2,Injury Collision,Cycles,2,0,1,1,1,0,0,2010-08-30T00:00:00.000Z,8/30/2010 5:55:00 AM,Mid-Block (not related to intersection),51,PEDALCYCLIST STRUCK MOTOR VEHICLE FRONT END AT ANGLE,,N,Clear or Partly Cloudy,Dry,Dawn,Y,10242026.0,,45.0,Vehicle - Pedalcyclist,17554,0,N,POINT (1272692.288948029 209213.2078822851),12520.0,1.7949372601835237e-05,Clear or Partly Cloudy
102245,117718,117718,3331901,Matched,Intersection,31062.0,39TH AVE SW AND SW ADMIRAL WAY,,,2,Injury Collision,Cycles,2,0,1,1,1,0,0,2010-04-27T00:00:00.000Z,4/27/2010 3:30:00 PM,At Intersection (intersection related),18,"MOTOR VEHICLE STRUCK PEDALCYCLIST, FRONT END AT ANGLE",,N,Unknown,Unknown,Daylight,Y,10117003.0,,45.0,Vehicle - Pedalcyclist,0,0,N,POINT (1258433.22678943 215830.6443690658),2941.0,0.0,
102277,117722,117722,3200693,Matched,Intersection,29599.0,1ST AVE AND UNION ST,,,2,Injury Collision,Cycles,3,0,1,1,1,0,0,2010-05-03T00:00:00.000Z,5/3/2010 5:22:00 PM,At Intersection (intersection related),51,PEDALCYCLIST STRUCK MOTOR VEHICLE FRONT END AT ANGLE,,N,Clear or Partly Cloudy,Dry,Daylight,Y,10123005.0,,45.0,Vehicle - Pedalcyclist,36675,0,N,POINT (1268998.645552248 225351.0061068088),3796.0,0.0,Clear or Partly Cloudy
102302,118410,118410,3376372,Matched,Intersection,26939.0,FREMONT AVE N AND N 44TH ST,,,2,Injury Collision,Cycles,2,0,1,1,1,0,0,2010-05-03T00:00:00.000Z,5/3/2010 7:30:00 AM,At Intersection (intersection related),69,PEDALCYCLIST OVERTURNED IN ROAD,,N,Clear or Partly Cloudy,Dry,Daylight,Y,10123026.0,,45.0,Vehicle - Pedalcyclist,8437,0,N,POINT (1266681.753901884 244509.1424464285),731.0,0.0,Clear or Partly Cloudy
102308,118408,118408,3288207,Matched,Block,,SW ADMIRAL WAY BETWEEN 41ST AVE SW AND 42ND AVE SW,,,2,Injury Collision,Cycles,3,0,1,1,1,0,0,2010-04-26T00:00:00.000Z,4/26/2010 7:48:00 AM,Driveway Junction,18,"MOTOR VEHICLE STRUCK PEDALCYCLIST, FRONT END AT ANGLE",,N,Clear or Partly Cloudy,Dry,Daylight,Y,10116004.0,,45.0,Vehicle - Pedalcyclist,0,0,N,POINT (1257599.500324577 215855.5605930835),19292.0,7.446781953655814e-09,Clear or Partly Cloudy
102335,118974,118974,3565732,Matched,Block,,MELROSE AVE E BETWEEN E MERCER ST AND E ROY ST,,,1,Property Damage Only Collision,Cycles,2,0,1,1,0,0,0,2011-05-24T00:00:00.000Z,5/24/2011 6:55:00 PM,Driveway Junction,51,PEDALCYCLIST STRUCK MOTOR VEHICLE FRONT END AT ANGLE,,N,Clear or Partly Cloudy,Dry,Daylight,Y,11144013.0,,45.0,Vehicle - Pedalcyclist,11539,0,N,POINT (1271885.770227209 231449.8934730589),11132.0,2.442747614753519e-05,Clear or Partly Cloudy
102375,117448,117448,3333811,Matched,Intersection,27149.0,15TH AVE NE AND NE PACIFIC ST,,,2,Injury Collision,Cycles,2,0,1,1,1,0,0,2010-04-06T00:00:00.000Z,4/6/2010 3:03:00 PM,At Intersection (intersection related),18,"MOTOR VEHICLE STRUCK PEDALCYCLIST, FRONT END AT ANGLE",,N,Overcast,Wet,Daylight,Y,10096012.0,,45.0,Vehicle - Pedalcyclist,0,520838,N,POINT (1275885.728567302 241688.8779955506),1534.0,0.0,Overcast
102428,118425,118425,3565045,Matched,Block,,NW MARKET ST BETWEEN 24TH AVE NW AND 26TH AVE NW,,,1,Property Damage Only Collision,Cycles,3,0,1,1,0,0,0,2010-12-30T00:00:00.000Z,12/30/2010 12:15:00 PM,Mid-Block (not related to intersection),21,"MOTOR VEHICLE STRUCK PEDALCYCLIST, REAR END",,N,Clear or Partly Cloudy,Dry,Daylight,Y,10364016.0,,45.0,Vehicle - Pedalcyclist,25907,0,N,POINT (1257176.069540143 247784.8753137887),19217.0,0.0,Clear or Partly Cloudy
102455,118144,118144,3276972,Matched,Block,,BELL ST BETWEEN WESTERN AVE AND 1ST AVE,,,1,Property Damage Only Collision,Cycles,2,0,1,1,0,0,0,2010-04-29T00:00:00.000Z,4/29/2010 5:55:00 PM,Driveway Junction,18,"MOTOR VEHICLE STRUCK PEDALCYCLIST, FRONT END AT ANGLE",,N,Clear or Partly Cloudy,Dry,Daylight,Y,10119017.0,,45.0,Vehicle - Pedalcyclist,0,0,N,POINT (1267102.781358317 227290.3048608005),632.0,1.0977240697047336e-05,Clear or Partly Cloudy
102472,118701,118701,3568725,Matched,Block,,AURORA AVE N BETWEEN N 130TH ST AND N 135TH ST,,,2,Injury Collision,Cycles,2,0,1,1,1,0,0,2011-05-17T00:00:00.000Z,5/17/2011 7:11:00 AM,Driveway Junction,51,PEDALCYCLIST STRUCK MOTOR VEHICLE FRONT END AT ANGLE,,N,Clear or Partly Cloudy,Dry,Daylight,,11137013.0,,45.0,Vehicle - Pedalcyclist,14992,0,N,POINT (1268385.368431628 268124.5042626113),10278.0,2.2503360537973277e-05,Clear or Partly Cloudy