OBJECTID,INCKEY,COLDETKEY,REPORTNO,STATUS,ADDRTYPE,INTKEY,LOCATION,EXCEPTRSNC,EXCEPTRSND,SEVERITYCO,SEVERITYDE,COLLISIONT,PERSONCOUN,PEDCOUNT,PEDCYLCOUN,VEHCOUNT,INJURIES,SERIOUSINJ,FATALITIES,INCDATE,INCDTTM,JUNCTIONTY,SDOT_COLCO,SDOT_COLDE,INATTENTIO,UNDERINFL,WEATHER,ROADCOND,LIGHTCOND,PEDROWNOTG,SDOTCOLNUM,SPEEDING,ST_COLCODE,ST_COLDESC,SEGLANEKEY,CROSSWALKK,HITPARKEDC,geometry,near_str_index,min_length,weather_group
102481,118844,118844,3287649,Matched,Intersection,28303.0,EASTLAKE AVE E AND E LOUISA ST,,,2,Injury Collision,Cycles,2,0,1,1,1,0,0,2011-09-20T00:00:00.000Z,9/20/2011 5:16:00 PM,At Intersection (intersection related),51,PEDALCYCLIST STRUCK MOTOR VEHICLE FRONT END AT ANGLE,,N,Clear or Partly Cloudy,Dry,Daylight,Y,11263029.0,,45.0,Vehicle - Pedalcyclist,24739,0,N,POINT (1272500.319795832 237760.9773195237),6316.0,0.0,Clear or Partly Cloudy
102506,119391,119391,3346574,Matched,Intersection,30516.0,6TH AVE S AND S KING ST,,,1,Property Damage Only Collision,Cycles,3,0,1,1,0,0,0,2011-01-24T00:00:00.000Z,1/24/2011 3:37:00 PM,At Intersection (intersection related),51,PEDALCYCLIST STRUCK MOTOR VEHICLE FRONT END AT ANGLE,,N,Overcast,Dry,Daylight,,11024027.0,Y,45.0,Vehicle - Pedalcyclist,5761,0,N,POINT (1272074.048563406 221834.5122792125),4530.0,0.0,Overcast
102517,117452,117452,3377123,Matched,Block,,NE 55TH ST BETWEEN 45TH AVE NE AND NE TULANE PL,,,2,Injury Collision,Cycles,2,0,1,1,1,0,0,2010-06-07T00:00:00.000Z,6/7/2010 6:10:00 PM,Mid-Block (not related to intersection),56,PEDALCYCLIST STRUCK MOTOR VEHICLE LEFT SIDE SIDESWIPE,,N,Clear or Partly Cloudy,Dry,Daylight,,10158004.0,,45.0,Vehicle - Pedalcyclist,34183,0,N,POINT (1284338.324863955 247432.4079214185),20098.0,1.3554418974438498e-05,Clear or Partly Cloudy
102521,119259,119259,3558837,Matched,Intersection,37392.0,FREMONT AVE N AND N 102ND ST,,,2,Injury Collision,Cycles,2,0,1,1,1,0,0,2011-04-22T00:00:00.000Z,4/22/2011 8:43:00 AM,At Intersection (intersection related),18,"MOTOR VEHICLE STRUCK PEDALCYCLIST, FRONT END AT ANGLE",,N,Clear or Partly Cloudy,Dry,Daylight,,11112012.0,,45.0,Vehicle - Pedalcyclist,0,0,N,POINT (1266982.788142189 260074.185406372),736.0,0.0,Clear or Partly Cloudy
102534,119255,119255,2828090,Matched,Intersection,28209.0,BOYLSTON AVE E AND E LOUISA ST,,,2,Injury Collision,Cycles,2,0,1,1,1,0,0,2011-08-10T00:00:00.000Z,8/10/2011 6:10:00 PM,At Intersection (intersection related),21,"MOTOR VEHICLE STRUCK PEDALCYCLIST, REAR END",,N,Clear or Partly Cloudy,Dry,Daylight,Y,11222002.0,,45.0,Vehicle - Pedalcyclist,37326,0,N,POINT (1273099.423028454 237749.010087505),1111.0,0.0,Clear or Partly Cloudy
102554,118152,118152,3386879,Matched,Block,,E MADISON ST BETWEEN 10TH AVE AND E SENECA ST,,,1,Property Damage Only Collision,Cycles,2,0,1,1,0,0,0,2010-10-20T00:00:00.000Z,10/20/2010 5:07:00 PM,Mid-Block (not related to intersection),21,"MOTOR VEHICLE STRUCK PEDALCYCLIST, REAR END",,N,Clear or Partly Cloudy,Dry,Daylight,,10293026.0,,45.0,Vehicle - Pedalcyclist,22931,0,N,POINT (1274025.875317395 226764.1753242612),19991.0,2.2728383117267552e-05,Clear or Partly Cloudy
102560,118294,118294,3332745,Matched,Block,,NE 65TH ST BETWEEN 58TH AVE NE AND SAND POINT WAY NE,,,2,Injury Collision,Cycles,2,0,1,1,1,0,0,2010-03-24T00:00:00.000Z,3/24/2010 8:20:00 AM,Mid-Block (not related to intersection),18,"MOTOR VEHICLE STRUCK PEDALCYCLIST, FRONT END AT ANGLE",,N,Clear or Partly Cloudy,Dry,Daylight,Y,10083009.0,,45.0,Vehicle - Pedalcyclist,0,524265,N,POINT (1287666.692739367 249767.1766918153),13915.0,2.9200310446714582e-06,Clear or Partly Cloudy
102614,118988,118988,3376193,Matched,Block,,NE NORTHGATE WAY BETWEEN 19TH AVE NE AND 20TH AVE NE,,,2,Injury Collision,Cycles,2,0,1,1,1,0,0,2011-10-09T00:00:00.000Z,10/9/2011,Mid-Block (not related to intersection),21,"MOTOR VEHICLE STRUCK PEDALCYCLIST, REAR END",Y,1,Raining,Wet,Dark - Street Lights On,,11282013.0,,45.0,Vehicle - Pedalcyclist,14639,0,N,POINT (1277577.337657034 261905.7267842442),16714.0,7.570461076813924e-06,Raining
102637,117184,117184,3377089,Matched,Intersection,25423.0,14TH AVE NW AND NW MARKET ST,,,2,Injury Collision,Cycles,2,0,1,1,1,0,0,2010-12-15T00:00:00.000Z,12/15/2010 4:45:00 PM,At Intersection (intersection related),18,"MOTOR VEHICLE STRUCK PEDALCYCLIST, FRONT END AT ANGLE",Y,N,Raining,Wet,Dark - Street Lights On,Y,10349032.0,,45.0,Vehicle - Pedalcyclist,0,520756,N,POINT (1260938.171943992 247706.2063857019),7584.0,0.0,Raining
102700,118574,118574,2670129,Matched,Intersection,27975.0,W GARFIELD ST AND DEAD END 1,,,1,Property Damage Only Collision,Cycles,2,0,1,1,0,0,0,2011-06-04T00:00:00.000Z,6/4/2011 3:10:00 PM,At Intersection (intersection related),51,PEDALCYCLIST STRUCK MOTOR VEHICLE FRONT END AT ANGLE,,N,Clear or Partly Cloudy,Dry,Daylight,,11155039.0,,45.0,Vehicle - Pedalcyclist,0,0,N,,,,Clear or Partly Cloudy
102759,118861,118861,3283073,Matched,Intersection,29994.0,M L KING JR WAY AND E OLIVE ST,,,2,Injury Collision,Cycles,2,0,1,1,1,0,0,2011-08-14T00:00:00.000Z,8/14/2011 10:46:00 AM,At Intersection (intersection related),51,PEDALCYCLIST STRUCK MOTOR VEHICLE FRONT END AT ANGLE,,0,Clear or Partly Cloudy,Dry,Daylight,,11226003.0,,45.0,Vehicle - Pedalcyclist,35400,0,N,POINT (1279651.271227166 228292.7430698276),6492.0,0.0,Clear or Partly Cloudy
102764,118720,118720,3559534,Matched,Block,,12TH AVE S BETWEEN BOREN AVE S AND 12TH AVE S TURN RD,,,2,Injury Collision,Cycles,3,0,1,1,1,0,0,2011-08-31T00:00:00.000Z,8/31/2011 8:14:00 AM,Driveway Junction,18,"MOTOR VEHICLE STRUCK PEDALCYCLIST, FRONT END AT ANGLE",,0,Clear or Partly Cloudy,Dry,Daylight,,11243032.0,,45.0,Vehicle - Pedalcyclist,0,0,N,POINT (1274375.688757762 222599.8456559926),2339.0,7.054312675691165e-09,Clear or Partly Cloudy
102788,117472,117472,3565539,Matched,Block,,WALLINGFORD AVE N BETWEEN N 38TH ST AND N 39TH ST,,,2,Injury Collision,Cycles,2,0,1,1,1,0,0,2010-10-26T00:00:00.000Z,10/26/2010 6:00:00 PM,Mid-Block (not related to intersection),23,"MOTOR VEHICLE STRUCK PEDALCYCLIST, LEFT SIDE SIDESWIPE",,N,Raining,Wet,Dusk,,10299028.0,,45.0,Vehicle - Pedalcyclist,6183,0,N,POINT (1270021.217841297 242078.1082039475),23358.0,2.0041503604200588e-05,Raining
102837,118033,118033,3342095,Matched,Block,,ROY ST BETWEEN 9TH AVE N AND VALLEY ST,,,1,Property Damage Only Collision,Cycles,2,0,1,1,0,0,0,2010-02-10T00:00:00.000Z,2/10/2010 4:05:00 PM,Mid-Block (not related to intersection),21,"MOTOR VEHICLE STRUCK PEDALCYCLIST, REAR END",,N,Raining,Wet,Daylight,,10041004.0,,45.0,Vehicle - Pedalcyclist,0,0,N,POINT (1269105.841584355 231830.6835534424),13725.0,3.204017498135113e-09,Raining
102886,118730,118730,3567942,Matched,Intersection,29603.0,2ND AVE AND UNIVERSITY ST,,,2,Injury Collision,Cycles,2,0,1,1,1,0,0,2011-04-27T00:00:00.000Z,4/27/2011 5:30:00 PM,At Intersection (intersection related),18,"MOTOR VEHICLE STRUCK PEDALCYCLIST, FRONT END AT ANGLE",,N,Raining,Wet,Daylight,Y,11117014.0,,45.0,Vehicle - Pedalcyclist,0,520994,N,POINT (1269492.709168762 225148.3088906109),2490.0,0.0,Raining
102970,118040,118040,3345930,Matched,Block,,W DRAVUS ST BETWEEN 20TH AVE W AND 21ST AVE W,,,2b,Serious Injury Collision,Cycles,4,0,1,1,1,1,0,2010-07-29T00:00:00.000Z,7/29/2010 2:05:00 PM,Mid-Block (not related to intersection),51,PEDALCYCLIST STRUCK MOTOR VEHICLE FRONT END AT ANGLE,,0,Clear or Partly Cloudy,Dry,Daylight,,10210025.0,,45.0,Vehicle - Pedalcyclist,0,0,N,POINT (1258553.197989553 240381.2529702038),12968.0,2.4371530744858216e-06,Clear or Partly Cloudy
102987,118318,118318,3387287,Matched,Block,,S MCCLELLAN ST BETWEEN 26TH AVE S AND RAINIER AVE S,,,2,Injury Collision,Cycles,2,0,1,1,1,0,0,2010-08-25T00:00:00.000Z,8/25/2010 3:16:00 PM,Mid-Block (not related to intersection),18,"MOTOR VEHICLE STRUCK PEDALCYCLIST, FRONT END AT ANGLE",,N,Clear or Partly Cloudy,Dry,Daylight,,10237002.0,,45.0,Vehicle - Pedalcyclist,0,0,N,POINT (1278755.628346249 214408.0959516019),1838.0,1.13931458225806e-05,Clear or Partly Cloudy
103013,118879,118879,3559331,Matched,Block,,ROOSEVELT WAY NE BETWEEN NE 41ST ST AND NE 42ND S ST,,,2,Injury Collision,Cycles,2,0,1,1,1,0,0,2011-03-25T00:00:00.000Z,3/25/2011 10:08:00 AM,Driveway Junction,51,PEDALCYCLIST STRUCK MOTOR VEHICLE FRONT END AT ANGLE,,N,Clear or Partly Cloudy,Dry,Daylight,,11084018.0,,45.0,Vehicle - Pedalcyclist,8974,0,N,POINT (1274597.998005986 243255.3891011477),17459.0,0.0,Clear or Partly Cloudy
103022,118452,118452,3345853,Matched,Block,,SEWARD PARK AVE S BETWEEN S KENYON ST AND S BUDD CT,,,1,Property Damage Only Collision,Cycles,2,0,1,1,0,0,0,2010-09-18T00:00:00.000Z,9/18/2010 10:00:00 AM,Mid-Block (not related to intersection),23,"MOTOR VEHICLE STRUCK PEDALCYCLIST, LEFT SIDE SIDESWIPE",,N,Unknown,Unknown,Unknown,Y,10261023.0,,45.0,Vehicle - Pedalcyclist,37675,0,N,POINT (1286424.597698092 196880.4920936674),6667.0,2.1598422191330855e-05,
103074,117216,117216,3276710,Matched,Intersection,26673.0,LEARY WAY NW AND NW 39TH ST,,,1,Property Damage Only Collision,Cycles,4,0,1,2,0,0,0,2010-04-03T00:00:00.000Z,4/3/2010 9:33:00 PM,At Intersection (intersection related),18,"MOTOR VEHICLE STRUCK PEDALCYCLIST, FRONT END AT ANGLE",,N,Raining,Wet,Dark - Street Lights On,,10093003.0,,45.0,Vehicle - Pedalcyclist,17451,0,N,POINT (1264164.958763301 242344.6294202209),3623.0,0.0,Raining
103082,117214,117214,3335243,Matched,Intersection,28045.0,4TH AVE N AND FREMONT BR,,,2,Injury Collision,Cycles,2,0,1,1,1,0,0,2010-04-01T00:00:00.000Z,4/1/2010 9:45:00 AM,At Intersection (intersection related),51,PEDALCYCLIST STRUCK MOTOR VEHICLE FRONT END AT ANGLE,Y,N,Clear or Partly Cloudy,Dry,Daylight,,10091007.0,,45.0,Vehicle - Pedalcyclist,17117,0,N,POINT (1266653.095981851 239644.4832414538),10319.0,0.0,Clear or Partly Cloudy
103104,117772,117772,3208647,Matched,Intersection,29702.0,2ND AVE AND BELL ST,,,2,Injury Collision,Cycles,2,0,1,1,1,0,0,2010-08-05T00:00:00.000Z,8/5/2010 7:05:00 PM,At Intersection (intersection related),18,"MOTOR VEHICLE STRUCK PEDALCYCLIST, FRONT END AT ANGLE",,N,Clear or Partly Cloudy,Dry,Daylight,,10217032.0,,45.0,Vehicle - Pedalcyclist,0,521007,N,POINT (1267428.198190644 227648.0385571718),6173.0,0.0,Clear or Partly Cloudy
103129,118607,118607,3466952,Matched,Intersection,27035.0,FREMONT AVE N AND FREMONT PL N,,,2,Injury Collision,Cycles,2,0,1,1,1,0,0,2011-06-15T00:00:00.000Z,6/15/2011 8:46:00 AM,At Intersection (intersection related),18,"MOTOR VEHICLE STRUCK PEDALCYCLIST, FRONT END AT ANGLE",,N,Overcast,Wet,Daylight,,11166015.0,,45.0,Vehicle - Pedalcyclist,0,522545,N,POINT (1266658.612013862 240940.0040107816),6356.0,0.0,Overcast
103143,118603,118603,3568205,Matched,Block,,UNIVERSITY ST BETWEEN 4TH AVE AND 5TH AVE,,,2,Injury Collision,Cycles,2,0,1,1,1,0,0,2011-09-28T00:00:00.000Z,9/28/2011 8:25:00 AM,Mid-Block (not related to intersection),56,PEDALCYCLIST STRUCK MOTOR VEHICLE LEFT SIDE SIDESWIPE,,N,Unknown,Unknown,Daylight,,11271019.0,,45.0,Vehicle - Pedalcyclist,36420,0,N,POINT (1270185.432881474 225558.4306830317),996.0,2.8177222312144217e-06,
103148,119158,119158,3505533,Matched,Intersection,29632.0,ALASKAN WAY AND SPRING ST,,,2,Injury Collision,Cycles,1,0,1,0,1,0,0,2011-11-13T00:00:00.000Z,11/13/2011 5:37:00 PM,At Intersection (intersection related),69,PEDALCYCLIST OVERTURNED IN ROAD,,N,Clear or Partly Cloudy,Dry,Dark - Street Lights On,,11317030.0,,45.0,Vehicle - Pedalcyclist,0,0,N,POINT (1268978.35166423 224132.6800895631),3766.0,0.0,Clear or Partly Cloudy
103157,119021,119021,3373665,Matched,Block,,1ST AVE BETWEEN SPRING ST AND SENECA ST,,,2,Injury Collision,Cycles,2,0,1,1,1,0,0,2011-06-05T00:00:00.000Z,6/5/2011 10:11:00 AM,Mid-Block (not related to intersection),51,PEDALCYCLIST STRUCK MOTOR VEHICLE FRONT END AT ANGLE,,N,Clear or Partly Cloudy,Dry,Daylight,Y,11156009.0,,45.0,Vehicle - Pedalcyclist,36752,0,N,POINT (1269449.773296714 224589.0553860366),8365.0,3.7123569208211534e-05,Clear or Partly Cloudy
103321,117233,117233,3342841,Matched,Block,,DELRIDGE WAY SW BETWEEN SW BRANDON ST AND SW FINDLAY ST,,,2b,Serious Injury Collision,Cycles,3,0,1,1,1,1,0,2010-09-19T00:00:00.000Z,9/19/2010 4:05:00 PM,Mid-Block (not related to intersection),51,PEDALCYCLIST STRUCK MOTOR VEHICLE FRONT END AT ANGLE,,N,Clear or Partly Cloudy,Dry,Daylight,Y,10262004.0,,45.0,Vehicle - Pedalcyclist,0,0,N,POINT (1262712.745577812 205406.4490303844),21579.0,2.021049566173787e-05,Clear or Partly Cloudy
103395,118208,118208,3329585,Matched,Intersection,28294.0,EASTLAKE AVE E AND E EDGAR ST,,,2,Injury Collision,Cycles,2,0,1,1,1,0,0,2010-05-21T00:00:00.000Z,5/21/2010 2:55:00 PM,At Intersection (intersection related),51,PEDALCYCLIST STRUCK MOTOR VEHICLE FRONT END AT ANGLE,,N,Clear or Partly Cloudy,Dry,Daylight,Y,10141030.0,,45.0,Vehicle - Pedalcyclist,24709,0,N,POINT (1272519.139635861 238659.0959764421),6828.0,0.0,Clear or Partly Cloudy
103411,118760,118760,3546342,Matched,Block,,1ST AVE BETWEEN UNION ST AND PIKE ST,,,2b,Serious Injury Collision,Cycles,2,0,1,1,1,1,0,2011-12-03T00:00:00.000Z,12/3/2011 4:00:00 PM,Mid-Block (not related to intersection),18,"MOTOR VEHICLE STRUCK PEDALCYCLIST, FRONT END AT ANGLE",,N,Clear or Partly Cloudy,Dry,Dusk,,11337022.0,,45.0,Vehicle - Pedalcyclist,36675,0,N,POINT (1268890.208304137 225534.2326029986),16932.0,0.0,Clear or Partly Cloudy
103456,117237,117237,3376405,Matched,Intersection,25294.0,3RD AVE NW AND NW 56TH ST,,,2b,Serious Injury Collision,Cycles,2,0,1,1,1,1,0,2010-12-29T00:00:00.000Z,12/29/2010 4:38:00 PM,At Intersection (intersection related),18,"MOTOR VEHICLE STRUCK PEDALCYCLIST, FRONT END AT ANGLE",,N,Clear or Partly Cloudy,Dry,Dusk,Y,10363011.0,,45.0,Vehicle - Pedalcyclist,33517,0,N,POINT (1264093.707563236 247921.4895859212),9215.0,0.0,Clear or Partly Cloudy
103460,119043,119043,2619567,Matched,Block,,SW TRENTON ST BETWEEN 30TH AVE SW AND 31ST AVE SW,,,2,Injury Collision,Cycles,3,0,1,1,2,0,0,2011-09-18T00:00:00.000Z,9/18/2011 1:40:00 PM,Driveway Junction,18,"MOTOR VEHICLE STRUCK PEDALCYCLIST, FRONT END AT ANGLE",,0,Overcast,Wet,Daylight,,11261034.0,,45.0,Vehicle - Pedalcyclist,0,0,N,POINT (1260297.235111341 195182.0564439148),15072.0,1.915803284585069e-05,Overcast
103516,118355,118355,3325962,Matched,Block,,SENECA ST BETWEEN 8TH AVE AND 9TH AVE,,,2,Injury Collision,Cycles,2,0,1,1,1,0,0,2010-02-09T00:00:00.000Z,2/9/2010,Driveway Junction,18,"MOTOR VEHICLE STRUCK PEDALCYCLIST, FRONT END AT ANGLE",,0,Clear or Partly Cloudy,Dry,Daylight,,10040022.0,,45.0,Vehicle - Pedalcyclist,9110,0,N,POINT (1271448.569138765 225950.8596754223),3756.0,2.4785537565728186e-05,Clear or Partly Cloudy
103556,118773,118773,3565250,Matched,Intersection,27213.0,EASTERN AVE N AND N 42ND ST,,,2,Injury Collision,Cycles,2,0,1,1,1,0,0,2011-05-08T00:00:00.000Z,5/8/2011 4:01:00 PM,At Intersection (intersection related),18,"MOTOR VEHICLE STRUCK PEDALCYCLIST, FRONT END AT ANGLE",,N,Clear or Partly Cloudy,Dry,Daylight,,11128021.0,,45.0,Vehicle - Pedalcyclist,0,0,N,POINT (1271841.922099158 243578.124461472),1245.0,0.0,Clear or Partly Cloudy
103611,117809,117809,3329578,Matched,Block,,12TH AVE BETWEEN E REMINGTON CT AND E JEFFERSON ST,,,2,Injury Collision,Cycles,2,0,1,1,1,0,0,2010-03-05T00:00:00.000Z,3/5/2010 8:15:00 PM,Mid-Block (not related to intersection),18,"MOTOR VEHICLE STRUCK PEDALCYCLIST, FRONT END AT ANGLE",,N,Clear or Partly Cloudy,Dry,Dark - Street Lights On,,10064015.0,,45.0,Vehicle - Pedalcyclist,10614,0,N,POINT (1274490.98603788 224535.4521859735),2320.0,7.449163053530303e-09,Clear or Partly Cloudy
103632,117386,117386,3333045,Matched,Intersection,26737.0,15TH NB AVE NW AND NW 45TH ST,,,2,Injury Collision,Cycles,2,0,1,1,1,0,0,2010-08-28T00:00:00.000Z,8/28/2010 5:09:00 PM,At Intersection (intersection related),51,PEDALCYCLIST STRUCK MOTOR VEHICLE FRONT END AT ANGLE,,N,Clear or Partly Cloudy,Dry,Daylight,Y,10240016.0,,45.0,Vehicle - Pedalcyclist,41891,0,N,POINT (1260266.364711314 245117.4680790603),2411.0,0.0,Clear or Partly Cloudy
103640,118084,118084,3376785,Matched,Block,,ROOSEVELT WAY NE BETWEEN NE 45TH ST AND NE 47TH ST,,,1,Property Damage Only Collision,Cycles,2,0,1,1,0,0,0,2010-08-17T00:00:00.000Z,8/17/2010 2:02:00 PM,Mid-Block (not related to intersection),51,PEDALCYCLIST STRUCK MOTOR VEHICLE FRONT END AT ANGLE,,N,Clear or Partly Cloudy,Dry,Daylight,Y,10229024.0,,45.0,Vehicle - Pedalcyclist,10833,0,N,POINT (1274721.706934109 245075.8127190173),19913.0,2.0544237593272437e-05,Clear or Partly Cloudy
103733,119060,119060,3559795,Matched,Intersection,30135.0,15TH AVE AND E PINE ST,,,2,Injury Collision,Cycles,2,0,1,1,1,0,0,2011-06-05T00:00:00.000Z,6/5/2011 5:29:00 PM,At Intersection (intersection related),18,"MOTOR VEHICLE STRUCK PEDALCYCLIST, FRONT END AT ANGLE",,N,Clear or Partly Cloudy,Dry,Daylight,,11156003.0,,45.0,Vehicle - Pedalcyclist,8604,0,N,POINT (1275547.013430953 227945.2317734659),2385.0,0.0,Clear or Partly Cloudy
103740,117670,117670,3207737,Matched,Intersection,29734.0,BOYLSTON AVE AND E PINE ST,,,2,Injury Collision,Cycles,2,0,1,1,1,0,0,2010-03-09T00:00:00.000Z,3/9/2010 8:12:00 PM,At Intersection (intersection related),18,"MOTOR VEHICLE STRUCK PEDALCYCLIST, FRONT END AT ANGLE",,N,Clear or Partly Cloudy,Dry,Dark - Street Lights On,,10068016.0,,45.0,Vehicle - Pedalcyclist,10374,0,N,POINT (1272920.548660263 227975.5196454972),6198.0,0.0,Clear or Partly Cloudy
103762,117532,117532,3377234,Matched,Intersection,37475.0,5TH AVE NE AND NE 103RD ST,,,2,Injury Collision,Cycles,2,0,1,1,1,0,0,2010-05-19T00:00:00.000Z,5/19/2010 12:58:00 PM,At Intersection (intersection related),18,"MOTOR VEHICLE STRUCK PEDALCYCLIST, FRONT END AT ANGLE",,N,Clear or Partly Cloudy,Ice,Daylight,Y,10139002.0,,45.0,Vehicle - Pedalcyclist,0,525674,N,POINT (1273607.151412964 260034.4928623289),12473.0,0.0,Clear or Partly Cloudy
103804,118095,118095,2905536,Matched,Intersection,24594.0,NE 68TH ST AND NE RAVENNA EB BV,,,2,Injury Collision,Cycles,2,0,1,1,1,0,0,2010-11-13T00:00:00.000Z,11/13/2010 9:05:00 AM,At Intersection (intersection related),51,PEDALCYCLIST STRUCK MOTOR VEHICLE FRONT END AT ANGLE,,N,Overcast,Wet,Daylight,,10317013.0,,45.0,Vehicle - Pedalcyclist,0,0,N,POINT (1273238.496308595 250710.6275087893),4209.0,0.0,Overcast
103811,118926,118926,2905994,Matched,Intersection,29738.0,10TH AVE AND E PINE ST,,,2,Injury Collision,Cycles,2,0,1,1,1,0,0,2011-05-14T00:00:00.000Z,5/14/2011 8:39:00 PM,At Intersection (intersection related),18,"MOTOR VEHICLE STRUCK PEDALCYCLIST, FRONT END AT ANGLE",,0,Raining,Wet,Dark - Street Lights On,Y,11134012.0,,45.0,Vehicle - Pedalcyclist,10405,0,N,POINT (1273894.705717266 227961.786013484),11240.0,0.0,Raining
103851,119337,119337,3210739,Matched,Intersection,37612.0,24TH AVE NE AND LAKE CITY WAY NE,,,2b,Serious Injury Collision,Cycles,2,0,1,1,1,1,0,2011-04-06T00:00:00.000Z,4/6/2011 5:03:00 PM,At Intersection (intersection related),11,"MOTOR VEHICLE STRUCK MOTOR VEHICLE, FRONT END AT ANGLE",,N,Raining,Wet,Daylight,Y,11096002.0,,45.0,Vehicle - Pedalcyclist,17941,0,N,POINT (1278917.833274409 260444.6611827463),10335.0,0.0,Raining
103880,117970,117970,3200796,Matched,Intersection,29852.0,BOREN AVE AND HOWELL ST,,,2,Injury Collision,Cycles,2,0,1,1,1,0,0,2010-08-11T00:00:00.000Z,8/11/2010 6:13:00 PM,At Intersection (intersection related),18,"MOTOR VEHICLE STRUCK PEDALCYCLIST, FRONT END AT ANGLE",,N,Clear or Partly Cloudy,Dry,Daylight,,10223003.0,,45.0,Vehicle - Pedalcyclist,0,522452,N,POINT (1270954.168370247 228356.6383658946),640.0,0.0,Clear or Partly Cloudy
103947,118519,118519,3559027,Matched,Block,,35TH AVE NE BETWEEN NE 110TH ST AND NE 113TH ST,,,2,Injury Collision,Cycles,1,0,1,0,1,0,0,2010-09-10T00:00:00.000Z,9/10/2010 7:00:00 PM,Mid-Block (not related to intersection),51,PEDALCYCLIST STRUCK MOTOR VEHICLE FRONT END AT ANGLE,,N,Overcast,Dry,Daylight,,10253032.0,,45.0,Vehicle - Pedalcyclist,3389,0,N,POINT (1281629.328445181 262119.474112466),2855.0,7.444608516306463e-09,Overcast
103956,118515,118515,3375233,Matched,Intersection,26647.0,6TH AVE NW AND NW 40TH ST,,,2,Injury Collision,Cycles,2,0,1,1,1,0,0,2010-06-04T00:00:00.000Z,6/4/2010 4:10:00 PM,At Intersection (intersection related),51,PEDALCYCLIST STRUCK MOTOR VEHICLE FRONT END AT ANGLE,,N,Overcast,Dry,Daylight,,10155045.0,,45.0,Vehicle - Pedalcyclist,0,0,N,POINT (1263310.90897043 243058.5153729469),9700.0,0.0,Overcast
103985,119212,119212,3565981,Matched,Intersection,29370.0,16TH AVE E AND E THOMAS ST,,,2,Injury Collision,Cycles,2,0,1,1,1,0,0,2011-08-01T00:00:00.000Z,8/1/2011,At Intersection (intersection related),18,"MOTOR VEHICLE STRUCK PEDALCYCLIST, FRONT END AT ANGLE",,0,Clear or Partly Cloudy,Dry,Daylight,,11213003.0,,45.0,Vehicle - Pedalcyclist,0,0,N,POINT (1275924.470071346 229839.5828794092),3956.0,0.0,Clear or Partly Cloudy
104038,118109,118109,3288055,Matched,Block,,DELRIDGE WAY SW BETWEEN SW HENDERSON ST AND 20TH AVE SW,,,2,Injury Collision,Cycles,3,0,1,1,1,0,0,2010-01-23T00:00:00.000Z,1/23/2010 1:53:00 PM,Mid-Block (but intersection related),18,"MOTOR VEHICLE STRUCK PEDALCYCLIST, FRONT END AT ANGLE",,N,Overcast,Dry,Daylight,Y,10023002.0,,45.0,Vehicle - Pedalcyclist,0,0,N,POINT (1263319.01060243 194271.6629709899),17902.0,6.443065081157544e-09,Overcast
104039,118381,118381,3325928,Matched,Block,,S JACKSON ST BETWEEN 6TH AVE S AND MAYNARD AVE S,,,2,Injury Collision,Cycles,2,0,1,1,1,0,0,2010-03-10T00:00:00.000Z,3/10/2010 8:05:00 AM,Mid-Block (but intersection related),51,PEDALCYCLIST STRUCK MOTOR VEHICLE FRONT END AT ANGLE,,N,Clear or Partly Cloudy,Dry,Daylight,Y,10069028.0,,45.0,Vehicle - Pedalcyclist,24416,0,N,POINT (1272241.301555574 222136.9774955213),1803.0,2.030286019987107e-05,Clear or Partly Cloudy
104146,117279,117279,3331959,Matched,Block,,29TH AVE S BETWEEN S WASHINGTON ST AND S MAIN ST,,,2,Injury Collision,Cycles,3,0,1,1,1,0,0,2010-05-17T00:00:00.000Z,5/17/2010 8:54:00 AM,Mid-Block (but intersection related),23,"MOTOR VEHICLE STRUCK PEDALCYCLIST, LEFT SIDE SIDESWIPE",,N,Clear or Partly Cloudy,Dry,Daylight,,10137006.0,,45.0,Vehicle - Pedalcyclist,0,0,N,POINT (1279827.443003342 222493.210647881),256.0,0.0,Clear or Partly Cloudy
104184,117558,117558,3287346,Matched,Block,,MONTLAKE BLVD NE BETWEEN 25TH AVE NE AND NE 44TH ST,,,2,Injury Collision,Cycles,2,0,1,1,1,0,0,2010-06-01T00:00:00.000Z,6/1/2010 6:00:00 PM,Mid-Block (not related to intersection),23,"MOTOR VEHICLE STRUCK PEDALCYCLIST, LEFT SIDE SIDESWIPE",,N,Raining,Wet,Daylight,,10152034.0,,45.0,Vehicle - Pedalcyclist,26658,0,N,POINT (1278836.525498331 244087.2692299932),17298.0,1.886277246828512e-05,Raining
104185,117843,117843,3560682,Matched,Intersection,29893.0,8TH AVE AND PIKE ST,,,2,Injury Collision,Cycles,3,0,2,1,1,0,0,2010-12-16T00:00:00.000Z,12/16/2010 7:54:00 PM,At Intersection (intersection related),21,"MOTOR VEHICLE STRUCK PEDALCYCLIST, REAR END",,N,Overcast,Dry,Dark - Street Lights On,,10350005.0,,45.0,Vehicle - Pedalcyclist,21880,0,N,POINT (1270720.985650018 226865.1572763622),564.0,0.0,Overcast