OBJECTID,INCKEY,COLDETKEY,REPORTNO,STATUS,ADDRTYPE,INTKEY,LOCATION,EXCEPTRSNC,EXCEPTRSND,SEVERITYCO,SEVERITYDE,COLLISIONT,PERSONCOUN,PEDCOUNT,PEDCYLCOUN,VEHCOUNT,INJURIES,SERIOUSINJ,FATALITIES,INCDATE,INCDTTM,JUNCTIONTY,SDOT_COLCO,SDOT_COLDE,INATTENTIO,UNDERINFL,WEATHER,ROADCOND,LIGHTCOND,PEDROWNOTG,SDOTCOLNUM,SPEEDING,ST_COLCODE,ST_COLDESC,SEGLANEKEY,CROSSWALKK,HITPARKEDC,geometry,near_str_index,min_length,weather_group
106850,123684,123684,3562628,Matched,Intersection,30379.0,ALASKAN WAY AND MARION ST,,,2,Injury Collision,Cycles,3,0,1,1,1,0,0,2011-06-13T00:00:00.000Z,6/13/2011 5:55:00 PM,At Intersection (intersection related),18,"MOTOR VEHICLE STRUCK PEDALCYCLIST, FRONT END AT ANGLE",,N,Clear or Partly Cloudy,Dry,Daylight,Y,11164002.0,,45.0,Vehicle - Pedalcyclist,0,523341,N,POINT (1269289.658672556 223605.9344890267),598.0,0.0,Clear or Partly Cloudy
106874,123524,123524,3387315,Matched,Block,,S COLUMBIAN WAY BETWEEN S SPOKANE ST AND 15TH AVS TURN RD,,,2,Injury Collision,Cycles,2,0,1,1,1,0,0,2011-01-06T00:00:00.000Z,1/6/2011 7:35:00 AM,Mid-Block (not related to intersection),23,"MOTOR VEHICLE STRUCK PEDALCYCLIST, LEFT SIDE SIDESWIPE",,N,Overcast,Wet,Daylight,Y,11006042.0,,45.0,Vehicle - Pedalcyclist,24534,0,N,POINT (1274893.945526287 211707.4389888495),20722.0,5.216581447966893e-09,Overcast
106882,122142,122142,3569074,Matched,Intersection,24323.0,FREMONT AVE N AND N 73RD ST,,,2b,Serious Injury Collision,Cycles,2,0,1,1,1,1,0,2011-06-27T00:00:00.000Z,6/27/2011 9:39:00 AM,At Intersection (intersection related),51,PEDALCYCLIST STRUCK MOTOR VEHICLE FRONT END AT ANGLE,,N,Clear or Partly Cloudy,Dry,Daylight,,11178004.0,,45.0,Vehicle - Pedalcyclist,0,0,N,POINT (1266870.364206076 252381.6311585009),3536.0,0.0,Clear or Partly Cloudy
106899,122005,122005,3376808,Matched,Block,,N 45TH ST BETWEEN N MIDVALE PL AND STONE WAY N,,,2,Injury Collision,Cycles,2,0,1,1,1,0,0,2011-08-22T00:00:00.000Z,8/22/2011 4:28:00 PM,Driveway Junction,51,PEDALCYCLIST STRUCK MOTOR VEHICLE FRONT END AT ANGLE,,N,Clear or Partly Cloudy,Dry,Daylight,,11234032.0,,45.0,Vehicle - Pedalcyclist,28177,0,N,POINT (1268526.248559773 244899.7697748393),21113.0,2.190475392110873e-05,Clear or Partly Cloudy
106919,122694,122694,3375978,Matched,Intersection,30542.0,6TH AVE S AND S DEARBORN ST,,,1,Property Damage Only Collision,Cycles,2,0,1,1,0,0,0,2011-05-06T00:00:00.000Z,5/6/2011 9:44:00 PM,At Intersection (intersection related),51,PEDALCYCLIST STRUCK MOTOR VEHICLE FRONT END AT ANGLE,,N,Raining,Wet,Dark - Street Lights On,Y,11126011.0,,45.0,Vehicle - Pedalcyclist,0,522031,N,POINT (1272053.794867381 220916.7845342755),4454.0,0.0,Raining
105013,120541,120541,3561170,Matched,Intersection,28736.0,DEXTER AVE N AND VALLEY ST,,,2,Injury Collision,Cycles,2,0,1,1,1,0,0,2011-12-12T00:00:00.000Z,12/12/2011 4:20:00 PM,At Intersection (intersection related),51,PEDALCYCLIST STRUCK MOTOR VEHICLE FRONT END AT ANGLE,,N,Clear or Partly Cloudy,Dry,Dusk,Y,11346007.0,,45.0,Vehicle - Pedalcyclist,12719,0,N,POINT (1268334.096175566 232089.1498577148),9821.0,0.0,Clear or Partly Cloudy
105015,120815,120815,3383574,Matched,Block,,2ND AVE W BETWEEN W ROY ST AND W OLYMPIC PL,,,2b,Serious Injury Collision,Cycles,2,0,1,1,1,1,0,2011-04-25T00:00:00.000Z,4/25/2011 6:15:00 AM,Mid-Block (not related to intersection),18,"MOTOR VEHICLE STRUCK PEDALCYCLIST, FRONT END AT ANGLE",,N,Raining,Wet,Daylight,Y,11115026.0,,45.0,Vehicle - Pedalcyclist,30580,0,N,POINT (1264148.667435288 232157.8274257779),8470.0,2.1391779674422242e-05,Raining
105046,120265,120265,3331417,Matched,Block,,SW ADMIRAL WAY BETWEEN 57TH AVE SW AND 59TH AVE SW,,,2,Injury Collision,Cycles,2,0,1,1,2,0,0,2011-01-07T00:00:00.000Z,1/7/2011 6:35:00 PM,,0,NOT ENOUGH INFORMATION / NOT APPLICABLE,,N,Raining,Wet,Dark - Street Lights On,,11007029.0,,45.0,Vehicle - Pedalcyclist,28799,0,N,POINT (1252066.404830918 214301.9531034976),22281.0,2.732454095552907e-05,Raining
105069,119416,119416,3559014,Matched,Intersection,26028.0,20TH AVE NE AND NE RAVENNA WB BV,,,2,Injury Collision,Cycles,2,0,1,1,1,0,0,2011-02-08T00:00:00.000Z,2/8/2011 5:30:00 PM,At Intersection (intersection related),51,PEDALCYCLIST STRUCK MOTOR VEHICLE FRONT END AT ANGLE,,N,Clear or Partly Cloudy,Dry,Dusk,,11039023.0,,45.0,Vehicle - Pedalcyclist,32742,0,N,POINT (1277470.848568931 247628.2085616291),4287.0,0.0,Clear or Partly Cloudy
105074,121365,121365,3466507,Matched,Block,,STONE WAY N BETWEEN N 40TH ST AND N LUCAS PL,,,2,Injury Collision,Cycles,2,0,1,1,1,0,0,2011-08-25T00:00:00.000Z,8/25/2011 1:16:00 PM,Mid-Block (not related to intersection),55,PEDALCYCLIST STRUCK MOTOR VEHICLE RIGHT SIDE SIDESWIPE,,0,Clear or Partly Cloudy,Dry,Daylight,,11237012.0,,45.0,Vehicle - Pedalcyclist,6319,0,N,POINT (1268521.776367769 242809.2760766894),14356.0,1.5754622891906598e-05,Clear or Partly Cloudy
105075,121511,121511,3375041,Matched,Block,,24TH AVE NW BETWEEN NW 61ST ST AND NW 62ND ST,,,2,Injury Collision,Cycles,2,0,1,1,1,0,0,2011-01-18T00:00:00.000Z,1/18/2011 6:00:00 PM,Mid-Block (not related to intersection),51,PEDALCYCLIST STRUCK MOTOR VEHICLE FRONT END AT ANGLE,,N,Clear or Partly Cloudy,Dry,Dark - Street Lights On,Y,11018025.0,,45.0,Vehicle - Pedalcyclist,2126,0,N,POINT (1257525.368100509 249526.6866435707),8499.0,7.4489224040720376e-09,Clear or Partly Cloudy
105088,120954,120954,2802591,Matched,Block,,15TH AVE NE BETWEEN COWEN PL NE AND NE 62ND ST,,,2,Injury Collision,Cycles,3,0,1,1,2,0,0,2011-05-20T00:00:00.000Z,5/20/2011 9:30:00 AM,Mid-Block (not related to intersection),55,PEDALCYCLIST STRUCK MOTOR VEHICLE RIGHT SIDE SIDESWIPE,Y,N,Clear or Partly Cloudy,Dry,Daylight,,11140023.0,,45.0,Vehicle - Pedalcyclist,29052,0,N,POINT (1276162.522999585 249003.8042110354),15771.0,1.8225429204400132e-05,Clear or Partly Cloudy
105109,119993,119993,3466327,Matched,Intersection,27182.0,2ND AVE NE AND NE 45TH ST,,,2,Injury Collision,Cycles,2,0,1,1,1,0,0,2011-06-23T00:00:00.000Z,6/23/2011 3:26:00 PM,At Intersection (intersection related),18,"MOTOR VEHICLE STRUCK PEDALCYCLIST, FRONT END AT ANGLE",,N,Clear or Partly Cloudy,Dry,Daylight,Y,11174010.0,,45.0,Vehicle - Pedalcyclist,6532,0,N,POINT (1272301.489459634 244814.9838547409),5213.0,0.0,Clear or Partly Cloudy
105129,119841,119841,3567031,Matched,Block,,49TH AVE S BETWEEN S BARTON ST AND S FLETCHER ST,,,2,Injury Collision,Cycles,2,0,1,1,1,0,0,2011-05-31T00:00:00.000Z,5/31/2011 6:30:00 PM,Mid-Block (not related to intersection),51,PEDALCYCLIST STRUCK MOTOR VEHICLE FRONT END AT ANGLE,,N,Clear or Partly Cloudy,Dry,Daylight,,11151002.0,,45.0,Vehicle - Pedalcyclist,0,0,N,POINT (1284609.577856243 193037.0672577322),12467.0,1.1220923259176179e-05,Clear or Partly Cloudy
105132,119555,119555,3552864,Matched,Intersection,24297.0,AURORA AVE N AND N 77TH ST,,,2,Injury Collision,Cycles,2,0,1,1,1,0,0,2011-09-27T00:00:00.000Z,9/27/2011 9:48:00 AM,At Intersection (intersection related),18,"MOTOR VEHICLE STRUCK PEDALCYCLIST, FRONT END AT ANGLE",,N,Clear or Partly Cloudy,Dry,Daylight,,11270005.0,,45.0,Vehicle - Pedalcyclist,0,0,N,POINT (1268221.185583457 253436.5359915793),3342.0,0.0,Clear or Partly Cloudy
105150,120825,120825,3283030,Matched,Intersection,29761.0,12TH AVE AND E MADISON ST,,,1,Property Damage Only Collision,Cycles,2,0,1,1,0,0,0,2011-03-08T00:00:00.000Z,3/8/2011 9:18:00 AM,At Intersection (intersection related),69,PEDALCYCLIST OVERTURNED IN ROAD,,N,Raining,Wet,Daylight,,11067036.0,,45.0,Vehicle - Pedalcyclist,9272,0,N,POINT (1274551.867445946 227089.5945245922),39.0,0.0,Raining
105248,120001,120001,2904916,Matched,Block,,FREMONT AVE N BETWEEN FREMONT BR AND N 34TH ST,,,2,Injury Collision,Cycles,2,0,1,1,1,0,0,2011-06-30T00:00:00.000Z,6/30/2011 6:18:00 AM,Mid-Block (not related to intersection),18,"MOTOR VEHICLE STRUCK PEDALCYCLIST, FRONT END AT ANGLE",,N,Clear or Partly Cloudy,Dry,Daylight,,11181008.0,,45.0,Vehicle - Pedalcyclist,8235,0,N,POINT (1266667.734701872 240327.6562341452),13746.0,2.2837248532698263e-06,Clear or Partly Cloudy
105250,119999,119999,3565099,Matched,Intersection,27179.0,4TH AVE NE AND NE 45TH ST,,,1,Property Damage Only Collision,Cycles,2,0,1,1,0,0,0,2011-06-28T00:00:00.000Z,6/28/2011 5:05:00 PM,At Intersection (intersection related),18,"MOTOR VEHICLE STRUCK PEDALCYCLIST, FRONT END AT ANGLE",,N,Clear or Partly Cloudy,Dry,Daylight,Y,11179006.0,,45.0,Vehicle - Pedalcyclist,6559,0,N,POINT (1273093.195316449 244793.776558727),1399.0,0.0,Clear or Partly Cloudy
105286,120696,120696,3545533,Matched,Block,,M L KING JR WAY S BETWEEN S IRVING ST AND MOUNTAINS TO SOUND TRL,,,2,Injury Collision,Cycles,2,0,1,1,1,0,0,2011-07-23T00:00:00.000Z,7/23/2011 8:47:00 AM,Mid-Block (not related to intersection),18,"MOTOR VEHICLE STRUCK PEDALCYCLIST, FRONT END AT ANGLE",,N,Clear or Partly Cloudy,Dry,Daylight,Y,11204033.0,,45.0,Vehicle - Pedalcyclist,0,630872,N,POINT (1279156.887866661 218933.6142282486),22548.0,0.0,Clear or Partly Cloudy
105290,120421,120421,3328068,Matched,Block,,GREENWOOD AVE N BETWEEN N 74TH ST AND N 75TH ST,,,2,Injury Collision,Cycles,2,0,1,1,1,0,0,2011-11-22T00:00:00.000Z,11/22/2011 4:00:00 PM,Mid-Block (not related to intersection),56,PEDALCYCLIST STRUCK MOTOR VEHICLE LEFT SIDE SIDESWIPE,,N,Raining,Wet,Dark - Street Lights On,,11326026.0,,45.0,Vehicle - Pedalcyclist,4467,0,N,POINT (1265546.492652714 252815.0939429402),6390.0,2.2729739164642575e-05,Raining
105326,120555,120555,3560906,Matched,Intersection,30355.0,2ND AVE AND CHERRY ST,,,1,Property Damage Only Collision,Cycles,2,0,1,1,0,0,0,2011-10-10T00:00:00.000Z,10/10/2011 12:44:00 PM,At Intersection (intersection related),54,PEDALCYCLIST STRUCK MOTOR VEHICLE REAR END,,0,Raining,Wet,Daylight,,11283025.0,,45.0,Vehicle - Pedalcyclist,12035,0,N,POINT (1270427.74891372 223568.6895609945),2488.0,0.0,Raining
105334,121248,121248,3466517,Matched,Intersection,26897.0,STONE WAY N AND N 35TH ST,,,2,Injury Collision,Cycles,2,0,1,1,1,0,0,2011-10-17T00:00:00.000Z,10/17/2011 2:16:00 PM,At Intersection (intersection related),51,PEDALCYCLIST STRUCK MOTOR VEHICLE FRONT END AT ANGLE,,0,Clear or Partly Cloudy,Dry,Daylight,Y,11290004.0,,45.0,Vehicle - Pedalcyclist,6280,0,N,POINT (1268401.595439643 240536.8288423717),6689.0,0.0,Clear or Partly Cloudy
105392,120424,120424,3375632,Matched,Intersection,28642.0,QUEEN ANNE AVE N AND REPUBLICAN ST,,,2,Injury Collision,Cycles,2,0,1,1,1,0,0,2011-05-17T00:00:00.000Z,5/17/2011 11:55:00 PM,At Intersection (intersection related),18,"MOTOR VEHICLE STRUCK PEDALCYCLIST, FRONT END AT ANGLE",,N,Clear or Partly Cloudy,Dry,Dark - Street Lights On,Y,11137005.0,,45.0,Vehicle - Pedalcyclist,0,0,N,POINT (1264765.902891919 231070.5437766761),903.0,0.0,Clear or Partly Cloudy
105399,120291,120291,3568607,Matched,Block,,SHILSHOLE AVE NW BETWEEN 15TH SB AVE NW AND NW 46TH ST,,,2,Injury Collision,Cycles,3,0,1,1,1,0,0,2011-01-26T00:00:00.000Z,1/26/2011 12:48:00 PM,Mid-Block (not related to intersection),18,"MOTOR VEHICLE STRUCK PEDALCYCLIST, FRONT END AT ANGLE",Y,N,Clear or Partly Cloudy,Dry,Daylight,Y,11026005.0,,45.0,Vehicle - Pedalcyclist,41891,0,N,POINT (1259971.441319004 245257.8765912056),957.0,1.8914591044845826e-05,Clear or Partly Cloudy
105421,119713,119713,3564836,Matched,Intersection,24156.0,11TH AVE NW AND NW 75TH ST,,,2,Injury Collision,Cycles,2,0,1,1,1,0,0,2011-04-13T00:00:00.000Z,4/13/2011 7:45:00 AM,At Intersection (intersection related),18,"MOTOR VEHICLE STRUCK PEDALCYCLIST, FRONT END AT ANGLE",,N,Raining,Wet,Daylight,,11103003.0,,45.0,Vehicle - Pedalcyclist,0,0,N,POINT (1261831.959336907 253011.1889191419),33.0,0.0,Raining
105430,119860,119860,3560052,Matched,Intersection,29734.0,BOYLSTON AVE AND E PINE ST,,,2,Injury Collision,Cycles,2,0,1,1,1,0,0,2011-04-02T00:00:00.000Z,4/2/2011 10:34:00 PM,At Intersection (intersection related),51,PEDALCYCLIST STRUCK MOTOR VEHICLE FRONT END AT ANGLE,,Y,Overcast,Dry,Dark - Street Lights On,,11092009.0,,45.0,Vehicle - Pedalcyclist,10373,0,N,POINT (1272920.548660263 227975.5196454972),6198.0,0.0,Overcast
105493,121533,121533,3287274,Matched,Intersection,24493.0,NE 65TH ST AND NE RAVENNA EB BV,,,2,Injury Collision,Cycles,2,0,1,1,1,0,0,2011-02-08T00:00:00.000Z,2/8/2011 6:54:00 AM,At Intersection (intersection related),51,PEDALCYCLIST STRUCK MOTOR VEHICLE FRONT END AT ANGLE,,N,Clear or Partly Cloudy,Dry,Dawn,Y,11039001.0,,45.0,Vehicle - Pedalcyclist,0,0,N,POINT (1273615.982388973 250085.9043081403),534.0,0.0,Clear or Partly Cloudy
105508,119863,119863,3562839,Matched,Block,,WESTLAKE EAST RDWY AVE N BETWEEN HIGHLAND DR AND COMSTOCK ST,,,1,Property Damage Only Collision,Cycles,3,0,1,1,0,0,0,2011-12-15T00:00:00.000Z,12/15/2011 8:06:00 PM,Mid-Block (not related to intersection),51,PEDALCYCLIST STRUCK MOTOR VEHICLE FRONT END AT ANGLE,,N,Raining,Wet,Dark - No Street Lights,Y,11349036.0,,45.0,Vehicle - Pedalcyclist,0,0,N,POINT (1268754.095344007 233541.2939871997),21348.0,2.7549723939537274e-05,Raining
105522,121393,121393,3374046,Matched,Intersection,352611.0,M L KING JR WR WAY S AND S CHARLESTOWN ST,,,2,Injury Collision,Cycles,2,0,1,1,1,0,0,2011-08-03T00:00:00.000Z,8/3/2011,At Intersection (intersection related),0,NOT ENOUGH INFORMATION / NOT APPLICABLE,,0,Clear or Partly Cloudy,Dry,Daylight,,11215002.0,,45.0,Vehicle - Pedalcyclist,0,0,N,POINT (1279129.670202628 211410.3343485445),4900.0,0.0,Clear or Partly Cloudy
105549,120295,120295,3383195,Matched,Block,,EASTLAKE AVE E BETWEEN E BOSTON ST AND E LYNN ST,,,2,Injury Collision,Cycles,3,0,1,1,1,0,0,2011-05-04T00:00:00.000Z,5/4/2011 1:35:00 PM,,56,PEDALCYCLIST STRUCK MOTOR VEHICLE LEFT SIDE SIDESWIPE,,N,Clear or Partly Cloudy,Dry,Daylight,,11124019.0,,45.0,Vehicle - Pedalcyclist,24751,0,N,POINT (1272477.548147812 236651.0616703928),12571.0,2.8641089257223292e-05,Clear or Partly Cloudy
105583,120712,120712,3565371,Matched,Intersection,287169.0,40TH AVE NE AND BURKE GILMAN TRL,,,2,Injury Collision,Cycles,2,0,1,1,1,0,0,2011-03-11T00:00:00.000Z,3/11/2011 5:57:00 PM,At Intersection (intersection related),18,"MOTOR VEHICLE STRUCK PEDALCYCLIST, FRONT END AT ANGLE",,N,Clear or Partly Cloudy,Dry,Dusk,Y,11070016.0,,45.0,Vehicle - Pedalcyclist,0,521972,N,POINT (1282799.440702379 246786.1656807661),2983.0,0.0,Clear or Partly Cloudy
105589,120709,120709,3560439,Matched,Block,,ELLIOTT AVE BETWEEN BATTERY ST AND WALL ST,,,2,Injury Collision,Cycles,2,0,1,1,1,0,0,2011-03-08T00:00:00.000Z,3/8/2011 5:37:00 PM,Driveway Junction,51,PEDALCYCLIST STRUCK MOTOR VEHICLE FRONT END AT ANGLE,,N,Clear or Partly Cloudy,Dry,Dusk,,11067035.0,,45.0,Vehicle - Pedalcyclist,0,0,N,POINT (1266349.754541546 227323.0511648357),707.0,5.016481405142764e-09,Clear or Partly Cloudy
105644,121405,121405,2614645,Matched,Intersection,27167.0,UNIVERSITY WAY NE AND NE PACIFIC ST,,,1,Property Damage Only Collision,Cycles,2,0,1,1,0,0,0,2011-09-15T00:00:00.000Z,9/15/2011 9:23:00 AM,At Intersection (intersection related),18,"MOTOR VEHICLE STRUCK PEDALCYCLIST, FRONT END AT ANGLE",,0,Clear or Partly Cloudy,Dry,Daylight,,11258001.0,,45.0,Vehicle - Pedalcyclist,0,522415,N,POINT (1275674.208311081 241847.4433717132),2203.0,0.0,Clear or Partly Cloudy
105657,119877,119877,3565330,Matched,Block,,N 97TH ST BETWEEN WALLINGFORD AVE N AND COLLEGE WAY N,,,2,Injury Collision,Cycles,2,0,1,1,1,0,0,2011-01-05T00:00:00.000Z,1/5/2011 8:50:00 AM,Mid-Block (not related to intersection),21,"MOTOR VEHICLE STRUCK PEDALCYCLIST, REAR END",,N,Overcast,Wet,Daylight,,11005026.0,,45.0,Vehicle - Pedalcyclist,0,0,N,POINT (1270466.205233753 258799.7982050627),9888.0,7.44708875347681e-09,Overcast
105663,120163,120163,3377734,Matched,Block,,ALASKAN WAY BETWEEN CLAY ST AND BROAD ST,,,2,Injury Collision,Cycles,2,0,1,1,1,0,0,2011-06-17T00:00:00.000Z,6/17/2011 8:26:00 AM,Mid-Block (not related to intersection),51,PEDALCYCLIST STRUCK MOTOR VEHICLE FRONT END AT ANGLE,,N,Clear or Partly Cloudy,Dry,Daylight,,11168003.0,,45.0,Vehicle - Pedalcyclist,20766,0,N,POINT (1265252.220780417 227935.6119334549),6111.0,2.6849740543234957e-06,Clear or Partly Cloudy
105781,121275,121275,3466330,Matched,Block,,NE 45TH ST BETWEEN 1ST AVE NE AND 2ND AVE NE,,,2,Injury Collision,Cycles,2,0,1,1,1,0,0,2011-07-23T00:00:00.000Z,7/23/2011 5:56:00 PM,Mid-Block (not related to intersection),18,"MOTOR VEHICLE STRUCK PEDALCYCLIST, FRONT END AT ANGLE",,N,Clear or Partly Cloudy,Dry,Daylight,Y,11204015.0,,45.0,Vehicle - Pedalcyclist,6532,0,N,POINT (1272176.522995502 244818.3334227502),18208.0,3.0169654243669977e-05,Clear or Partly Cloudy
105866,120597,120597,3566023,Matched,Block,,23RD AVE S BETWEEN S JACKSON ST AND S KING ST,,,1,Property Damage Only Collision,Cycles,2,0,1,1,0,0,0,2011-06-03T00:00:00.000Z,6/3/2011 6:25:00 PM,Mid-Block (not related to intersection),51,PEDALCYCLIST STRUCK MOTOR VEHICLE FRONT END AT ANGLE,,N,Clear or Partly Cloudy,Dry,Daylight,,11154023.0,,45.0,Vehicle - Pedalcyclist,24612,0,N,POINT (1278028.557625502 221802.6852071881),20474.0,5.544848616752427e-07,Clear or Partly Cloudy
105879,121005,121005,3332722,Matched,Intersection,24245.0,STROUD AVE N AND EAST GREEN LAKE DR N,,,2,Injury Collision,Cycles,2,0,1,1,1,0,0,2011-09-05T00:00:00.000Z,9/5/2011,At Intersection (intersection related),18,"MOTOR VEHICLE STRUCK PEDALCYCLIST, FRONT END AT ANGLE",,0,Clear or Partly Cloudy,Dry,Daylight,,11248005.0,,45.0,Vehicle - Pedalcyclist,7361,0,N,POINT (1270260.463409543 253635.7472557724),11177.0,0.0,Clear or Partly Cloudy
105912,119612,119612,3561046,Matched,Block,,VIRGINIA ST BETWEEN 6TH AVE AND WESTLAKE AVE,,,2,Injury Collision,Cycles,2,0,1,1,1,0,0,2011-11-16T00:00:00.000Z,11/16/2011 7:15:00 PM,Mid-Block (not related to intersection),18,"MOTOR VEHICLE STRUCK PEDALCYCLIST, FRONT END AT ANGLE",,N,Raining,Wet,Dark - Street Lights On,,11320033.0,,45.0,Vehicle - Pedalcyclist,14281,0,N,POINT (1269312.032560572 227819.3482533395),1007.0,8.201056171178148e-06,Raining
105913,119894,119894,3550530,Matched,Intersection,28744.0,WESTLAKE AVE N AND VALLEY ST,,,1,Property Damage Only Collision,Cycles,2,0,1,1,0,0,0,2011-06-20T00:00:00.000Z,6/20/2011 7:45:00 PM,At Intersection (intersection related),24,MOTOR VEHCILE STRUCK PEDESTRIAN,,N,Unknown,Unknown,Unknown,Y,11171001.0,,45.0,Vehicle - Pedalcyclist,0,0,N,POINT (1269242.945584506 231901.4393935204),3828.0,0.0,
105921,119604,119604,3562233,Matched,Intersection,29971.0,4TH AVE AND CHERRY ST,,,2,Injury Collision,Cycles,2,1,1,0,1,0,0,2011-10-04T00:00:00.000Z,10/4/2011 9:46:00 AM,At Intersection (intersection related),64,PEDALCYCLIST STRUCK PEDESTRIAN,,N,Clear or Partly Cloudy,Dry,Daylight,Y,11277002.0,,45.0,Vehicle - Pedalcyclist,13337,522725,N,POINT (1270981.961778283 223896.8431613296),6242.0,0.0,Clear or Partly Cloudy
105938,119748,119748,3552510,Matched,Block,,AURORA AVE N BETWEEN N 89TH ST AND N 90TH ST,,,2b,Serious Injury Collision,Cycles,2,0,1,1,1,1,0,2011-10-20T00:00:00.000Z,10/20/2011 7:38:00 PM,Mid-Block (not related to intersection),51,PEDALCYCLIST STRUCK MOTOR VEHICLE FRONT END AT ANGLE,,N,Overcast,Wet,Dark - Street Lights On,,11293016.0,,45.0,Vehicle - Pedalcyclist,16388,0,N,POINT (1268269.133359507 256738.9448909611),6145.0,3.0768902397720344e-05,Overcast
107050,122286,122286,3373249,Matched,Block,,W GARFIELD ST BETWEEN 1ST AVE W AND 2ND AVE W,,,1,Property Damage Only Collision,Cycles,3,0,1,1,0,0,0,2011-07-31T00:00:00.000Z,7/31/2011 10:08:00 AM,Mid-Block (not related to intersection),18,"MOTOR VEHICLE STRUCK PEDALCYCLIST, FRONT END AT ANGLE",,0,Overcast,Dry,Daylight,,11212020.0,,45.0,Vehicle - Pedalcyclist,0,0,N,POINT (1264278.868267417 234820.7800685167),10057.0,7.4492604867832616e-09,Overcast
107061,121886,121886,3545201,Matched,Intersection,36585.0,CORLISS AVE N AND N NORTHGATE WAY,,,2,Injury Collision,Cycles,2,0,1,1,1,0,0,2011-10-12T00:00:00.000Z,10/12/2011 8:40:00 AM,At Intersection (intersection related),18,"MOTOR VEHICLE STRUCK PEDALCYCLIST, FRONT END AT ANGLE",,N,Overcast,Dry,Daylight,Y,11285004.0,,45.0,Vehicle - Pedalcyclist,0,525659,N,POINT (1271636.107314959 262081.3979524225),14407.0,0.0,Overcast
107062,122151,122151,3564981,Matched,Block,,EAST GREEN LAKE DR N BETWEEN ORIN CT N AND N 77TH ST,,,2,Injury Collision,Cycles,3,0,1,1,1,0,0,2011-06-04T00:00:00.000Z,6/4/2011 5:06:00 PM,Mid-Block (not related to intersection),21,"MOTOR VEHICLE STRUCK PEDALCYCLIST, REAR END",,N,Clear or Partly Cloudy,Dry,Daylight,,11155022.0,,45.0,Vehicle - Pedalcyclist,7347,0,N,POINT (1270636.055025935 253129.4095272571),1087.0,1.4367489142037662e-06,Clear or Partly Cloudy
107124,123696,123696,3567476,Matched,Block,,E PIKE ST BETWEEN 10TH AVE AND 11TH AVE,,,2,Injury Collision,Cycles,2,0,1,1,1,0,0,2011-10-31T00:00:00.000Z,10/31/2011 10:55:00 PM,Driveway Junction,51,PEDALCYCLIST STRUCK MOTOR VEHICLE FRONT END AT ANGLE,,N,Clear or Partly Cloudy,Dry,Dark - Street Lights On,Y,11304017.0,,45.0,Vehicle - Pedalcyclist,31245,0,N,POINT (1274051.69016543 227537.2437410504),1145.0,2.6589055945385706e-05,Clear or Partly Cloudy
107156,122989,122989,3567944,Matched,Intersection,29894.0,6TH AVE AND PIKE ST,,,1,Property Damage Only Collision,Cycles,2,0,1,1,0,0,0,2011-05-18T00:00:00.000Z,5/18/2011 10:57:00 AM,At Intersection (intersection related),18,"MOTOR VEHICLE STRUCK PEDALCYCLIST, FRONT END AT ANGLE",,N,Clear or Partly Cloudy,Dry,Daylight,Y,11138004.0,,45.0,Vehicle - Pedalcyclist,0,521716,N,POINT (1270166.981681451 226537.3270040303),16633.0,0.0,Clear or Partly Cloudy
107218,122852,122852,3335742,Matched,Block,,M L KING JR WAY S BETWEEN S BAYVIEW S ST AND S MCCLELLAN ST,,,2,Injury Collision,Cycles,3,0,1,1,1,0,0,2011-07-17T00:00:00.000Z,7/17/2011 12:24:00 PM,Mid-Block (not related to intersection),18,"MOTOR VEHICLE STRUCK PEDALCYCLIST, FRONT END AT ANGLE",,N,Raining,Wet,Daylight,,11198022.0,,45.0,Vehicle - Pedalcyclist,6643,0,N,POINT (1279381.063738883 214946.4180641621),21807.0,5.905464302152702e-06,Raining
107224,122296,122296,3562385,Matched,Block,,ALASKAN WAY BETWEEN COLUMBIA ST AND MARION ST,,,2,Injury Collision,Cycles,2,0,1,1,1,0,0,2011-08-11T00:00:00.000Z,8/11/2011 11:34:00 AM,Mid-Block (not related to intersection),18,"MOTOR VEHICLE STRUCK PEDALCYCLIST, FRONT END AT ANGLE",,0,Clear or Partly Cloudy,Dry,Daylight,,11223010.0,,45.0,Vehicle - Pedalcyclist,38501,0,N,POINT (1269366.290928632 223473.9461368918),598.0,2.9836165941388227e-06,Clear or Partly Cloudy
107253,122998,122998,3466334,Matched,Intersection,26870.0,STONE WAY N AND N 38TH ST,,,2,Injury Collision,Cycles,2,0,1,1,1,0,0,2011-09-01T00:00:00.000Z,9/1/2011 1:41:00 PM,At Intersection (intersection related),51,PEDALCYCLIST STRUCK MOTOR VEHICLE FRONT END AT ANGLE,,N,Clear or Partly Cloudy,Dry,Daylight,,11244001.0,,45.0,Vehicle - Pedalcyclist,0,0,N,POINT (1268463.857455701 241734.6945715845),4009.0,0.0,Clear or Partly Cloudy