OBJECTID,INCKEY,COLDETKEY,REPORTNO,STATUS,ADDRTYPE,INTKEY,LOCATION,EXCEPTRSNC,EXCEPTRSND,SEVERITYCO,SEVERITYDE,COLLISIONT,PERSONCOUN,PEDCOUNT,PEDCYLCOUN,VEHCOUNT,INJURIES,SERIOUSINJ,FATALITIES,INCDATE,INCDTTM,JUNCTIONTY,SDOT_COLCO,SDOT_COLDE,INATTENTIO,UNDERINFL,WEATHER,ROADCOND,LIGHTCOND,PEDROWNOTG,SDOTCOLNUM,SPEEDING,ST_COLCODE,ST_COLDESC,SEGLANEKEY,CROSSWALKK,HITPARKEDC,geometry,near_str_index,min_length,weather_group
107315,123714,123714,3545903,Matched,Intersection,32673.0,33RD AVE S AND RAINIER AVE S,,,2,Injury Collision,Cycles,2,0,1,1,1,0,0,2011-07-22T00:00:00.000Z,7/22/2011 4:23:00 PM,At Intersection (intersection related),51,PEDALCYCLIST STRUCK MOTOR VEHICLE FRONT END AT ANGLE,,N,Clear or Partly Cloudy,Dry,Daylight,Y,11203006.0,,45.0,Vehicle - Pedalcyclist,0,0,N,POINT (1280595.566396132 211304.0953724235),2823.0,0.0,Clear or Partly Cloudy
107382,123421,123421,3332750,Matched,Intersection,287164.0,30TH AVE NE AND BURKE GILMAN TRL,,,2,Injury Collision,Cycles,2,0,1,1,1,0,0,2011-05-17T00:00:00.000Z,5/17/2011 9:35:00 AM,At Intersection (intersection related),18,"MOTOR VEHICLE STRUCK PEDALCYCLIST, FRONT END AT ANGLE",,N,Clear or Partly Cloudy,Dry,Daylight,,11137003.0,,45.0,Vehicle - Pedalcyclist,0,525568,N,POINT (1280116.486459643 245793.1419357508),4875.0,0.0,Clear or Partly Cloudy
107438,121912,121912,3283230,Matched,Intersection,29047.0,HARVARD AVE E AND E THOMAS ST,,,2,Injury Collision,Cycles,2,0,1,1,1,0,0,2011-06-03T00:00:00.000Z,6/3/2011 2:00:00 PM,At Intersection (intersection related),18,"MOTOR VEHICLE STRUCK PEDALCYCLIST, FRONT END AT ANGLE",,N,Clear or Partly Cloudy,Dry,Daylight,Y,11154008.0,,45.0,Vehicle - Pedalcyclist,0,0,N,POINT (1273255.328564614 230097.9142716825),6410.0,0.0,Clear or Partly Cloudy
107514,122592,122592,3552836,Matched,Intersection,35767.0,STONE AVE N AND N 125TH ST,,,1,Property Damage Only Collision,Cycles,2,0,1,1,0,0,0,2011-09-26T00:00:00.000Z,9/26/2011 1:30:00 PM,At Intersection (intersection related),51,PEDALCYCLIST STRUCK MOTOR VEHICLE FRONT END AT ANGLE,Y,0,Raining,Wet,Unknown,Y,11269033.0,,45.0,Vehicle - Pedalcyclist,5605,0,N,POINT (1269022.708272278 266118.5975725651),3775.0,0.0,Raining
107554,122874,122874,3383699,Matched,Intersection,28741.0,DEXTER AVE N AND ROY ST,,,2,Injury Collision,Cycles,2,0,1,1,1,0,0,2011-08-26T00:00:00.000Z,8/26/2011 5:21:00 PM,At Intersection (intersection related),51,PEDALCYCLIST STRUCK MOTOR VEHICLE FRONT END AT ANGLE,,0,Clear or Partly Cloudy,Dry,Daylight,,11238010.0,,45.0,Vehicle - Pedalcyclist,12712,0,N,POINT (1268326.078767568 231776.213409394),6297.0,0.0,Clear or Partly Cloudy
107574,121789,121789,3560539,Matched,Block,,4TH AVE BETWEEN SENECA ST AND UNIVERSITY ST,,,1,Property Damage Only Collision,Cycles,2,0,1,1,0,0,0,2011-11-12T00:00:00.000Z,11/12/2011 3:16:00 PM,Mid-Block (but intersection related),21,"MOTOR VEHICLE STRUCK PEDALCYCLIST, REAR END",Y,N,Raining,Wet,Daylight,,11316014.0,,45.0,Vehicle - Pedalcyclist,12735,0,N,POINT (1270124.915761411 225344.7849228084),10210.0,1.1034528287789031e-05,Raining
107579,121925,121925,3283075,Matched,Intersection,28300.0,EASTLAKE AVE E AND E ROANOKE ST,,,2,Injury Collision,Cycles,2,0,1,1,1,0,0,2011-09-01T00:00:00.000Z,9/1/2011,At Intersection (intersection related),51,PEDALCYCLIST STRUCK MOTOR VEHICLE FRONT END AT ANGLE,,0,Clear or Partly Cloudy,Dry,Daylight,,11244003.0,,45.0,Vehicle - Pedalcyclist,24724,0,N,POINT (1272508.910643846 238184.0703119487),3943.0,0.0,Clear or Partly Cloudy
107602,122466,122466,3559806,Matched,Intersection,29809.0,12TH AVE AND E JEFFERSON ST,,,2,Injury Collision,Cycles,2,0,1,1,1,0,0,2011-02-13T00:00:00.000Z,2/13/2011 10:09:00 PM,At Intersection (intersection related),51,PEDALCYCLIST STRUCK MOTOR VEHICLE FRONT END AT ANGLE,,N,Raining,Wet,Dark - Street Lights On,,11044006.0,,45.0,Vehicle - Pedalcyclist,10636,0,N,POINT (1274493.248053879 224651.3819140941),2320.0,0.0,Raining
107669,122603,122603,3565980,Matched,Intersection,28303.0,EASTLAKE AVE E AND E LOUISA ST,,,1,Property Damage Only Collision,Cycles,2,0,1,1,0,0,0,2011-07-22T00:00:00.000Z,7/22/2011 4:33:00 PM,At Intersection (intersection related),51,PEDALCYCLIST STRUCK MOTOR VEHICLE FRONT END AT ANGLE,,N,Clear or Partly Cloudy,Dry,Daylight,,11203007.0,,45.0,Vehicle - Pedalcyclist,24739,0,N,POINT (1272500.319795832 237760.9773195237),6316.0,0.0,Clear or Partly Cloudy
107722,123298,123298,3553046,Matched,Intersection,287172.0,BURKE GILMAN TRL AND NE 70TH ST,,,2,Injury Collision,Cycles,2,0,1,1,1,0,0,2011-11-18T00:00:00.000Z,11/18/2011 5:38:00 PM,At Intersection (intersection related),51,PEDALCYCLIST STRUCK MOTOR VEHICLE FRONT END AT ANGLE,,N,Raining,Wet,Dark - Street Lights On,,11322014.0,,45.0,Vehicle - Pedalcyclist,0,524581,N,POINT (1287683.49088338 251095.8747411817),9161.0,0.0,Raining
107734,122611,122611,2805035,Matched,Intersection,30363.0,ALASKAN WAY S AND S MAIN ST,,,2,Injury Collision,Cycles,2,0,1,1,1,0,0,2011-07-14T00:00:00.000Z,7/14/2011 6:08:00 AM,At Intersection (intersection related),18,"MOTOR VEHICLE STRUCK PEDALCYCLIST, FRONT END AT ANGLE",,N,Overcast,Dry,Dawn,Y,11195005.0,,45.0,Vehicle - Pedalcyclist,0,524754,N,POINT (1269731.106609002 222497.5246318877),8725.0,0.0,Overcast
107806,123313,123313,2617169,Matched,Block,,S JACKSON ST BETWEEN 10TH AVE S AND 12TH AVE S,,,2,Injury Collision,Cycles,2,0,1,1,1,0,0,2011-05-18T00:00:00.000Z,5/18/2011 1:59:00 PM,Mid-Block (not related to intersection),56,PEDALCYCLIST STRUCK MOTOR VEHICLE LEFT SIDE SIDESWIPE,,0,Clear or Partly Cloudy,Dry,Daylight,,11138012.0,,45.0,Vehicle - Pedalcyclist,24470,0,N,POINT (1274036.343669415 222100.3491434902),20239.0,2.70784097836294e-05,Clear or Partly Cloudy
107875,122902,122902,3375787,Matched,Block,,2ND AV ET S BETWEEN S JACKSON ST AND S MAIN ST,,,2,Injury Collision,Cycles,2,0,1,1,1,0,0,2011-04-20T00:00:00.000Z,4/20/2011 6:39:00 PM,Mid-Block (not related to intersection),51,PEDALCYCLIST STRUCK MOTOR VEHICLE FRONT END AT ANGLE,,N,Clear or Partly Cloudy,Dry,Daylight,,11110023.0,,45.0,Vehicle - Pedalcyclist,35951,0,N,POINT (1271183.316146493 222304.5042156875),10135.0,3.5431266009836825e-09,Clear or Partly Cloudy
107940,123452,123452,3545923,Matched,Block,,SEWARD PARK AVE S BETWEEN S ORCHARD ST AND S OTHELLO ST,,,1,Property Damage Only Collision,Cycles,2,0,1,1,0,0,0,2011-08-13T00:00:00.000Z,8/13/2011 11:02:00 AM,Mid-Block (not related to intersection),23,"MOTOR VEHICLE STRUCK PEDALCYCLIST, LEFT SIDE SIDESWIPE",,0,Clear or Partly Cloudy,Dry,Daylight,,11225006.0,,45.0,Vehicle - Pedalcyclist,37635,0,N,POINT (1286237.905857906 199349.5041281879),6666.0,3.4592279763882737e-06,Clear or Partly Cloudy
107948,123322,123322,3375410,Matched,Block,,DEXTER AVE N BETWEEN DENNY WAY AND JOHN ST,,,2,Injury Collision,Cycles,2,0,1,1,1,0,0,2011-04-11T00:00:00.000Z,4/11/2011 5:46:00 PM,Mid-Block (not related to intersection),23,"MOTOR VEHICLE STRUCK PEDALCYCLIST, LEFT SIDE SIDESWIPE",,N,Clear or Partly Cloudy,Dry,Daylight,,11101015.0,,45.0,Vehicle - Pedalcyclist,12559,0,N,POINT (1268267.740975499 229490.4169270545),20563.0,7.63792373631657e-09,Clear or Partly Cloudy
109002,125756,125756,3331418,Matched,Intersection,34023.0,35TH AVE SW AND SW WILLOW ST,,,2,Injury Collision,Angles,2,0,1,1,1,0,0,2011-01-13T00:00:00.000Z,1/13/2011 12:07:00 PM,At Intersection (intersection related),51,PEDALCYCLIST STRUCK MOTOR VEHICLE FRONT END AT ANGLE,,N,Raining,Wet,Daylight,,11013003.0,,10.0,Entering at angle,22507,0,N,POINT (1259279.760166302 201176.8858900666),2068.0,0.0,Raining
109027,125470,125470,3559532,Matched,Intersection,30444.0,DEARBORN OFF RP AND S DEARBORN ST,,,2,Injury Collision,Cycles,2,0,1,1,1,0,0,2011-08-30T00:00:00.000Z,8/30/2011 5:16:00 PM,At Intersection (intersection related),51,PEDALCYCLIST STRUCK MOTOR VEHICLE FRONT END AT ANGLE,,N,Clear or Partly Cloudy,Dry,Daylight,Y,11242002.0,,45.0,Vehicle - Pedalcyclist,0,525652,N,POINT (1273287.891764641 220890.7895262539),7667.0,0.0,Clear or Partly Cloudy
109077,124369,124369,3564741,Matched,Intersection,24276.0,AURORA AVE N AND GREEN LAKE DR N,,,2,Injury Collision,Cycles,2,0,1,1,1,0,0,2011-10-11T00:00:00.000Z,10/11/2011 8:29:00 AM,At Intersection (intersection related),18,"MOTOR VEHICLE STRUCK PEDALCYCLIST, FRONT END AT ANGLE",,N,Overcast,Wet,Daylight,,11284013.0,,45.0,Vehicle - Pedalcyclist,0,0,N,POINT (1268246.782511488 255021.2704571933),7112.0,0.0,Overcast
109112,124926,124926,3329698,Matched,Intersection,28376.0,24TH AVE E AND E INTERLAKEN BLVD,,,2,Injury Collision,Cycles,2,0,1,1,1,0,0,2011-09-10T00:00:00.000Z,9/10/2011 12:16:00 PM,At Intersection (intersection related),51,PEDALCYCLIST STRUCK MOTOR VEHICLE FRONT END AT ANGLE,,N,Clear or Partly Cloudy,Dry,Daylight,Y,11253008.0,,45.0,Vehicle - Pedalcyclist,22465,0,N,POINT (1278440.671289921 234925.9705966264),8983.0,0.0,Clear or Partly Cloudy
109127,124786,124786,3569073,Matched,Intersection,26651.0,3RD AVE NW AND NW 41ST N ST,,,2,Injury Collision,Cycles,1,0,1,0,1,0,0,2011-06-18T00:00:00.000Z,6/18/2011 10:20:00 AM,At Intersection (intersection related),18,"MOTOR VEHICLE STRUCK PEDALCYCLIST, FRONT END AT ANGLE",,N,Clear or Partly Cloudy,Dry,Daylight,,11169052.0,,45.0,Vehicle - Pedalcyclist,27064,0,N,POINT (1263999.589675128 243368.8209092617),267.0,0.0,Clear or Partly Cloudy
109128,124785,124785,3552457,Matched,Intersection,26629.0,8TH AVE NW AND NW 43RD N ST,,,2,Injury Collision,Cycles,3,0,1,1,1,0,0,2011-06-18T00:00:00.000Z,6/18/2011 1:07:00 PM,At Intersection (intersection related),18,"MOTOR VEHICLE STRUCK PEDALCYCLIST, FRONT END AT ANGLE",,N,Raining,Wet,Daylight,,11169036.0,,45.0,Vehicle - Pedalcyclist,0,523915,N,POINT (1262708.46544981 244242.8087501526),571.0,0.0,Raining
109144,125481,125481,3561689,Matched,Intersection,25520.0,GREEN LAKE WAY N AND N 52ND ST,,,1,Property Damage Only Collision,Cycles,2,0,1,1,0,0,0,2011-01-15T00:00:00.000Z,1/15/2011 3:55:00 PM,At Intersection (intersection related),51,PEDALCYCLIST STRUCK MOTOR VEHICLE FRONT END AT ANGLE,,N,Raining,Wet,Dark - Street Lights On,,11015003.0,,45.0,Vehicle - Pedalcyclist,40752,0,N,POINT (1269174.002736434 246719.2675046921),10323.0,0.0,Raining
109164,125623,125623,3564362,Matched,Block,,STONE WAY N BETWEEN N 38TH ST AND N 39TH ST,,,1,Property Damage Only Collision,Cycles,2,0,1,1,0,0,0,2011-12-17T00:00:00.000Z,12/17/2011 1:49:00 PM,Driveway Junction,18,"MOTOR VEHICLE STRUCK PEDALCYCLIST, FRONT END AT ANGLE",,N,Clear or Partly Cloudy,Dry,Daylight,Y,11351017.0,,45.0,Vehicle - Pedalcyclist,6298,0,N,POINT (1268478.03998372 241992.2783158571),10391.0,4.096066534254264e-10,Clear or Partly Cloudy
109172,125344,125344,2617173,Matched,Intersection,29761.0,12TH AVE AND E MADISON ST,,,2,Injury Collision,Cycles,2,0,1,1,1,0,0,2011-08-17T00:00:00.000Z,8/17/2011 9:17:00 PM,At Intersection (intersection related),11,"MOTOR VEHICLE STRUCK MOTOR VEHICLE, FRONT END AT ANGLE",,0,Clear or Partly Cloudy,Dry,Dark - Street Lights On,,11229003.0,,45.0,Vehicle - Pedalcyclist,22954,0,N,POINT (1274551.867445946 227089.5945245922),39.0,0.0,Clear or Partly Cloudy
109177,123955,123955,3561129,Matched,Intersection,29658.0,3RD AVE AND BROAD ST,,,2,Injury Collision,Cycles,2,0,1,1,1,0,0,2011-08-19T00:00:00.000Z,8/19/2011 4:50:00 PM,At Intersection (intersection related),18,"MOTOR VEHICLE STRUCK PEDALCYCLIST, FRONT END AT ANGLE",,0,Clear or Partly Cloudy,Dry,Daylight,,11231031.0,,45.0,Vehicle - Pedalcyclist,0,521617,N,POINT (1266192.460589379 229207.5984947681),5452.0,0.0,Clear or Partly Cloudy
109182,124094,124094,3200497,Matched,Intersection,27043.0,TROLL AVE N AND N 34TH ST,,,2,Injury Collision,Cycles,2,0,1,1,1,0,0,2011-10-13T00:00:00.000Z,10/13/2011 12:00:00 PM,At Intersection (intersection related),18,"MOTOR VEHICLE STRUCK PEDALCYCLIST, FRONT END AT ANGLE",,N,Clear or Partly Cloudy,Dry,Daylight,,11286001.0,,45.0,Vehicle - Pedalcyclist,8824,0,N,POINT (1267245.477678463 240493.9652263224),1223.0,0.0,Clear or Partly Cloudy
109239,124518,124518,3559633,Matched,Intersection,30428.0,BOREN AVE S AND RAINIER AVE S,,,2,Injury Collision,Cycles,2,0,1,1,1,0,0,2011-01-11T00:00:00.000Z,1/11/2011 5:24:00 PM,At Intersection (intersection related),18,"MOTOR VEHICLE STRUCK PEDALCYCLIST, FRONT END AT ANGLE",,N,Clear or Partly Cloudy,Dry,Dark - Street Lights On,Y,11011023.0,,45.0,Vehicle - Pedalcyclist,11002,0,N,POINT (1275096.091702491 222088.5095914751),1804.0,0.0,Clear or Partly Cloudy
109287,125915,125915,3329697,Matched,Intersection,28294.0,EASTLAKE AVE E AND E EDGAR ST,,,2,Injury Collision,Cycles,2,0,1,1,1,0,0,2011-08-31T00:00:00.000Z,8/31/2011 4:18:00 PM,At Intersection (intersection related),51,PEDALCYCLIST STRUCK MOTOR VEHICLE FRONT END AT ANGLE,,0,Clear or Partly Cloudy,Dry,Daylight,,11243002.0,,45.0,Vehicle - Pedalcyclist,24696,0,N,POINT (1272519.139635861 238659.0959764421),6828.0,0.0,Clear or Partly Cloudy
109292,125772,125772,3372587,Matched,Intersection,31402.0,M L KING JR WAY S AND S MASSACHUSETTS ST,,,2,Injury Collision,Cycles,2,0,1,1,1,0,0,2011-02-10T00:00:00.000Z,2/10/2011 5:56:00 PM,At Intersection (intersection related),51,PEDALCYCLIST STRUCK MOTOR VEHICLE FRONT END AT ANGLE,,N,Clear or Partly Cloudy,Dry,Dark - Street Lights On,Y,11041005.0,,45.0,Vehicle - Pedalcyclist,37744,0,N,POINT (1278988.585274488 218037.9769793302),7803.0,0.0,Clear or Partly Cloudy
109306,123822,123822,3560008,Matched,Block,,E PINE ST BETWEEN BELLEVUE AVE AND CRAWFORD PL,,,2,Injury Collision,Cycles,3,0,1,1,1,0,0,2011-04-01T00:00:00.000Z,4/1/2011 12:33:00 AM,Mid-Block (but intersection related),55,PEDALCYCLIST STRUCK MOTOR VEHICLE RIGHT SIDE SIDESWIPE,,Y,Clear or Partly Cloudy,Dry,Dark - Street Lights On,,11091001.0,,45.0,Vehicle - Pedalcyclist,10342,0,N,POINT (1272160.465331495 227984.7903655171),6919.0,2.168716269089231e-05,Clear or Partly Cloudy
109309,125765,125765,3334778,Matched,Block,,ALASKAN WAY BETWEEN SENECA ST AND UNIVERSITY ST,,,2,Injury Collision,Cycles,2,1,1,0,2,0,0,2011-01-25T00:00:00.000Z,1/25/2011 3:20:00 PM,Mid-Block (not related to intersection),18,"MOTOR VEHICLE STRUCK PEDALCYCLIST, FRONT END AT ANGLE",Y,N,Overcast,Dry,Daylight,,11025001.0,,45.0,Vehicle - Pedalcyclist,0,0,N,POINT (1268738.830383986 224523.0864899606),3316.0,3.6632624318571337e-09,Overcast
109344,124099,124099,3466714,Matched,Intersection,27143.0,UNIVERSITY WAY NE AND NE CAMPUS WB PY,,,3,Fatality Collision,Cycles,3,0,1,1,0,0,1,2011-09-10T00:00:00.000Z,9/10/2011 6:15:00 PM,At Intersection (intersection related),51,PEDALCYCLIST STRUCK MOTOR VEHICLE FRONT END AT ANGLE,,N,Clear or Partly Cloudy,Dry,Daylight,Y,11253001.0,,45.0,Vehicle - Pedalcyclist,5673,0,N,POINT (1275711.785015121 242874.075564757),12102.0,0.0,Clear or Partly Cloudy
109441,124107,124107,3559283,Matched,Block,,NE NORTHGATE WAY BETWEEN 3RD AVE NE AND 5TH AVE NE,,,2,Injury Collision,Cycles,2,0,1,1,1,0,0,2011-12-13T00:00:00.000Z,12/13/2011 8:06:00 PM,Mid-Block (not related to intersection),23,"MOTOR VEHICLE STRUCK PEDALCYCLIST, LEFT SIDE SIDESWIPE",,N,Clear or Partly Cloudy,Dry,Dark - Street Lights On,Y,11347013.0,,45.0,Vehicle - Pedalcyclist,14503,0,N,POINT (1273284.667188644 262033.6431363821),4279.0,1.3412443984640593e-05,Clear or Partly Cloudy
109462,123832,123832,3552604,Matched,Block,,SYCAMORE AVE NW BETWEEN NW 65TH ST AND NW 67TH ST,,,2,Injury Collision,Cycles,2,0,1,1,1,0,0,2011-08-04T00:00:00.000Z,8/4/2011 8:05:00 PM,Driveway Junction,18,"MOTOR VEHICLE STRUCK PEDALCYCLIST, FRONT END AT ANGLE",,N,Clear or Partly Cloudy,Dry,Daylight,,11216013.0,,45.0,Vehicle - Pedalcyclist,0,0,N,POINT (1264726.806315884 250631.0216207057),14844.0,7.280352994967324e-09,Clear or Partly Cloudy
109498,124114,124114,3562859,Matched,Block,,ALASKAN WAY BETWEEN VINE ST AND CLAY ST,,,2,Injury Collision,Cycles,2,0,1,1,1,0,0,2011-07-01T00:00:00.000Z,7/1/2011 1:27:00 PM,Mid-Block (not related to intersection),51,PEDALCYCLIST STRUCK MOTOR VEHICLE FRONT END AT ANGLE,,N,Clear or Partly Cloudy,Dry,Daylight,,11182027.0,,45.0,Vehicle - Pedalcyclist,20776,0,N,POINT (1265591.06423676 227627.3577251434),21288.0,5.0245207272725325e-09,Clear or Partly Cloudy
109502,124112,124112,3376220,Matched,Block,,LAKE CITY WAY NE BETWEEN NE 98TH ST AND NE 100TH ST,,,2,Injury Collision,Cycles,2,0,1,1,1,0,0,2011-06-29T00:00:00.000Z,6/29/2011 4:12:00 PM,Driveway Junction,51,PEDALCYCLIST STRUCK MOTOR VEHICLE FRONT END AT ANGLE,,N,Clear or Partly Cloudy,Dry,Daylight,Y,11180011.0,,45.0,Vehicle - Pedalcyclist,17974,0,N,POINT (1278566.434362054 259056.6595173329),14803.0,2.5538525446799827e-09,Clear or Partly Cloudy
109534,124818,124818,3563205,Matched,Block,,EAST MARGINAL WAY S BETWEEN S HINDS ST AND S SPOKANE NR ST,,,2,Injury Collision,Cycles,2,0,1,1,1,0,0,2011-03-14T00:00:00.000Z,3/14/2011 3:16:00 PM,Mid-Block (not related to intersection),23,"MOTOR VEHICLE STRUCK PEDALCYCLIST, LEFT SIDE SIDESWIPE",,N,Overcast,Dry,Daylight,Y,11073025.0,,45.0,Vehicle - Pedalcyclist,39455,0,N,POINT (1268603.29975985 212544.0880136937),1120.0,1.723141448264869e-05,Overcast
109582,125929,125929,3380254,Matched,Block,,SW BARTON ST BETWEEN 35TH AVE SW AND 36TH AVE SW,,,2,Injury Collision,Cycles,4,0,1,1,1,0,0,2011-05-25T00:00:00.000Z,5/25/2011 3:22:00 PM,Driveway Junction,51,PEDALCYCLIST STRUCK MOTOR VEHICLE FRONT END AT ANGLE,,0,Raining,Wet,Daylight,Y,11145011.0,,45.0,Vehicle - Pedalcyclist,29410,0,N,POINT (1258911.50442192 193899.9788746089),4650.0,0.0,Raining
109599,124255,124255,3374649,Matched,Block,,30TH AVE NE BETWEEN NE 143RD PL AND NE 145TH ST,,,2,Injury Collision,Cycles,4,0,1,1,1,0,0,2011-08-04T00:00:00.000Z,8/4/2011 9:32:00 AM,Mid-Block (but intersection related),51,PEDALCYCLIST STRUCK MOTOR VEHICLE FRONT END AT ANGLE,Y,N,Clear or Partly Cloudy,Dry,Daylight,,11216009.0,,45.0,Vehicle - Pedalcyclist,17666,0,N,POINT (1280369.9468119 270889.7367774397),5496.0,1.8613297744383256e-05,Clear or Partly Cloudy
109676,125517,125517,3373882,Matched,Block,,WESTERN AVE W BETWEEN 1ST AVE W AND 2ND AVE W,,,2,Injury Collision,Cycles,3,0,1,2,1,0,0,2011-08-31T00:00:00.000Z,8/31/2011 6:10:00 PM,Mid-Block (not related to intersection),56,PEDALCYCLIST STRUCK MOTOR VEHICLE LEFT SIDE SIDESWIPE,,N,Clear or Partly Cloudy,Dry,Daylight,,11243013.0,,45.0,Vehicle - Pedalcyclist,19121,0,N,POINT (1264248.207403392 229667.8694712371),21608.0,3.0917065281207397e-05,Clear or Partly Cloudy
109707,125936,125936,2896748,Matched,Block,,SW AVALON WAY BETWEEN 30TH AVE SW AND SW GENESEE ST,,,2,Injury Collision,Cycles,2,0,1,1,1,0,0,2011-09-07T00:00:00.000Z,9/7/2011,Driveway Junction,51,PEDALCYCLIST STRUCK MOTOR VEHICLE FRONT END AT ANGLE,,0,Clear or Partly Cloudy,Dry,Dark - Street Lights On,,11250031.0,,45.0,Vehicle - Pedalcyclist,3490,0,N,POINT (1260663.074983716 210305.9865074009),20296.0,2.7690022586267913e-05,Clear or Partly Cloudy
109729,125939,125939,3553859,Matched,Intersection,35855.0,15TH AVE NE AND NE 143RD ST,,,2,Injury Collision,Cycles,2,0,1,1,1,0,0,2011-12-08T00:00:00.000Z,12/8/2011 6:37:00 AM,At Intersection (intersection related),18,"MOTOR VEHICLE STRUCK PEDALCYCLIST, FRONT END AT ANGLE",,N,Overcast,Dry,Dark - Street Lights On,Y,11342008.0,,45.0,Vehicle - Pedalcyclist,13467,0,N,POINT (1276376.645943806 270555.974089101),13187.0,0.0,Overcast
109766,124409,124409,3567458,Matched,Intersection,29874.0,CRAWFORD PL AND E PIKE ST,,,2,Injury Collision,Cycles,2,0,1,1,1,0,0,2011-11-02T00:00:00.000Z,11/2/2011 5:59:00 PM,At Intersection (intersection related),18,"MOTOR VEHICLE STRUCK PEDALCYCLIST, FRONT END AT ANGLE",,N,Raining,Wet,Dark - Street Lights On,Y,11306010.0,Y,45.0,Vehicle - Pedalcyclist,0,0,N,POINT (1272228.81438756 227570.7570210844),3930.0,0.0,Raining
109813,124688,124688,3375517,Matched,Intersection,30541.0,6TH AVE S AND SEATTLE W BLVD S,,,2,Injury Collision,Cycles,2,0,1,1,1,0,0,2011-04-21T00:00:00.000Z,4/21/2011 3:20:00 PM,At Intersection (intersection related),18,"MOTOR VEHICLE STRUCK PEDALCYCLIST, FRONT END AT ANGLE",,N,Clear or Partly Cloudy,Dry,Daylight,Y,11111022.0,,45.0,Vehicle - Pedalcyclist,0,522974,N,POINT (1272048.087603375 220659.091094017),6096.0,0.0,Clear or Partly Cloudy
109910,124978,124978,3466935,Matched,Block,,35TH AVE NE BETWEEN NE 94TH ST AND NE 95TH ST,,,2,Injury Collision,Cycles,2,0,1,1,1,0,0,2011-10-21T00:00:00.000Z,10/21/2011 3:26:00 PM,Mid-Block (not related to intersection),21,"MOTOR VEHICLE STRUCK PEDALCYCLIST, REAR END",,N,Overcast,Wet,Daylight,,11294020.0,,45.0,Vehicle - Pedalcyclist,4178,0,N,POINT (1281591.625533149 257657.821755901),11780.0,2.98176821560456e-10,Overcast
108019,122484,122484,3560851,Matched,Intersection,29689.0,3RD AVE AND BELL ST,,,2,Injury Collision,Cycles,2,0,1,1,1,0,0,2011-09-11T00:00:00.000Z,9/11/2011 8:07:00 PM,At Intersection (intersection related),18,"MOTOR VEHICLE STRUCK PEDALCYCLIST, FRONT END AT ANGLE",,0,Clear or Partly Cloudy,Dry,Dusk,,11254001.0,,45.0,Vehicle - Pedalcyclist,35672,0,N,POINT (1267645.022254869 227886.3074854165),11049.0,0.0,Clear or Partly Cloudy
108152,122356,122356,3208407,Matched,Block,,S JACKSON ST BETWEEN 1ST AVE S AND OCCIDENTAL AVE S,,,2,Injury Collision,Cycles,2,0,1,1,1,0,0,2011-08-13T00:00:00.000Z,8/13/2011 12:36:00 AM,Mid-Block (not related to intersection),51,PEDALCYCLIST STRUCK MOTOR VEHICLE FRONT END AT ANGLE,,0,Clear or Partly Cloudy,Dry,Dark - Street Lights On,,11225007.0,,45.0,Vehicle - Pedalcyclist,4844,0,N,POINT (1270310.59089759 222178.9355115592),20953.0,2.5148025857803833e-06,Clear or Partly Cloudy
108221,121834,121834,3560777,Matched,Block,,ELLIOTT AVE BETWEEN LENORA ST AND BLANCHARD ST,,,2,Injury Collision,Cycles,2,0,1,1,1,0,0,2011-01-17T00:00:00.000Z,1/17/2011 11:39:00 AM,Mid-Block (not related to intersection),18,"MOTOR VEHICLE STRUCK PEDALCYCLIST, FRONT END AT ANGLE",Y,N,Overcast,Dry,Daylight,,11017002.0,,45.0,Vehicle - Pedalcyclist,29765,0,N,POINT (1267411.766318634 226686.4365081787),6319.0,2.6519443453246866e-05,Overcast
108228,123719,123719,3560953,Matched,Intersection,28732.0,8TH AVE N AND ALOHA ST,,,2,Injury Collision,Cycles,2,0,1,1,1,0,0,2011-11-03T00:00:00.000Z,11/3/2011 7:03:00 AM,At Intersection (intersection related),18,"MOTOR VEHICLE STRUCK PEDALCYCLIST, FRONT END AT ANGLE",,N,Clear or Partly Cloudy,Dry,Daylight,Y,11307006.0,,45.0,Vehicle - Pedalcyclist,0,0,N,POINT (1268664.418863907 232400.9209940284),565.0,0.0,Clear or Partly Cloudy
108256,123334,123334,3375515,Matched,Intersection,30355.0,2ND AVE AND CHERRY ST,,,2b,Serious Injury Collision,Cycles,2,0,1,1,1,1,0,2011-04-20T00:00:00.000Z,4/20/2011 6:45:00 PM,At Intersection (intersection related),18,"MOTOR VEHICLE STRUCK PEDALCYCLIST, FRONT END AT ANGLE",,N,Clear or Partly Cloudy,Dry,Daylight,,11110006.0,,45.0,Vehicle - Pedalcyclist,12039,0,N,POINT (1270427.74891372 223568.6895609945),2488.0,0.0,Clear or Partly Cloudy
108262,123721,123721,3564419,Matched,Intersection,24458.0,6TH AVE NE AND NE 70TH N ST,,,2,Injury Collision,Cycles,2,0,1,1,1,0,0,2011-07-13T00:00:00.000Z,7/13/2011 4:50:00 PM,At Intersection (intersection related),18,"MOTOR VEHICLE STRUCK PEDALCYCLIST, FRONT END AT ANGLE",,N,Clear or Partly Cloudy,Dry,Daylight,Y,11194010.0,,45.0,Vehicle - Pedalcyclist,7443,0,N,POINT (1273787.785013154 251665.3464857638),3204.0,0.0,Clear or Partly Cloudy