OBJECTID,INCKEY,COLDETKEY,REPORTNO,STATUS,ADDRTYPE,INTKEY,LOCATION,EXCEPTRSNC,EXCEPTRSND,SEVERITYCO,SEVERITYDE,COLLISIONT,PERSONCOUN,PEDCOUNT,PEDCYLCOUN,VEHCOUNT,INJURIES,SERIOUSINJ,FATALITIES,INCDATE,INCDTTM,JUNCTIONTY,SDOT_COLCO,SDOT_COLDE,INATTENTIO,UNDERINFL,WEATHER,ROADCOND,LIGHTCOND,PEDROWNOTG,SDOTCOLNUM,SPEEDING,ST_COLCODE,ST_COLDESC,SEGLANEKEY,CROSSWALKK,HITPARKEDC,geometry,near_str_index,min_length,weather_group
110305,124445,124445,3466578,Matched,Intersection,25787.0,8TH AVE NE AND NE 50TH ST,,,2,Injury Collision,Cycles,2,0,1,1,1,0,0,2011-07-27T00:00:00.000Z,7/27/2011 8:27:00 AM,At Intersection (intersection related),18,"MOTOR VEHICLE STRUCK PEDALCYCLIST, FRONT END AT ANGLE",,0,Clear or Partly Cloudy,Dry,Daylight,,11208003.0,,45.0,Vehicle - Pedalcyclist,0,0,N,POINT (1274225.991733611 246089.5540960431),7252.0,0.0,Clear or Partly Cloudy
110380,125982,125982,3331420,Matched,Intersection,32203.0,11TH AVE SW AND SW SPOKANE NR ST,,,2,Injury Collision,Cycles,2,0,1,1,1,0,0,2011-01-20T00:00:00.000Z,1/20/2011 5:00:00 PM,At Intersection (intersection related),51,PEDALCYCLIST STRUCK MOTOR VEHICLE FRONT END AT ANGLE,,N,Raining,Wet,Dark - Street Lights On,,11020015.0,,45.0,Vehicle - Pedalcyclist,0,0,N,POINT (1266238.505261421 212207.5664773583),2234.0,0.0,Raining
110443,124309,124309,3545082,Matched,Intersection,25792.0,BROOKLYN AVE NE AND NE 50TH ST,,,2,Injury Collision,Cycles,2,0,1,1,1,0,0,2011-10-10T00:00:00.000Z,10/10/2011 9:40:00 PM,At Intersection (intersection related),18,"MOTOR VEHICLE STRUCK PEDALCYCLIST, FRONT END AT ANGLE",,0,Raining,Wet,Dark - Street Lights On,,11283005.0,,45.0,Vehicle - Pedalcyclist,0,522488,N,POINT (1275539.245622948 246048.9179360121),652.0,0.0,Raining
110455,124305,124305,3375444,Matched,Intersection,29852.0,BOREN AVE AND HOWELL ST,,,2,Injury Collision,Cycles,2,0,1,1,1,0,0,2011-02-18T00:00:00.000Z,2/18/2011 10:55:00 AM,At Intersection (intersection related),18,"MOTOR VEHICLE STRUCK PEDALCYCLIST, FRONT END AT ANGLE",,N,Clear or Partly Cloudy,Dry,Daylight,,11049001.0,,45.0,Vehicle - Pedalcyclist,24955,0,N,POINT (1270954.168370247 228356.6383658946),640.0,0.0,Clear or Partly Cloudy
110510,125154,125154,3329695,Matched,Intersection,29740.0,12TH AVE AND E PINE ST,,,2,Injury Collision,Cycles,2,0,1,1,1,0,0,2011-07-02T00:00:00.000Z,7/2/2011 1:33:00 PM,At Intersection (intersection related),21,"MOTOR VEHICLE STRUCK PEDALCYCLIST, REAR END",,N,Clear or Partly Cloudy,Dry,Daylight,Y,11183019.0,,45.0,Vehicle - Pedalcyclist,10420,0,N,POINT (1274538.779701918 227956.2146854848),3935.0,0.0,Clear or Partly Cloudy
110525,125708,125708,2802588,Matched,Intersection,27065.0,11TH AVE NE AND NE 45TH ST,,,2,Injury Collision,Cycles,2,0,1,1,1,0,0,2011-04-21T00:00:00.000Z,4/21/2011 4:57:00 PM,At Intersection (intersection related),18,"MOTOR VEHICLE STRUCK PEDALCYCLIST, FRONT END AT ANGLE",,N,Clear or Partly Cloudy,Dry,Daylight,,11111011.0,,45.0,Vehicle - Pedalcyclist,0,520889,N,POINT (1274930.22776632 244741.2228306681),2303.0,0.0,Clear or Partly Cloudy
110662,125859,125859,3372809,Matched,Block,,EAST MARGINAL WAY S BETWEEN S DAWSON ST AND S BRANDON ST,,,2,Injury Collision,Cycles,2,0,1,1,1,0,0,2011-08-05T00:00:00.000Z,8/5/2011 1:51:00 AM,Mid-Block (not related to intersection),21,"MOTOR VEHICLE STRUCK PEDALCYCLIST, REAR END",,N,Clear or Partly Cloudy,Dry,Dark - Street Lights On,,11217023.0,,45.0,Vehicle - Pedalcyclist,20500,0,N,POINT (1268936.475248188 206069.8936390728),14378.0,6.191785656735756e-06,Clear or Partly Cloudy
110677,125573,125573,3568970,Matched,Intersection,26077.0,18TH AVE NE AND NE 45TH ST,,,2,Injury Collision,Cycles,2,0,1,1,1,0,0,2011-06-22T00:00:00.000Z,6/22/2011 3:28:00 PM,At Intersection (intersection related),51,PEDALCYCLIST STRUCK MOTOR VEHICLE FRONT END AT ANGLE,,N,Overcast,Dry,Daylight,,11173013.0,,45.0,Vehicle - Pedalcyclist,0,0,N,POINT (1276949.696056396 244690.2998226136),119.0,0.0,Overcast
110701,124326,124326,3546578,Matched,Intersection,29535.0,6TH AVE AND BLANCHARD ST,,,2,Injury Collision,Cycles,2,0,2,0,1,0,0,2011-10-28T00:00:00.000Z,10/28/2011 3:10:00 AM,At Intersection (intersection related),51,PEDALCYCLIST STRUCK MOTOR VEHICLE FRONT END AT ANGLE,,0,Clear or Partly Cloudy,Dry,Dark - Street Lights On,,11301038.0,,45.0,Vehicle - Pedalcyclist,14204,0,N,POINT (1268610.200367853 228314.3269418478),3201.0,0.0,Clear or Partly Cloudy
110718,124049,124049,3564992,Matched,Block,,NE 45TH ST BETWEEN 1ST AVE NE AND 2ND AVE NE,,,2,Injury Collision,Cycles,3,0,1,1,1,0,0,2011-09-10T00:00:00.000Z,9/10/2011 4:45:00 PM,Mid-Block (not related to intersection),51,PEDALCYCLIST STRUCK MOTOR VEHICLE FRONT END AT ANGLE,Y,N,Clear or Partly Cloudy,Dry,Daylight,,11253023.0,,45.0,Vehicle - Pedalcyclist,6532,0,N,POINT (1272176.522995502 244818.3334227502),18208.0,3.0169654243669977e-05,Clear or Partly Cloudy
110754,125172,125172,3545165,Matched,Intersection,25423.0,14TH AVE NW AND NW MARKET ST,,,2,Injury Collision,Cycles,2,0,1,1,1,0,0,2011-10-24T00:00:00.000Z,10/24/2011 7:02:00 AM,At Intersection (intersection related),18,"MOTOR VEHICLE STRUCK PEDALCYCLIST, FRONT END AT ANGLE",,0,Raining,Wet,Dark - Street Lights On,Y,11297005.0,,45.0,Vehicle - Pedalcyclist,0,525119,N,POINT (1260938.171943992 247706.2063857019),7584.0,0.0,Raining
110767,124614,124614,3566384,Matched,Intersection,29414.0,37TH AVE E AND E MADISON ST,,,2,Injury Collision,Cycles,2,0,1,1,1,0,0,2011-09-15T00:00:00.000Z,9/15/2011 8:50:00 AM,At Intersection (intersection related),51,PEDALCYCLIST STRUCK MOTOR VEHICLE FRONT END AT ANGLE,,0,Clear or Partly Cloudy,Dry,Daylight,,11258004.0,,45.0,Vehicle - Pedalcyclist,0,0,N,POINT (1282386.210365966 233455.0544991195),3909.0,0.0,Clear or Partly Cloudy
110872,124903,124903,3564593,Matched,Intersection,36325.0,DENSMORE AVE N AND N 122ND ST,,,2,Injury Collision,Cycles,3,0,1,1,1,0,0,2011-09-05T00:00:00.000Z,9/5/2011,At Intersection (intersection related),18,"MOTOR VEHICLE STRUCK PEDALCYCLIST, FRONT END AT ANGLE",,0,Clear or Partly Cloudy,Dry,Dusk,,11248024.0,,45.0,Vehicle - Pedalcyclist,5656,0,N,POINT (1270224.421681508 265198.756291613),1203.0,0.0,Clear or Partly Cloudy
110894,124761,124761,3560903,Matched,Intersection,30511.0,6TH AVE S AND S JACKSON ST,,,2,Injury Collision,Cycles,2,0,1,1,1,0,0,2011-09-20T00:00:00.000Z,9/20/2011 6:00:00 PM,At Intersection (intersection related),51,PEDALCYCLIST STRUCK MOTOR VEHICLE FRONT END AT ANGLE,,0,Clear or Partly Cloudy,Dry,Daylight,,11263031.0,,45.0,Vehicle - Pedalcyclist,24407,0,N,POINT (1272080.813875407 222140.4535275251),1803.0,0.0,Clear or Partly Cloudy
110896,125318,125318,2616644,Matched,Intersection,29662.0,DENNY WAY AND WARREN AVE N,,,2,Injury Collision,Cycles,3,0,1,1,1,0,0,2011-08-10T00:00:00.000Z,8/10/2011 9:39:00 PM,At Intersection (intersection related),64,PEDALCYCLIST STRUCK PEDESTRIAN,,1,Clear or Partly Cloudy,Dry,Dark - Street Lights On,,11222026.0,,45.0,Vehicle - Pedalcyclist,20136,0,N,POINT (1265366.413100526 229351.3056309074),10408.0,0.0,Clear or Partly Cloudy
110925,125325,125325,3386846,Matched,Intersection,29859.0,BELMONT AVE AND E PINE ST,,,2,Injury Collision,Cycles,2,0,1,1,1,0,0,2011-04-25T00:00:00.000Z,4/25/2011 12:11:00 PM,At Intersection (intersection related),18,"MOTOR VEHICLE STRUCK PEDALCYCLIST, FRONT END AT ANGLE",,N,Raining,Wet,Daylight,Y,11115007.0,,45.0,Vehicle - Pedalcyclist,10368,0,N,POINT (1272659.811123997 227978.3315495104),6178.0,0.0,Raining
110935,125592,125592,3477248,Matched,Intersection,27062.0,UNIVERSITY WAY NE AND NE 45TH ST,,,2,Injury Collision,Cycles,2,0,1,1,1,0,0,2011-10-13T00:00:00.000Z,10/13/2011 11:24:00 AM,At Intersection (intersection related),18,"MOTOR VEHICLE STRUCK PEDALCYCLIST, FRONT END AT ANGLE",,0,Overcast,Dry,Daylight,Y,11286018.0,,45.0,Vehicle - Pedalcyclist,0,522429,N,POINT (1275779.900215194 244716.6202066392),10399.0,0.0,Overcast
110983,123928,123928,3566420,Matched,Intersection,30175.0,21ST AVE AND E CHERRY ST,,,2,Injury Collision,Cycles,3,0,1,1,1,0,0,2011-08-19T00:00:00.000Z,8/19/2011 6:32:00 PM,At Intersection (intersection related),51,PEDALCYCLIST STRUCK MOTOR VEHICLE FRONT END AT ANGLE,,0,Clear or Partly Cloudy,Dry,Daylight,,11231006.0,,45.0,Vehicle - Pedalcyclist,9550,0,N,POINT (1277405.267512858 225256.1453067213),161.0,0.0,Clear or Partly Cloudy
112012,127064,127064,3328037,Matched,Intersection,36342.0,AURORA AVE N AND N 115TH ST,,,2,Injury Collision,Cycles,2,0,1,1,1,0,0,2011-01-25T00:00:00.000Z,1/25/2011 12:51:00 PM,At Intersection (intersection related),18,"MOTOR VEHICLE STRUCK PEDALCYCLIST, FRONT END AT ANGLE",,N,Overcast,Dry,Daylight,Y,11025008.0,,45.0,Vehicle - Pedalcyclist,0,523138,N,POINT (1268339.344943583 263486.0200338662),3980.0,0.0,Overcast
112068,126224,126224,3553276,Matched,Block,,FAUNTLEROY WAY SW BETWEEN SW MONROE ST AND SW ROSE ST,,,1,Property Damage Only Collision,Cycles,2,0,1,1,0,0,0,2011-11-06T00:00:00.000Z,11/6/2011 3:55:00 PM,Mid-Block (not related to intersection),14,"MOTOR VEHICLE STRUCK MOTOR VEHICLE, REAR END",,N,Clear or Partly Cloudy,Dry,Daylight,,11310015.0,,45.0,Vehicle - Pedalcyclist,3014,0,N,POINT (1255208.299682125 197471.3969902694),14786.0,2.508875245753963e-05,Clear or Partly Cloudy
112101,126936,126936,3569196,Matched,Intersection,24499.0,ROOSEVELT WAY NE AND NE 66TH ST,,,2,Injury Collision,Cycles,2,0,1,1,1,0,0,2011-08-20T00:00:00.000Z,8/20/2011 3:25:00 PM,At Intersection (intersection related),51,PEDALCYCLIST STRUCK MOTOR VEHICLE FRONT END AT ANGLE,,0,Clear or Partly Cloudy,Dry,Daylight,,11232013.0,,45.0,Vehicle - Pedalcyclist,9394,0,N,POINT (1274841.88523823 250311.1781643778),4208.0,0.0,Clear or Partly Cloudy
112104,126935,126935,3466756,Matched,Intersection,27093.0,ROOSEVELT WAY NE AND NE 42ND S ST,,,2,Injury Collision,Cycles,5,0,1,1,1,0,0,2011-08-20T00:00:00.000Z,8/20/2011 9:00:00 PM,At Intersection (intersection related),51,PEDALCYCLIST STRUCK MOTOR VEHICLE FRONT END AT ANGLE,,Y,Clear or Partly Cloudy,Dry,Dark - Street Lights On,Y,11232011.0,,45.0,Vehicle - Pedalcyclist,8985,0,N,POINT (1274602.278453991 243369.3024452627),15971.0,0.0,Clear or Partly Cloudy
112109,126932,126932,3325687,Matched,Block,,WESTERN AVE BETWEEN PIKE ST AND PINE ST,,,2,Injury Collision,Cycles,2,0,1,1,1,0,0,2011-08-11T00:00:00.000Z,8/11/2011 11:49:00 AM,Mid-Block (not related to intersection),18,"MOTOR VEHICLE STRUCK PEDALCYCLIST, FRONT END AT ANGLE",,N,Clear or Partly Cloudy,Dry,Daylight,Y,11223026.0,,45.0,Vehicle - Pedalcyclist,13043,0,N,POINT (1268395.600175634 225737.6247952133),17493.0,2.1618033512105324e-05,Clear or Partly Cloudy
112178,127905,127905,3329696,Matched,Block,,BOYER AVE E BETWEEN EVERETT AVE E AND BOYER UPPER AVE E,,,2,Injury Collision,Cycles,2,0,1,1,1,0,0,2011-08-26T00:00:00.000Z,8/26/2011 6:14:00 PM,Mid-Block (not related to intersection),54,PEDALCYCLIST STRUCK MOTOR VEHICLE REAR END,,0,Clear or Partly Cloudy,Dry,Daylight,,11238036.0,,45.0,Vehicle - Pedalcyclist,6021,0,N,POINT (1275006.106806397 237922.9044236839),12542.0,3.25062654483929e-05,Clear or Partly Cloudy
112190,126375,126375,3559430,Matched,Intersection,30118.0,16TH AVE AND E HOWELL ST,,,2,Injury Collision,Cycles,2,0,1,1,1,0,0,2011-01-20T00:00:00.000Z,1/20/2011 2:44:00 PM,At Intersection (intersection related),18,"MOTOR VEHICLE STRUCK PEDALCYCLIST, FRONT END AT ANGLE",,N,Overcast,Dry,Daylight,,11020014.0,,45.0,Vehicle - Pedalcyclist,0,0,N,POINT (1275889.190455303 228787.4336303324),93.0,0.0,Overcast
112225,126942,126942,3284739,Matched,Block,,17TH AVE NW BETWEEN NW 56TH ST AND NW 57TH ST,,,1,Property Damage Only Collision,Cycles,2,0,1,1,0,0,0,2011-08-25T00:00:00.000Z,8/25/2011 8:33:00 PM,Mid-Block (not related to intersection),55,PEDALCYCLIST STRUCK MOTOR VEHICLE RIGHT SIDE SIDESWIPE,,0,Clear or Partly Cloudy,Dry,Daylight,,11237011.0,,45.0,Vehicle - Pedalcyclist,0,0,N,POINT (1259642.205350667 248149.9296501577),12298.0,0.0,Clear or Partly Cloudy
112257,126945,126945,3331947,Matched,Block,,EAST MARGINAL WAY S BETWEEN S STACY ST AND S HANFORD ST,,,2,Injury Collision,Cycles,2,0,1,1,1,0,0,2011-03-29T00:00:00.000Z,3/29/2011 6:28:00 PM,Mid-Block (not related to intersection),51,PEDALCYCLIST STRUCK MOTOR VEHICLE FRONT END AT ANGLE,,N,Raining,Wet,Daylight,,11088016.0,,45.0,Vehicle - Pedalcyclist,0,0,N,POINT (1268574.343215823 214736.7721119523),18102.0,8.755424880525858e-06,Raining
112268,127222,127222,3466995,Matched,Intersection,26659.0,LEARY WAY NW AND NW BOWDOIN N PL,,,2,Injury Collision,Cycles,2,0,1,1,1,0,0,2011-07-17T00:00:00.000Z,7/17/2011 9:45:00 AM,At Intersection (intersection related),18,"MOTOR VEHICLE STRUCK PEDALCYCLIST, FRONT END AT ANGLE",,N,Clear or Partly Cloudy,Dry,Daylight,,11198011.0,,45.0,Vehicle - Pedalcyclist,17436,0,N,POINT (1263924.033067062 242729.7788606137),7576.0,0.0,Clear or Partly Cloudy
112311,127777,127777,3559200,Matched,Intersection,27130.0,ROOSEVELT WAY NE AND NE 40TH ALLEY ST,,,2,Injury Collision,Cycles,2,0,1,1,1,0,0,2011-09-13T00:00:00.000Z,9/13/2011 5:25:00 PM,At Intersection (intersection related),51,PEDALCYCLIST STRUCK MOTOR VEHICLE FRONT END AT ANGLE,,0,Overcast,Dry,Daylight,,11256029.0,,45.0,Vehicle - Pedalcyclist,11662,0,N,POINT (1274585.836853966 242927.3043648154),3740.0,0.0,Overcast
112328,126098,126098,3553011,Matched,Intersection,24276.0,AURORA AVE N AND GREEN LAKE DR N,,,2,Injury Collision,Cycles,3,0,1,1,1,0,0,2011-06-07T00:00:00.000Z,6/7/2011 5:52:00 PM,At Intersection (intersection related),18,"MOTOR VEHICLE STRUCK PEDALCYCLIST, FRONT END AT ANGLE",,N,Overcast,Wet,Daylight,,11158001.0,,45.0,Vehicle - Pedalcyclist,10506,0,N,POINT (1268246.782511488 255021.2704571933),7112.0,0.0,Overcast
112412,127784,127784,3565862,Matched,Block,,LAKE WASHINGTON BLVD S BETWEEN LAKE WASHINGTON LOWER BLVD S AND S IRVING ST,,,2,Injury Collision,Cycles,2,0,1,1,1,0,0,2011-06-04T00:00:00.000Z,6/4/2011 1:58:00 PM,Mid-Block (not related to intersection),53,PEDALCYCLIST STRUCK MOTOR VEHICLE LEFT SIDE AT ANGLE,,N,Clear or Partly Cloudy,Dry,Daylight,,11155028.0,,45.0,Vehicle - Pedalcyclist,40996,0,N,POINT (1281213.367804766 219235.4075085521),13760.0,3.212202008188486e-05,Clear or Partly Cloudy
112420,127780,127780,3544988,Matched,Intersection,25785.0,5TH AVE NE AND NE 50TH ST,,,2,Injury Collision,Cycles,2,0,1,1,1,0,0,2011-12-10T00:00:00.000Z,12/10/2011 5:20:00 PM,At Intersection (intersection related),18,"MOTOR VEHICLE STRUCK PEDALCYCLIST, FRONT END AT ANGLE",,N,Overcast,Dry,Dark - Street Lights On,Y,11344012.0,,45.0,Vehicle - Pedalcyclist,0,521819,N,POINT (1273408.076852769 246114.4567520767),1409.0,0.0,Overcast
112513,126960,126960,3566417,Matched,Block,,E MADISON ST BETWEEN 29TH E AVE E AND LAKE WASHINGTON BLVD E,,,2,Injury Collision,Cycles,2,0,1,1,1,0,0,2011-08-18T00:00:00.000Z,8/18/2011 10:20:00 AM,Mid-Block (not related to intersection),54,PEDALCYCLIST STRUCK MOTOR VEHICLE REAR END,,0,Clear or Partly Cloudy,Dry,Daylight,,11230010.0,,45.0,Vehicle - Pedalcyclist,34631,0,N,POINT (1280297.665083826 231438.7772490531),14873.0,2.0743495050343788e-05,Clear or Partly Cloudy
112544,127375,127375,3373317,Matched,Intersection,30508.0,2ND AV ET S AND S JACKSON ST,,,2,Injury Collision,Cycles,2,0,1,1,1,0,0,2011-07-07T00:00:00.000Z,7/7/2011 12:16:00 PM,At Intersection (intersection related),51,PEDALCYCLIST STRUCK MOTOR VEHICLE FRONT END AT ANGLE,,N,Overcast,Dry,Daylight,Y,11188016.0,,45.0,Vehicle - Pedalcyclist,4859,0,N,POINT (1271262.385202572 222158.2396395504),2510.0,0.0,Overcast
112616,127930,127930,3283393,Matched,Intersection,28258.0,10TH AVE E AND E NEWTON ST,,,2,Injury Collision,Cycles,2,0,1,1,1,0,0,2011-08-03T00:00:00.000Z,8/3/2011,At Intersection (intersection related),51,PEDALCYCLIST STRUCK MOTOR VEHICLE FRONT END AT ANGLE,,0,Clear or Partly Cloudy,Dry,Daylight,,11215017.0,,45.0,Vehicle - Pedalcyclist,6111,0,N,POINT (1273898.280501276 235990.4813177139),9849.0,0.0,Clear or Partly Cloudy
112671,127243,127243,3344139,Matched,Block,,23RD AVE S BETWEEN E YESLER WAY AND S MAIN ST,,,2,Injury Collision,Cycles,2,0,1,1,1,0,0,2011-04-12T00:00:00.000Z,4/12/2011 10:19:00 AM,Mid-Block (but intersection related),18,"MOTOR VEHICLE STRUCK PEDALCYCLIST, FRONT END AT ANGLE",,N,Clear or Partly Cloudy,Dry,Daylight,,11102016.0,,45.0,Vehicle - Pedalcyclist,24583,0,N,POINT (1278044.341497511 222685.7841520905),9604.0,2.4915297428300712e-05,Clear or Partly Cloudy
112690,127383,127383,3561976,Matched,Intersection,35987.0,LAKE CITY WAY NE AND NE 145TH ST,,,2,Injury Collision,Cycles,6,0,1,1,1,0,0,2011-07-14T00:00:00.000Z,7/14/2011 5:48:00 PM,At Intersection (but not related to intersection),18,"MOTOR VEHICLE STRUCK PEDALCYCLIST, FRONT END AT ANGLE",,N,Clear or Partly Cloudy,Dry,Daylight,Y,11195012.0,,45.0,Vehicle - Pedalcyclist,0,0,N,POINT (1281380.303164929 271054.0098016113),9121.0,0.0,Clear or Partly Cloudy
112720,127937,127937,2616655,Matched,Block,,HOWELL ST BETWEEN BOREN AVE AND MINOR AVE,,,2,Injury Collision,Cycles,2,0,1,1,1,0,0,2011-05-20T00:00:00.000Z,5/20/2011 5:45:00 PM,Mid-Block (not related to intersection),22,"MOTOR VEHICLE STRUCK PEDALCYCLIST, RIGHT SIDE SIDESWIPE",,0,Clear or Partly Cloudy,Dry,Daylight,Y,11140043.0,,45.0,Vehicle - Pedalcyclist,14396,0,N,POINT (1271061.342386365 228476.7083820105),6426.0,9.475761275340016e-06,Clear or Partly Cloudy
112742,128219,128219,3561736,Matched,Block,,W EMERSON PL BETWEEN 21ST AVE W AND 22ND AVE W,,,2,Injury Collision,Cycles,2,0,1,1,1,0,0,2011-06-21T00:00:00.000Z,6/21/2011 12:40:00 PM,Mid-Block (but intersection related),54,PEDALCYCLIST STRUCK MOTOR VEHICLE REAR END,,N,Clear or Partly Cloudy,Dry,Daylight,Y,11172008.0,,45.0,Vehicle - Pedalcyclist,29634,0,N,POINT (1258268.825701267 243078.6853569746),17575.0,6.116902731639389e-06,Clear or Partly Cloudy
112757,126406,126406,3377316,Matched,Intersection,25789.0,ROOSEVELT WAY NE AND NE 50TH ST,,,2,Injury Collision,Cycles,2,0,1,1,1,0,0,2011-09-11T00:00:00.000Z,9/11/2011 1:53:00 AM,At Intersection (intersection related),51,PEDALCYCLIST STRUCK MOTOR VEHICLE FRONT END AT ANGLE,,0,Clear or Partly Cloudy,Dry,Dark - Street Lights On,,11254004.0,,45.0,Vehicle - Pedalcyclist,21441,0,N,POINT (1274752.641334146 246074.6052320302),7253.0,0.0,Clear or Partly Cloudy
112774,126544,126544,3375633,Matched,Block,,S JACKSON ST BETWEEN 2ND AVE S AND 3RD AVE S,,,2,Injury Collision,Cycles,3,0,1,1,1,0,0,2011-05-20T00:00:00.000Z,5/20/2011 10:46:00 AM,Mid-Block (not related to intersection),23,"MOTOR VEHICLE STRUCK PEDALCYCLIST, LEFT SIDE SIDESWIPE",,N,Clear or Partly Cloudy,Dry,Daylight,,11140032.0,,45.0,Vehicle - Pedalcyclist,4851,0,N,POINT (1270954.001266256 222164.9003115445),18368.0,1.3477456637490964e-06,Clear or Partly Cloudy
112788,126131,126131,3466991,Matched,Intersection,287164.0,30TH AVE NE AND BURKE GILMAN TRL,,,2,Injury Collision,Cycles,3,0,1,1,1,0,0,2011-07-12T00:00:00.000Z,7/12/2011 6:48:00 PM,At Intersection (intersection related),18,"MOTOR VEHICLE STRUCK PEDALCYCLIST, FRONT END AT ANGLE",,N,Clear or Partly Cloudy,Dry,Daylight,,11193003.0,,45.0,Vehicle - Pedalcyclist,0,525568,N,POINT (1280116.486459643 245793.1419357508),4875.0,0.0,Clear or Partly Cloudy
112822,127111,127111,3377310,Matched,Intersection,27090.0,UNIVERSITY WAY NE AND NE 42ND ST,,,2,Injury Collision,Cycles,3,0,1,2,1,0,0,2011-05-30T00:00:00.000Z,5/30/2011 9:50:00 PM,At Intersection (intersection related),69,PEDALCYCLIST OVERTURNED IN ROAD,,Y,Clear or Partly Cloudy,Dry,Dark - Street Lights On,,11150001.0,Y,45.0,Vehicle - Pedalcyclist,5663,0,N,POINT (1275740.08043915 243639.4802375436),998.0,0.0,Clear or Partly Cloudy
112830,126699,126699,3373268,Matched,Intersection,31203.0,ALASKAN WAY S AND S MASSACHUSETTS ST,,,2,Injury Collision,Cycles,2,0,1,1,1,0,0,2011-10-25T00:00:00.000Z,10/25/2011 2:38:00 PM,At Intersection (intersection related),18,"MOTOR VEHICLE STRUCK PEDALCYCLIST, FRONT END AT ANGLE",,0,Clear or Partly Cloudy,Dry,Daylight,,11298005.0,,45.0,Vehicle - Pedalcyclist,0,630867,N,POINT (1269023.349552274 218229.7632195204),599.0,0.0,Clear or Partly Cloudy
112844,127945,127945,3285499,Matched,Intersection,33119.0,AIRPORT WAY S AND S NEBRASKA ST,,,1,Property Damage Only Collision,Cycles,2,0,1,1,0,0,0,2011-01-24T00:00:00.000Z,1/24/2011 12:57:00 PM,At Intersection (intersection related),18,"MOTOR VEHICLE STRUCK PEDALCYCLIST, FRONT END AT ANGLE",,N,Raining,Wet,Daylight,,11024005.0,,45.0,Vehicle - Pedalcyclist,0,0,N,POINT (1273989.463093355 203994.4316209406),3312.0,0.0,Raining
112845,128222,128222,3565293,Matched,Block,,NE 130TH ST BETWEEN 30TH AVE NE AND 31ST AVE NE,,,2,Injury Collision,Cycles,2,0,1,1,1,0,0,2011-06-23T00:00:00.000Z,6/23/2011 4:25:00 PM,Mid-Block (not related to intersection),18,"MOTOR VEHICLE STRUCK PEDALCYCLIST, FRONT END AT ANGLE",,N,Overcast,Dry,Daylight,,11174028.0,,45.0,Vehicle - Pedalcyclist,0,0,N,POINT (1280555.408380091 267110.1258935779),7200.0,6.90991611285788e-06,Overcast
112933,126988,126988,3466873,Matched,Block,,STONE WAY N BETWEEN N 47TH ST AND N 48TH ST,,,2,Injury Collision,Cycles,2,0,1,1,1,0,0,2011-11-22T00:00:00.000Z,11/22/2011 5:08:00 PM,Mid-Block (not related to intersection),21,"MOTOR VEHICLE STRUCK PEDALCYCLIST, REAR END",Y,N,Raining,Wet,Dark - Street Lights On,,11326024.0,,45.0,Vehicle - Pedalcyclist,6404,0,N,POINT (1268832.222512081 245563.4435675144),973.0,1.2740354614524734e-05,Raining
112946,127126,127126,3559146,Matched,Block,,ROOSEVELT WAY NE BETWEEN NE 43RD N ST AND NE 45TH ST,,,2,Injury Collision,Cycles,2,0,1,1,1,0,0,2011-06-03T00:00:00.000Z,6/3/2011 9:28:00 AM,Mid-Block (not related to intersection),51,PEDALCYCLIST STRUCK MOTOR VEHICLE FRONT END AT ANGLE,,N,Clear or Partly Cloudy,Dry,Daylight,Y,11154022.0,,45.0,Vehicle - Pedalcyclist,9002,0,N,POINT (1274643.41477403 244486.5489104092),22683.0,1.6744602144952038e-05,Clear or Partly Cloudy
112969,127677,127677,3387021,Matched,Intersection,28400.0,20TH AVE E AND E LOUISA ST,,,2,Injury Collision,Cycles,5,0,1,3,1,0,0,2011-10-26T00:00:00.000Z,10/26/2011 9:06:00 AM,At Intersection (intersection related),51,PEDALCYCLIST STRUCK MOTOR VEHICLE FRONT END AT ANGLE,,0,Overcast,Dry,Daylight,Y,11299029.0,Y,45.0,Vehicle - Pedalcyclist,0,0,N,POINT (1277525.54322499 237821.074343577),6871.0,0.0,Overcast
112990,127959,127959,2501942,Matched,Intersection,27063.0,BROOKLYN AVE NE AND NE 45TH ST,,,2,Injury Collision,Cycles,3,0,1,1,1,0,0,2011-12-03T00:00:00.000Z,12/3/2011 1:57:00 AM,At Intersection (intersection related),18,"MOTOR VEHICLE STRUCK PEDALCYCLIST, FRONT END AT ANGLE",,Y,Overcast,Dry,Dark - Street Lights On,,11337034.0,,45.0,Vehicle - Pedalcyclist,6974,0,N,POINT (1275495.099958912 244724.8767186552),1400.0,0.0,Overcast
113001,127955,127955,3295760,Matched,Block,,ALKI AVE SW BETWEEN 57TH AVE SW AND 58TH AVE SW,,,2,Injury Collision,Cycles,3,0,1,2,1,0,0,2011-09-03T00:00:00.000Z,9/3/2011,Mid-Block (not related to intersection),56,PEDALCYCLIST STRUCK MOTOR VEHICLE LEFT SIDE SIDESWIPE,,0,Clear or Partly Cloudy,Dry,Daylight,,11246034.0,,45.0,Vehicle - Pedalcyclist,3625,0,N,POINT (1252380.143071234 215920.7316651642),6119.0,4.544789253251045e-06,Clear or Partly Cloudy