OBJECTID,INCKEY,COLDETKEY,REPORTNO,STATUS,ADDRTYPE,INTKEY,LOCATION,EXCEPTRSNC,EXCEPTRSND,SEVERITYCO,SEVERITYDE,COLLISIONT,PERSONCOUN,PEDCOUNT,PEDCYLCOUN,VEHCOUNT,INJURIES,SERIOUSINJ,FATALITIES,INCDATE,INCDTTM,JUNCTIONTY,SDOT_COLCO,SDOT_COLDE,INATTENTIO,UNDERINFL,WEATHER,ROADCOND,LIGHTCOND,PEDROWNOTG,SDOTCOLNUM,SPEEDING,ST_COLCODE,ST_COLDESC,SEGLANEKEY,CROSSWALKK,HITPARKEDC,geometry,near_str_index,min_length,weather_group
113026,126148,126148,3561927,Matched,Intersection,36986.0,17TH AVE NW AND NW 85TH ST,,,2,Injury Collision,Cycles,2,0,1,1,1,0,0,2011-07-22T00:00:00.000Z,7/22/2011 4:31:00 PM,At Intersection (intersection related),51,PEDALCYCLIST STRUCK MOTOR VEHICLE FRONT END AT ANGLE,,N,Clear or Partly Cloudy,Dry,Daylight,,11203002.0,,45.0,Vehicle - Pedalcyclist,0,0,N,POINT (1259776.512038812 255733.0159939229),1638.0,0.0,Clear or Partly Cloudy
113093,127689,127689,3334733,Matched,Block,,GILMAN AVE W BETWEEN 25TH AVE W AND 26TH AVE W,,,2,Injury Collision,Cycles,3,0,1,1,1,0,0,2011-10-31T00:00:00.000Z,10/31/2011 7:52:00 PM,Driveway Junction,51,PEDALCYCLIST STRUCK MOTOR VEHICLE FRONT END AT ANGLE,Y,N,Overcast,Dry,Dark - Street Lights On,Y,11304016.0,,45.0,Vehicle - Pedalcyclist,15458,0,N,POINT (1256986.090851948 243943.7359178513),13749.0,1.7938110152360542e-06,Overcast
113134,128106,128106,3287275,Matched,Intersection,26026.0,17TH AVE NE AND NE RAVENNA WB BV,,,2,Injury Collision,Cycles,2,0,1,1,1,0,0,2011-02-08T00:00:00.000Z,2/8/2011 8:38:00 AM,At Intersection (but not related to intersection),18,"MOTOR VEHICLE STRUCK PEDALCYCLIST, FRONT END AT ANGLE",,N,Clear or Partly Cloudy,Dry,Daylight,,11039002.0,,45.0,Vehicle - Pedalcyclist,32688,0,N,POINT (1276706.374712139 247925.9452659339),1540.0,0.0,Clear or Partly Cloudy
113196,126571,126571,3552679,Matched,Block,,N 34TH ST BETWEEN WOODLAND PARK AVE N AND STONE WAY N,,,2b,Serious Injury Collision,Cycles,2,0,1,1,1,1,0,2011-05-18T00:00:00.000Z,5/18/2011 8:00:00 PM,Mid-Block (not related to intersection),21,"MOTOR VEHICLE STRUCK PEDALCYCLIST, REAR END",,Y,Clear or Partly Cloudy,Dry,Daylight,,11138022.0,,45.0,Vehicle - Pedalcyclist,8850,0,N,POINT (1268229.432751462 240254.514986068),16565.0,7.2360952601115865e-09,Clear or Partly Cloudy
113214,128807,128807,3559890,Matched,Intersection,30174.0,22ND AVE AND E CHERRY ST,,,2,Injury Collision,Cycles,3,0,1,1,1,0,0,2011-03-23T00:00:00.000Z,3/23/2011 7:44:00 PM,At Intersection (intersection related),18,"MOTOR VEHICLE STRUCK PEDALCYCLIST, FRONT END AT ANGLE",,N,Clear or Partly Cloudy,Dry,Dark - Street Lights On,Y,11082033.0,,45.0,Vehicle - Pedalcyclist,9559,0,N,POINT (1277726.718265191 225248.9476107061),3864.0,0.0,Clear or Partly Cloudy
113228,129507,129507,3373265,Matched,Block,,7TH AVE S BETWEEN S PLUMMER ST AND AIRPORT NB WAY S,,,2,Injury Collision,Cycles,3,0,1,1,1,0,0,2011-09-13T00:00:00.000Z,9/13/2011 5:25:00 PM,Mid-Block (not related to intersection),51,PEDALCYCLIST STRUCK MOTOR VEHICLE FRONT END AT ANGLE,,N,Clear or Partly Cloudy,Dry,Daylight,,11256015.0,,45.0,Vehicle - Pedalcyclist,16261,0,N,POINT (1272678.760244027 220043.374293372),3241.0,2.1484403289354866e-05,Clear or Partly Cloudy
113272,130482,130482,3564815,Matched,Block,,3RD AVE NE BETWEEN NE 115TH ST AND NE 116TH ST,,,2,Injury Collision,Cycles,5,0,1,1,1,0,0,2011-07-03T00:00:00.000Z,7/3/2011 6:56:00 PM,Mid-Block (not related to intersection),18,"MOTOR VEHICLE STRUCK PEDALCYCLIST, FRONT END AT ANGLE",,N,Clear or Partly Cloudy,Dry,Dusk,,11184017.0,,45.0,Vehicle - Pedalcyclist,0,0,N,POINT (1272957.504308313 263535.0256019086),16326.0,2.1249749041090844e-05,Clear or Partly Cloudy
113296,129783,129783,3387023,Matched,Intersection,29863.0,MELROSE AVE AND PINE ST,,,2,Injury Collision,Cycles,2,0,1,1,1,0,0,2011-10-27T00:00:00.000Z,10/27/2011 5:26:00 PM,At Intersection (intersection related),18,"MOTOR VEHICLE STRUCK PEDALCYCLIST, FRONT END AT ANGLE",,0,Clear or Partly Cloudy,Dry,Daylight,,11300006.0,,45.0,Vehicle - Pedalcyclist,11517,0,N,POINT (1271813.802035138 227999.6394535303),897.0,0.0,Clear or Partly Cloudy
113355,129657,129657,3329274,Matched,Intersection,29177.0,E HOWELL ST AND E OLIVE WAY,,,1,Property Damage Only Collision,Cycles,2,0,1,1,0,0,0,2011-01-20T00:00:00.000Z,1/20/2011 11:48:00 PM,At Intersection (intersection related),18,"MOTOR VEHICLE STRUCK PEDALCYCLIST, FRONT END AT ANGLE",,N,Raining,Wet,Unknown,Y,11020016.0,,45.0,Vehicle - Pedalcyclist,23270,0,N,POINT (1272238.338355571 228902.7705904543),679.0,0.0,Raining
113415,130207,130207,3554549,Matched,Intersection,37407.0,FREMONT AVE N AND N 100TH ST,,,1,Property Damage Only Collision,Cycles,2,0,1,1,0,0,0,2011-12-13T00:00:00.000Z,12/13/2011 5:16:00 PM,At Intersection (intersection related),18,"MOTOR VEHICLE STRUCK PEDALCYCLIST, FRONT END AT ANGLE",,N,Raining,Wet,Dark - Street Lights On,,11347032.0,,45.0,Vehicle - Pedalcyclist,0,0,N,POINT (1266974.798894182 259545.7978218347),1186.0,0.0,Raining
113548,130360,130360,3344138,Matched,Intersection,30135.0,15TH AVE AND E PINE ST,,,2,Injury Collision,Cycles,3,0,1,1,1,0,0,2011-03-16T00:00:00.000Z,3/16/2011 7:51:00 AM,At Intersection (intersection related),18,"MOTOR VEHICLE STRUCK PEDALCYCLIST, FRONT END AT ANGLE",,N,Clear or Partly Cloudy,Wet,Daylight,Y,11075009.0,,45.0,Vehicle - Pedalcyclist,31300,0,N,POINT (1275547.013430953 227945.2317734659),2385.0,0.0,Clear or Partly Cloudy
113625,128970,128970,2805987,Matched,Intersection,29860.0,SUMMIT AVE AND E PINE ST,,,2,Injury Collision,Cycles,2,0,1,1,1,0,0,2011-07-26T00:00:00.000Z,7/26/2011 12:04:00 AM,At Intersection (intersection related),18,"MOTOR VEHICLE STRUCK PEDALCYCLIST, FRONT END AT ANGLE",,0,Overcast,Wet,Dark - Street Lights On,,11207002.0,,45.0,Vehicle - Pedalcyclist,10354,0,N,POINT (1272399.309875742 227981.0989095122),1148.0,0.0,Overcast
113648,129398,129398,3545913,Matched,Intersection,35254.0,44TH AVE S AND S CLOVERDALE ST,,,2,Injury Collision,Cycles,3,0,1,1,1,0,0,2011-07-25T00:00:00.000Z,7/25/2011 8:12:00 PM,At Intersection (intersection related),21,"MOTOR VEHICLE STRUCK PEDALCYCLIST, REAR END",,0,Clear or Partly Cloudy,Dry,Daylight,,11206011.0,,45.0,Vehicle - Pedalcyclist,0,0,N,POINT (1283495.566911101 195263.1010520011),1713.0,0.0,Clear or Partly Cloudy
113679,129110,129110,3545027,Matched,Block,,AURORA AVE N BETWEEN N 100TH ST AND N 101ST ST,,,2,Injury Collision,Cycles,2,0,1,1,1,0,0,2011-11-27T00:00:00.000Z,11/27/2011 3:00:00 PM,Driveway Junction,24,MOTOR VEHCILE STRUCK PEDESTRIAN,,N,Clear or Partly Cloudy,Dry,Daylight,Y,11331031.0,,45.0,Vehicle - Pedalcyclist,0,0,N,POINT (1268302.892335534 259645.5570539385),19741.0,2.894440245362095e-05,Clear or Partly Cloudy
113723,129948,129948,3197565,Matched,Block,,DELRIDGE WAY SW BETWEEN SW THISTLE ST AND SW CLOVERDALE ST,,,2,Injury Collision,Cycles,2,0,1,1,1,0,0,2011-04-26T00:00:00.000Z,4/26/2011 8:26:00 AM,Driveway Junction,18,"MOTOR VEHICLE STRUCK PEDALCYCLIST, FRONT END AT ANGLE",,N,Overcast,Dry,Daylight,Y,11116014.0,,45.0,Vehicle - Pedalcyclist,0,0,N,POINT (1263148.508970261 196118.1327328831),19790.0,0.0,Overcast
113796,129678,129678,3559514,Matched,Intersection,28294.0,EASTLAKE AVE E AND E EDGAR ST,,,2,Injury Collision,Cycles,3,0,1,1,1,0,0,2011-01-28T00:00:00.000Z,1/28/2011 5:41:00 PM,At Intersection (intersection related),18,"MOTOR VEHICLE STRUCK PEDALCYCLIST, FRONT END AT ANGLE",Y,N,Overcast,Wet,Dark - Street Lights On,Y,11028002.0,,45.0,Vehicle - Pedalcyclist,24709,0,N,POINT (1272519.139635861 238659.0959764421),6828.0,0.0,Overcast
113850,130096,130096,3559439,Matched,Intersection,29026.0,FEDERAL AVE E AND E HARRISON ST,,,2,Injury Collision,Cycles,4,0,1,1,1,0,0,2011-09-07T00:00:00.000Z,9/7/2011,At Intersection (intersection related),51,PEDALCYCLIST STRUCK MOTOR VEHICLE FRONT END AT ANGLE,,0,Clear or Partly Cloudy,Dry,Daylight,,11250007.0,,45.0,Vehicle - Pedalcyclist,0,0,N,POINT (1274088.013621464 230414.0719680041),3527.0,0.0,Clear or Partly Cloudy
113891,128992,128992,3559539,Matched,Block,,E CHERRY ST BETWEEN 23RD AVE AND 24TH AVE,,,2,Injury Collision,Cycles,2,0,1,1,1,0,0,2011-09-03T00:00:00.000Z,9/3/2011,Mid-Block (not related to intersection),54,PEDALCYCLIST STRUCK MOTOR VEHICLE REAR END,,1,Clear or Partly Cloudy,Dry,Daylight,,11246025.0,,45.0,Vehicle - Pedalcyclist,9571,0,N,POINT (1278120.373625591 225240.1329547018),6816.0,4.9131693656850925e-06,Clear or Partly Cloudy
113931,129546,129546,3566235,Matched,Intersection,29734.0,BOYLSTON AVE AND E PINE ST,,,2,Injury Collision,Cycles,5,0,1,1,1,0,0,2011-07-05T00:00:00.000Z,7/5/2011 8:09:00 AM,At Intersection (intersection related),51,PEDALCYCLIST STRUCK MOTOR VEHICLE FRONT END AT ANGLE,,N,Clear or Partly Cloudy,Dry,Daylight,Y,11186007.0,,45.0,Vehicle - Pedalcyclist,10374,0,N,POINT (1272920.548660263 227975.5196454972),6198.0,0.0,Clear or Partly Cloudy
113936,129543,129543,3380451,Matched,Block,,HARBOR AVE SW BETWEEN CALIFORNIA WAY SW AND FAIRMOUNT AVE SW,,,2,Injury Collision,Cycles,3,0,1,1,1,0,0,2011-06-29T00:00:00.000Z,6/29/2011 6:06:00 PM,Driveway Junction,18,"MOTOR VEHICLE STRUCK PEDALCYCLIST, FRONT END AT ANGLE",,N,Clear or Partly Cloudy,Dry,Daylight,,11180009.0,,45.0,Vehicle - Pedalcyclist,4167,0,N,POINT (1258813.585125819 218426.0909637213),15569.0,1.0984254900840304e-05,Clear or Partly Cloudy
113946,129412,129412,3200500,Matched,Block,,2ND AVE BETWEEN UNION ST AND PIKE ST,,,2,Injury Collision,Cycles,2,0,1,1,1,0,0,2011-11-14T00:00:00.000Z,11/14/2011 7:08:00 AM,Driveway Junction,18,"MOTOR VEHICLE STRUCK PEDALCYCLIST, FRONT END AT ANGLE",,N,Clear or Partly Cloudy,Dry,Dawn,,11318016.0,Y,45.0,Vehicle - Pedalcyclist,12168,0,N,POINT (1269167.241392419 225698.1291791648),135.0,1.0206619767903732e-08,Clear or Partly Cloudy
113960,130387,130387,3559777,Matched,Intersection,29748.0,12TH AVE AND E PIKE ST,,,2,Injury Collision,Cycles,2,0,1,1,1,0,0,2011-02-12T00:00:00.000Z,2/12/2011 8:18:00 AM,At Intersection (intersection related),18,"MOTOR VEHICLE STRUCK PEDALCYCLIST, FRONT END AT ANGLE",,N,Clear or Partly Cloudy,Dry,Daylight,Y,11043002.0,,45.0,Vehicle - Pedalcyclist,10802,0,N,POINT (1274535.139893919 227533.018781051),39.0,0.0,Clear or Partly Cloudy
114004,128435,128435,3568847,Matched,Intersection,25184.0,SHILSHOLE AVE NW AND NW 46TH ST,,,2,Injury Collision,Cycles,3,0,1,1,1,0,0,2011-04-22T00:00:00.000Z,4/22/2011 11:32:00 AM,At Intersection (intersection related),18,"MOTOR VEHICLE STRUCK PEDALCYCLIST, FRONT END AT ANGLE",,N,Clear or Partly Cloudy,Dry,Daylight,,11112013.0,,45.0,Vehicle - Pedalcyclist,41180,0,N,POINT (1259729.65200676 245374.2066393197),957.0,0.0,Clear or Partly Cloudy
114014,128434,128434,3332812,Matched,Intersection,27108.0,UNIVERSITY WAY NE AND NE 40TH ST,,,2b,Serious Injury Collision,Cycles,2,0,1,1,1,1,0,2011-04-22T00:00:00.000Z,4/22/2011 8:52:00 PM,At Intersection (intersection related),51,PEDALCYCLIST STRUCK MOTOR VEHICLE FRONT END AT ANGLE,,N,Clear or Partly Cloudy,Dry,Dark - Street Lights On,Y,11112008.0,,45.0,Vehicle - Pedalcyclist,5695,0,N,POINT (1275700.171831116 242559.9261884391),4147.0,0.0,Clear or Partly Cloudy
114078,129417,129417,3333669,Matched,Block,,15TH AVE NE BETWEEN NE 45TH ST AND NE 47TH ST,,,2,Injury Collision,Cycles,3,0,1,1,1,0,0,2011-04-17T00:00:00.000Z,4/17/2011 9:50:00 AM,Mid-Block (not related to intersection),55,PEDALCYCLIST STRUCK MOTOR VEHICLE RIGHT SIDE SIDESWIPE,,N,Clear or Partly Cloudy,Dry,Daylight,,11107016.0,,45.0,Vehicle - Pedalcyclist,21387,0,N,POINT (1276069.606967494 245040.653742969),22718.0,2.1942384084511887e-10,Clear or Partly Cloudy
114117,128442,128442,3375712,Matched,Intersection,28914.0,5TH AVE N AND MERCER ST,,,2,Injury Collision,Cycles,2,0,1,1,1,0,0,2011-03-09T00:00:00.000Z,3/9/2011 9:07:00 AM,At Intersection (intersection related),18,"MOTOR VEHICLE STRUCK PEDALCYCLIST, FRONT END AT ANGLE",,N,Overcast,Wet,Daylight,Y,11068008.0,,45.0,Vehicle - Pedalcyclist,0,521786,N,POINT (1267030.83652623 231494.5296971053),847.0,0.0,Overcast
114152,129145,129145,3375355,Matched,Intersection,31203.0,ALASKAN WAY S AND S MASSACHUSETTS ST,,,2,Injury Collision,Cycles,2,0,1,1,1,0,0,2011-02-14T00:00:00.000Z,2/14/2011 5:38:00 PM,At Intersection (intersection related),51,PEDALCYCLIST STRUCK MOTOR VEHICLE FRONT END AT ANGLE,,N,Raining,Wet,Dark - Street Lights On,Y,11045005.0,,45.0,Vehicle - Pedalcyclist,4797,0,N,POINT (1269023.349552274 218229.7632195204),599.0,0.0,Raining
114173,128717,128717,3466682,Matched,Block,,NE 125TH ST BETWEEN 33RD AVE NE AND 35TH AVE NE,,,2,Injury Collision,Cycles,2,0,1,1,1,0,0,2011-10-31T00:00:00.000Z,10/31/2011 3:32:00 PM,Driveway Junction,18,"MOTOR VEHICLE STRUCK PEDALCYCLIST, FRONT END AT ANGLE",Y,N,Overcast,Wet,Daylight,,11304033.0,,45.0,Vehicle - Pedalcyclist,0,0,N,POINT (1281446.570684999 265764.9381801933),1361.0,2.9071184492304527e-05,Overcast
114195,129285,129285,3329069,Matched,Block,,DENNY WAY BETWEEN QUEEN ANNE AVE N AND 1ST AVE,,,2,Injury Collision,Cycles,2,0,1,1,1,0,0,2011-07-19T00:00:00.000Z,7/19/2011 1:30:00 PM,Mid-Block (not related to intersection),22,"MOTOR VEHICLE STRUCK PEDALCYCLIST, RIGHT SIDE SIDESWIPE",,N,Overcast,Dry,Daylight,Y,11200005.0,,45.0,Vehicle - Pedalcyclist,20122,0,N,POINT (1264883.350636035 229363.6142389178),11073.0,3.0386927963207347e-05,Overcast
114238,129839,129839,3466345,Matched,Intersection,27184.0,EASTERN AVE N AND N 45TH ST,,,2,Injury Collision,Cycles,2,0,1,1,1,0,0,2011-12-24T00:00:00.000Z,12/24/2011 5:29:00 PM,At Intersection (intersection related),51,PEDALCYCLIST STRUCK MOTOR VEHICLE FRONT END AT ANGLE,,N,Overcast,Dry,Dark - Street Lights On,Y,11358005.0,,45.0,Vehicle - Pedalcyclist,6523,0,N,POINT (1271878.001203194 244826.3482067585),9056.0,0.0,Overcast
114278,130401,130401,3466802,Matched,Intersection,27090.0,UNIVERSITY WAY NE AND NE 42ND ST,,,2,Injury Collision,Cycles,3,0,1,1,1,0,0,2011-07-01T00:00:00.000Z,7/1/2011 8:26:00 AM,At Intersection (intersection related),51,PEDALCYCLIST STRUCK MOTOR VEHICLE FRONT END AT ANGLE,,N,Clear or Partly Cloudy,Dry,Daylight,,11182011.0,,45.0,Vehicle - Pedalcyclist,5663,0,N,POINT (1275740.08043915 243639.4802375436),998.0,0.0,Clear or Partly Cloudy
114281,130263,130263,3545006,Matched,Intersection,25803.0,BROOKLYN AVE NE AND NE 47TH ST,,,2,Injury Collision,Cycles,3,0,1,1,1,0,0,2011-09-28T00:00:00.000Z,9/28/2011 8:47:00 AM,At Intersection (intersection related),18,"MOTOR VEHICLE STRUCK PEDALCYCLIST, FRONT END AT ANGLE",,N,Clear or Partly Cloudy,Dry,Daylight,Y,11271001.0,,45.0,Vehicle - Pedalcyclist,32429,0,N,POINT (1275519.669558927 245389.3738713264),1405.0,0.0,Clear or Partly Cloudy
114325,129434,129434,3375502,Matched,Block,,1ST AVE BETWEEN BLANCHARD ST AND BELL ST,,,2b,Serious Injury Collision,Cycles,2,0,1,1,1,1,0,2011-04-11T00:00:00.000Z,4/11/2011 6:50:00 PM,Mid-Block (not related to intersection),21,"MOTOR VEHICLE STRUCK PEDALCYCLIST, REAR END",,N,Clear or Partly Cloudy,Dry,Daylight,Y,11101023.0,,45.0,Vehicle - Pedalcyclist,13233,0,N,POINT (1267368.977454588 227266.4868127704),2269.0,5.014503332264041e-09,Clear or Partly Cloudy
114378,129855,129855,3554504,Matched,Block,,ROOSEVELT WAY NE BETWEEN NE 45TH ST AND NE 47TH ST,,,2,Injury Collision,Cycles,2,0,1,1,1,0,0,2011-11-15T00:00:00.000Z,11/15/2011 3:35:00 PM,Mid-Block (not related to intersection),51,PEDALCYCLIST STRUCK MOTOR VEHICLE FRONT END AT ANGLE,Y,N,Clear or Partly Cloudy,Dry,Dusk,,11319020.0,,45.0,Vehicle - Pedalcyclist,10833,0,N,POINT (1274721.706934109 245075.8127190173),19913.0,2.0544237593272437e-05,Clear or Partly Cloudy
114382,129853,129853,3546477,Matched,Intersection,29632.0,ALASKAN WAY AND SPRING ST,,,2,Injury Collision,Cycles,1,0,1,0,1,0,0,2011-11-13T00:00:00.000Z,11/13/2011 5:37:00 PM,At Intersection (intersection related),51,PEDALCYCLIST STRUCK MOTOR VEHICLE FRONT END AT ANGLE,,N,Clear or Partly Cloudy,Dry,Dark - Street Lights On,,11317002.0,,45.0,Vehicle - Pedalcyclist,0,0,N,POINT (1268978.35166423 224132.6800895631),3766.0,0.0,Clear or Partly Cloudy
114398,128740,128740,3335214,Matched,Block,,2ND AV ET S BETWEEN S MAIN ST AND S WASHINGTON ST,,,2,Injury Collision,Cycles,2,0,1,1,1,0,0,2011-07-21T00:00:00.000Z,7/21/2011 5:11:00 PM,Mid-Block (but intersection related),21,"MOTOR VEHICLE STRUCK PEDALCYCLIST, REAR END",Y,N,Clear or Partly Cloudy,Dry,Daylight,,11202037.0,,45.0,Vehicle - Pedalcyclist,12007,0,N,POINT (1270999.796978295 222614.6374000162),8471.0,5.341536409067881e-06,Clear or Partly Cloudy
114423,128738,128738,3558998,Matched,Intersection,27077.0,UNIVERSITY WAY NE AND NE 43RD ST,,,2,Injury Collision,Cycles,2,0,1,1,1,0,0,2011-11-10T00:00:00.000Z,11/10/2011 11:12:00 AM,At Intersection (intersection related),51,PEDALCYCLIST STRUCK MOTOR VEHICLE FRONT END AT ANGLE,,N,Clear or Partly Cloudy,Dry,Daylight,Y,11314009.0,,45.0,Vehicle - Pedalcyclist,31578,0,N,POINT (1275760.030775174 244179.1487180889),998.0,0.0,Clear or Partly Cloudy
114433,128458,128458,3562784,Matched,Intersection,28917.0,2ND AVE N AND MERCER ST,,,2,Injury Collision,Cycles,2,0,1,1,1,0,0,2011-08-11T00:00:00.000Z,8/11/2011 12:17:00 PM,At Intersection (intersection related),18,"MOTOR VEHICLE STRUCK PEDALCYCLIST, FRONT END AT ANGLE",,0,Clear or Partly Cloudy,Dry,Daylight,,11223019.0,,45.0,Vehicle - Pedalcyclist,0,0,N,POINT (1265743.638316914 231524.0134731382),846.0,0.0,Clear or Partly Cloudy
114453,129306,129306,3546304,Matched,Block,,2ND AVE BETWEEN UNIVERSITY ST AND UNION ST,,,2,Injury Collision,Cycles,2,0,1,1,1,0,0,2011-09-22T00:00:00.000Z,9/22/2011 8:25:00 AM,Mid-Block (not related to intersection),18,"MOTOR VEHICLE STRUCK PEDALCYCLIST, FRONT END AT ANGLE",,0,Overcast,Dry,Daylight,,11265024.0,,45.0,Vehicle - Pedalcyclist,12162,0,N,POINT (1269384.209328651 225331.5899147987),16946.0,0.0,Overcast
114454,129024,129024,3564833,Matched,Intersection,37279.0,STONE AVE N AND N NORTHGATE WAY,,,2,Injury Collision,Cycles,2,0,1,1,1,0,0,2011-03-28T00:00:00.000Z,3/28/2011 5:06:00 PM,At Intersection (intersection related),18,"MOTOR VEHICLE STRUCK PEDALCYCLIST, FRONT END AT ANGLE",Y,N,Overcast,Dry,Daylight,Y,11087005.0,,45.0,Vehicle - Pedalcyclist,0,0,N,POINT (1268979.151152238 260820.5111671388),3774.0,0.0,Overcast
114455,129305,129305,3287699,Matched,Intersection,29809.0,12TH AVE AND E JEFFERSON ST,,,2b,Serious Injury Collision,Cycles,2,0,1,1,1,1,0,2011-09-20T00:00:00.000Z,9/20/2011 5:19:00 PM,At Intersection (intersection related),51,PEDALCYCLIST STRUCK MOTOR VEHICLE FRONT END AT ANGLE,,0,Clear or Partly Cloudy,Dry,Daylight,,11263003.0,,45.0,Vehicle - Pedalcyclist,10458,0,N,POINT (1274493.248053879 224651.3819140941),2320.0,0.0,Clear or Partly Cloudy
114580,128611,128611,3568867,Matched,Intersection,26629.0,8TH AVE NW AND NW 43RD N ST,,,2,Injury Collision,Cycles,3,0,1,1,1,0,0,2011-06-26T00:00:00.000Z,6/26/2011 4:02:00 PM,At Intersection (intersection related),51,PEDALCYCLIST STRUCK MOTOR VEHICLE FRONT END AT ANGLE,,N,Clear or Partly Cloudy,Dry,Daylight,,11177003.0,,45.0,Vehicle - Pedalcyclist,0,523915,N,POINT (1262708.46544981 244242.8087501526),571.0,0.0,Clear or Partly Cloudy
114645,130150,130150,3564714,Matched,Block,,GREENWOOD AVE N BETWEEN N 85TH ST AND N 87TH ST,,,2,Injury Collision,Cycles,2,0,1,1,1,0,0,2011-09-10T00:00:00.000Z,9/10/2011 11:32:00 AM,Mid-Block (not related to intersection),56,PEDALCYCLIST STRUCK MOTOR VEHICLE LEFT SIDE SIDESWIPE,Y,N,Clear or Partly Cloudy,Dry,Daylight,,11253020.0,,45.0,Vehicle - Pedalcyclist,4623,0,N,POINT (1265606.582636774 255946.2417861372),13332.0,3.186865805434691e-05,Clear or Partly Cloudy
114680,128339,128339,3373917,Matched,Intersection,29869.0,HOWELL ST AND OLIVE WAY,,,2,Injury Collision,Cycles,3,0,1,1,1,0,0,2011-06-18T00:00:00.000Z,6/18/2011 1:39:00 AM,At Intersection (intersection related),18,"MOTOR VEHICLE STRUCK PEDALCYCLIST, FRONT END AT ANGLE",,N,Clear or Partly Cloudy,Dry,Dark - Street Lights On,,11169023.0,,45.0,Vehicle - Pedalcyclist,14009,0,N,POINT (1270287.080497578 227598.1718051136),6044.0,0.0,Clear or Partly Cloudy
114702,128758,128758,3552813,Matched,Block,,LEARY AVE NW BETWEEN NW IONE PL AND 20TH AVE NW,,,2,Injury Collision,Cycles,3,0,1,1,1,0,0,2011-07-30T00:00:00.000Z,7/30/2011 5:35:00 PM,Mid-Block (not related to intersection),51,PEDALCYCLIST STRUCK MOTOR VEHICLE FRONT END AT ANGLE,,0,Clear or Partly Cloudy,Dry,Daylight,,11211019.0,,45.0,Vehicle - Pedalcyclist,23658,0,N,POINT (1258972.297637984 246821.6227688044),20886.0,4.1315598178906236e-05,Clear or Partly Cloudy
114706,129041,129041,3345948,Matched,Intersection,26465.0,20TH AVE W AND GILMAN AVE W,,,2,Injury Collision,Cycles,2,0,1,1,1,0,0,2011-04-08T00:00:00.000Z,4/8/2011 5:25:00 PM,At Intersection (intersection related),51,PEDALCYCLIST STRUCK MOTOR VEHICLE FRONT END AT ANGLE,,N,Clear or Partly Cloudy,Dry,Daylight,,11098003.0,,45.0,Vehicle - Pedalcyclist,15402,0,N,POINT (1258734.049317747 241061.6769708991),17928.0,0.0,Clear or Partly Cloudy
114723,128618,128618,3559958,Matched,Intersection,30181.0,15TH AVE AND E CHERRY ST,,,2,Injury Collision,Cycles,1,0,1,0,1,0,0,2011-06-24T00:00:00.000Z,6/24/2011 6:01:00 AM,At Intersection (intersection related),69,PEDALCYCLIST OVERTURNED IN ROAD,,N,Raining,Wet,Daylight,,11175013.0,,45.0,Vehicle - Pedalcyclist,9527,0,N,POINT (1275476.206134886 225303.596186772),5089.0,0.0,Raining
114725,128617,128617,3553081,Matched,Intersection,36635.0,LAKE CITY WAY NE AND NE 117TH ST,,,2,Injury Collision,Cycles,2,0,1,1,1,0,0,2011-06-24T00:00:00.000Z,6/24/2011 5:13:00 PM,At Intersection (intersection related),51,PEDALCYCLIST STRUCK MOTOR VEHICLE FRONT END AT ANGLE,,N,Overcast,Dry,Daylight,,11175004.0,,45.0,Vehicle - Pedalcyclist,17898,0,N,POINT (1279818.53343533 263954.7071383446),8831.0,0.0,Overcast
114752,129321,129321,3375095,Matched,Block,,UNIVERSITY WAY NE BETWEEN NE 52ND ST AND NE 55TH ST,,,1,Property Damage Only Collision,Cycles,2,0,1,1,0,0,0,2011-06-12T00:00:00.000Z,6/12/2011 8:37:00 PM,Mid-Block (not related to intersection),53,PEDALCYCLIST STRUCK MOTOR VEHICLE LEFT SIDE AT ANGLE,,N,Overcast,Dry,Dusk,,11163011.0,,45.0,Vehicle - Pedalcyclist,5597,0,N,POINT (1275847.037559271 246984.8828009665),23173.0,1.2508808248239295e-05,Overcast
114755,129461,129461,3566028,Matched,Intersection,27153.0,EASTLAKE AVE E AND FUHRMAN AVE E,,,2,Injury Collision,Cycles,2,0,1,1,1,0,0,2011-08-06T00:00:00.000Z,8/6/2011,At Intersection (intersection related),18,"MOTOR VEHICLE STRUCK PEDALCYCLIST, FRONT END AT ANGLE",,0,Clear or Partly Cloudy,Dry,Daylight,,11218008.0,,45.0,Vehicle - Pedalcyclist,6078,0,N,POINT (1273704.647989064 241221.0042030662),995.0,0.0,Clear or Partly Cloudy
114763,129594,129594,3387171,Matched,Block,,BROADWAY E BETWEEN E MERCER ST AND E ROY E ST,,,2,Injury Collision,Cycles,2,0,1,1,1,0,0,2011-08-24T00:00:00.000Z,8/24/2011 5:37:00 PM,Mid-Block (not related to intersection),18,"MOTOR VEHICLE STRUCK PEDALCYCLIST, FRONT END AT ANGLE",,0,Clear or Partly Cloudy,Dry,Daylight,,11236019.0,,45.0,Vehicle - Pedalcyclist,6215,0,N,POINT (1273598.291444957 231402.488353014),6211.0,1.1533499057365304e-05,Clear or Partly Cloudy