OBJECTID,INCKEY,COLDETKEY,REPORTNO,STATUS,ADDRTYPE,INTKEY,LOCATION,EXCEPTRSNC,EXCEPTRSND,SEVERITYCO,SEVERITYDE,COLLISIONT,PERSONCOUN,PEDCOUNT,PEDCYLCOUN,VEHCOUNT,INJURIES,SERIOUSINJ,FATALITIES,INCDATE,INCDTTM,JUNCTIONTY,SDOT_COLCO,SDOT_COLDE,INATTENTIO,UNDERINFL,WEATHER,ROADCOND,LIGHTCOND,PEDROWNOTG,SDOTCOLNUM,SPEEDING,ST_COLCODE,ST_COLDESC,SEGLANEKEY,CROSSWALKK,HITPARKEDC,geometry,near_str_index,min_length,weather_group
114843,128762,128762,2805996,Matched,Block,,12TH AVE BETWEEN E MARION ST AND E SPRING ST,,,2,Injury Collision,Cycles,2,0,1,1,1,0,0,2011-08-02T00:00:00.000Z,8/2/2011,Mid-Block (not related to intersection),14,"MOTOR VEHICLE STRUCK MOTOR VEHICLE, REAR END",,0,Clear or Partly Cloudy,Dry,Daylight,,11214017.0,,45.0,Vehicle - Pedalcyclist,10730,0,N,POINT (1274527.158005908 226393.0969878882),18595.0,1.3906977835739267e-05,Clear or Partly Cloudy
114865,129187,129187,3377790,Matched,Block,,6TH AVE BETWEEN PIKE ST AND PINE ST,,,2,Injury Collision,Cycles,2,0,1,1,1,0,0,2011-06-11T00:00:00.000Z,6/11/2011 2:19:00 PM,Mid-Block (not related to intersection),51,PEDALCYCLIST STRUCK MOTOR VEHICLE FRONT END AT ANGLE,,N,Clear or Partly Cloudy,Dry,Daylight,,11162023.0,,45.0,Vehicle - Pedalcyclist,25502,0,N,POINT (1270058.64222534 226720.3504282236),19694.0,1.570964774479554e-05,Clear or Partly Cloudy
114884,129885,129885,3565007,Matched,Intersection,36551.0,1ST AVE NE AND NE 120TH ST,,,2,Injury Collision,Cycles,2,0,1,1,1,0,0,2011-03-09T00:00:00.000Z,3/9/2011 8:56:00 PM,At Intersection (intersection related),51,PEDALCYCLIST STRUCK MOTOR VEHICLE FRONT END AT ANGLE,,N,Raining,Wet,Dark - No Street Lights,Y,11068009.0,,45.0,Vehicle - Pedalcyclist,5676,0,N,POINT (1272305.827891633 264712.6030751169),1350.0,0.0,Raining
114915,129333,129333,3550738,Matched,Intersection,28800.0,JOHN ST AND WESTLAKE AVE N,,,2,Injury Collision,Cycles,2,0,1,1,1,0,0,2011-06-21T00:00:00.000Z,6/21/2011 7:00:00 PM,At Intersection (intersection related),18,"MOTOR VEHICLE STRUCK PEDALCYCLIST, FRONT END AT ANGLE",,N,Unknown,Unknown,Unknown,Y,11172001.0,,45.0,Vehicle - Pedalcyclist,24577,0,N,POINT (1269238.734640494 229679.5693112463),1030.0,0.0,
115090,128367,128367,3567839,Matched,Intersection,28744.0,WESTLAKE AVE N AND VALLEY ST,,,2b,Serious Injury Collision,Cycles,2,0,1,1,1,1,0,2011-03-22T00:00:00.000Z,3/22/2011 9:23:00 AM,At Intersection (intersection related),51,PEDALCYCLIST STRUCK MOTOR VEHICLE FRONT END AT ANGLE,,N,Clear or Partly Cloudy,Dry,Daylight,Y,11081002.0,,45.0,Vehicle - Pedalcyclist,31158,0,N,POINT (1269242.945584506 231901.4393935204),3828.0,0.0,Clear or Partly Cloudy
115166,129627,129627,3344542,Matched,Intersection,25800.0,ROOSEVELT WAY NE AND NE 47TH ST,,,2,Injury Collision,Cycles,2,0,1,1,1,0,0,2011-11-24T00:00:00.000Z,11/24/2011 1:55:00 AM,At Intersection (intersection related),51,PEDALCYCLIST STRUCK MOTOR VEHICLE FRONT END AT ANGLE,,N,Clear or Partly Cloudy,Wet,Dark - Street Lights On,Y,11328004.0,,45.0,Vehicle - Pedalcyclist,0,0,N,POINT (1274735.003446132 245411.0941913575),4163.0,0.0,Clear or Partly Cloudy
115194,130466,130466,3546608,Matched,Intersection,29576.0,5TH AVE AND PIKE ST,,,1,Property Damage Only Collision,Cycles,2,0,1,1,0,0,0,2011-10-08T00:00:00.000Z,10/8/2011,At Intersection (intersection related),18,"MOTOR VEHICLE STRUCK PEDALCYCLIST, FRONT END AT ANGLE",,0,Unknown,Unknown,Dark - Street Lights On,,11281005.0,,45.0,Vehicle - Pedalcyclist,21852,0,N,POINT (1269889.867825165 226373.2711958587),5878.0,0.0,
115210,128512,128512,3376934,Matched,Block,,ROOSEVELT WAY NE BETWEEN NE 43RD N ST AND NE 45TH ST,,,2,Injury Collision,Cycles,2,0,1,1,1,0,0,2011-03-29T00:00:00.000Z,3/29/2011 7:13:00 AM,Mid-Block (not related to intersection),18,"MOTOR VEHICLE STRUCK PEDALCYCLIST, FRONT END AT ANGLE",Y,N,Clear or Partly Cloudy,Dry,Daylight,Y,11088021.0,,45.0,Vehicle - Pedalcyclist,9001,0,N,POINT (1274643.41477403 244486.5489104092),22683.0,1.6744602144952038e-05,Clear or Partly Cloudy
115246,128646,128646,3566139,Matched,Intersection,29807.0,13TH AVE AND E JEFFERSON ST,,,2b,Serious Injury Collision,Cycles,2,0,1,1,1,1,0,2011-12-09T00:00:00.000Z,12/9/2011 5:03:00 PM,At Intersection (intersection related),51,PEDALCYCLIST STRUCK MOTOR VEHICLE FRONT END AT ANGLE,,N,Clear or Partly Cloudy,Dry,Dark - Street Lights On,Y,11343015.0,,45.0,Vehicle - Pedalcyclist,10463,0,N,POINT (1274816.240438208 224643.1215620935),6860.0,0.0,Clear or Partly Cloudy
115251,128793,128793,3562160,Matched,Intersection,28788.0,DEXTER AVE N AND THOMAS ST,,,3,Fatality Collision,Cycles,2,0,1,1,0,0,1,2011-07-28T00:00:00.000Z,7/28/2011 3:44:00 PM,At Intersection (intersection related),18,"MOTOR VEHICLE STRUCK PEDALCYCLIST, FRONT END AT ANGLE",,N,Clear or Partly Cloudy,Dry,Daylight,Y,11209006.0,,45.0,Vehicle - Pedalcyclist,12606,0,N,POINT (1268283.993903518 230129.8392637074),3489.0,0.0,Clear or Partly Cloudy
115318,129499,129499,3380244,Matched,Intersection,35167.0,5TH AVE S AND S TRENTON S ST,,,2,Injury Collision,Cycles,2,0,1,1,1,0,0,2011-08-18T00:00:00.000Z,8/18/2011 1:15:00 PM,At Intersection (intersection related),51,PEDALCYCLIST STRUCK MOTOR VEHICLE FRONT END AT ANGLE,,0,Clear or Partly Cloudy,Dry,Daylight,,11230016.0,,45.0,Vehicle - Pedalcyclist,0,0,N,POINT (1271091.616050392 194956.1616596878),1903.0,0.0,Clear or Partly Cloudy
115374,128378,128378,3375531,Matched,Block,,DEXTER AVE N BETWEEN MCGRAW ST AND 6TH AVE N,,,2,Injury Collision,Cycles,1,0,1,0,1,0,0,2011-04-20T00:00:00.000Z,4/20/2011 6:27:00 AM,Mid-Block (not related to intersection),69,PEDALCYCLIST OVERTURNED IN ROAD,,N,Overcast,Dry,Daylight,,11110001.0,,45.0,Vehicle - Pedalcyclist,13332,0,N,POINT (1267953.875567183 237090.6150788367),16244.0,1.4608200169792154e-05,Overcast
115376,130052,130052,3564858,Matched,Block,,AURORA AVE N BETWEEN N 141ST ST AND N 143RD ST,,,2,Injury Collision,Cycles,2,0,1,1,1,0,0,2011-04-02T00:00:00.000Z,4/2/2011 1:48:00 PM,Mid-Block (not related to intersection),53,PEDALCYCLIST STRUCK MOTOR VEHICLE LEFT SIDE AT ANGLE,,N,Raining,Wet,Daylight,,11092019.0,,45.0,Vehicle - Pedalcyclist,14937,0,N,POINT (1268414.918255657 270545.9316570908),3347.0,1.7034221749906587e-05,Raining
115383,131007,131007,3599313,Matched,Intersection,29660.0,2ND AVE AND DENNY WAY,,,2,Injury Collision,Cycles,2,0,1,1,1,0,0,2012-08-23T00:00:00.000Z,8/23/2012 8:34:00 AM,At Intersection (intersection related),18,"MOTOR VEHICLE STRUCK PEDALCYCLIST, FRONT END AT ANGLE",,N,Clear or Partly Cloudy,Dry,Daylight,Y,12236002.0,,45.0,Vehicle - Pedalcyclist,0,521014,N,POINT (1265688.931628868 229343.1149109006),5208.0,0.0,Clear or Partly Cloudy
115438,131714,131714,3561090,Matched,Intersection,26454.0,GILMAN AVE W AND W EMERSON ST,,,2,Injury Collision,Cycles,2,0,1,1,1,0,0,2012-04-22T00:00:00.000Z,4/22/2012 9:35:00 AM,At Intersection (intersection related),51,PEDALCYCLIST STRUCK MOTOR VEHICLE FRONT END AT ANGLE,,N,Clear or Partly Cloudy,Dry,Daylight,Y,12113006.0,,45.0,Vehicle - Pedalcyclist,15423,0,N,POINT (1258113.653029099 242404.7763642818),180.0,0.0,Clear or Partly Cloudy
115479,132271,132271,3465781,Matched,Intersection,29700.0,1ST AVE AND BATTERY ST,,,2,Injury Collision,Cycles,3,0,1,1,1,0,0,2012-07-29T00:00:00.000Z,7/29/2012 1:41:00 AM,At Intersection (intersection related),0,NOT ENOUGH INFORMATION / NOT APPLICABLE,,Y,Clear or Partly Cloudy,Dry,Dark - Street Lights On,,12211017.0,,45.0,Vehicle - Pedalcyclist,13239,0,N,POINT (1266896.352046102 227696.5413412154),623.0,0.0,Clear or Partly Cloudy
115481,132424,132424,3561000,Matched,Intersection,28731.0,DEXTER AVE N AND ALOHA ST,,,1,Property Damage Only Collision,Cycles,2,0,1,1,0,0,0,2012-02-08T00:00:00.000Z,2/8/2012 4:02:00 PM,At Intersection (intersection related),51,PEDALCYCLIST STRUCK MOTOR VEHICLE FRONT END AT ANGLE,,N,Clear or Partly Cloudy,Wet,Daylight,Y,12039002.0,,45.0,Vehicle - Pedalcyclist,12729,0,N,POINT (1268342.286383584 232408.9135700464),604.0,0.0,Clear or Partly Cloudy
115483,132423,132423,3561936,Matched,Intersection,25394.0,15TH AVE NW AND NW 60TH ST,,,2,Injury Collision,Cycles,2,0,1,1,1,0,0,2012-02-03T00:00:00.000Z,2/3/2012 1:40:00 PM,At Intersection (intersection related),18,"MOTOR VEHICLE STRUCK PEDALCYCLIST, FRONT END AT ANGLE",,N,Clear or Partly Cloudy,Dry,Daylight,Y,12034013.0,,45.0,Vehicle - Pedalcyclist,0,524984,N,POINT (1260319.129639357 249066.4326910973),1586.0,0.0,Clear or Partly Cloudy
115487,132135,132135,3503545,Matched,Block,,2ND AVE BETWEEN UNIVERSITY ST AND UNION ST,,,2,Injury Collision,Cycles,3,0,1,1,1,0,0,2012-05-23T00:00:00.000Z,5/23/2012 5:18:00 PM,Mid-Block (not related to intersection),18,"MOTOR VEHICLE STRUCK PEDALCYCLIST, FRONT END AT ANGLE",,N,Clear or Partly Cloudy,Dry,Daylight,Y,12144017.0,,45.0,Vehicle - Pedalcyclist,12162,0,N,POINT (1269384.209328651 225331.5899147987),16946.0,0.0,Clear or Partly Cloudy
115499,132130,132130,3599371,Matched,Block,,8TH AVE BETWEEN PINE ST AND OLIVE WAY,,,2,Injury Collision,Cycles,2,0,1,1,1,0,0,2012-10-08T00:00:00.000Z,10/8/2012 3:56:00 PM,Driveway Junction,18,"MOTOR VEHICLE STRUCK PEDALCYCLIST, FRONT END AT ANGLE",,N,Clear or Partly Cloudy,Dry,Daylight,Y,12282021.0,,45.0,Vehicle - Pedalcyclist,14005,0,N,POINT (1270395.530161679 227414.9832609296),6044.0,1.1666863453267258e-05,Clear or Partly Cloudy
115507,130873,130873,3617381,Matched,Block,,LAKE WASHINGTON BLVD S BETWEEN S FERDINAND ST AND S DAWSON ST,,,2,Injury Collision,Cycles,3,0,1,1,1,0,0,2012-05-08T00:00:00.000Z,5/8/2012 7:00:00 PM,Mid-Block (not related to intersection),23,"MOTOR VEHICLE STRUCK PEDALCYCLIST, LEFT SIDE SIDESWIPE",,N,Clear or Partly Cloudy,Dry,Daylight,,12129010.0,Y,45.0,Vehicle - Pedalcyclist,38097,0,N,POINT (1287611.135427311 206286.3064392954),8834.0,3.18723926056061e-05,Clear or Partly Cloudy
115537,132579,132579,3597147,Matched,Intersection,27043.0,TROLL AVE N AND N 34TH ST,,,2,Injury Collision,Cycles,3,0,1,2,1,0,0,2012-09-04T00:00:00.000Z,9/4/2012 4:23:00 PM,At Intersection (intersection related),24,MOTOR VEHCILE STRUCK PEDESTRIAN,,N,Clear or Partly Cloudy,Dry,Daylight,Y,12248005.0,,45.0,Vehicle - Pedalcyclist,8816,595675,N,POINT (1267245.477678463 240493.9652263224),1223.0,0.0,Clear or Partly Cloudy
115637,130876,130876,3564850,Matched,Intersection,25466.0,8TH AVE NW AND NW 47TH ST,,,2,Injury Collision,Cycles,2,0,1,1,1,0,0,2012-05-25T00:00:00.000Z,5/25/2012 3:50:00 PM,At Intersection (intersection related),18,"MOTOR VEHICLE STRUCK PEDALCYCLIST, FRONT END AT ANGLE",,N,Clear or Partly Cloudy,Dry,Daylight,,12146014.0,,45.0,Vehicle - Pedalcyclist,26366,0,N,POINT (1262718.175529823 245575.3148635179),1568.0,0.0,Clear or Partly Cloudy
115708,131304,131304,3476353,Matched,Intersection,29050.0,BOYLSTON AVE E AND E OLIVE E WAY,,,2,Injury Collision,Cycles,2,0,1,1,1,0,0,2012-11-03T00:00:00.000Z,11/3/2012 10:58:00 PM,At Intersection (intersection related),18,"MOTOR VEHICLE STRUCK PEDALCYCLIST, FRONT END AT ANGLE",,N,Raining,Wet,Dark - Street Lights On,Y,12308001.0,,45.0,Vehicle - Pedalcyclist,23232,0,N,POINT (1273038.029620394 229665.2279352248),3929.0,0.0,Raining
115718,131301,131301,3593477,Matched,Intersection,30421.0,14TH AVE S AND S MAIN ST,,,2,Injury Collision,Cycles,3,0,1,1,1,0,0,2012-07-03T00:00:00.000Z,7/3/2012 5:12:00 PM,At Intersection (intersection related),18,"MOTOR VEHICLE STRUCK PEDALCYCLIST, FRONT END AT ANGLE",,N,Clear or Partly Cloudy,Dry,Daylight,Y,12185005.0,,45.0,Vehicle - Pedalcyclist,10972,0,N,POINT (1275102.761270508 222380.5492717773),1831.0,0.0,Clear or Partly Cloudy
115737,131164,131164,3565850,Matched,Intersection,28425.0,MONTLAKE BLVD E AND MONTLAKE BV EB ON RP,,,2,Injury Collision,Cycles,2,0,1,1,1,0,0,2012-12-10T00:00:00.000Z,12/10/2012 6:32:00 PM,At Intersection (intersection related),18,"MOTOR VEHICLE STRUCK PEDALCYCLIST, FRONT END AT ANGLE",,N,Overcast,Dry,Dark - Street Lights On,,12345026.0,,45.0,Vehicle - Pedalcyclist,0,525577,N,,,,Overcast
115738,132440,132440,3564845,Matched,Intersection,23897.0,17TH AVE NW AND NW 75TH ST,,,2,Injury Collision,Cycles,3,0,1,1,1,0,0,2012-05-15T00:00:00.000Z,5/15/2012 8:26:00 AM,At Intersection (intersection related),11,"MOTOR VEHICLE STRUCK MOTOR VEHICLE, FRONT END AT ANGLE",,N,Clear or Partly Cloudy,Dry,Daylight,,12136029.0,,45.0,Vehicle - Pedalcyclist,0,0,N,POINT (1259729.208102763 253039.5905831605),10841.0,0.0,Clear or Partly Cloudy
115743,132152,132152,3211410,Matched,Block,,S HANFORD ST BETWEEN COLORADO AVE S AND UTAH AVE S,,,2,Injury Collision,Cycles,2,0,1,1,1,0,0,2012-10-23T00:00:00.000Z,10/23/2012 1:28:00 PM,Mid-Block (not related to intersection),51,PEDALCYCLIST STRUCK MOTOR VEHICLE FRONT END AT ANGLE,Y,N,Overcast,Dry,Daylight,,12297035.0,,45.0,Vehicle - Pedalcyclist,24661,0,N,POINT (1269544.790832818 213573.5931027532),20731.0,2.6617673865703282e-05,Overcast
115761,132015,132015,3562440,Matched,Block,,PIKE ST BETWEEN 5TH AVE AND 6TH AVE,,,2,Injury Collision,Cycles,2,0,1,1,1,0,0,2012-06-12T00:00:00.000Z,6/12/2012 7:37:00 PM,Mid-Block (not related to intersection),18,"MOTOR VEHICLE STRUCK PEDALCYCLIST, FRONT END AT ANGLE",,N,Clear or Partly Cloudy,Dry,Daylight,,12164020.0,,45.0,Vehicle - Pedalcyclist,21851,0,N,POINT (1270028.2396653 226454.6231959462),19017.0,2.982161336822212e-05,Clear or Partly Cloudy
115795,130755,130755,2617480,Matched,Block,,HARVARD AVE E BETWEEN E GWINN PL AND E ALLISON ST,,,2,Injury Collision,Cycles,2,0,1,1,1,0,0,2011-07-09T00:00:00.000Z,7/9/2011 5:49:00 PM,Mid-Block (not related to intersection),54,PEDALCYCLIST STRUCK MOTOR VEHICLE REAR END,,N,Clear or Partly Cloudy,Dry,Daylight,Y,11190008.0,,45.0,Vehicle - Pedalcyclist,6051,0,N,POINT (1273478.06277284 240017.4465058297),6412.0,2.8143054633193573e-05,Clear or Partly Cloudy
115798,130754,130754,3544908,Matched,Intersection,28681.0,ELLIOTT AVE W AND W GALER ST FLYOVER,,,1,Property Damage Only Collision,Cycles,2,0,1,1,0,0,0,2011-09-29T00:00:00.000Z,9/29/2011 5:47:00 AM,At Intersection (intersection related),18,"MOTOR VEHICLE STRUCK PEDALCYCLIST, FRONT END AT ANGLE",,N,Clear or Partly Cloudy,Dry,Dawn,Y,11272006.0,,45.0,Vehicle - Pedalcyclist,19264,0,N,POINT (1260401.805607453 234147.7006438226),17216.0,0.0,Clear or Partly Cloudy
115815,130886,130886,3466594,Matched,Intersection,27074.0,11TH AVE NE AND NE 43RD ST,,,2,Injury Collision,Cycles,2,0,1,1,1,0,0,2012-03-15T00:00:00.000Z,3/15/2012 6:40:00 AM,At Intersection (intersection related),18,"MOTOR VEHICLE STRUCK PEDALCYCLIST, FRONT END AT ANGLE",,N,Raining,Wet,Dark - Street Lights On,Y,12075022.0,,45.0,Vehicle - Pedalcyclist,31541,0,N,POINT (1274910.628406301 244210.6052301228),30.0,0.0,Raining
115816,130627,130627,3566094,Matched,Intersection,29734.0,BOYLSTON AVE AND E PINE ST,,,2,Injury Collision,Cycles,2,0,1,1,1,0,0,2011-06-20T00:00:00.000Z,6/20/2011 10:21:00 AM,At Intersection (intersection related),18,"MOTOR VEHICLE STRUCK PEDALCYCLIST, FRONT END AT ANGLE",,N,Clear or Partly Cloudy,Dry,Daylight,,11171017.0,,45.0,Vehicle - Pedalcyclist,10372,0,N,POINT (1272920.548660263 227975.5196454972),6198.0,0.0,Clear or Partly Cloudy
115820,131309,131309,3544960,Matched,Block,,N CANAL ST BETWEEN 1ST AVE NW AND PHINNEY AVE N,,,2,Injury Collision,Cycles,2,0,1,1,1,0,0,2012-11-08T00:00:00.000Z,11/8/2012 7:17:00 AM,Mid-Block (not related to intersection),18,"MOTOR VEHICLE STRUCK PEDALCYCLIST, FRONT END AT ANGLE",,N,Clear or Partly Cloudy,Dry,Daylight,,12313013.0,,45.0,Vehicle - Pedalcyclist,0,0,N,POINT (1265101.938348264 241267.7169711143),9087.0,3.447073719859124e-06,Clear or Partly Cloudy
115843,131316,131316,3544760,Matched,Block,,MERIDIAN AVE N BETWEEN N NORTHLAKE WAY AND N 34TH ST,,,2,Injury Collision,Cycles,3,0,1,1,1,0,0,2012-03-08T00:00:00.000Z,3/8/2012 8:20:00 AM,Mid-Block (not related to intersection),18,"MOTOR VEHICLE STRUCK PEDALCYCLIST, FRONT END AT ANGLE",,N,Overcast,Dry,Daylight,Y,12068020.0,,45.0,Vehicle - Pedalcyclist,0,0,N,POINT (1270559.229041845 239775.8079135865),17978.0,1.6341719992260715e-05,Overcast
115883,132156,132156,3560365,Matched,Intersection,30513.0,7TH AVE S AND S JACKSON ST,,,2,Injury Collision,Cycles,2,0,1,1,1,0,0,2012-05-20T00:00:00.000Z,5/20/2012 4:17:00 PM,At Intersection (intersection related),18,"MOTOR VEHICLE STRUCK PEDALCYCLIST, FRONT END AT ANGLE",,N,Raining,Wet,Daylight,Y,12141001.0,,45.0,Vehicle - Pedalcyclist,24453,0,N,POINT (1272724.717620075 222126.4531435072),559.0,0.0,Raining
115892,131880,131880,3380775,Matched,Block,,S CLOVERDALE ST BETWEEN 1ST AVE S AND CLOVERDALE ST OFF RP,,,2b,Serious Injury Collision,Cycles,3,0,1,1,1,1,0,2012-07-06T00:00:00.000Z,7/6/2012 8:28:00 AM,Mid-Block (but intersection related),54,PEDALCYCLIST STRUCK MOTOR VEHICLE REAR END,,N,Clear or Partly Cloudy,Dry,Daylight,,12188012.0,,45.0,Vehicle - Pedalcyclist,24938,0,N,POINT (1269832.374257103 195770.657660529),4438.0,2.0517966547326652e-05,Clear or Partly Cloudy
115932,131038,131038,3597175,Matched,Intersection,27130.0,ROOSEVELT WAY NE AND NE 40TH ALLEY ST,,,2,Injury Collision,Cycles,2,0,1,1,1,0,0,2012-10-02T00:00:00.000Z,10/2/2012 6:15:00 PM,At Intersection (intersection related),18,"MOTOR VEHICLE STRUCK PEDALCYCLIST, FRONT END AT ANGLE",,N,Clear or Partly Cloudy,Dry,Daylight,Y,12276001.0,,45.0,Vehicle - Pedalcyclist,11662,0,N,POINT (1274585.836853966 242927.3043648154),3740.0,0.0,Clear or Partly Cloudy
116009,132170,132170,3567809,Matched,Intersection,29737.0,NAGLE PL AND E PINE ST,,,2,Injury Collision,Cycles,3,0,1,1,1,0,0,2012-04-17T00:00:00.000Z,4/17/2012 5:27:00 PM,At Intersection (intersection related),18,"MOTOR VEHICLE STRUCK PEDALCYCLIST, FRONT END AT ANGLE",,N,Raining,Wet,Dark - No Street Lights,,12108005.0,Y,45.0,Vehicle - Pedalcyclist,0,0,N,POINT (1273758.874165133 227962.8476454914),3934.0,0.0,Raining
116042,132313,132313,3546891,Matched,Block,,DELRIDGE WAY SW BETWEEN SW EDMUNDS ST AND SW HUDSON ST,,,2,Injury Collision,Cycles,2,0,1,1,1,0,0,2012-03-27T00:00:00.000Z,3/27/2012 8:35:00 PM,Mid-Block (not related to intersection),18,"MOTOR VEHICLE STRUCK PEDALCYCLIST, FRONT END AT ANGLE",,N,Raining,Wet,Dark - Street Lights On,,12087028.0,,45.0,Vehicle - Pedalcyclist,22978,0,N,POINT (1262769.844009876 207430.3063124567),3474.0,2.1226053791528772e-10,Raining
116066,131191,131191,3553297,Matched,Block,,LINCOLN PARK WAY SW BETWEEN MURRAY AVE SW AND 47TH AVE SW,,,2,Injury Collision,Cycles,2,0,1,1,1,0,0,2012-12-30T00:00:00.000Z,12/30/2012 12:55:00 PM,Driveway Junction,18,"MOTOR VEHICLE STRUCK PEDALCYCLIST, FRONT END AT ANGLE",,N,Clear or Partly Cloudy,Dry,Daylight,Y,12365011.0,,45.0,Vehicle - Pedalcyclist,29430,0,N,POINT (1254956.671969876 200649.5572495162),19859.0,6.5985959517721705e-06,Clear or Partly Cloudy
116078,131188,131188,3467084,Matched,Block,,LAKE CITY WAY NE BETWEEN NE 85TH ST AND 20TH AVE NE,,,2,Injury Collision,Cycles,2,0,1,1,1,0,0,2012-12-27T00:00:00.000Z,12/27/2012 9:22:00 PM,Mid-Block (not related to intersection),21,"MOTOR VEHICLE STRUCK PEDALCYCLIST, REAR END",,N,Clear or Partly Cloudy,Wet,Dark - Street Lights On,,12362019.0,,45.0,Vehicle - Pedalcyclist,18066,0,N,POINT (1277370.494008824 255450.1694016308),785.0,7.536799969258313e-06,Clear or Partly Cloudy
116105,131045,131045,3551413,Matched,Intersection,25001.0,56TH AVE NE AND NE 70TH ST,,,2,Injury Collision,Cycles,2,0,1,1,1,0,0,2012-09-09T00:00:00.000Z,9/9/2012 5:46:00 PM,At Intersection (intersection related),18,"MOTOR VEHICLE STRUCK PEDALCYCLIST, FRONT END AT ANGLE",,N,Clear or Partly Cloudy,Dry,Daylight,Y,12253001.0,,45.0,Vehicle - Pedalcyclist,34997,0,N,POINT (1286997.842754677 251112.9563411921),3178.0,0.0,Clear or Partly Cloudy
116206,130528,130528,3568966,Matched,Intersection,27149.0,15TH AVE NE AND NE PACIFIC ST,,,2,Injury Collision,Cycles,2,0,1,1,1,0,0,2011-05-19T00:00:00.000Z,5/19/2011 3:05:00 PM,At Intersection (intersection related),18,"MOTOR VEHICLE STRUCK PEDALCYCLIST, FRONT END AT ANGLE",,N,Clear or Partly Cloudy,Dry,Daylight,Y,11139003.0,,45.0,Vehicle - Pedalcyclist,0,520838,N,POINT (1275885.728567302 241688.8779955506),1534.0,0.0,Clear or Partly Cloudy
116289,132047,132047,3504737,Matched,Intersection,287158.0,BROOKLYN AVE NE AND BURKE GILMAN TRL,,,2,Injury Collision,Cycles,2,0,1,1,1,0,0,2012-07-02T00:00:00.000Z,7/2/2012 4:35:00 PM,At Intersection (intersection related),51,PEDALCYCLIST STRUCK MOTOR VEHICLE FRONT END AT ANGLE,,N,Overcast,Dry,Daylight,,12184020.0,,45.0,Vehicle - Pedalcyclist,0,525567,N,POINT (1275399.661622807 242148.1143480092),2203.0,0.0,Overcast
116350,132647,132647,3503846,Matched,Intersection,30486.0,6TH AVE AND YESLER WAY,,,2,Injury Collision,Cycles,2,0,1,1,1,0,0,2012-12-19T00:00:00.000Z,12/19/2012 10:07:00 PM,At Intersection (intersection related),18,"MOTOR VEHICLE STRUCK PEDALCYCLIST, FRONT END AT ANGLE",,N,Raining,Wet,Dark - Street Lights On,Y,12354039.0,,45.0,Vehicle - Pedalcyclist,37254,0,N,POINT (1272101.018675432 223058.4262644649),540.0,0.0,Raining
116367,131069,131069,3295875,Matched,Intersection,34902.0,26TH AVE SW AND SW ROXBURY ST,,,2b,Serious Injury Collision,Cycles,2,0,1,1,1,1,0,2012-08-20T00:00:00.000Z,8/20/2012 11:40:00 AM,At Intersection (intersection related),51,PEDALCYCLIST STRUCK MOTOR VEHICLE FRONT END AT ANGLE,Y,N,Clear or Partly Cloudy,Dry,Daylight,Y,12233006.0,,45.0,Vehicle - Pedalcyclist,0,0,N,POINT (1261730.055208802 192489.6323771626),2659.0,0.0,Clear or Partly Cloudy
116418,131918,131918,3609266,Matched,Intersection,25786.0,7TH AVE NE AND NE 50TH ST,,,1,Property Damage Only Collision,Cycles,2,0,1,1,0,0,0,2012-12-04T00:00:00.000Z,12/4/2012 9:40:00 AM,At Intersection (intersection related),18,"MOTOR VEHICLE STRUCK PEDALCYCLIST, FRONT END AT ANGLE",,N,Overcast,Dry,Daylight,Y,12339001.0,,45.0,Vehicle - Pedalcyclist,0,522071,N,POINT (1273940.00901331 246097.7338080555),1409.0,0.0,Overcast
116461,130675,130675,3562461,Matched,Intersection,29920.0,BOREN AVE AND MADISON ST,,,2,Injury Collision,Cycles,3,0,1,1,1,0,0,2011-05-24T00:00:00.000Z,5/24/2011 8:00:00 PM,At Intersection (intersection related),51,PEDALCYCLIST STRUCK MOTOR VEHICLE FRONT END AT ANGLE,,N,Clear or Partly Cloudy,Dry,Daylight,,11144003.0,,45.0,Vehicle - Pedalcyclist,25201,0,N,POINT (1272453.844275787 225834.5358353108),3391.0,0.0,Clear or Partly Cloudy
116495,131217,131217,3593702,Matched,Intersection,30436.0,12TH AVE S AND S WELLER ST,,,2,Injury Collision,Left Turn,3,0,1,1,1,0,0,2012-11-28T00:00:00.000Z,11/28/2012 6:43:00 AM,At Intersection (intersection related),18,"MOTOR VEHICLE STRUCK PEDALCYCLIST, FRONT END AT ANGLE",,N,Overcast,Dry,Dark - Street Lights On,Y,12333026.0,,28.0,From opposite direction - one left turn - one straight,16233,0,N,POINT (1274321.9702297 221479.3706468493),9380.0,0.0,Overcast