OBJECTID,INCKEY,COLDETKEY,REPORTNO,STATUS,ADDRTYPE,INTKEY,LOCATION,EXCEPTRSNC,EXCEPTRSND,SEVERITYCO,SEVERITYDE,COLLISIONT,PERSONCOUN,PEDCOUNT,PEDCYLCOUN,VEHCOUNT,INJURIES,SERIOUSINJ,FATALITIES,INCDATE,INCDTTM,JUNCTIONTY,SDOT_COLCO,SDOT_COLDE,INATTENTIO,UNDERINFL,WEATHER,ROADCOND,LIGHTCOND,PEDROWNOTG,SDOTCOLNUM,SPEEDING,ST_COLCODE,ST_COLDESC,SEGLANEKEY,CROSSWALKK,HITPARKEDC,geometry,near_str_index,min_length,weather_group
121474,136221,136221,3599233,Matched,Intersection,29577.0,5TH AVE AND PINE ST,,,2,Injury Collision,Cycles,2,0,1,1,1,0,0,2012-04-12T00:00:00.000Z,4/12/2012 8:08:00 PM,At Intersection (intersection related),18,"MOTOR VEHICLE STRUCK PEDALCYCLIST, FRONT END AT ANGLE",,N,Clear or Partly Cloudy,Dry,Dusk,,12103020.0,,45.0,Vehicle - Pedalcyclist,21833,0,N,POINT (1269672.542256936 226740.2000922412),482.0,0.0,Clear or Partly Cloudy
121476,136220,136220,3554516,Matched,Intersection,26007.0,20TH AVE NE AND NE RAVENNA EB BV,,,2,Injury Collision,Cycles,2,0,1,1,1,0,0,2012-04-12T00:00:00.000Z,4/12/2012 7:52:00 AM,At Intersection (intersection related),18,"MOTOR VEHICLE STRUCK PEDALCYCLIST, FRONT END AT ANGLE",,N,Clear or Partly Cloudy,Dry,Daylight,Y,12103002.0,,45.0,Vehicle - Pedalcyclist,32743,0,N,POINT (1277470.848312929 247569.5105775595),151.0,0.0,Clear or Partly Cloudy
121484,135929,135929,3552873,Matched,Intersection,165916.0,4TH AVE NW AND NW 100TH ST,,,1,Property Damage Only Collision,Cycles,2,0,1,1,0,0,0,2012-05-14T00:00:00.000Z,5/14/2012 7:23:00 AM,At Intersection (intersection related),51,PEDALCYCLIST STRUCK MOTOR VEHICLE FRONT END AT ANGLE,,N,Clear or Partly Cloudy,Dry,Daylight,,12135015.0,,45.0,Vehicle - Pedalcyclist,0,0,N,POINT (1264014.649387151 259621.8656619042),8238.0,0.0,Clear or Partly Cloudy
121501,137078,137078,3597389,Matched,Intersection,24611.0,WOODLAWN AVE NE AND NE RAVENNA WB BV,,,2,Injury Collision,Cycles,2,0,1,1,1,0,0,2012-09-19T00:00:00.000Z,9/19/2012 6:14:00 PM,At Intersection (intersection related),18,"MOTOR VEHICLE STRUCK PEDALCYCLIST, FRONT END AT ANGLE",Y,N,Clear or Partly Cloudy,Dry,Daylight,,12263007.0,,45.0,Vehicle - Pedalcyclist,10559,0,N,POINT (1273023.108148366 251248.747701332),1459.0,0.0,Clear or Partly Cloudy
121543,136647,136647,3476185,Matched,Intersection,29054.0,11TH AVE E AND E JOHN ST,,,2,Injury Collision,Cycles,2,0,1,1,1,0,0,2012-10-17T00:00:00.000Z,10/17/2012 8:25:00 PM,At Intersection (intersection related),51,PEDALCYCLIST STRUCK MOTOR VEHICLE FRONT END AT ANGLE,,N,Clear or Partly Cloudy,Dry,Dark - Street Lights On,,12291007.0,,45.0,Vehicle - Pedalcyclist,35222,0,N,POINT (1274231.354165614 229663.4530872256),10807.0,0.0,Clear or Partly Cloudy
121557,135501,135501,3553587,Matched,Intersection,31997.0,44TH AVE SW AND SW OREGON ST,,,2,Injury Collision,Cycles,2,0,1,1,1,0,0,2012-04-25T00:00:00.000Z,4/25/2012 7:57:00 AM,At Intersection (intersection related),18,"MOTOR VEHICLE STRUCK PEDALCYCLIST, FRONT END AT ANGLE",,N,Overcast,Wet,Daylight,,12116005.0,,45.0,Vehicle - Pedalcyclist,0,0,N,POINT (1256577.296419531 209223.6092263013),2033.0,0.0,Overcast
121578,135357,135357,3599083,Matched,Intersection,29505.0,BOREN AVE AND DENNY WAY,,,1,Property Damage Only Collision,Cycles,2,0,1,1,0,0,0,2012-10-21T00:00:00.000Z,10/21/2012 4:52:00 AM,At Intersection (intersection related),11,"MOTOR VEHICLE STRUCK MOTOR VEHICLE, FRONT END AT ANGLE",,Y,Overcast,Wet,Dark - Street Lights On,Y,12295004.0,,45.0,Vehicle - Pedalcyclist,23511,0,N,POINT (1270008.190257281 229232.6268467903),3481.0,0.0,Overcast
121614,136233,136233,3554265,Matched,Intersection,25730.0,ROOSEVELT WAY NE AND NE RAVENNA EB BV,,,1,Property Damage Only Collision,Cycles,2,0,1,1,0,0,0,2012-09-19T00:00:00.000Z,9/19/2012 9:52:00 AM,At Intersection (intersection related),51,PEDALCYCLIST STRUCK MOTOR VEHICLE FRONT END AT ANGLE,,N,Clear or Partly Cloudy,Dry,Daylight,,12263019.0,,45.0,Vehicle - Pedalcyclist,13419,0,N,POINT (1274812.355382204 248655.585458681),936.0,0.0,Clear or Partly Cloudy
121616,136232,136232,3549194,Matched,Block,,EASTLAKE AVE E BETWEEN PROSPECT ST AND E NELSON PL,,,2b,Serious Injury Collision,Cycles,2,0,1,1,1,1,0,2012-09-17T00:00:00.000Z,9/17/2012 8:58:00 AM,Mid-Block (not related to intersection),56,PEDALCYCLIST STRUCK MOTOR VEHICLE LEFT SIDE SIDESWIPE,,N,Clear or Partly Cloudy,Dry,Daylight,,12261017.0,,45.0,Vehicle - Pedalcyclist,11622,0,N,POINT (1271741.66072306 233260.7382109165),18550.0,3.084540861953878e-05,Clear or Partly Cloudy
121625,136651,136651,3504815,Matched,Intersection,26908.0,WOODLAWN AVE N AND N 34TH ST,,,2b,Serious Injury Collision,Cycles,2,0,1,1,1,1,0,2012-10-23T00:00:00.000Z,10/23/2012 6:05:00 AM,At Intersection (intersection related),18,"MOTOR VEHICLE STRUCK PEDALCYCLIST, FRONT END AT ANGLE",,N,Clear or Partly Cloudy,Dry,Dark - Street Lights On,,12297003.0,,45.0,Vehicle - Pedalcyclist,8886,0,N,POINT (1269376.371248633 240020.8278178424),3840.0,0.0,Clear or Partly Cloudy
121626,136226,136226,3560917,Matched,Intersection,30506.0,2ND AVE S AND S JACKSON ST,,,1,Property Damage Only Collision,Cycles,2,0,1,1,0,0,0,2012-01-11T00:00:00.000Z,1/11/2012 6:06:00 PM,At Intersection (intersection related),18,"MOTOR VEHICLE STRUCK PEDALCYCLIST, FRONT END AT ANGLE",,N,Clear or Partly Cloudy,Dry,Dark - Street Lights On,Y,12011005.0,,45.0,Vehicle - Pedalcyclist,0,521138,N,POINT (1270793.938226089 222168.3961835504),5222.0,0.0,Clear or Partly Cloudy
121705,135510,135510,3208425,Matched,Block,,2ND AVE BETWEEN BATTERY ST AND WALL ST,,,2,Injury Collision,Cycles,2,0,1,1,1,0,0,2012-07-12T00:00:00.000Z,7/12/2012 10:50:00 AM,Mid-Block (not related to intersection),56,PEDALCYCLIST STRUCK MOTOR VEHICLE LEFT SIDE SIDESWIPE,,N,Clear or Partly Cloudy,Dry,Daylight,,12194026.0,,45.0,Vehicle - Pedalcyclist,12249,0,N,POINT (1266999.97867021 228037.74902156),17678.0,0.0,Clear or Partly Cloudy
121710,135661,135661,3561815,Matched,Intersection,26617.0,BAKER AVE NW AND NW 44TH ST,,,2,Injury Collision,Cycles,2,0,1,1,1,0,0,2012-07-12T00:00:00.000Z,7/12/2012 4:07:00 PM,At Intersection (intersection related),18,"MOTOR VEHICLE STRUCK PEDALCYCLIST, FRONT END AT ANGLE",,N,Clear or Partly Cloudy,Dry,Daylight,Y,12194022.0,,45.0,Vehicle - Pedalcyclist,0,0,N,POINT (1264327.655979469 244554.9323984832),8737.0,0.0,Clear or Partly Cloudy
121784,136521,136521,3507809,Matched,Block,,AURORA AVE N BETWEEN N 117TH PL AND N 125TH ST,,,2,Injury Collision,Cycles,2,0,1,1,1,0,0,2012-12-04T00:00:00.000Z,12/4/2012 9:53:00 PM,Mid-Block (not related to intersection),51,PEDALCYCLIST STRUCK MOTOR VEHICLE FRONT END AT ANGLE,,N,Raining,Wet,Dark - Street Lights On,,12339020.0,,45.0,Vehicle - Pedalcyclist,15052,0,N,POINT (1268353.833967596 265256.6096676737),23335.0,2.4171703300871364e-05,Raining
121797,137233,137233,3567519,Matched,Intersection,29434.0,32ND AVE E AND E MADISON ST,,,2,Injury Collision,Cycles,2,0,1,1,1,0,0,2012-10-07T00:00:00.000Z,10/7/2012 8:35:00 PM,At Intersection (intersection related),51,PEDALCYCLIST STRUCK MOTOR VEHICLE FRONT END AT ANGLE,,N,Clear or Partly Cloudy,Dry,Dark - Street Lights On,Y,12281001.0,,45.0,Vehicle - Pedalcyclist,34508,0,N,POINT (1281013.139004558 232128.6872657537),13350.0,0.0,Clear or Partly Cloudy
121804,137230,137230,3502430,Matched,Intersection,31517.0,RAINIER AVE S AND S MASSACHUSETTS ST,,,2b,Serious Injury Collision,Cycles,2,0,1,1,1,1,0,2012-11-29T00:00:00.000Z,11/29/2012 6:03:00 PM,At Intersection (intersection related),51,PEDALCYCLIST STRUCK MOTOR VEHICLE FRONT END AT ANGLE,,N,Overcast,Wet,Dark - Street Lights On,,12334007.0,,45.0,Vehicle - Pedalcyclist,0,524935,N,POINT (1277070.548280522 218110.6185154021),13469.0,0.0,Overcast
121830,135516,135516,3613434,Matched,Block,,34TH AVE SW BETWEEN SW JUNEAU ST AND SW RAYMOND ST,,,1,Property Damage Only Collision,Cycles,2,0,1,1,0,0,0,2012-09-14T00:00:00.000Z,9/14/2012 5:24:00 AM,Mid-Block (not related to intersection),16,"MOTOR VEHICLE STRUCK MOTOR VEHICLE, LEFT SIDE SIDESWIPE",,N,Clear or Partly Cloudy,Dry,Dark - Street Lights On,,12258020.0,,45.0,Vehicle - Pedalcyclist,0,0,N,POINT (1259716.70224674 204154.5739571154),5593.0,7.679885730247854e-09,Clear or Partly Cloudy
121871,136242,136242,3502127,Matched,Intersection,29530.0,6TH AVE AND BELL ST,,,2,Injury Collision,Cycles,2,0,1,1,1,0,0,2012-10-05T00:00:00.000Z,10/5/2012 6:30:00 PM,At Intersection (intersection related),18,"MOTOR VEHICLE STRUCK PEDALCYCLIST, FRONT END AT ANGLE",,N,Clear or Partly Cloudy,Dry,Dusk,Y,12279015.0,,45.0,Vehicle - Pedalcyclist,0,521733,N,POINT (1268295.29297553 228600.9017901421),3201.0,0.0,Clear or Partly Cloudy
121887,136530,136530,3561513,Matched,Block,,S JACKSON ST BETWEEN ALASKAN E RDWY WAY S AND 1ST AVE S,,,2,Injury Collision,Cycles,2,0,1,1,1,0,0,2012-06-14T00:00:00.000Z,6/14/2012 7:22:00 PM,Mid-Block (not related to intersection),54,PEDALCYCLIST STRUCK MOTOR VEHICLE REAR END,,N,Clear or Partly Cloudy,Dry,Daylight,,12166003.0,,45.0,Vehicle - Pedalcyclist,4841,0,N,POINT (1269995.711537272 222185.8174315691),1802.0,7.537999579981641e-06,Clear or Partly Cloudy
121992,138242,138242,3599210,Matched,Intersection,29622.0,1ST AVE AND MARION ST,,,2,Injury Collision,Cycles,2,1,1,0,1,0,0,2012-09-17T00:00:00.000Z,9/17/2012 7:27:00 AM,At Intersection (intersection related),64,PEDALCYCLIST STRUCK PEDESTRIAN,,N,Clear or Partly Cloudy,Dry,Daylight,,12261012.0,,45.0,Vehicle - Pedalcyclist,36808,521096,N,POINT (1269839.126065105 223931.4512893558),835.0,0.0,Clear or Partly Cloudy
122018,137818,137818,3554004,Matched,Intersection,35829.0,LINDEN AVE N AND N 128TH ST,,,2,Injury Collision,Cycles,2,0,1,1,1,0,0,2012-03-27T00:00:00.000Z,3/27/2012 3:07:00 PM,At Intersection (intersection related),51,PEDALCYCLIST STRUCK MOTOR VEHICLE FRONT END AT ANGLE,,N,Overcast,Dry,Daylight,Y,12087011.0,,45.0,Vehicle - Pedalcyclist,0,0,N,POINT (1267546.512686759 267146.3722936064),6994.0,0.0,Overcast
122203,139107,139107,3503565,Matched,Intersection,37349.0,WALLINGFORD AVE N AND N 90TH ST,,,1,Property Damage Only Collision,Cycles,2,0,1,1,0,0,0,2012-06-26T00:00:00.000Z,6/26/2012 10:55:00 AM,At Intersection (intersection related),18,"MOTOR VEHICLE STRUCK PEDALCYCLIST, FRONT END AT ANGLE",,N,Raining,Wet,Daylight,Y,12178006.0,,45.0,Vehicle - Pedalcyclist,27653,0,N,POINT (1270261.079601541 256815.8959950358),3814.0,0.0,Raining
122206,139105,139105,3599183,Matched,Block,,ELLIOTT AVE BETWEEN BAY ST AND W DENNY WAY,,,1,Property Damage Only Collision,Cycles,2,0,1,1,0,0,0,2012-06-22T00:00:00.000Z,6/22/2012 6:15:00 PM,Mid-Block (but intersection related),23,"MOTOR VEHICLE STRUCK PEDALCYCLIST, LEFT SIDE SIDESWIPE",,N,Raining,Wet,Daylight,Y,12174012.0,,45.0,Vehicle - Pedalcyclist,19064,0,N,POINT (1264518.72407566 229132.4049586803),17159.0,1.4107485912097428e-05,Raining
122229,138962,138962,3504054,Matched,Intersection,29082.0,FAIRVIEW AVE E AND FAIRVIEW AVE N,,,2b,Serious Injury Collision,Cycles,2,0,1,1,1,1,0,2012-02-29T00:00:00.000Z,2/29/2012 7:51:00 AM,At Intersection (intersection related),18,"MOTOR VEHICLE STRUCK PEDALCYCLIST, FRONT END AT ANGLE",,N,Overcast,Wet,Daylight,Y,12060004.0,,45.0,Vehicle - Pedalcyclist,25382,0,N,POINT (1272182.856499508 234073.3730917424),15946.0,0.0,Overcast
122256,137837,137837,3200350,Matched,Intersection,30480.0,3RD AVE AND JAMES ST,,,2,Injury Collision,Cycles,2,0,1,1,1,0,0,2012-08-08T00:00:00.000Z,8/8/2012 9:51:00 AM,Mid-Block (not related to intersection),0,NOT ENOUGH INFORMATION / NOT APPLICABLE,,N,Clear or Partly Cloudy,Dry,Daylight,Y,12221009.0,,45.0,Vehicle - Pedalcyclist,24810,0,N,POINT (1270861.001522154 223468.9616888911),261.0,0.0,Clear or Partly Cloudy
122280,138268,138268,3554174,Matched,Intersection,25447.0,15TH AVE NW AND BALLARD BR,,,2,Injury Collision,Cycles,2,0,1,1,1,0,0,2012-09-11T00:00:00.000Z,9/11/2012 5:29:00 PM,At Intersection (intersection related),18,"MOTOR VEHICLE STRUCK PEDALCYCLIST, FRONT END AT ANGLE",,N,Clear or Partly Cloudy,Dry,Daylight,Y,12255013.0,,45.0,Vehicle - Pedalcyclist,18258,0,N,POINT (1260263.429671302 246400.6092003733),1573.0,0.0,Clear or Partly Cloudy
122331,138684,138684,3502333,Matched,Intersection,31285.0,15TH AVE S AND S COLLEGE ST,,,2,Injury Collision,Cycles,2,0,1,1,1,0,0,2012-11-29T00:00:00.000Z,11/29/2012 9:19:00 PM,At Intersection (intersection related),18,"MOTOR VEHICLE STRUCK PEDALCYCLIST, FRONT END AT ANGLE",Y,N,Overcast,Wet,Dark - Street Lights On,,12334006.0,Y,45.0,Vehicle - Pedalcyclist,14060,0,N,POINT (1275165.488950565 216166.6200494021),86.0,0.0,Overcast
122406,137407,137407,3503560,Matched,Block,,ELLIOTT AVE W BETWEEN W LEE ST AND W GALER ST FLYOVER,,,2,Injury Collision,Cycles,2,0,1,1,1,0,0,2012-05-10T00:00:00.000Z,5/10/2012 11:55:00 AM,Driveway Junction,18,"MOTOR VEHICLE STRUCK PEDALCYCLIST, FRONT END AT ANGLE",,N,Clear or Partly Cloudy,Dry,Daylight,Y,12131013.0,,45.0,Vehicle - Pedalcyclist,19264,0,N,POINT (1260581.937639639 233927.8494435996),19801.0,3.312006705862072e-05,Clear or Partly Cloudy
122443,137982,137982,3504418,Matched,Block,,NW 80TH ST BETWEEN 21ST AVE NW AND 22ND AVE NW,,,2,Injury Collision,Cycles,2,0,1,1,1,0,0,2012-11-28T00:00:00.000Z,11/28/2012 8:46:00 AM,Mid-Block (not related to intersection),51,PEDALCYCLIST STRUCK MOTOR VEHICLE FRONT END AT ANGLE,,N,Overcast,Dry,Daylight,,12333007.0,,45.0,Vehicle - Pedalcyclist,0,0,N,POINT (1258558.588773564 254381.3178805411),11411.0,1.1791978321500952e-05,Overcast
122478,138975,138975,3599218,Matched,Intersection,30355.0,2ND AVE AND CHERRY ST,,,2,Injury Collision,Cycles,2,0,1,1,1,0,0,2012-09-19T00:00:00.000Z,9/19/2012 12:09:00 PM,At Intersection (intersection related),18,"MOTOR VEHICLE STRUCK PEDALCYCLIST, FRONT END AT ANGLE",,N,Clear or Partly Cloudy,Dry,Daylight,Y,12263008.0,,45.0,Vehicle - Pedalcyclist,12035,0,N,POINT (1270427.74891372 223568.6895609945),2488.0,0.0,Clear or Partly Cloudy
122496,139401,139401,3549476,Matched,Block,,DEXTER AVE N BETWEEN GALER ST AND GARFIELD S ST,,,2,Injury Collision,Cycles,2,0,1,1,1,0,0,2012-06-07T00:00:00.000Z,6/7/2012 9:03:00 AM,Driveway Junction,51,PEDALCYCLIST STRUCK MOTOR VEHICLE FRONT END AT ANGLE,,N,Raining,Wet,Daylight,Y,12159016.0,,45.0,Vehicle - Pedalcyclist,12954,0,N,POINT (1268392.727471635 234418.6114920974),697.0,0.0,Raining
122498,137413,137413,3562112,Matched,Block,,COLLEGE WAY N BETWEEN N 100TH ST AND MERIDIAN AVE N,,,2b,Serious Injury Collision,Cycles,1,0,1,0,1,1,0,2012-02-23T00:00:00.000Z,2/23/2012 3:28:00 PM,Mid-Block (not related to intersection),69,PEDALCYCLIST OVERTURNED IN ROAD,,N,Overcast,Dry,Daylight,,12054013.0,,45.0,Vehicle - Pedalcyclist,29089,0,N,POINT (1270800.86014609 259793.9951340854),6248.0,3.4302094845237625e-05,Overcast
122510,139261,139261,3613035,Matched,Block,,NW 46TH ST BETWEEN 14TH AVE NW AND 15TH NB AVE NW,,,1,Property Damage Only Collision,Cycles,2,0,1,1,0,0,0,2012-08-02T00:00:00.000Z,8/2/2012 5:51:00 PM,Driveway Junction,51,PEDALCYCLIST STRUCK MOTOR VEHICLE FRONT END AT ANGLE,,N,Clear or Partly Cloudy,Dry,Daylight,,12215023.0,,45.0,Vehicle - Pedalcyclist,0,0,N,POINT (1260580.320487633 245355.8702553064),7457.0,1.211697633807166e-05,Clear or Partly Cloudy
122577,138137,138137,3466760,Matched,Intersection,26842.0,WALLINGFORD AVE N AND N 40TH ST,,,2,Injury Collision,Cycles,1,0,1,0,1,0,0,2012-05-25T00:00:00.000Z,5/25/2012 11:25:00 PM,At Intersection (intersection related),69,PEDALCYCLIST OVERTURNED IN ROAD,,Y,Clear or Partly Cloudy,Dry,Dark - Street Lights On,,12146009.0,,45.0,Vehicle - Pedalcyclist,6201,0,N,POINT (1270041.753649324 242777.2292286605),1238.0,0.0,Clear or Partly Cloudy
122594,139134,139134,3554346,Matched,Intersection,37935.0,35TH AVE NE AND NE 89TH ST,,,2,Injury Collision,Cycles,2,0,1,1,1,0,0,2012-07-19T00:00:00.000Z,7/19/2012 7:30:00 AM,At Intersection (intersection related),18,"MOTOR VEHICLE STRUCK PEDALCYCLIST, FRONT END AT ANGLE",,N,Clear or Partly Cloudy,Dry,Daylight,Y,12201004.0,,45.0,Vehicle - Pedalcyclist,4274,0,N,POINT (1281540.655933097 256218.5481544286),4255.0,0.0,Clear or Partly Cloudy
122604,139129,139129,3504573,Matched,Block,,UNIVERSITY WAY NE BETWEEN NE 52ND ST AND NE 55TH ST,,,2,Injury Collision,Cycles,2,0,1,1,1,0,0,2012-08-25T00:00:00.000Z,8/25/2012 4:29:00 PM,Mid-Block (not related to intersection),18,"MOTOR VEHICLE STRUCK PEDALCYCLIST, FRONT END AT ANGLE",,N,Clear or Partly Cloudy,Dry,Daylight,,12238032.0,,45.0,Vehicle - Pedalcyclist,5597,0,N,POINT (1275847.037559271 246984.8828009665),23173.0,1.2508808248239295e-05,Clear or Partly Cloudy
122666,137715,137715,3549614,Matched,Intersection,28077.0,QUEEN ANNE DR AND WARREN AVE N,,,2,Injury Collision,Cycles,2,0,1,1,1,0,0,2012-07-18T00:00:00.000Z,7/18/2012 12:06:00 PM,At Intersection (intersection related),11,"MOTOR VEHICLE STRUCK MOTOR VEHICLE, FRONT END AT ANGLE",,N,Clear or Partly Cloudy,Dry,Daylight,,12200006.0,,45.0,Vehicle - Pedalcyclist,0,0,N,POINT (1265453.968172625 237835.5542155951),906.0,0.0,Clear or Partly Cloudy
122667,137714,137714,3377819,Matched,Block,,YESLER WAY BETWEEN WESTERN AVE AND POST AVE,,,2,Injury Collision,Cycles,3,0,1,1,1,0,0,2012-09-14T00:00:00.000Z,9/14/2012 4:38:00 PM,Mid-Block (not related to intersection),22,"MOTOR VEHICLE STRUCK PEDALCYCLIST, RIGHT SIDE SIDESWIPE",Y,N,Clear or Partly Cloudy,Dry,Dusk,,12258013.0,,45.0,Vehicle - Pedalcyclist,9881,0,N,POINT (1269914.27608119 223105.6534005105),6797.0,9.596191992699627e-06,Clear or Partly Cloudy
122696,138707,138707,3596953,Matched,Block,,GREENWOOD AVE N BETWEEN N 83RD ST AND N 84TH ST,,,2,Injury Collision,Cycles,2,0,1,1,1,0,0,2012-04-06T00:00:00.000Z,4/6/2012 4:27:00 PM,Mid-Block (not related to intersection),56,PEDALCYCLIST STRUCK MOTOR VEHICLE LEFT SIDE SIDESWIPE,,N,Clear or Partly Cloudy,Dry,Daylight,,12097014.0,,45.0,Vehicle - Pedalcyclist,4540,0,N,POINT (1265593.187180758 255205.3560253829),12588.0,2.523854817877131e-05,Clear or Partly Cloudy
122740,139274,139274,3503251,Matched,Intersection,25949.0,25TH AVE NE AND NE BLAKELEY ST,,,2,Injury Collision,Cycles,2,0,1,1,1,0,0,2012-12-29T00:00:00.000Z,12/29/2012 11:28:00 AM,At Intersection (intersection related),31,DRIVERLESS VEHICLE STRUCK MOTOR VEHICLE FRONT END AT ANGLE,,N,Raining,Wet,Daylight,,12364002.0,,45.0,Vehicle - Pedalcyclist,0,521604,N,POINT (1278900.484922394 246480.058544457),210.0,0.0,Raining
122775,137290,137290,3551782,Matched,Block,,12TH AVE BETWEEN E MADISON ST AND E PIKE ST,,,2,Injury Collision,Cycles,4,1,1,1,2,0,0,2012-02-17T00:00:00.000Z,2/17/2012 5:59:00 PM,Mid-Block (not related to intersection),64,PEDALCYCLIST STRUCK PEDESTRIAN,,N,Raining,Wet,Dark - Street Lights On,Y,12048015.0,,45.0,Vehicle - Pedalcyclist,10782,0,N,POINT (1274543.503669932 227311.3066528141),39.0,2.808636349384009e-10,Raining
122803,137431,137431,3547115,Matched,Intersection,32133.0,30TH AVE SW AND SW AVALON WAY,,,2,Injury Collision,Cycles,2,0,1,1,1,0,0,2012-11-20T00:00:00.000Z,11/20/2012 7:52:00 AM,At Intersection (intersection related),18,"MOTOR VEHICLE STRUCK PEDALCYCLIST, FRONT END AT ANGLE",,N,Overcast,Wet,Daylight,,12325016.0,,45.0,Vehicle - Pedalcyclist,3490,0,N,POINT (1260897.408039957 210837.7642359585),2765.0,0.0,Overcast
122827,138156,138156,3504711,Matched,Intersection,24488.0,ROOSEVELT WAY NE AND NE 67TH ST,,,2,Injury Collision,Cycles,2,0,1,1,1,0,0,2012-05-11T00:00:00.000Z,5/11/2012 6:24:00 PM,At Intersection (intersection related),18,"MOTOR VEHICLE STRUCK PEDALCYCLIST, FRONT END AT ANGLE",,N,Clear or Partly Cloudy,Dry,Daylight,,12132022.0,,45.0,Vehicle - Pedalcyclist,9400,0,N,POINT (1274844.537398234 250577.0643726438),1454.0,0.0,Clear or Partly Cloudy
122846,138014,138014,3504629,Matched,Intersection,24276.0,AURORA AVE N AND GREEN LAKE DR N,,,2,Injury Collision,Cycles,2,0,1,1,1,0,0,2012-07-05T00:00:00.000Z,7/5/2012 6:57:00 AM,At Intersection (intersection related),18,"MOTOR VEHICLE STRUCK PEDALCYCLIST, FRONT END AT ANGLE",,N,Clear or Partly Cloudy,Dry,Daylight,,12187007.0,,45.0,Vehicle - Pedalcyclist,10506,0,N,POINT (1268246.782511488 255021.2704571933),7112.0,0.0,Clear or Partly Cloudy
122882,139143,139143,3545875,Matched,Block,,S COLUMBIAN WAY BETWEEN 16TH AVE S AND VETRN HOSPITAL DR,,,2,Injury Collision,Cycles,3,0,1,1,1,0,0,2012-09-21T00:00:00.000Z,9/21/2012 7:26:00 AM,Driveway Junction,54,PEDALCYCLIST STRUCK MOTOR VEHICLE REAR END,,N,Clear or Partly Cloudy,Dry,Daylight,,12265021.0,,45.0,Vehicle - Pedalcyclist,15819,0,N,POINT (1275389.329206795 208733.9296098053),21154.0,3.0441409425987317e-05,Clear or Partly Cloudy
122955,137445,137445,3549554,Matched,Intersection,28913.0,MERCER ST AND TAYLOR AVE N,,,2,Injury Collision,Cycles,2,0,1,1,1,0,0,2012-05-29T00:00:00.000Z,5/29/2012 2:17:00 PM,At Intersection (intersection related),24,MOTOR VEHCILE STRUCK PEDESTRIAN,,N,Clear or Partly Cloudy,Dry,Daylight,Y,12150010.0,,45.0,Vehicle - Pedalcyclist,0,630861,N,POINT (1267352.501806572 231486.9510730952),6529.0,0.0,Clear or Partly Cloudy
123045,139435,139435,3507802,Matched,Block,,N 135TH ST BETWEEN LINDEN AVE N AND AURORA AVE N,,,2,Injury Collision,Cycles,5,0,1,1,1,0,0,2012-09-24T00:00:00.000Z,9/24/2012 8:57:00 PM,Driveway Junction,51,PEDALCYCLIST STRUCK MOTOR VEHICLE FRONT END AT ANGLE,Y,N,Clear or Partly Cloudy,Dry,Dark - Street Lights On,,12268018.0,,45.0,Vehicle - Pedalcyclist,0,0,N,POINT (1268061.715311289 268796.708999306),12722.0,2.1714032085069738e-05,Clear or Partly Cloudy
123056,137448,137448,3566260,Matched,Block,,15TH NB AVE NW BETWEEN NW 46TH ST AND NW BALLARD WAY,,,2,Injury Collision,Cycles,1,0,1,0,1,0,0,2012-05-11T00:00:00.000Z,5/11/2012 11:55:00 PM,Mid-Block (not related to intersection),66,PEDALCYCLIST STRUCK OBJECT IN ROAD,,N,Clear or Partly Cloudy,Ice,Dark - Street Lights On,,12132019.0,,45.0,Vehicle - Pedalcyclist,0,0,N,POINT (1260271.600743309 245494.7085914463),10119.0,1.5405594429639208e-05,Clear or Partly Cloudy
123083,137456,137456,3561064,Matched,Block,,2ND AVE BETWEEN UNION ST AND PIKE ST,,,1,Property Damage Only Collision,Cycles,2,0,1,1,0,0,0,2012-04-23T00:00:00.000Z,4/23/2012 4:21:00 PM,Mid-Block (not related to intersection),54,PEDALCYCLIST STRUCK MOTOR VEHICLE REAR END,,N,Clear or Partly Cloudy,Dry,Daylight,,12114009.0,,45.0,Vehicle - Pedalcyclist,12168,0,N,POINT (1269167.241392419 225698.1291791648),135.0,1.0206619767903732e-08,Clear or Partly Cloudy
123093,138031,138031,3617675,Matched,Intersection,35443.0,RAINIER AVE S AND S HENDERSON ST,,,2,Injury Collision,Cycles,3,0,2,1,2,0,0,2012-07-14T00:00:00.000Z,7/14/2012 8:00:00 PM,At Intersection (intersection related),18,"MOTOR VEHICLE STRUCK PEDALCYCLIST, FRONT END AT ANGLE",,N,Clear or Partly Cloudy,Dry,Daylight,Y,12196006.0,,45.0,Vehicle - Pedalcyclist,0,525149,N,POINT (1285470.263617113 194200.1793229133),1776.0,0.0,Clear or Partly Cloudy
123096,138318,138318,2792689,Matched,Intersection,36419.0,GREENWOOD AVE N AND HOLMAN RD N,,,2b,Serious Injury Collision,Cycles,2,0,1,1,1,1,0,2012-08-21T00:00:00.000Z,8/21/2012 1:42:00 PM,At Intersection (intersection related),18,"MOTOR VEHICLE STRUCK PEDALCYCLIST, FRONT END AT ANGLE",,N,Clear or Partly Cloudy,Dry,Daylight,,12234010.0,,45.0,Vehicle - Pedalcyclist,0,522663,N,POINT (1265668.489516839 260898.8218232095),1190.0,0.0,Clear or Partly Cloudy