OBJECTID,INCKEY,COLDETKEY,REPORTNO,STATUS,ADDRTYPE,INTKEY,LOCATION,EXCEPTRSNC,EXCEPTRSND,SEVERITYCO,SEVERITYDE,COLLISIONT,PERSONCOUN,PEDCOUNT,PEDCYLCOUN,VEHCOUNT,INJURIES,SERIOUSINJ,FATALITIES,INCDATE,INCDTTM,JUNCTIONTY,SDOT_COLCO,SDOT_COLDE,INATTENTIO,UNDERINFL,WEATHER,ROADCOND,LIGHTCOND,PEDROWNOTG,SDOTCOLNUM,SPEEDING,ST_COLCODE,ST_COLDESC,SEGLANEKEY,CROSSWALKK,HITPARKEDC,geometry,near_str_index,min_length,weather_group
123101,138027,138027,3476183,Matched,Intersection,28278.0,BOYLSTON AVE E AND LAKEVIEW S BV E,,,2,Injury Collision,Cycles,2,0,1,1,1,0,0,2012-10-16T00:00:00.000Z,10/16/2012 10:07:00 PM,At Intersection (intersection related),51,PEDALCYCLIST STRUCK MOTOR VEHICLE FRONT END AT ANGLE,,N,Clear or Partly Cloudy,Dry,Dark - No Street Lights,,12290032.0,,45.0,Vehicle - Pedalcyclist,8257,0,N,POINT (1273239.505972594 234480.7297641635),8835.0,0.0,Clear or Partly Cloudy
123108,138313,138313,3544946,Matched,Block,,EASTLAKE AVE E BETWEEN HARVARD AVE E AND FUHRMAN AVE E,,,2,Injury Collision,Cycles,2,0,1,1,1,0,0,2012-08-16T00:00:00.000Z,8/16/2012 11:26:00 AM,Driveway Junction,18,"MOTOR VEHICLE STRUCK PEDALCYCLIST, FRONT END AT ANGLE",,N,Clear or Partly Cloudy,Dry,Daylight,Y,12229002.0,Y,45.0,Vehicle - Pedalcyclist,6064,0,N,POINT (1273599.974708959 241029.8313388675),6317.0,1.4142158170737939e-05,Clear or Partly Cloudy
123144,138878,138878,3567414,Matched,Intersection,30114.0,20TH AVE AND E MADISON ST,,,2,Injury Collision,Cycles,2,0,1,1,1,0,0,2012-05-27T00:00:00.000Z,5/27/2012 10:36:00 AM,At Intersection (intersection related),18,"MOTOR VEHICLE STRUCK PEDALCYCLIST, FRONT END AT ANGLE",,N,Clear or Partly Cloudy,Dry,Daylight,,12148006.0,,45.0,Vehicle - Pedalcyclist,23093,0,N,POINT (1277195.704888642 228634.6149421781),149.0,0.0,Clear or Partly Cloudy
123202,139450,139450,3547262,Matched,Block,,31ST AVE SW BETWEEN SW RAYMOND ST AND SW GRAHAM ST,,,2,Injury Collision,Cycles,2,0,1,1,1,0,0,2012-07-07T00:00:00.000Z,7/7/2012,Mid-Block (not related to intersection),18,"MOTOR VEHICLE STRUCK PEDALCYCLIST, FRONT END AT ANGLE",,0,Clear or Partly Cloudy,Dry,Daylight,Y,12189008.0,,45.0,Vehicle - Pedalcyclist,0,0,N,POINT (1260433.51370348 203538.8504364789),5527.0,1.7104833105506105e-05,Clear or Partly Cloudy
123236,137609,137609,3549279,Matched,Block,,2ND AVE BETWEEN PIKE ST AND PINE ST,,,2,Injury Collision,Cycles,2,0,1,1,1,0,0,2012-09-29T00:00:00.000Z,9/29/2012 11:47:00 AM,Driveway Junction,18,"MOTOR VEHICLE STRUCK PEDALCYCLIST, FRONT END AT ANGLE",,N,Clear or Partly Cloudy,Dry,Daylight,,12273021.0,,45.0,Vehicle - Pedalcyclist,12179,0,N,POINT (1268950.511472195 226064.2551955432),9591.0,1.6780158607627556e-05,Clear or Partly Cloudy
123248,137605,137605,3551445,Matched,Intersection,37137.0,3RD AVE NW AND NW 103RD S ST,,,2,Injury Collision,Cycles,3,0,1,1,1,0,0,2012-09-25T00:00:00.000Z,9/25/2012 5:35:00 PM,At Intersection (intersection related),51,PEDALCYCLIST STRUCK MOTOR VEHICLE FRONT END AT ANGLE,,N,Clear or Partly Cloudy,Dry,Daylight,,12269004.0,,45.0,Vehicle - Pedalcyclist,28556,0,N,POINT (1264352.536875501 260342.0197746456),1545.0,0.0,Clear or Partly Cloudy
123265,138890,138890,3504022,Matched,Block,,S KING ST BETWEEN CANTON AL S AND 8TH AVE S,,,2,Injury Collision,Head On,2,0,1,1,1,0,0,2012-11-30T00:00:00.000Z,11/30/2012 11:16:00 AM,Mid-Block (not related to intersection),18,"MOTOR VEHICLE STRUCK PEDALCYCLIST, FRONT END AT ANGLE",,N,Raining,Wet,Daylight,,12335014.0,,30.0,From opposite direction - all others,5796,0,N,POINT (1272959.903412312 221815.0875111967),8253.0,1.2061263327059966e-05,Raining
123273,138608,138608,3566323,Matched,Block,,E GALER ST BETWEEN 15TH AVE E AND GRANDVIEW PL E,,,2,Injury Collision,Cycles,3,0,1,1,1,0,0,2012-08-12T00:00:00.000Z,8/12/2012 3:40:00 PM,Mid-Block (not related to intersection),14,"MOTOR VEHICLE STRUCK MOTOR VEHICLE, REAR END",,N,Clear or Partly Cloudy,Dry,Daylight,,12225005.0,,45.0,Vehicle - Pedalcyclist,8487,0,N,POINT (1275803.011703223 234158.9044198394),21354.0,3.852011845968068e-06,Clear or Partly Cloudy
123323,139173,139173,3598886,Matched,Intersection,26775.0,15TH AV W SB OFF RP AND W DRAVUS ST,,,2,Injury Collision,Cycles,2,0,1,1,1,0,0,2012-04-21T00:00:00.000Z,4/21/2012 9:44:00 PM,At Intersection (intersection related),18,"MOTOR VEHICLE STRUCK PEDALCYCLIST, FRONT END AT ANGLE",,N,Clear or Partly Cloudy,Dry,Dark - Street Lights On,Y,12112010.0,,45.0,Vehicle - Pedalcyclist,0,521084,N,POINT (1260009.331239045 240357.7898661792),4780.0,0.0,Clear or Partly Cloudy
123420,138477,138477,3345957,Matched,Block,,2ND AVE BETWEEN UNION ST AND PIKE ST,,,2,Injury Collision,Cycles,2,0,1,1,1,0,0,2012-08-21T00:00:00.000Z,8/21/2012 8:57:00 AM,Driveway Junction,18,"MOTOR VEHICLE STRUCK PEDALCYCLIST, FRONT END AT ANGLE",,N,Clear or Partly Cloudy,Dry,Daylight,Y,12234021.0,,45.0,Vehicle - Pedalcyclist,12168,0,N,POINT (1269167.241392419 225698.1291791648),135.0,1.0206619767903732e-08,Clear or Partly Cloudy
123439,139469,139469,3387175,Matched,Intersection,29446.0,32ND AVE E AND LAKE WASHINGTON BLVD E,,,2,Injury Collision,Cycles,2,0,1,1,1,0,0,2012-10-24T00:00:00.000Z,10/24/2012 12:22:00 PM,At Intersection (intersection related),18,"MOTOR VEHICLE STRUCK PEDALCYCLIST, FRONT END AT ANGLE",,N,Clear or Partly Cloudy,Wet,Daylight,Y,12298006.0,,45.0,Vehicle - Pedalcyclist,8970,0,N,POINT (1280968.790844515 231367.6325449795),2795.0,0.0,Clear or Partly Cloudy
123450,139183,139183,3328148,Matched,Intersection,29679.0,ALASKAN WAY AND BROAD ST,,,2b,Serious Injury Collision,Cycles,2,0,1,1,1,1,0,2012-07-30T00:00:00.000Z,7/30/2012 5:09:00 PM,At Intersection (intersection related),18,"MOTOR VEHICLE STRUCK PEDALCYCLIST, FRONT END AT ANGLE",,N,Clear or Partly Cloudy,Dry,Daylight,Y,12212012.0,,45.0,Vehicle - Pedalcyclist,0,0,N,POINT (1265161.024812326 228055.2974375784),2197.0,0.0,Clear or Partly Cloudy
123509,137909,137909,3508052,Matched,Block,,LAKE CITY WAY NE BETWEEN NE 92ND ST AND RAVENNA WR AVE NE,,,2,Injury Collision,Cycles,2,0,1,1,1,0,0,2012-10-13T00:00:00.000Z,10/13/2012 10:29:00 PM,Mid-Block (not related to intersection),51,PEDALCYCLIST STRUCK MOTOR VEHICLE FRONT END AT ANGLE,,Y,Overcast,Wet,Dark - Street Lights On,,12287033.0,,45.0,Vehicle - Pedalcyclist,0,0,N,POINT (1277848.720889315 257343.8335315734),6448.0,8.041770948985276e-06,Overcast
123536,138344,138344,3333782,Matched,Intersection,26206.0,37TH AVE NE AND NE 57TH ST,,,2,Injury Collision,Cycles,3,0,1,1,2,0,0,2012-10-26T00:00:00.000Z,10/26/2012 9:18:00 AM,At Intersection (intersection related),51,PEDALCYCLIST STRUCK MOTOR VEHICLE FRONT END AT ANGLE,Y,N,Overcast,Wet,Daylight,,12300006.0,,45.0,Vehicle - Pedalcyclist,0,0,N,POINT (1282036.543549597 247899.2436978966),2898.0,0.0,Overcast
123571,138765,138765,3465776,Matched,Intersection,29568.0,6TH AVE AND PINE ST,,,2,Injury Collision,Cycles,2,0,1,1,1,0,0,2012-07-20T00:00:00.000Z,7/20/2012 2:31:00 PM,At Intersection (intersection related),51,PEDALCYCLIST STRUCK MOTOR VEHICLE FRONT END AT ANGLE,,N,Overcast,Wet,Daylight,Y,12202013.0,,45.0,Vehicle - Pedalcyclist,21830,0,N,POINT (1269949.79409723 226904.2331164032),3200.0,0.0,Overcast
123610,139190,139190,3617542,Matched,Block,,1ST AVE S BETWEEN S HUDSON ST AND S DAWSON ST,,,2,Injury Collision,Cycles,3,0,1,1,1,0,0,2012-07-09T00:00:00.000Z,7/9/2012 5:02:00 PM,Mid-Block (not related to intersection),14,"MOTOR VEHICLE STRUCK MOTOR VEHICLE, REAR END",Y,N,Clear or Partly Cloudy,Dry,Daylight,,12191023.0,,45.0,Vehicle - Pedalcyclist,1371,0,N,POINT (1269840.128881112 206622.5468236357),4975.0,8.682776596522296e-06,Clear or Partly Cloudy
123641,138213,138213,3373408,Matched,Block,,MADISON ST BETWEEN 9TH AVE AND TERRY AVE,,,2,Injury Collision,Cycles,0,0,1,1,1,0,0,2012-05-01T00:00:00.000Z,5/1/2012 7:56:00 AM,Mid-Block (not related to intersection),18,"MOTOR VEHICLE STRUCK PEDALCYCLIST, FRONT END AT ANGLE",,N,Clear or Partly Cloudy,Dry,Daylight,,12122013.0,,45.0,Vehicle - Pedalcyclist,22732,0,N,POINT (1272037.543923363 225588.0806670636),6506.0,1.8773487537754767e-05,Clear or Partly Cloudy
123664,138205,138205,3613111,Matched,Intersection,25888.0,33RD AVE NE AND NE 65TH ST,,,2,Injury Collision,Cycles,2,0,1,1,1,0,0,2012-07-21T00:00:00.000Z,7/21/2012 4:50:00 PM,At Intersection (intersection related),51,PEDALCYCLIST STRUCK MOTOR VEHICLE FRONT END AT ANGLE,,N,Clear or Partly Cloudy,Dry,Daylight,Y,12203004.0,,45.0,Vehicle - Pedalcyclist,29860,0,N,POINT (1281034.828860581 249910.8891399652),11772.0,0.0,Clear or Partly Cloudy
123677,138913,138913,3504551,Matched,Block,,N NORTHGATE WAY BETWEEN MERIDIAN AVE N AND CORLISS AVE N,,,2,Injury Collision,Cycles,2,0,1,1,1,0,0,2012-04-04T00:00:00.000Z,4/4/2012 7:20:00 PM,Driveway Junction,24,MOTOR VEHCILE STRUCK PEDESTRIAN,,N,Clear or Partly Cloudy,Dry,Daylight,Y,12095013.0,,45.0,Vehicle - Pedalcyclist,0,0,N,POINT (1271306.396978617 262090.9490564317),14407.0,2.6094313508037957e-06,Clear or Partly Cloudy
123748,139340,139340,3569019,Matched,Block,,FREMONT AVE N BETWEEN FREMONT PL N AND N 36TH ST,,,2,Injury Collision,Cycles,1,0,1,0,1,0,0,2012-02-16T00:00:00.000Z,2/16/2012 9:32:00 AM,Mid-Block (not related to intersection),66,PEDALCYCLIST STRUCK OBJECT IN ROAD,,N,Raining,Wet,Daylight,,12047004.0,,45.0,Vehicle - Pedalcyclist,8357,0,N,POINT (1266649.644717842 241107.6027309448),11938.0,7.838010636447276e-09,Raining
123805,139073,139073,3547083,Matched,Block,,SW DAWSON ST BETWEEN 18TH AVE SW AND 21ST AVE SW,,,2,Injury Collision,Cycles,3,0,1,1,1,0,0,2012-05-19T00:00:00.000Z,5/19/2012 6:47:00 PM,Mid-Block (not related to intersection),51,PEDALCYCLIST STRUCK MOTOR VEHICLE FRONT END AT ANGLE,,N,Clear or Partly Cloudy,Dry,Daylight,,12140008.0,,45.0,Vehicle - Pedalcyclist,29226,0,N,POINT (1263723.409642845 206577.8030795902),7975.0,1.5508886565062362e-06,Clear or Partly Cloudy
123808,138503,138503,3593630,Matched,Intersection,30730.0,20TH AVE AND E YESLER WAY,,,2,Injury Collision,Cycles,2,0,1,1,1,0,0,2012-08-22T00:00:00.000Z,8/22/2012 5:04:00 PM,At Intersection (intersection related),11,"MOTOR VEHICLE STRUCK MOTOR VEHICLE, FRONT END AT ANGLE",,N,Clear or Partly Cloudy,Dry,Daylight,Y,12235001.0,,45.0,Vehicle - Pedalcyclist,10030,0,N,POINT (1277033.762360483 222950.1730803549),5245.0,0.0,Clear or Partly Cloudy
123840,138922,138922,3553020,Matched,Block,,E PINE ST BETWEEN 11TH AVE AND 12TH AVE,,,2,Injury Collision,Cycles,3,0,1,1,1,0,0,2012-08-28T00:00:00.000Z,8/28/2012 6:34:00 PM,Mid-Block (not related to intersection),23,"MOTOR VEHICLE STRUCK PEDALCYCLIST, LEFT SIDE SIDESWIPE",,N,Clear or Partly Cloudy,Dry,Daylight,,12241008.0,,45.0,Vehicle - Pedalcyclist,10420,0,N,POINT (1274377.808565766 227957.5790374875),16047.0,6.314708627297818e-11,Clear or Partly Cloudy
123849,138920,138920,3546965,Matched,Block,,DELRIDGE WAY SW BETWEEN SW JUNEAU ST AND 24TH AVE SW,,,2,Injury Collision,Cycles,2,1,1,0,1,0,0,2012-04-10T00:00:00.000Z,4/10/2012 8:17:00 AM,Mid-Block (not related to intersection),64,PEDALCYCLIST STRUCK PEDESTRIAN,,N,Clear or Partly Cloudy,Dry,Daylight,,12101002.0,,45.0,Vehicle - Pedalcyclist,23126,0,N,POINT (1262666.692905769 203788.9914287329),19789.0,2.7181457257067042e-05,Clear or Partly Cloudy
123872,139497,139497,3377717,Matched,Intersection,26451.0,23RD AVE W AND W EMERSON PL,,,2,Injury Collision,Cycles,2,0,1,1,1,0,0,2012-01-02T00:00:00.000Z,1/2/2012 5:03:00 PM,At Intersection (intersection related),18,"MOTOR VEHICLE STRUCK PEDALCYCLIST, FRONT END AT ANGLE",,N,Raining,Wet,Dark - Street Lights On,,12002003.0,,45.0,Vehicle - Pedalcyclist,29613,0,N,POINT (1257908.925220892 243195.8222530931),2098.0,0.0,Raining
123925,137647,137647,3613138,Matched,Intersection,26848.0,STONE WAY N AND N 40TH ST,,,2,Injury Collision,Cycles,2,0,1,1,1,0,0,2012-07-23T00:00:00.000Z,7/23/2012 10:25:00 PM,At Intersection (intersection related),51,PEDALCYCLIST STRUCK MOTOR VEHICLE FRONT END AT ANGLE,,N,Clear or Partly Cloudy,Dry,Dark - Street Lights On,,12205010.0,,45.0,Vehicle - Pedalcyclist,6322,0,N,POINT (1268516.536367759 242710.0937405974),4014.0,0.0,Clear or Partly Cloudy
123975,138929,138929,3593627,Matched,Intersection,29804.0,14TH AVE AND E CHERRY ST,,,2,Injury Collision,Cycles,2,0,1,1,1,0,0,2012-07-26T00:00:00.000Z,7/26/2012 9:21:00 PM,At Intersection (intersection related),18,"MOTOR VEHICLE STRUCK PEDALCYCLIST, FRONT END AT ANGLE",,N,Clear or Partly Cloudy,Dry,Dark - Street Lights On,,12208016.0,,45.0,Vehicle - Pedalcyclist,35467,0,N,POINT (1275154.404662549 225311.7390347719),3863.0,0.0,Clear or Partly Cloudy
123977,138647,138647,3613133,Matched,Intersection,27062.0,UNIVERSITY WAY NE AND NE 45TH ST,,,2,Injury Collision,Cycles,2,0,1,1,1,0,0,2012-07-16T00:00:00.000Z,7/16/2012 8:49:00 PM,At Intersection (intersection related),0,NOT ENOUGH INFORMATION / NOT APPLICABLE,,N,Clear or Partly Cloudy,Dry,Daylight,Y,12198014.0,,45.0,Vehicle - Pedalcyclist,5644,0,N,POINT (1275779.900215194 244716.6202066392),10399.0,0.0,Clear or Partly Cloudy
123981,138366,138366,3552168,Matched,Intersection,29737.0,NAGLE PL AND E PINE ST,,,2,Injury Collision,Cycles,2,0,1,1,1,0,0,2012-10-31T00:00:00.000Z,10/31/2012 8:33:00 AM,At Intersection (intersection related),18,"MOTOR VEHICLE STRUCK PEDALCYCLIST, FRONT END AT ANGLE",,N,Raining,Dry,Daylight,Y,12305021.0,,45.0,Vehicle - Pedalcyclist,10408,0,N,POINT (1273758.874165133 227962.8476454914),3934.0,0.0,Raining
123985,138646,138646,3552355,Matched,Intersection,29025.0,10TH AVE E AND E HARRISON ST,,,2,Injury Collision,Cycles,3,0,1,1,1,0,0,2012-07-15T00:00:00.000Z,7/15/2012 2:36:00 AM,At Intersection (intersection related),51,PEDALCYCLIST STRUCK MOTOR VEHICLE FRONT END AT ANGLE,,Y,Clear or Partly Cloudy,Dry,Dark - Street Lights Off,,12197010.0,,45.0,Vehicle - Pedalcyclist,0,0,N,POINT (1273829.035829201 230421.1324480027),3884.0,0.0,Clear or Partly Cloudy
124144,137661,137661,3551796,Matched,Intersection,29094.0,BELMONT AVE E AND SUMMIT N AVE E,,,2,Injury Collision,Cycles,2,0,1,1,1,0,0,2012-05-19T00:00:00.000Z,5/19/2012 10:45:00 AM,At Intersection (intersection related),11,"MOTOR VEHICLE STRUCK MOTOR VEHICLE, FRONT END AT ANGLE",,N,Clear or Partly Cloudy,Dry,Daylight,Y,12140005.0,,45.0,Vehicle - Pedalcyclist,36155,0,N,POINT (1272464.407091796 232192.2182738185),6180.0,0.0,Clear or Partly Cloudy
124147,139366,139366,3387649,Matched,Block,,S HANFORD ST BETWEEN 3RD AVE S AND 4TH AVE S,,,2,Injury Collision,Cycles,2,0,1,1,1,0,0,2012-07-13T00:00:00.000Z,7/13/2012 10:02:00 AM,Mid-Block (not related to intersection),14,"MOTOR VEHICLE STRUCK MOTOR VEHICLE, REAR END",,N,Overcast,Dry,Daylight,Y,12195020.0,Y,45.0,Vehicle - Pedalcyclist,0,0,N,POINT (1271132.308210433 213541.927566722),7715.0,2.903658449703787e-05,Overcast
124175,139223,139223,3467512,Matched,Block,,S MICHIGAN ST BETWEEN 7TH AVE S AND CORSON AVE S,,,2,Injury Collision,Cycles,3,0,1,1,1,0,0,2012-09-17T00:00:00.000Z,9/17/2012 5:12:00 PM,Mid-Block (not related to intersection),51,PEDALCYCLIST STRUCK MOTOR VEHICLE FRONT END AT ANGLE,,N,Clear or Partly Cloudy,Dry,Daylight,,12261035.0,,45.0,Vehicle - Pedalcyclist,17134,0,N,POINT (1272482.366323814 203099.9440680295),1843.0,1.3214147337097149e-07,Clear or Partly Cloudy
124213,140482,140482,3567625,Matched,Intersection,29052.0,BROADWAY E AND E OLIVE WAY,,,2,Injury Collision,Cycles,2,0,1,1,1,0,0,2012-02-08T00:00:00.000Z,2/8/2012 12:33:00 AM,At Intersection (intersection related),18,"MOTOR VEHICLE STRUCK PEDALCYCLIST, FRONT END AT ANGLE",,N,Raining,Wet,Dark - Street Lights On,,12039014.0,,45.0,Vehicle - Pedalcyclist,35208,0,N,POINT (1273580.513332948 229668.9325112402),650.0,0.0,Raining
124246,140768,140768,2899470,Matched,Intersection,30024.0,26TH AVE AND E UNION ST,,,2,Injury Collision,Right Turn,4,0,1,1,1,0,0,2012-10-03T00:00:00.000Z,10/3/2012 4:30:00 PM,At Intersection (intersection related),51,PEDALCYCLIST STRUCK MOTOR VEHICLE FRONT END AT ANGLE,,N,Clear or Partly Cloudy,Dry,Daylight,,12277007.0,,16.0,From same direction - one right turn - one straight,9399,0,N,POINT (1278973.239354461 227020.1258525252),9858.0,0.0,Clear or Partly Cloudy
124270,141343,141343,3599152,Matched,Intersection,30542.0,6TH AVE S AND S DEARBORN ST,,,2,Injury Collision,Cycles,3,0,1,1,1,0,0,2012-09-08T00:00:00.000Z,9/8/2012 2:48:00 PM,At Intersection (intersection related),18,"MOTOR VEHICLE STRUCK PEDALCYCLIST, FRONT END AT ANGLE",,N,Clear or Partly Cloudy,Dry,Daylight,Y,12252006.0,,45.0,Vehicle - Pedalcyclist,5806,0,N,POINT (1272053.794867381 220916.7845342755),4454.0,0.0,Clear or Partly Cloudy
124271,141199,141199,3559449,Matched,Intersection,28379.0,24TH AVE E AND INTERLAKEN PL E,,,2,Injury Collision,Cycles,1,0,1,0,1,0,0,2012-02-07T00:00:00.000Z,2/7/2012 2:12:00 PM,At Intersection (intersection related),69,PEDALCYCLIST OVERTURNED IN ROAD,,N,Clear or Partly Cloudy,Dry,Daylight,,12038004.0,,45.0,Vehicle - Pedalcyclist,22474,0,N,POINT (1278429.990969911 234569.0925162584),775.0,0.0,Clear or Partly Cloudy
124355,140638,140638,3597383,Matched,Intersection,24276.0,AURORA AVE N AND GREEN LAKE DR N,,,2,Injury Collision,Cycles,2,0,1,1,1,0,0,2012-08-25T00:00:00.000Z,8/25/2012 12:15:00 PM,At Intersection (intersection related),18,"MOTOR VEHICLE STRUCK PEDALCYCLIST, FRONT END AT ANGLE",,N,Clear or Partly Cloudy,Dry,Daylight,,12238002.0,,45.0,Vehicle - Pedalcyclist,0,522353,N,POINT (1268246.782511488 255021.2704571933),7112.0,0.0,Clear or Partly Cloudy
124377,140636,140636,3617515,Matched,Intersection,31247.0,15TH AVE S AND S HOLGATE ST,,,2,Injury Collision,Cycles,2,0,1,1,1,0,0,2012-06-12T00:00:00.000Z,6/12/2012 6:11:00 PM,At Intersection (intersection related),51,PEDALCYCLIST STRUCK MOTOR VEHICLE FRONT END AT ANGLE,,N,Raining,Wet,Daylight,Y,12164006.0,,45.0,Vehicle - Pedalcyclist,14075,0,N,POINT (1275197.021238595 217399.4149306715),2402.0,0.0,Raining
124394,141356,141356,2805047,Matched,Intersection,28872.0,5TH AVE N AND ALOHA ST,,,2,Injury Collision,Cycles,2,0,1,1,1,0,0,2012-09-06T00:00:00.000Z,9/6/2012 8:41:00 AM,At Intersection (intersection related),18,"MOTOR VEHICLE STRUCK PEDALCYCLIST, FRONT END AT ANGLE",,N,Clear or Partly Cloudy,Dry,Daylight,Y,12250006.0,,45.0,Vehicle - Pedalcyclist,0,0,N,POINT (1267054.681134269 232441.9004500806),3325.0,0.0,Clear or Partly Cloudy
124478,139797,139797,3561014,Matched,Intersection,29699.0,BATTERY ST AND WESTERN AVE,,,2,Injury Collision,Cycles,2,0,1,1,1,0,0,2012-10-05T00:00:00.000Z,10/5/2012 8:07:00 AM,At Intersection (intersection related),18,"MOTOR VEHICLE STRUCK PEDALCYCLIST, FRONT END AT ANGLE",,N,Clear or Partly Cloudy,Dry,Daylight,Y,12279002.0,,45.0,Vehicle - Pedalcyclist,0,522625,N,POINT (1266679.474989876 227458.3750689775),1027.0,0.0,Clear or Partly Cloudy
124554,139540,139540,3508205,Matched,Block,,FREMONT AVE N BETWEEN N 34TH ST AND FREMONT PL N,,,2,Injury Collision,Cycles,3,0,1,1,1,0,0,2012-10-21T00:00:00.000Z,10/21/2012 9:18:00 PM,Mid-Block (not related to intersection),11,"MOTOR VEHICLE STRUCK MOTOR VEHICLE, FRONT END AT ANGLE",,N,Overcast,Wet,Dark - Street Lights On,,12295015.0,,45.0,Vehicle - Pedalcyclist,8240,0,N,POINT (1266666.364461869 240786.3849386275),6356.0,3.755198193088441e-10,Overcast
124585,140224,140224,3567152,Matched,Intersection,30145.0,19TH AVE AND E UNION ST,,,2,Injury Collision,Cycles,2,0,1,1,1,0,0,2012-07-18T00:00:00.000Z,7/18/2012 6:10:00 PM,At Intersection (intersection related),18,"MOTOR VEHICLE STRUCK PEDALCYCLIST, FRONT END AT ANGLE",,N,Clear or Partly Cloudy,Dry,Daylight,Y,12200009.0,,45.0,Vehicle - Pedalcyclist,9334,0,N,POINT (1276827.780664265 227049.1508765519),126.0,0.0,Clear or Partly Cloudy
124586,139939,139939,3551496,Matched,Block,,35TH AVE NE BETWEEN NE 70TH ST AND NE 73RD ST,,,2,Injury Collision,Cycles,2,0,1,1,1,0,0,2012-07-11T00:00:00.000Z,7/11/2012 10:42:00 AM,Mid-Block (not related to intersection),56,PEDALCYCLIST STRUCK MOTOR VEHICLE LEFT SIDE SIDESWIPE,,N,Clear or Partly Cloudy,Dry,Daylight,,12193034.0,,45.0,Vehicle - Pedalcyclist,30309,0,N,POINT (1281511.161533058 251558.9398296475),338.0,7.451964892596396e-09,Clear or Partly Cloudy
124616,139672,139672,3596943,Matched,Intersection,25789.0,ROOSEVELT WAY NE AND NE 50TH ST,,,2,Injury Collision,Cycles,3,0,1,1,1,0,0,2012-08-09T00:00:00.000Z,8/9/2012 3:10:00 PM,At Intersection (intersection related),24,MOTOR VEHCILE STRUCK PEDESTRIAN,,N,Clear or Partly Cloudy,Dry,Daylight,,12222018.0,,45.0,Vehicle - Pedalcyclist,0,523566,N,POINT (1274752.641334146 246074.6052320302),7253.0,0.0,Clear or Partly Cloudy
124662,141368,141368,3508057,Matched,Intersection,25758.0,BROOKLYN AVE NE AND NE RAVENNA WB BV,,,1,Property Damage Only Collision,Cycles,2,0,1,1,0,0,0,2012-10-14T00:00:00.000Z,10/14/2012 5:34:00 PM,At Intersection (intersection related),18,"MOTOR VEHICLE STRUCK PEDALCYCLIST, FRONT END AT ANGLE",,N,Raining,Wet,Daylight,Y,12288019.0,,45.0,Vehicle - Pedalcyclist,28930,0,N,POINT (1275594.051639006 248435.3332984596),4286.0,0.0,Raining
124676,140936,140936,3551837,Matched,Intersection,29046.0,BROADWAY E AND E THOMAS ST,,,2,Injury Collision,Cycles,2,0,1,1,1,0,0,2012-02-03T00:00:00.000Z,2/3/2012 7:11:00 PM,At Intersection (intersection related),54,PEDALCYCLIST STRUCK MOTOR VEHICLE REAR END,,Y,Clear or Partly Cloudy,Dry,Dark - Street Lights On,Y,12034007.0,,45.0,Vehicle - Pedalcyclist,6806,0,N,POINT (1273584.119092941 230095.0335036665),1172.0,0.0,Clear or Partly Cloudy
124703,139547,139547,3599011,Matched,Intersection,28753.0,DEXTER AVE N AND LEE ST,,,2,Injury Collision,Cycles,2,0,1,1,1,0,0,2012-05-15T00:00:00.000Z,5/15/2012 5:25:00 PM,At Intersection (intersection related),18,"MOTOR VEHICLE STRUCK PEDALCYCLIST, FRONT END AT ANGLE",,N,Clear or Partly Cloudy,Dry,Daylight,Y,12136020.0,,45.0,Vehicle - Pedalcyclist,12941,0,N,POINT (1268382.133039623 233966.8545636386),3490.0,0.0,Clear or Partly Cloudy
124764,140092,140092,3554345,Matched,Intersection,287171.0,BURKE GILMAN TRL AND NE 65TH ST,,,2,Injury Collision,Cycles,2,0,1,1,1,0,0,2012-07-13T00:00:00.000Z,7/13/2012 1:29:00 PM,At Intersection (intersection related),0,NOT ENOUGH INFORMATION / NOT APPLICABLE,,N,Clear or Partly Cloudy,Dry,Daylight,,12195008.0,,45.0,Vehicle - Pedalcyclist,0,524265,N,POINT (1287350.799683049 249775.8573318273),11616.0,0.0,Clear or Partly Cloudy
124837,139552,139552,3552199,Matched,Intersection,30418.0,12TH AVE S AND BOREN AVE S,,,2,Injury Collision,Cycles,3,0,1,1,1,0,0,2012-05-22T00:00:00.000Z,5/22/2012 1:52:00 PM,At Intersection (intersection related),18,"MOTOR VEHICLE STRUCK PEDALCYCLIST, FRONT END AT ANGLE",,N,Raining,Wet,Daylight,Y,12143003.0,,45.0,Vehicle - Pedalcyclist,34834,0,N,POINT (1274410.087477788 222701.0610160977),2339.0,0.0,Raining
124841,139690,139690,3566042,Matched,Block,,10TH AVE E BETWEEN E ALOHA ST AND E PROSPECT ST,,,2,Injury Collision,Cycles,2,0,1,1,1,0,0,2012-08-12T00:00:00.000Z,8/12/2012 3:36:00 PM,Mid-Block (not related to intersection),56,PEDALCYCLIST STRUCK MOTOR VEHICLE LEFT SIDE SIDESWIPE,,N,Clear or Partly Cloudy,Dry,Daylight,,12225022.0,,45.0,Vehicle - Pedalcyclist,6171,0,N,POINT (1273797.749557167 232525.5717461556),18589.0,0.0,Clear or Partly Cloudy