OBJECTID,INCKEY,COLDETKEY,REPORTNO,STATUS,ADDRTYPE,INTKEY,LOCATION,EXCEPTRSNC,EXCEPTRSND,SEVERITYCO,SEVERITYDE,COLLISIONT,PERSONCOUN,PEDCOUNT,PEDCYLCOUN,VEHCOUNT,INJURIES,SERIOUSINJ,FATALITIES,INCDATE,INCDTTM,JUNCTIONTY,SDOT_COLCO,SDOT_COLDE,INATTENTIO,UNDERINFL,WEATHER,ROADCOND,LIGHTCOND,PEDROWNOTG,SDOTCOLNUM,SPEEDING,ST_COLCODE,ST_COLDESC,SEGLANEKEY,CROSSWALKK,HITPARKEDC,geometry,near_str_index,min_length,weather_group
124859,139686,139686,3544749,Matched,Block,,MONTLAKE BLVD NE BETWEEN NE PACIFIC PL AND 25TH AVE NE,,,2,Injury Collision,Cycles,2,0,1,1,1,0,0,2012-03-19T00:00:00.000Z,3/19/2012 2:18:00 PM,Driveway Junction,51,PEDALCYCLIST STRUCK MOTOR VEHICLE FRONT END AT ANGLE,,N,Clear or Partly Cloudy,Dry,Daylight,,12079032.0,,45.0,Vehicle - Pedalcyclist,0,630868,N,POINT (1278397.274745882 242377.4575802535),11972.0,1.566339122045271e-05,Clear or Partly Cloudy
124865,139695,139695,3581864,Matched,Intersection,30482.0,2ND AVE AND JAMES ST,,,1,Property Damage Only Collision,Cycles,2,0,1,1,0,0,0,2012-12-10T00:00:00.000Z,12/10/2012 5:01:00 PM,At Intersection (intersection related),18,"MOTOR VEHICLE STRUCK PEDALCYCLIST, FRONT END AT ANGLE",,N,Overcast,Dry,Dark - Street Lights On,Y,12345023.0,,45.0,Vehicle - Pedalcyclist,12029,0,N,POINT (1270583.694641873 223305.2345847189),134.0,0.0,Overcast
124923,140531,140531,3554545,Matched,Intersection,26023.0,15TH AVE NE AND NE RAVENNA WB N BV,,,2,Injury Collision,Cycles,2,0,1,1,1,0,0,2012-01-31T00:00:00.000Z,1/31/2012 8:45:00 AM,At Intersection (intersection related),51,PEDALCYCLIST STRUCK MOTOR VEHICLE FRONT END AT ANGLE,,N,Overcast,Dry,Daylight,,12031002.0,,45.0,Vehicle - Pedalcyclist,29018,0,N,POINT (1276152.798519582 248334.4603383541),1539.0,0.0,Overcast
124924,140951,140951,3597330,Matched,Intersection,24728.0,19TH AVE NE AND NE 80TH ST,,,2,Injury Collision,Cycles,2,0,1,1,1,0,0,2012-01-13T00:00:00.000Z,1/13/2012 7:29:00 AM,At Intersection (intersection related),18,"MOTOR VEHICLE STRUCK PEDALCYCLIST, FRONT END AT ANGLE",,N,Clear or Partly Cloudy,Dry,Daylight,Y,12013002.0,,45.0,Vehicle - Pedalcyclist,33131,0,N,POINT (1277258.781752706 253957.0851121098),11361.0,0.0,Clear or Partly Cloudy
124964,141237,141237,3466767,Matched,Intersection,26848.0,STONE WAY N AND N 40TH ST,,,2,Injury Collision,Cycles,2,0,1,1,1,0,0,2012-07-24T00:00:00.000Z,7/24/2012 10:15:00 PM,At Intersection (intersection related),18,"MOTOR VEHICLE STRUCK PEDALCYCLIST, FRONT END AT ANGLE",,N,Clear or Partly Cloudy,Dry,Dark - Street Lights On,,12206001.0,,45.0,Vehicle - Pedalcyclist,6322,0,N,POINT (1268516.536367759 242710.0937405974),4014.0,0.0,Clear or Partly Cloudy
124972,141096,141096,3375400,Matched,Block,,WESTLAKE AVE N BETWEEN HALLADAY ST AND NEWELL ST,,,2,Injury Collision,Cycles,2,0,1,1,1,0,0,2012-06-15T00:00:00.000Z,6/15/2012 8:45:00 AM,Driveway Junction,18,"MOTOR VEHICLE STRUCK PEDALCYCLIST, FRONT END AT ANGLE",Y,N,Clear or Partly Cloudy,Dry,Daylight,,12167004.0,,45.0,Vehicle - Pedalcyclist,20052,0,N,POINT (1268026.728111252 238245.8673680127),21092.0,1.3924585863065646e-05,Clear or Partly Cloudy
124991,139562,139562,3377822,Matched,Intersection,29878.0,BOREN AVE AND PIKE ST,,,2,Injury Collision,Cycles,2,0,1,1,1,0,0,2012-10-24T00:00:00.000Z,10/24/2012 6:39:00 PM,At Intersection (intersection related),51,PEDALCYCLIST STRUCK MOTOR VEHICLE FRONT END AT ANGLE,,N,Raining,Wet,Dark - Street Lights On,,12298017.0,,45.0,Vehicle - Pedalcyclist,31090,0,N,POINT (1271552.335410863 227358.0148768723),6588.0,0.0,Raining
124993,139561,139561,3507954,Matched,Block,,NW LEARY WAY BETWEEN 14TH AVE NW AND 15TH NB AVE NW,,,2,Injury Collision,Cycles,2,0,1,1,1,0,0,2012-10-24T00:00:00.000Z,10/24/2012 1:05:00 PM,Mid-Block (not related to intersection),21,"MOTOR VEHICLE STRUCK PEDALCYCLIST, REAR END",,N,Clear or Partly Cloudy,Dry,Daylight,Y,12298014.0,,45.0,Vehicle - Pedalcyclist,17315,0,N,POINT (1260589.239463642 245888.1554398388),11424.0,1.28330203067773e-05,Clear or Partly Cloudy
125030,140397,140397,3596876,Matched,Intersection,26848.0,STONE WAY N AND N 40TH ST,,,2,Injury Collision,Cycles,2,0,1,1,1,0,0,2012-02-22T00:00:00.000Z,2/22/2012 7:50:00 AM,At Intersection (intersection related),18,"MOTOR VEHICLE STRUCK PEDALCYCLIST, FRONT END AT ANGLE",,N,Clear or Partly Cloudy,Wet,Daylight,,12053006.0,,45.0,Vehicle - Pedalcyclist,6322,0,N,POINT (1268516.536367759 242710.0937405974),4014.0,0.0,Clear or Partly Cloudy
125054,139970,139970,3558914,Matched,Block,,2ND AVE BETWEEN UNIVERSITY ST AND UNION ST,,,2,Injury Collision,Cycles,2,0,1,1,1,0,0,2012-09-29T00:00:00.000Z,9/29/2012 1:27:00 PM,Driveway Junction,18,"MOTOR VEHICLE STRUCK PEDALCYCLIST, FRONT END AT ANGLE",,N,Clear or Partly Cloudy,Dry,Daylight,,12273030.0,,45.0,Vehicle - Pedalcyclist,12162,0,N,POINT (1269384.209328651 225331.5899147987),16946.0,0.0,Clear or Partly Cloudy
125068,141395,141395,3613026,Matched,Intersection,24276.0,AURORA AVE N AND GREEN LAKE DR N,,,2b,Serious Injury Collision,Cycles,3,0,1,1,1,1,0,2012-07-30T00:00:00.000Z,7/30/2012 3:06:00 PM,At Intersection (intersection related),18,"MOTOR VEHICLE STRUCK PEDALCYCLIST, FRONT END AT ANGLE",,N,Overcast,Dry,Daylight,,12212009.0,,45.0,Vehicle - Pedalcyclist,0,0,N,POINT (1268246.782511488 255021.2704571933),7112.0,0.0,Overcast
125168,139978,139978,3467552,Matched,Intersection,34562.0,M L KING JR WR WAY S AND S OTHELLO ST,,,2,Injury Collision,Cycles,2,0,1,1,1,0,0,2012-09-05T00:00:00.000Z,9/5/2012 7:09:00 AM,At Intersection (intersection related),18,"MOTOR VEHICLE STRUCK PEDALCYCLIST, FRONT END AT ANGLE",,N,Clear or Partly Cloudy,Dry,Daylight,,12249009.0,,45.0,Vehicle - Pedalcyclist,20888,0,N,POINT (1282771.25228636 199261.7089280933),4904.0,0.0,Clear or Partly Cloudy
125182,140541,140541,3504513,Matched,Intersection,26629.0,8TH AVE NW AND NW 43RD N ST,,,2,Injury Collision,Cycles,3,0,1,1,1,0,0,2012-04-23T00:00:00.000Z,4/23/2012 4:46:00 PM,At Intersection (intersection related),18,"MOTOR VEHICLE STRUCK PEDALCYCLIST, FRONT END AT ANGLE",,N,Clear or Partly Cloudy,Dry,Daylight,Y,12114015.0,,45.0,Vehicle - Pedalcyclist,0,523915,N,POINT (1262708.46544981 244242.8087501526),571.0,0.0,Clear or Partly Cloudy
125183,140692,140692,3608360,Matched,Intersection,31296.0,15TH AVE S AND BEACON AVE S,,,2,Injury Collision,Cycles,2,0,1,1,1,0,0,2012-07-03T00:00:00.000Z,7/3/2012 7:52:00 PM,At Intersection (intersection related),51,PEDALCYCLIST STRUCK MOTOR VEHICLE FRONT END AT ANGLE,,N,Clear or Partly Cloudy,Dry,Daylight,Y,12185024.0,,45.0,Vehicle - Pedalcyclist,15866,0,N,POINT (1275144.391478539 215295.5411365181),3360.0,0.0,Clear or Partly Cloudy
125204,140263,140263,3613116,Matched,Intersection,287171.0,BURKE GILMAN TRL AND NE 65TH ST,,,2,Injury Collision,Cycles,2,0,1,1,1,0,0,2012-09-28T00:00:00.000Z,9/28/2012 5:46:00 PM,At Intersection (intersection related),51,PEDALCYCLIST STRUCK MOTOR VEHICLE FRONT END AT ANGLE,,N,Clear or Partly Cloudy,Dry,Daylight,,12272017.0,,45.0,Vehicle - Pedalcyclist,0,524265,N,POINT (1287350.799683049 249775.8573318273),11616.0,0.0,Clear or Partly Cloudy
125249,141732,141732,2807861,Matched,Intersection,30487.0,3RD AVE AND YESLER WAY,,,2,Injury Collision,Cycles,2,0,1,1,1,0,0,2012-05-18T00:00:00.000Z,5/18/2012 9:31:00 AM,At Intersection (intersection related),54,PEDALCYCLIST STRUCK MOTOR VEHICLE REAR END,,N,Clear or Partly Cloudy,Dry,Daylight,,12139016.0,,45.0,Vehicle - Pedalcyclist,35959,0,N,POINT (1271135.639346436 223079.4392564893),261.0,0.0,Clear or Partly Cloudy
125277,141545,141545,3552049,Matched,Block,,12TH AVE BETWEEN E PINE ST AND E OLIVE ST,,,2b,Serious Injury Collision,Cycles,2,0,1,1,1,1,0,2012-04-05T00:00:00.000Z,4/5/2012 5:37:00 PM,Driveway Junction,18,"MOTOR VEHICLE STRUCK PEDALCYCLIST, FRONT END AT ANGLE",,N,Clear or Partly Cloudy,Dry,Daylight,Y,12096018.0,,45.0,Vehicle - Pedalcyclist,10846,0,N,POINT (1274540.579381928 228168.7906216979),17640.0,4.098961907367108e-06,Clear or Partly Cloudy
125302,140416,140416,3551505,Matched,Intersection,36017.0,NE 137TH ST AND LAKE CITY WAY NE,,,2,Injury Collision,Cycles,2,0,1,1,1,0,0,2012-06-24T00:00:00.000Z,6/24/2012 10:32:00 AM,At Intersection (intersection related),18,"MOTOR VEHICLE STRUCK PEDALCYCLIST, FRONT END AT ANGLE",,N,Clear or Partly Cloudy,Dry,Daylight,Y,12176005.0,,45.0,Vehicle - Pedalcyclist,0,524439,N,POINT (1281387.609660938 269060.2311115712),7211.0,0.0,Clear or Partly Cloudy
125333,140699,140699,3504260,Matched,Intersection,24431.0,ROOSEVELT WAY NE AND NE 75TH ST,,,2,Injury Collision,Cycles,2,0,1,1,1,0,0,2012-07-24T00:00:00.000Z,7/24/2012 2:53:00 PM,At Intersection (intersection related),51,PEDALCYCLIST STRUCK MOTOR VEHICLE FRONT END AT ANGLE,,N,Clear or Partly Cloudy,Dry,Daylight,Y,12206021.0,,45.0,Vehicle - Pedalcyclist,16656,0,N,POINT (1274859.364150256 252702.9766948223),4226.0,0.0,Clear or Partly Cloudy
125341,140696,140696,3553918,Matched,Intersection,25978.0,15TH AVE NE AND NE 62ND ST,,,2,Injury Collision,Cycles,2,0,1,1,1,0,0,2012-08-07T00:00:00.000Z,8/7/2012 10:15:00 PM,,0,NOT ENOUGH INFORMATION / NOT APPLICABLE,,N,Clear or Partly Cloudy,Dry,Dark - Street Lights On,Y,12220012.0,,45.0,Vehicle - Pedalcyclist,29051,0,N,POINT (1276167.552311599 249345.8559233844),4195.0,0.0,Clear or Partly Cloudy
125348,140842,140842,3554093,Matched,Intersection,25933.0,28TH AVE NE AND NE 55TH ST,,,2,Injury Collision,Cycles,2,0,1,1,1,0,0,2012-11-15T00:00:00.000Z,11/15/2012 7:33:00 AM,At Intersection (intersection related),18,"MOTOR VEHICLE STRUCK PEDALCYCLIST, FRONT END AT ANGLE",,N,Clear or Partly Cloudy,Dry,Daylight,Y,12320006.0,,45.0,Vehicle - Pedalcyclist,33935,0,N,POINT (1279741.056571245 247286.624689281),241.0,0.0,Clear or Partly Cloudy
125366,141754,141754,3613426,Matched,Block,,FREMONT AVE N BETWEEN N 36TH ST AND N 38TH ST,,,2,Injury Collision,Cycles,2,0,1,1,1,0,0,2012-07-28T00:00:00.000Z,7/28/2012 6:02:00 PM,Mid-Block (not related to intersection),54,PEDALCYCLIST STRUCK MOTOR VEHICLE REAR END,,N,Clear or Partly Cloudy,Dry,Daylight,,12210014.0,Y,45.0,Vehicle - Pedalcyclist,8360,0,N,POINT (1266647.413421839 241526.9393073767),15191.0,7.447914690328972e-09,Clear or Partly Cloudy
125400,141750,141750,3596992,Matched,Block,,NW MARKET ST BETWEEN BALLARD AVE NW AND 24TH AVE NW,,,2,Injury Collision,Cycles,2,0,1,1,1,0,0,2012-07-21T00:00:00.000Z,7/21/2012 9:06:00 AM,Mid-Block (not related to intersection),21,"MOTOR VEHICLE STRUCK PEDALCYCLIST, REAR END",,N,Clear or Partly Cloudy,Dry,Daylight,Y,12203012.0,,45.0,Vehicle - Pedalcyclist,25851,0,N,POINT (1257641.320996627 247778.0252017826),7585.0,2.495447666219325e-05,Clear or Partly Cloudy
125413,140140,140140,3504620,Matched,Intersection,24268.0,GREENWOOD AVE N AND N 83RD ST,,,2,Injury Collision,Cycles,2,0,1,1,1,0,0,2012-10-12T00:00:00.000Z,10/12/2012 8:00:00 AM,At Intersection (intersection related),18,"MOTOR VEHICLE STRUCK PEDALCYCLIST, FRONT END AT ANGLE",Y,N,Overcast,Wet,Daylight,Y,12286005.0,,45.0,Vehicle - Pedalcyclist,4533,0,N,POINT (1265590.642732769 255073.8628412485),752.0,0.0,Overcast
125501,141134,141134,3581828,Matched,Block,,GILMAN AVE W BETWEEN 24TH AVE W AND 25TH AVE W,,,2,Injury Collision,Cycles,2,0,1,1,1,0,0,2012-11-18T00:00:00.000Z,11/18/2012 6:16:00 PM,Mid-Block (not related to intersection),54,PEDALCYCLIST STRUCK MOTOR VEHICLE REAR END,Y,N,Raining,Wet,Dark - Street Lights On,,12323011.0,,45.0,Vehicle - Pedalcyclist,15446,0,N,POINT (1257283.593444258 243581.0372294784),17217.0,7.217350879131654e-06,Raining
125518,141779,141779,3567684,Matched,Intersection,30752.0,18TH AVE S AND S JACKSON ST,,,2,Injury Collision,Cycles,2,0,1,1,1,0,0,2012-09-07T00:00:00.000Z,9/7/2012 6:01:00 AM,At Intersection (intersection related),18,"MOTOR VEHICLE STRUCK PEDALCYCLIST, FRONT END AT ANGLE",,N,Clear or Partly Cloudy,Dry,Dark - Street Lights On,Y,12251004.0,,45.0,Vehicle - Pedalcyclist,11040,0,N,POINT (1276371.452727795 222074.5465834588),121.0,0.0,Clear or Partly Cloudy
125519,141282,141282,3552592,Matched,Intersection,26605.0,8TH AVE NW AND NW 45TH ST,,,2,Injury Collision,Cycles,2,0,1,1,1,0,0,2012-06-28T00:00:00.000Z,6/28/2012 12:13:00 AM,At Intersection (intersection related),18,"MOTOR VEHICLE STRUCK PEDALCYCLIST, FRONT END AT ANGLE",,Y,Clear or Partly Cloudy,Dry,Dark - Street Lights On,Y,12180004.0,,45.0,Vehicle - Pedalcyclist,2280,0,N,POINT (1262712.39504981 245042.3817429841),6057.0,0.0,Clear or Partly Cloudy
125533,141277,141277,3617181,Matched,Intersection,31544.0,RAINIER AVE S AND S HOLGATE ST,,,2,Injury Collision,Cycles,2,0,1,1,1,0,0,2012-04-13T00:00:00.000Z,4/13/2012 9:32:00 AM,At Intersection (intersection related),51,PEDALCYCLIST STRUCK MOTOR VEHICLE FRONT END AT ANGLE,,N,Clear or Partly Cloudy,Dry,Daylight,,12104002.0,,45.0,Vehicle - Pedalcyclist,0,0,N,POINT (1277447.844664901 217344.4335546196),5294.0,0.0,Clear or Partly Cloudy
125534,140988,140988,3546466,Matched,Intersection,29878.0,BOREN AVE AND PIKE ST,,,3,Fatality Collision,Cycles,2,0,1,1,0,0,1,2012-05-29T00:00:00.000Z,5/29/2012 6:19:00 AM,At Intersection (intersection related),51,PEDALCYCLIST STRUCK MOTOR VEHICLE FRONT END AT ANGLE,,Y,Clear or Partly Cloudy,Dry,Daylight,,12150014.0,,45.0,Vehicle - Pedalcyclist,31087,0,N,POINT (1271552.335410863 227358.0148768723),6588.0,0.0,Clear or Partly Cloudy
125597,140426,140426,3465785,Matched,Intersection,29703.0,1ST AVE AND BLANCHARD ST,,,2b,Serious Injury Collision,Cycles,3,0,1,1,1,1,0,2012-08-04T00:00:00.000Z,8/4/2012 1:28:00 AM,At Intersection (intersection related),51,PEDALCYCLIST STRUCK MOTOR VEHICLE FRONT END AT ANGLE,Y,Y,Clear or Partly Cloudy,Dry,Dark - Street Lights On,,12217035.0,Y,45.0,Vehicle - Pedalcyclist,13227,0,N,POINT (1267526.477614745 227123.1643166244),2269.0,0.0,Clear or Partly Cloudy
125607,140575,140575,3597011,Matched,Intersection,37814.0,45TH AVE NE AND NE 95TH ST,,,2,Injury Collision,Cycles,2,0,1,1,1,0,0,2012-11-15T00:00:00.000Z,11/15/2012 6:17:00 AM,At Intersection (intersection related),18,"MOTOR VEHICLE STRUCK PEDALCYCLIST, FRONT END AT ANGLE",,N,Clear or Partly Cloudy,Dry,Dark - Street Lights On,,12320007.0,,45.0,Vehicle - Pedalcyclist,28479,0,N,POINT (1284185.621311799 257730.2051159739),11824.0,0.0,Clear or Partly Cloudy
125637,140718,140718,3596914,Matched,Intersection,25131.0,24TH AVE NW AND NW 59TH ST,,,2,Injury Collision,Right Turn,2,0,1,1,1,0,0,2012-08-14T00:00:00.000Z,8/14/2012 5:47:00 PM,At Intersection (intersection related),18,"MOTOR VEHICLE STRUCK PEDALCYCLIST, FRONT END AT ANGLE",,N,Clear or Partly Cloudy,Dry,Daylight,Y,12227028.0,,16.0,From same direction - one right turn - one straight,2105,0,N,POINT (1257511.66698049 248862.274482891),5333.0,0.0,Clear or Partly Cloudy
125638,141145,141145,3608670,Matched,Block,,42ND AVE S BETWEEN S GENESEE ST AND S OREGON ST,,,2,Injury Collision,Cycles,2,0,1,1,1,0,0,2012-08-14T00:00:00.000Z,8/14/2012 9:58:00 AM,Mid-Block (not related to intersection),51,PEDALCYCLIST STRUCK MOTOR VEHICLE FRONT END AT ANGLE,Y,N,Clear or Partly Cloudy,Dry,Daylight,,12227005.0,,45.0,Vehicle - Pedalcyclist,0,0,N,POINT (1283087.217726678 208903.4038499743),10969.0,7.07836233768105e-06,Clear or Partly Cloudy
125668,141434,141434,3465665,Matched,Block,,STEWART ST BETWEEN TERRY AVE AND BOREN AVE,,,2,Injury Collision,Cycles,2,0,1,1,1,0,0,2012-12-03T00:00:00.000Z,12/3/2012 7:10:00 AM,Mid-Block (not related to intersection),18,"MOTOR VEHICLE STRUCK PEDALCYCLIST, FRONT END AT ANGLE",,N,Raining,Wet,Daylight,Y,12338016.0,,45.0,Vehicle - Pedalcyclist,13687,0,N,POINT (1270530.444337815 228526.0448300689),13801.0,0.0,Raining
125681,141292,141292,3549563,Matched,Intersection,30482.0,2ND AVE AND JAMES ST,,,2,Injury Collision,Cycles,4,0,1,1,1,0,0,2012-12-24T00:00:00.000Z,12/24/2012 2:03:00 AM,At Intersection (intersection related),18,"MOTOR VEHICLE STRUCK PEDALCYCLIST, FRONT END AT ANGLE",,N,Overcast,Wet,Dark - Street Lights On,Y,12359010.0,,45.0,Vehicle - Pedalcyclist,0,520980,N,POINT (1270583.694641873 223305.2345847189),134.0,0.0,Overcast
125706,139749,139749,3466765,Matched,Block,,NE 45TH ST BETWEEN 1ST AVE NE AND 2ND AVE NE,,,2,Injury Collision,Cycles,5,0,1,1,1,0,0,2012-07-07T00:00:00.000Z,7/7/2012 9:50:00 PM,Mid-Block (not related to intersection),18,"MOTOR VEHICLE STRUCK PEDALCYCLIST, FRONT END AT ANGLE",,Y,Clear or Partly Cloudy,Dry,Dark - Street Lights On,Y,12189012.0,,45.0,Vehicle - Pedalcyclist,6532,0,N,POINT (1272176.522995502 244818.3334227502),18208.0,3.0169654243669977e-05,Clear or Partly Cloudy
125714,140014,140014,3331217,Matched,Intersection,28437.0,BOYER AVE E AND E LYNN ST,,,2,Injury Collision,Cycles,2,0,1,1,1,0,0,2012-07-30T00:00:00.000Z,7/30/2012 3:24:00 PM,At Intersection (intersection related),51,PEDALCYCLIST STRUCK MOTOR VEHICLE FRONT END AT ANGLE,,N,Clear or Partly Cloudy,Dry,Daylight,,12212004.0,,45.0,Vehicle - Pedalcyclist,6033,0,N,POINT (1276208.922423631 236788.7410305291),3905.0,0.0,Clear or Partly Cloudy
125719,139745,139745,3593597,Matched,Intersection,29750.0,14TH AVE AND E PIKE ST,,,2,Injury Collision,Cycles,2,0,1,1,1,0,0,2012-12-29T00:00:00.000Z,12/29/2012 4:45:00 PM,At Intersection (intersection related),18,"MOTOR VEHICLE STRUCK PEDALCYCLIST, FRONT END AT ANGLE",,N,Clear or Partly Cloudy,Wet,Dusk,Y,12364001.0,,45.0,Vehicle - Pedalcyclist,11896,0,N,POINT (1275179.35186258 227527.3153570443),64.0,0.0,Clear or Partly Cloudy
125729,139741,139741,3467188,Matched,Intersection,35253.0,RENTON AVE S AND S CLOVERDALE ST,,,2,Injury Collision,Cycles,3,0,1,1,1,0,0,2012-07-28T00:00:00.000Z,7/28/2012 7:34:00 PM,At Intersection (intersection related),18,"MOTOR VEHICLE STRUCK PEDALCYCLIST, FRONT END AT ANGLE",,N,Clear or Partly Cloudy,Dry,Dusk,Y,12210008.0,,45.0,Vehicle - Pedalcyclist,7678,0,N,POINT (1283771.392575383 195257.7926359922),1713.0,0.0,Clear or Partly Cloudy
125734,140157,140157,3547462,Matched,Block,,S CLOVERDALE ST BETWEEN 10TH AVE S AND 12TH AVE S,,,2,Injury Collision,Cycles,2,0,1,1,1,0,0,2012-06-13T00:00:00.000Z,6/13/2012 6:22:00 PM,Mid-Block (not related to intersection),53,PEDALCYCLIST STRUCK MOTOR VEHICLE LEFT SIDE AT ANGLE,,N,Clear or Partly Cloudy,Dry,Daylight,,12165019.0,,45.0,Vehicle - Pedalcyclist,29049,0,N,POINT (1273400.834356755 195577.0271323323),13974.0,2.721033530077455e-05,Clear or Partly Cloudy
125836,139884,139884,3549505,Matched,Block,,DEXTER AVE N BETWEEN ROY ST AND VALLEY ST,,,2,Injury Collision,Cycles,3,0,1,1,1,0,0,2012-05-24T00:00:00.000Z,5/24/2012 3:19:00 PM,Driveway Junction,18,"MOTOR VEHICLE STRUCK PEDALCYCLIST, FRONT END AT ANGLE",,N,Clear or Partly Cloudy,Dry,Daylight,Y,12145024.0,,45.0,Vehicle - Pedalcyclist,12712,0,N,POINT (1268330.074735567 231932.1833295524),13737.0,3.050049204303896e-05,Clear or Partly Cloudy
125839,139615,139615,3328425,Matched,Intersection,24496.0,WEEDIN PL NE AND NE 65TH ST,,,2,Injury Collision,Cycles,2,0,1,1,1,0,0,2012-05-19T00:00:00.000Z,5/19/2012 1:07:00 PM,At Intersection (intersection related),18,"MOTOR VEHICLE STRUCK PEDALCYCLIST, FRONT END AT ANGLE",,N,Clear or Partly Cloudy,Dry,Daylight,,12140002.0,,45.0,Vehicle - Pedalcyclist,29235,0,N,POINT (1274351.757621735 250062.2414601147),1447.0,0.0,Clear or Partly Cloudy
125901,140167,140167,3502482,Matched,Intersection,34420.0,RAINIER AVE S AND S HOLLY ST,,,2,Injury Collision,Cycles,2,0,1,1,1,0,0,2012-12-08T00:00:00.000Z,12/8/2012 12:18:00 PM,At Intersection (intersection related),18,"MOTOR VEHICLE STRUCK PEDALCYCLIST, FRONT END AT ANGLE",,N,Clear or Partly Cloudy,Dry,Daylight,Y,12343005.0,,45.0,Vehicle - Pedalcyclist,0,525066,N,POINT (1284904.000320539 201204.061826095),914.0,0.0,Clear or Partly Cloudy
125910,141312,141312,3547048,Matched,Intersection,32935.0,26TH AVE SW AND SW HUDSON ST,,,2,Injury Collision,Cycles,2,0,1,1,1,0,0,2012-08-28T00:00:00.000Z,8/28/2012 2:55:00 PM,At Intersection (intersection related),51,PEDALCYCLIST STRUCK MOTOR VEHICLE FRONT END AT ANGLE,,N,Clear or Partly Cloudy,Dry,Daylight,,12241016.0,,45.0,Vehicle - Pedalcyclist,0,0,N,POINT (1262114.891049206 207118.6622801423),2009.0,0.0,Clear or Partly Cloudy
125918,141702,141702,3503436,Matched,Intersection,30368.0,1ST AVE S AND S KING ST,,,2,Injury Collision,Cycles,2,0,1,1,1,0,0,2012-04-16T00:00:00.000Z,4/16/2012 5:30:00 PM,At Intersection (intersection related),18,"MOTOR VEHICLE STRUCK PEDALCYCLIST, FRONT END AT ANGLE",,N,Clear or Partly Cloudy,Dry,Daylight,,12107005.0,,45.0,Vehicle - Pedalcyclist,4885,0,N,POINT (1270142.79889743 221849.4258152246),1815.0,0.0,Clear or Partly Cloudy
125942,141014,141014,3549219,Matched,Block,,EASTLAKE AVE E BETWEEN PROSPECT ST AND E NELSON PL,,,1,Property Damage Only Collision,Cycles,3,0,1,1,0,0,0,2012-08-27T00:00:00.000Z,8/27/2012 4:46:00 PM,Driveway Junction,51,PEDALCYCLIST STRUCK MOTOR VEHICLE FRONT END AT ANGLE,,N,Clear or Partly Cloudy,Dry,Daylight,,12240028.0,,45.0,Vehicle - Pedalcyclist,11613,0,N,POINT (1271741.66072306 233260.7382109165),18550.0,3.084540861953878e-05,Clear or Partly Cloudy
126033,140178,140178,3553843,Matched,Intersection,23895.0,15TH AVE NW AND NW 75TH ST,,,2,Injury Collision,Cycles,2,0,1,1,1,0,0,2012-06-22T00:00:00.000Z,6/22/2012 5:46:00 PM,At Intersection (intersection related),24,MOTOR VEHCILE STRUCK PEDESTRIAN,,N,Raining,Wet,Daylight,,12174046.0,,45.0,Vehicle - Pedalcyclist,0,521277,N,POINT (1260258.570023298 253036.461751163),2399.0,0.0,Raining
126036,140176,140176,3617563,Matched,Intersection,167415.0,BEACON ER AVE S AND S MORGAN ST,,,2,Injury Collision,Cycles,2,0,1,1,1,0,0,2012-06-20T00:00:00.000Z,6/20/2012 4:34:00 PM,At Intersection (intersection related),51,PEDALCYCLIST STRUCK MOTOR VEHICLE FRONT END AT ANGLE,,N,Clear or Partly Cloudy,Dry,Daylight,,12172002.0,,45.0,Vehicle - Pedalcyclist,0,0,N,POINT (1278253.723961726 202111.3905950189),12229.0,0.0,Clear or Partly Cloudy
126044,141315,141315,3593726,Matched,Block,,E MARION ST BETWEEN 12TH AVE AND 13TH AVE,,,2,Injury Collision,Cycles,2,0,1,1,1,0,0,2012-08-21T00:00:00.000Z,8/21/2012 6:58:00 PM,Driveway Junction,54,PEDALCYCLIST STRUCK MOTOR VEHICLE REAR END,,N,Clear or Partly Cloudy,Dry,Daylight,,12234028.0,,45.0,Vehicle - Pedalcyclist,0,0,N,POINT (1274687.487158075 226176.0153236538),18105.0,4.3391526074002285e-07,Clear or Partly Cloudy
126167,140321,140321,3566175,Matched,Intersection,28341.0,24TH AVE E AND E LAKE WASHINGTON BLVD,,,2,Injury Collision,Other,2,0,1,1,2,0,0,2012-03-09T00:00:00.000Z,3/9/2012 1:50:00 PM,At Intersection (intersection related),21,"MOTOR VEHICLE STRUCK PEDALCYCLIST, REAR END",,N,Raining,Wet,Daylight,,12069016.0,,52.0,Vehicle overturned,8910,0,N,POINT (1278397.892665878 238418.0914321989),197.0,0.0,Raining
126211,141331,141331,3476407,Matched,Block,,BELLEVUE AVE E BETWEEN E DENNY WAY AND E LORETTA PL,,,2,Injury Collision,Cycles,2,0,1,1,1,0,0,2012-11-19T00:00:00.000Z,11/19/2012 6:31:00 PM,Mid-Block (not related to intersection),51,PEDALCYCLIST STRUCK MOTOR VEHICLE FRONT END AT ANGLE,,N,Raining,Wet,Dark - Street Lights On,,12324016.0,,45.0,Vehicle - Pedalcyclist,0,0,N,POINT (1272129.62712346 229315.3047348708),6176.0,1.1044136245464058e-05,Raining