OBJECTID,INCKEY,COLDETKEY,REPORTNO,STATUS,ADDRTYPE,INTKEY,LOCATION,EXCEPTRSNC,EXCEPTRSND,SEVERITYCO,SEVERITYDE,COLLISIONT,PERSONCOUN,PEDCOUNT,PEDCYLCOUN,VEHCOUNT,INJURIES,SERIOUSINJ,FATALITIES,INCDATE,INCDTTM,JUNCTIONTY,SDOT_COLCO,SDOT_COLDE,INATTENTIO,UNDERINFL,WEATHER,ROADCOND,LIGHTCOND,PEDROWNOTG,SDOTCOLNUM,SPEEDING,ST_COLCODE,ST_COLDESC,SEGLANEKEY,CROSSWALKK,HITPARKEDC,geometry,near_str_index,min_length,weather_group
126237,139642,139642,3566167,Matched,Intersection,30626.0,30TH AVE S AND S MAIN ST,,,2,Injury Collision,Cycles,2,0,1,1,1,0,0,2012-02-21T00:00:00.000Z,2/21/2012 2:00:00 PM,At Intersection (intersection related),18,"MOTOR VEHICLE STRUCK PEDALCYCLIST, FRONT END AT ANGLE",,N,Overcast,Wet,Daylight,,12052011.0,,45.0,Vehicle - Pedalcyclist,0,0,N,POINT (1280124.516923651 222376.2405357659),7796.0,0.0,Overcast
126270,140049,140049,3546980,Matched,Block,,CALIFORNIA AVE SW BETWEEN SW MYRTLE ST AND SW ORCHARD ST,,,2,Injury Collision,Cycles,2,0,1,1,1,0,0,2012-02-02T00:00:00.000Z,2/2/2012 11:57:00 AM,Mid-Block (not related to intersection),56,PEDALCYCLIST STRUCK MOTOR VEHICLE LEFT SIDE SIDESWIPE,Y,N,Overcast,Dry,Daylight,,12033035.0,,45.0,Vehicle - Pedalcyclist,2804,0,N,POINT (1256614.760291576 200634.8254095018),18918.0,2.0031307595218985e-05,Overcast
126353,142476,142476,3553209,Matched,Block,,CALIFORNIA AVE SW BETWEEN ERSKINE WAY SW AND SW HUDSON ST,,,2,Injury Collision,Cycles,4,0,1,1,1,0,0,2012-08-22T00:00:00.000Z,8/22/2012 5:55:00 PM,Mid-Block (not related to intersection),56,PEDALCYCLIST STRUCK MOTOR VEHICLE LEFT SIDE SIDESWIPE,,N,Clear or Partly Cloudy,Dry,Daylight,,12235011.0,,45.0,Vehicle - Pedalcyclist,2708,0,N,POINT (1256857.946147814 207563.2029525936),20555.0,7.444665032268267e-09,Clear or Partly Cloudy
126461,143867,143867,3380678,Matched,Block,,FAUNTLEROY WAY SW BETWEEN SW EDMUNDS ST AND SW HUDSON ST,,,2,Injury Collision,Cycles,3,0,1,1,1,0,0,2013-02-09T00:00:00.000Z,2/9/2013 3:17:00 PM,Driveway Junction,51,PEDALCYCLIST STRUCK MOTOR VEHICLE FRONT END AT ANGLE,,N,Raining,Wet,Daylight,Y,13040027.0,,45.0,Vehicle - Pedalcyclist,0,0,N,POINT (1258189.884901181 207516.9315285534),22538.0,2.7878969950000817e-05,Raining
126483,143308,143308,3476630,Matched,Intersection,30028.0,23RD AVE AND E SPRING ST,,,2,Injury Collision,Cycles,2,0,1,1,1,0,0,2013-01-04T00:00:00.000Z,1/4/2013 1:06:00 AM,At Intersection (intersection related),21,"MOTOR VEHICLE STRUCK PEDALCYCLIST, REAR END",,N,Raining,Wet,Dark - Street Lights On,,13004001.0,,45.0,Vehicle - Pedalcyclist,22610,0,N,POINT (1277992.654905468 226549.3661720455),10870.0,0.0,Raining
126498,142193,142193,3504031,Matched,Intersection,29872.0,BOREN AVE AND PINE ST,,,2b,Serious Injury Collision,Cycles,2,0,1,1,1,1,0,2012-02-28T00:00:00.000Z,2/28/2012 5:12:00 PM,At Intersection (intersection related),51,PEDALCYCLIST STRUCK MOTOR VEHICLE FRONT END AT ANGLE,,N,Raining,Wet,Dusk,,12059003.0,,45.0,Vehicle - Pedalcyclist,10318,0,N,POINT (1271335.12145865 227723.9425572455),896.0,0.0,Raining
126534,142902,142902,3613220,Matched,Intersection,27043.0,TROLL AVE N AND N 34TH ST,,,2,Injury Collision,Cycles,2,0,1,1,1,0,0,2013-03-04T00:00:00.000Z,3/4/2013 4:05:00 PM,At Intersection (intersection related),51,PEDALCYCLIST STRUCK MOTOR VEHICLE FRONT END AT ANGLE,,N,Clear or Partly Cloudy,Dry,Daylight,Y,13063017.0,,45.0,Vehicle - Pedalcyclist,8816,0,N,POINT (1267245.477678463 240493.9652263224),1223.0,0.0,Clear or Partly Cloudy
126599,143455,143455,3503357,Matched,Intersection,35902.0,ROOSEVELT WAY NE AND NE 125TH N ST,,,2b,Serious Injury Collision,Cycles,2,0,1,1,1,1,0,2013-02-07T00:00:00.000Z,2/7/2013 5:48:00 AM,At Intersection (intersection related),18,"MOTOR VEHICLE STRUCK PEDALCYCLIST, FRONT END AT ANGLE",,N,Raining,Wet,Dark - Street Lights On,Y,13038008.0,,45.0,Vehicle - Pedalcyclist,16882,0,N,POINT (1274958.863414362 266066.3469485044),4986.0,0.0,Raining
126677,142910,142910,3582009,Matched,Intersection,29948.0,5TH AVE AND MADISON ST,,,2b,Serious Injury Collision,Cycles,3,0,1,2,2,1,0,2013-01-16T00:00:00.000Z,1/16/2013 2:53:00 PM,At Intersection (intersection related),18,"MOTOR VEHICLE STRUCK PEDALCYCLIST, FRONT END AT ANGLE",,N,Clear or Partly Cloudy,Dry,Daylight,,13016003.0,,45.0,Vehicle - Pedalcyclist,22694,0,N,POINT (1270791.776818082 224850.6855943054),481.0,0.0,Clear or Partly Cloudy
126737,143740,143740,3503132,Matched,Block,,AURORA AVE N BETWEEN N 109TH ST AND N 112TH ST,,,2,Injury Collision,Cycles,2,0,1,1,1,0,0,2013-01-10T00:00:00.000Z,1/10/2013 8:15:00 AM,Driveway Junction,51,PEDALCYCLIST STRUCK MOTOR VEHICLE FRONT END AT ANGLE,,N,Raining,Wet,Daylight,,13010025.0,,45.0,Vehicle - Pedalcyclist,0,0,N,POINT (1268329.195759565 262297.0312326401),23117.0,3.171676232676752e-05,Raining
126833,143605,143605,3503280,Matched,Intersection,27078.0,15TH AVE NE AND NE 43RD ST,,,2,Injury Collision,Cycles,2,0,1,1,1,0,0,2013-02-14T00:00:00.000Z,2/14/2013 10:59:00 AM,At Intersection (intersection related),51,PEDALCYCLIST STRUCK MOTOR VEHICLE FRONT END AT ANGLE,,N,Overcast,Wet,Daylight,,13045002.0,,45.0,Vehicle - Pedalcyclist,0,524562,N,POINT (1276039.793975458 244168.7922380865),10523.0,0.0,Overcast
126836,143467,143467,3476495,Matched,Intersection,30190.0,20TH AVE AND E JEFFERSON ST,,,2,Injury Collision,Cycles,2,0,1,1,1,0,0,2013-03-12T00:00:00.000Z,3/12/2013 10:38:00 PM,At Intersection (intersection related),51,PEDALCYCLIST STRUCK MOTOR VEHICLE FRONT END AT ANGLE,,N,Overcast,Wet,Dark - Street Lights On,Y,13071010.0,,45.0,Vehicle - Pedalcyclist,34934,0,N,POINT (1277070.102328524 224588.8925700337),5231.0,0.0,Overcast
126889,143895,143895,3581760,Matched,Block,,ALASKAN WAY BETWEEN VINE ST AND CLAY ST,,,2b,Serious Injury Collision,Cycles,4,0,1,3,1,1,0,2013-03-01T00:00:00.000Z,3/1/2013 5:26:00 PM,Mid-Block (not related to intersection),21,"MOTOR VEHICLE STRUCK PEDALCYCLIST, REAR END",Y,N,Clear or Partly Cloudy,Dry,Daylight,,13060011.0,Y,45.0,Vehicle - Pedalcyclist,20776,0,N,POINT (1265591.06423676 227627.3577251434),21288.0,5.0245207272725325e-09,Clear or Partly Cloudy
126909,141802,141802,3566041,Matched,Block,,BOYER AVE E BETWEEN 15TH AVE E AND 14TH AVE E,,,2,Injury Collision,Cycles,2,0,1,1,1,0,0,2012-07-31T00:00:00.000Z,7/31/2012 2:32:00 PM,Mid-Block (not related to intersection),51,PEDALCYCLIST STRUCK MOTOR VEHICLE FRONT END AT ANGLE,,N,Clear or Partly Cloudy,Dry,Daylight,,12213032.0,,45.0,Vehicle - Pedalcyclist,6029,0,N,POINT (1275682.628087103 237201.8434309512),3398.0,2.8653066014851366e-05,Clear or Partly Cloudy
126929,142364,142364,3546149,Matched,Block,,DENNY WAY BETWEEN WARREN AVE N AND 2ND WR AVE,,,1,Property Damage Only Collision,Rear Ended,2,0,1,1,0,0,0,2012-10-15T00:00:00.000Z,10/15/2012 6:47:00 PM,Mid-Block (but intersection related),54,PEDALCYCLIST STRUCK MOTOR VEHICLE REAR END,,N,Raining,Wet,Dark - Street Lights On,,12289027.0,,14.0,From same direction - both going straight - one stopped - rear-end,20136,0,N,POINT (1265463.632044628 229348.8383029103),11925.0,1.8906515614068306e-05,Raining
126936,142517,142517,3560237,Matched,Block,,6TH AVE S BETWEEN S LANE ST AND S DEARBORN ST,,,2,Injury Collision,Cycles,2,0,1,1,1,0,0,2012-09-02T00:00:00.000Z,9/2/2012 7:00:00 PM,Mid-Block (not related to intersection),21,"MOTOR VEHICLE STRUCK PEDALCYCLIST, REAR END",,N,Clear or Partly Cloudy,Dry,Daylight,Y,12246005.0,,45.0,Vehicle - Pedalcyclist,5797,0,N,POINT (1272057.185971379 221070.2634464353),5997.0,3.6772626851371435e-06,Clear or Partly Cloudy
128081,143003,143003,3549434,Matched,Intersection,29515.0,DENNY WAY AND DEXTER AVE,,,1,Property Damage Only Collision,Cycles,2,0,1,1,0,0,0,2013-02-05T00:00:00.000Z,2/5/2013 7:34:00 PM,At Intersection (intersection related),51,PEDALCYCLIST STRUCK MOTOR VEHICLE FRONT END AT ANGLE,,N,Overcast,Dry,Dark - Street Lights On,,13036017.0,,45.0,Vehicle - Pedalcyclist,12566,0,N,POINT (1268262.3086555 229277.1954228282),6287.0,0.0,Overcast
128094,143273,143273,3502733,Matched,Intersection,25521.0,GREEN LAKE WAY N AND N 51ST ST,,,2,Injury Collision,Left Turn,2,0,1,1,1,0,0,2013-02-08T00:00:00.000Z,2/8/2013 6:16:00 PM,At Intersection (intersection related),11,"MOTOR VEHICLE STRUCK MOTOR VEHICLE, FRONT END AT ANGLE",,N,Overcast,Dry,Dark - Street Lights On,Y,13039004.0,,28.0,From opposite direction - one left turn - one straight,0,0,N,POINT (1269167.913776428 246472.3429604471),9878.0,0.0,Overcast
128120,141872,141872,3566266,Matched,Block,,FLORENTIA ST BETWEEN 2ND AVE N AND MAYFAIR AVE N,,,2,Injury Collision,Cycles,2,0,1,1,1,0,0,2012-11-03T00:00:00.000Z,11/3/2012 9:28:00 PM,Driveway Junction,51,PEDALCYCLIST STRUCK MOTOR VEHICLE FRONT END AT ANGLE,,N,Clear or Partly Cloudy,Dry,Dark - Street Lights On,,12308018.0,,45.0,Vehicle - Pedalcyclist,34782,0,N,POINT (1265877.74225305 239662.0870814621),13745.0,7.448939855800588e-09,Clear or Partly Cloudy
128129,142015,142015,3551910,Matched,Intersection,29747.0,11TH AVE AND E PIKE ST,,,2,Injury Collision,Cycles,2,1,1,0,1,0,0,2012-04-14T00:00:00.000Z,4/14/2012 6:32:00 PM,At Intersection (intersection related),64,PEDALCYCLIST STRUCK PEDESTRIAN,Y,N,Clear or Partly Cloudy,Dry,Daylight,Y,12105004.0,,45.0,Vehicle - Pedalcyclist,31259,523844,N,POINT (1274213.232437596 227535.8214690536),1145.0,0.0,Clear or Partly Cloudy
128220,143557,143557,3501390,Matched,Block,,UNIVERSITY WAY NE BETWEEN NE 45TH ST AND NE 47TH ST,,,2,Injury Collision,Cycles,2,1,1,0,2,0,0,2013-03-01T00:00:00.000Z,3/1/2013 2:30:00 PM,Mid-Block (not related to intersection),64,PEDALCYCLIST STRUCK PEDESTRIAN,,N,Overcast,Dry,Daylight,Y,13060025.0,,45.0,Vehicle - Pedalcyclist,5644,522430,N,POINT (1275789.728567213 245048.8713429868),13344.0,7.227023133070065e-09,Overcast
128242,143840,143840,3504024,Matched,Intersection,30375.0,ALASKAN E RDWY WAY AND YESLER WAY,,,2,Injury Collision,Cycles,2,0,1,1,1,0,0,2013-02-04T00:00:00.000Z,2/4/2013 5:26:00 PM,At Intersection (intersection related),18,"MOTOR VEHICLE STRUCK PEDALCYCLIST, FRONT END AT ANGLE",,N,Clear or Partly Cloudy,Dry,Dark - Street Lights On,Y,13035006.0,,45.0,Vehicle - Pedalcyclist,0,522606,N,POINT (1269712.648496985 223110.2429685146),16264.0,0.0,Clear or Partly Cloudy
128321,143013,143013,3505006,Matched,Block,,FAUNTLEROY WAY SW BETWEEN 41ST AVE SW AND 42ND AVE SW,,,2,Injury Collision,Cycles,2,0,1,1,1,0,0,2013-02-07T00:00:00.000Z,2/7/2013 4:15:00 PM,Driveway Junction,18,"MOTOR VEHICLE STRUCK PEDALCYCLIST, FRONT END AT ANGLE",,N,Clear or Partly Cloudy,Dry,Daylight,,13038007.0,,45.0,Vehicle - Pedalcyclist,2881,0,N,POINT (1257199.077412173 202748.9887396693),6346.0,1.202792194182183e-06,Clear or Partly Cloudy
128322,143012,143012,3549436,Matched,Intersection,29947.0,6TH AVE AND MADISON ST,,,2,Injury Collision,Cycles,3,0,1,1,1,0,0,2013-02-19T00:00:00.000Z,2/19/2013 10:14:00 AM,At Intersection (intersection related),51,PEDALCYCLIST STRUCK MOTOR VEHICLE FRONT END AT ANGLE,,N,Clear or Partly Cloudy,Dry,Daylight,,13050021.0,,45.0,Vehicle - Pedalcyclist,22702,0,N,POINT (1271068.622642368 225014.612890467),532.0,0.0,Clear or Partly Cloudy
128360,143707,143707,3559747,Matched,Intersection,30437.0,RAINIER AVE S AND S WELLER ST,,,2,Injury Collision,Cycles,2,0,1,1,1,0,0,2013-02-13T00:00:00.000Z,2/13/2013 8:58:00 AM,At Intersection (intersection related),18,"MOTOR VEHICLE STRUCK PEDALCYCLIST, FRONT END AT ANGLE",,N,Raining,Wet,Daylight,,13044020.0,,45.0,Vehicle - Pedalcyclist,24369,0,N,POINT (1275423.787062824 221455.2590308189),3718.0,0.0,Raining
128374,143427,143427,3581626,Matched,Intersection,29087.0,FAIRVIEW AVE N AND YALE AVE N,,,2,Injury Collision,Cycles,2,0,1,1,1,0,0,2013-01-07T00:00:00.000Z,1/7/2013 9:33:00 AM,At Intersection (intersection related),18,"MOTOR VEHICLE STRUCK PEDALCYCLIST, FRONT END AT ANGLE",,N,Raining,Wet,Daylight,,13007003.0,,45.0,Vehicle - Pedalcyclist,25368,0,N,POINT (1271168.955698475 232928.262562573),16677.0,0.0,Raining
128395,143987,143987,3503821,Matched,Block,,DEXTER AVE N BETWEEN HALLADAY ST AND 4TH S AVE N,,,2,Injury Collision,Cycles,2,0,1,1,1,0,0,2013-01-17T00:00:00.000Z,1/17/2013 5:32:00 PM,Mid-Block (not related to intersection),18,"MOTOR VEHICLE STRUCK PEDALCYCLIST, FRONT END AT ANGLE",,N,Clear or Partly Cloudy,Dry,Dark - Street Lights On,Y,13017030.0,,45.0,Vehicle - Pedalcyclist,13856,0,N,POINT (1267398.841070607 238676.1005844623),6301.0,1.2122977418892884e-05,Clear or Partly Cloudy
128446,142314,142314,3546136,Matched,Intersection,29589.0,4TH AVE AND PIKE ST,,,2,Injury Collision,Cycles,2,1,1,0,1,0,0,2012-01-12T00:00:00.000Z,1/12/2012 3:32:00 PM,At Intersection (intersection related),64,PEDALCYCLIST STRUCK PEDESTRIAN,,N,Clear or Partly Cloudy,Dry,Daylight,Y,12012018.0,,45.0,Vehicle - Pedalcyclist,23694,521863,N,POINT (1269612.963888884 226209.446555689),6586.0,0.0,Clear or Partly Cloudy
128452,142180,142180,3548349,Matched,Block,,RAINIER AVE S BETWEEN S BAYVIEW ST AND S MCCLELLAN ST,,,2,Injury Collision,Cycles,4,0,1,1,1,0,0,2012-07-08T00:00:00.000Z,7/8/2012 9:36:00 AM,Mid-Block (not related to intersection),0,NOT ENOUGH INFORMATION / NOT APPLICABLE,,N,Clear or Partly Cloudy,Dry,Daylight,,12190014.0,,45.0,Vehicle - Pedalcyclist,20062,0,N,POINT (1278654.949498147 214892.784080103),18006.0,3.1175991380046676e-06,Clear or Partly Cloudy
128459,143298,143298,3197906,Matched,Intersection,33963.0,DELRIDGE WAY SW AND SW ORCHARD ST,,,1,Property Damage Only Collision,Cycles,2,0,1,1,0,0,0,2013-02-05T00:00:00.000Z,2/5/2013 2:45:00 PM,At Intersection (intersection related),18,"MOTOR VEHICLE STRUCK PEDALCYCLIST, FRONT END AT ANGLE",,N,Overcast,Wet,Daylight,,13036005.0,Y,45.0,Vehicle - Pedalcyclist,0,525435,N,POINT (1263070.140970185 199975.3299208283),8775.0,0.0,Overcast
128508,143994,143994,3476343,Matched,Intersection,29009.0,15TH AVE E AND E MERCER S ST,,,2,Injury Collision,Cycles,2,0,1,1,1,0,0,2013-01-07T00:00:00.000Z,1/7/2013 7:42:00 AM,At Intersection (intersection related),21,"MOTOR VEHICLE STRUCK PEDALCYCLIST, REAR END",Y,N,Raining,Dry,Dawn,,13007004.0,,45.0,Vehicle - Pedalcyclist,8559,0,N,POINT (1275649.163831055 231212.9977928102),2387.0,0.0,Raining
128511,141902,141902,3564535,Matched,Intersection,27182.0,2ND AVE NE AND NE 45TH ST,,,2,Injury Collision,Cycles,2,0,1,1,1,0,0,2012-01-10T00:00:00.000Z,1/10/2012 12:00:00 PM,At Intersection (intersection related),18,"MOTOR VEHICLE STRUCK PEDALCYCLIST, FRONT END AT ANGLE",,N,Clear or Partly Cloudy,Dry,Daylight,Y,12010002.0,,45.0,Vehicle - Pedalcyclist,6532,0,N,POINT (1272301.489459634 244814.9838547409),5213.0,0.0,Clear or Partly Cloudy
128535,143573,143573,3476652,Matched,Intersection,29739.0,11TH AVE AND E PINE ST,,,2,Injury Collision,Cycles,2,0,1,1,1,0,0,2013-01-25T00:00:00.000Z,1/25/2013 9:16:00 PM,At Intersection (intersection related),18,"MOTOR VEHICLE STRUCK PEDALCYCLIST, FRONT END AT ANGLE",,N,Clear or Partly Cloudy,Dry,Dark - Street Lights On,Y,13025011.0,,45.0,Vehicle - Pedalcyclist,10420,0,N,POINT (1274216.837429598 227958.9433894902),28.0,0.0,Clear or Partly Cloudy
128572,142038,142038,3546894,Matched,Intersection,34876.0,25TH AVE SW AND SW BARTON ST,,,2,Injury Collision,Cycles,2,0,1,1,1,0,0,2012-04-28T00:00:00.000Z,4/28/2012 12:32:00 PM,At Intersection (intersection related),51,PEDALCYCLIST STRUCK MOTOR VEHICLE FRONT END AT ANGLE,,N,Clear or Partly Cloudy,Dry,Daylight,Y,12119005.0,,45.0,Vehicle - Pedalcyclist,59260,0,N,POINT (1262093.778473184 193817.7286345214),7947.0,0.0,Clear or Partly Cloudy
128573,144571,144571,3582014,Matched,Intersection,28058.0,4TH AVE N AND DEXTER S AVE N,,,2,Injury Collision,Cycles,3,0,1,1,1,0,0,2013-01-23T00:00:00.000Z,1/23/2013 5:05:00 PM,At Intersection (intersection related),23,"MOTOR VEHICLE STRUCK PEDALCYCLIST, LEFT SIDE SIDESWIPE",,N,Raining,Wet,Dusk,,13023028.0,,45.0,Vehicle - Pedalcyclist,13884,0,N,POINT (1266710.234413907 239216.5044890195),6301.0,0.0,Raining
128650,146135,146155,3503268,Matched,Block,,EAST GREEN LAKE WAY N BETWEEN 4TH AVE NE AND NE RAVENNA SR BV,,,2,Injury Collision,Cycles,2,1,1,0,1,0,0,2013-05-12T00:00:00.000Z,5/12/2013,Mid-Block (not related to intersection),0,NOT ENOUGH INFORMATION / NOT APPLICABLE,,N,Overcast,Dry,Unknown,,,,45.0,Vehicle - Pedalcyclist,7410,0,N,POINT (1272602.087475941 251141.8875412196),21355.0,3.1244158474617334e-06,Overcast
128658,146336,146356,3579281,Matched,Intersection,38385.0,56TH AVE S AND S AVON ST,,,2,Injury Collision,Cycles,2,0,1,1,1,0,0,2013-05-18T00:00:00.000Z,5/18/2013 10:57:00 AM,At Intersection (intersection related),51,PEDALCYCLIST STRUCK MOTOR VEHICLE FRONT END AT ANGLE,,N,Overcast,Dry,Daylight,Y,,,45.0,Vehicle - Pedalcyclist,0,0,N,POINT (1287196.200258881 186156.164722681),1687.0,0.0,Overcast
128670,144146,144146,3567884,Matched,Block,,S DEARBORN ST BETWEEN 13TH AVE S AND CORWIN PL S,,,1,Property Damage Only Collision,Cycles,2,0,1,1,0,0,0,2013-02-05T00:00:00.000Z,2/5/2013 6:02:00 PM,Mid-Block (not related to intersection),55,PEDALCYCLIST STRUCK MOTOR VEHICLE RIGHT SIDE SIDESWIPE,Y,N,Overcast,Dry,Dark - Street Lights On,,13036037.0,,45.0,Vehicle - Pedalcyclist,0,0,N,POINT (1274858.676278248 220855.7010782063),22612.0,3.714322553072113e-06,Overcast
128743,145053,145053,3508075,Matched,Block,,NE 97TH ST BETWEEN SAND POINT WAY NE AND 48TH AVE NE,,,2,Injury Collision,Cycles,2,0,1,1,1,0,0,2013-04-24T00:00:00.000Z,4/24/2013 5:20:00 PM,Mid-Block (but intersection related),21,"MOTOR VEHICLE STRUCK PEDALCYCLIST, REAR END",,N,Clear or Partly Cloudy,Dry,Daylight,Y,,,45.0,Vehicle - Pedalcyclist,0,0,N,POINT (1284912.935488552 258431.0102366954),16713.0,7.684849976143832e-09,Clear or Partly Cloudy
128819,144156,144156,3503151,Matched,Block,,8TH AVE NW BETWEEN NW 63RD ST AND NW 64TH ST,,,1,Property Damage Only Collision,Cycles,3,0,1,1,0,0,0,2013-01-14T00:00:00.000Z,1/14/2013 5:44:00 PM,Driveway Junction,51,PEDALCYCLIST STRUCK MOTOR VEHICLE FRONT END AT ANGLE,,N,Clear or Partly Cloudy,Wet,Dark - Street Lights On,Y,13014017.0,,45.0,Vehicle - Pedalcyclist,2464,0,N,POINT (1262836.26532194 249942.7720199972),3265.0,2.042473065484473e-05,Clear or Partly Cloudy
128907,145822,145842,3612892,Matched,Intersection,26886.0,STONE WAY N AND N 36TH ST,,,2,Injury Collision,Cycles,2,0,1,1,1,0,0,2013-05-06T00:00:00.000Z,5/6/2013 9:45:00 AM,At Intersection (intersection related),51,PEDALCYCLIST STRUCK MOTOR VEHICLE FRONT END AT ANGLE,Y,N,Clear or Partly Cloudy,Dry,Daylight,,,,45.0,Vehicle - Pedalcyclist,6292,0,N,POINT (1268422.925103664 240942.7122347802),1227.0,0.0,Clear or Partly Cloudy
128911,145253,145253,3502608,Matched,Intersection,32154.0,EAST MARGINAL WAY S AND S HANFORD ST,,,3,Fatality Collision,Cycles,2,0,1,1,0,0,1,2013-05-01T00:00:00.000Z,5/1/2013 7:10:00 AM,At Intersection (intersection related),51,PEDALCYCLIST STRUCK MOTOR VEHICLE FRONT END AT ANGLE,Y,N,Other,Dry,Daylight,,,,45.0,Vehicle - Pedalcyclist,4678,0,N,POINT (1268550.077231795 213594.447246775),1767.0,0.0,
128924,145987,146007,3573552,Matched,Intersection,29603.0,2ND AVE AND UNIVERSITY ST,,,2,Injury Collision,Cycles,2,0,1,1,1,0,0,2013-05-10T00:00:00.000Z,5/10/2013 5:42:00 PM,At Intersection (intersection related),18,"MOTOR VEHICLE STRUCK PEDALCYCLIST, FRONT END AT ANGLE",,N,Clear or Partly Cloudy,Dry,Daylight,Y,,,45.0,Vehicle - Pedalcyclist,12162,0,N,POINT (1269492.709168762 225148.3088906109),2490.0,0.0,Clear or Partly Cloudy
128938,146778,146798,3476566,Matched,Intersection,27153.0,EASTLAKE AVE E AND FUHRMAN AVE E,,,2,Injury Collision,Cycles,2,0,1,1,1,0,0,2013-05-22T00:00:00.000Z,5/22/2013 3:40:00 PM,At Intersection (intersection related),23,"MOTOR VEHICLE STRUCK PEDALCYCLIST, LEFT SIDE SIDESWIPE",,N,Overcast,Dry,Daylight,,,,45.0,Vehicle - Pedalcyclist,15459,0,N,POINT (1273704.647989064 241221.0042030662),995.0,0.0,Overcast
127100,142803,142803,3476385,Matched,Block,,10TH AVE E BETWEEN E LYNN ST AND E MILLER ST,,,2,Injury Collision,Cycles,2,0,1,1,1,0,0,2013-01-07T00:00:00.000Z,1/7/2013 6:08:00 PM,Mid-Block (not related to intersection),54,PEDALCYCLIST STRUCK MOTOR VEHICLE REAR END,,N,Raining,Wet,Dark - Street Lights On,,13007022.0,,45.0,Vehicle - Pedalcyclist,6096,0,N,POINT (1273925.49368529 237156.6547589004),2294.0,2.1654952116353888e-05,Raining
127164,143628,143628,3581730,Matched,Intersection,29592.0,2ND AVE AND PIKE ST,,,2,Injury Collision,Cycles,2,0,1,1,1,0,0,2013-03-04T00:00:00.000Z,3/4/2013 6:40:00 PM,At Intersection (intersection related),18,"MOTOR VEHICLE STRUCK PEDALCYCLIST, FRONT END AT ANGLE",,N,Clear or Partly Cloudy,Dry,Dark - Street Lights On,,13063001.0,,45.0,Vehicle - Pedalcyclist,0,525565,N,POINT (1269058.773296311 225881.3874193579),135.0,0.0,Clear or Partly Cloudy
127197,142241,142241,3593537,Matched,Intersection,29177.0,E HOWELL ST AND E OLIVE WAY,,,2b,Serious Injury Collision,Cycles,3,0,1,1,1,1,0,2012-07-15T00:00:00.000Z,7/15/2012 9:19:00 PM,At Intersection (intersection related),51,PEDALCYCLIST STRUCK MOTOR VEHICLE FRONT END AT ANGLE,,N,Clear or Partly Cloudy,Dry,Dark - Street Lights On,,12197007.0,,45.0,Vehicle - Pedalcyclist,23271,0,N,POINT (1272238.338355571 228902.7705904543),679.0,0.0,Clear or Partly Cloudy
127217,142947,142947,3476758,Matched,Block,,16TH AVE BETWEEN E CHERRY ST AND E COLUMBIA ST,,,2,Injury Collision,Cycles,2,0,1,1,1,0,0,2013-03-07T00:00:00.000Z,3/7/2013 3:26:00 PM,,0,NOT ENOUGH INFORMATION / NOT APPLICABLE,,N,Clear or Partly Cloudy,Dry,Daylight,,13066022.0,,45.0,Vehicle - Pedalcyclist,0,0,N,POINT (1275803.303159222 225507.9837709814),2412.0,5.382845578186953e-06,Clear or Partly Cloudy
127222,142945,142945,3476738,Matched,Block,,BROADWAY BETWEEN HARVARD AVE AND E UNION ST,,,2,Injury Collision,Cycles,1,0,1,0,1,0,0,2013-02-20T00:00:00.000Z,2/20/2013 8:00:00 AM,Mid-Block (not related to intersection),66,PEDALCYCLIST STRUCK OBJECT IN ROAD,,N,Clear or Partly Cloudy,Dry,Daylight,,13051008.0,,45.0,Vehicle - Pedalcyclist,42081,0,N,POINT (1273553.086004913 226825.0795803219),6210.0,0.0,Clear or Partly Cloudy
127304,141827,141827,3552213,Matched,Intersection,30138.0,16TH AVE AND E PIKE ST,,,2,Injury Collision,Cycles,2,0,1,1,1,0,0,2012-08-14T00:00:00.000Z,8/14/2012 12:48:00 PM,At Intersection (intersection related),18,"MOTOR VEHICLE STRUCK PEDALCYCLIST, FRONT END AT ANGLE",,N,Clear or Partly Cloudy,Dry,Daylight,Y,12227003.0,,45.0,Vehicle - Pedalcyclist,0,0,N,POINT (1275859.402039275 227509.5888930261),5122.0,0.0,Clear or Partly Cloudy
127305,143779,143779,3609245,Matched,Intersection,36228.0,3RD AVE NW AND NW 117TH ST,,,2,Injury Collision,Cycles,2,0,1,1,1,0,0,2013-01-15T00:00:00.000Z,1/15/2013 1:27:00 PM,At Intersection (intersection related),51,PEDALCYCLIST STRUCK MOTOR VEHICLE FRONT END AT ANGLE,,N,Clear or Partly Cloudy,Dry,Daylight,,13015002.0,,45.0,Vehicle - Pedalcyclist,28627,0,N,POINT (1264395.958059534 264243.0279066414),5471.0,0.0,Clear or Partly Cloudy