OBJECTID,INCKEY,COLDETKEY,REPORTNO,STATUS,ADDRTYPE,INTKEY,LOCATION,EXCEPTRSNC,EXCEPTRSND,SEVERITYCO,SEVERITYDE,COLLISIONT,PERSONCOUN,PEDCOUNT,PEDCYLCOUN,VEHCOUNT,INJURIES,SERIOUSINJ,FATALITIES,INCDATE,INCDTTM,JUNCTIONTY,SDOT_COLCO,SDOT_COLDE,INATTENTIO,UNDERINFL,WEATHER,ROADCOND,LIGHTCOND,PEDROWNOTG,SDOTCOLNUM,SPEEDING,ST_COLCODE,ST_COLDESC,SEGLANEKEY,CROSSWALKK,HITPARKEDC,geometry,near_str_index,min_length,weather_group
127513,142823,142823,3671762,Matched,Intersection,34561.0,38TH AVE S AND S OTHELLO ST,,,2,Injury Collision,Cycles,2,0,1,1,1,0,0,2013-02-14T00:00:00.000Z,2/14/2013 4:36:00 PM,At Intersection (intersection related),51,PEDALCYCLIST STRUCK MOTOR VEHICLE FRONT END AT ANGLE,,N,Overcast,Dry,Dusk,Y,13045027.0,,45.0,Vehicle - Pedalcyclist,24178,0,N,POINT (1281928.124733493 199274.7710721195),4844.0,0.0,Overcast
127558,143656,143656,3502525,Matched,Block,,LAKE WASHINGTON BLVD S BETWEEN 43RD AVE S AND 46TH AVE S,,,2,Injury Collision,Cycles,2,0,1,1,1,0,0,2013-01-16T00:00:00.000Z,1/16/2013 4:48:00 PM,Driveway Junction,18,"MOTOR VEHICLE STRUCK PEDALCYCLIST, FRONT END AT ANGLE",,N,Clear or Partly Cloudy,Dry,Dusk,,13016012.0,,45.0,Vehicle - Pedalcyclist,38095,0,N,POINT (1283724.176767334 211275.2495484054),20582.0,2.8119686867694825e-05,Clear or Partly Cloudy
127561,143517,143517,3581387,Matched,Intersection,29541.0,VIRGINIA ST AND WESTLAKE AVE,,,2,Injury Collision,Cycles,2,0,1,1,1,0,0,2013-01-20T00:00:00.000Z,1/20/2013 1:23:00 PM,At Intersection (intersection related),18,"MOTOR VEHICLE STRUCK PEDALCYCLIST, FRONT END AT ANGLE",,N,Clear or Partly Cloudy,Dry,Daylight,,13020005.0,,45.0,Vehicle - Pedalcyclist,25297,0,N,POINT (1269384.191792652 227898.6602534205),1007.0,0.0,Clear or Partly Cloudy
127574,142122,142122,3465815,Matched,Block,,1ST AVE BETWEEN UNIVERSITY ST AND UNION ST,,,2,Injury Collision,Cycles,2,0,1,1,1,0,0,2012-08-16T00:00:00.000Z,8/16/2012 7:30:00 PM,Driveway Junction,18,"MOTOR VEHICLE STRUCK PEDALCYCLIST, FRONT END AT ANGLE",,N,Clear or Partly Cloudy,Dry,Daylight,Y,12229003.0,,45.0,Vehicle - Pedalcyclist,36717,0,N,POINT (1269107.113776356 225167.7148426324),14103.0,2.6174734732139507e-09,Clear or Partly Cloudy
127601,142694,142694,3507759,Matched,Intersection,26605.0,8TH AVE NW AND NW 45TH ST,,,1,Property Damage Only Collision,Cycles,2,0,1,1,0,0,0,2013-01-02T00:00:00.000Z,1/2/2013 8:25:00 PM,At Intersection (intersection related),51,PEDALCYCLIST STRUCK MOTOR VEHICLE FRONT END AT ANGLE,,N,Clear or Partly Cloudy,Dry,Dark - Street Lights On,,13002006.0,,45.0,Vehicle - Pedalcyclist,2280,0,N,POINT (1262712.39504981 245042.3817429841),6057.0,0.0,Clear or Partly Cloudy
127735,142133,142133,3551294,Matched,Intersection,26795.0,STONE WAY N AND N ALLEN PL,,,2,Injury Collision,Cycles,2,0,1,1,1,0,0,2012-06-10T00:00:00.000Z,6/10/2012 9:03:00 PM,At Intersection (intersection related),51,PEDALCYCLIST STRUCK MOTOR VEHICLE FRONT END AT ANGLE,,N,Clear or Partly Cloudy,Dry,Dusk,Y,12162003.0,,45.0,Vehicle - Pedalcyclist,6375,0,N,POINT (1268617.91364786 244637.8116305619),972.0,0.0,Clear or Partly Cloudy
127755,142841,142841,3608967,Matched,Intersection,25464.0,LEARY WAY NW AND NW 46TH ST,,,2,Injury Collision,Cycles,2,0,1,1,1,0,0,2013-01-19T00:00:00.000Z,1/19/2013 5:54:00 PM,At Intersection (intersection related),51,PEDALCYCLIST STRUCK MOTOR VEHICLE FRONT END AT ANGLE,,N,Overcast,Dry,Dark - Street Lights On,,13019001.0,,45.0,Vehicle - Pedalcyclist,17230,0,N,POINT (1262301.018409386 245318.484655261),804.0,0.0,Overcast
127771,142573,142573,3562811,Matched,Intersection,30477.0,6TH AVE AND JEFFERSON ST,,,2,Injury Collision,Cycles,2,0,1,1,1,0,0,2012-08-15T00:00:00.000Z,8/15/2012 1:45:00 PM,At Intersection (intersection related),18,"MOTOR VEHICLE STRUCK PEDALCYCLIST, FRONT END AT ANGLE",,N,Clear or Partly Cloudy,Dry,Daylight,Y,12228005.0,,45.0,Vehicle - Pedalcyclist,0,0,N,POINT (1271848.696115166 223696.6158331186),3197.0,0.0,Clear or Partly Cloudy
127791,143391,143391,3476801,Matched,Block,,14TH AVE BETWEEN E COLUMBIA ST AND E MARION ST,,,2b,Serious Injury Collision,Cycles,1,0,1,0,1,1,0,2013-02-21T00:00:00.000Z,2/21/2013 2:00:00 PM,,0,NOT ENOUGH INFORMATION / NOT APPLICABLE,,N,Raining,Wet,Daylight,,13052028.0,,45.0,Vehicle - Pedalcyclist,0,0,N,POINT (1275169.723830566 225950.1923474222),2366.0,1.0358646096076152e-05,Raining
127802,142984,142984,3611372,Matched,Intersection,29962.0,7TH AVE AND JAMES ST,,,1,Property Damage Only Collision,Cycles,2,0,1,1,0,0,0,2013-01-11T00:00:00.000Z,1/11/2013 2:00:00 PM,At Intersection (intersection related),51,PEDALCYCLIST STRUCK MOTOR VEHICLE FRONT END AT ANGLE,,N,Clear or Partly Cloudy,Dry,Daylight,,13011030.0,,45.0,Vehicle - Pedalcyclist,24843,0,N,POINT (1271968.852275297 224124.5582335591),777.0,0.0,Clear or Partly Cloudy
127913,142849,142849,3551885,Matched,Intersection,29424.0,36TH AVE E AND E MADISON ST,,,2,Injury Collision,Cycles,2,0,1,1,1,0,0,2013-01-08T00:00:00.000Z,1/8/2013 8:00:00 AM,At Intersection (intersection related),18,"MOTOR VEHICLE STRUCK PEDALCYCLIST, FRONT END AT ANGLE",,N,Raining,Wet,Daylight,Y,13008008.0,,45.0,Vehicle - Pedalcyclist,34382,0,N,POINT (1282047.161405608 233127.0061147809),6880.0,0.0,Raining
127931,142710,142710,3476261,Matched,Intersection,28242.0,10TH AVE E AND E BOSTON ST,,,2,Injury Collision,Cycles,2,0,1,1,1,0,0,2013-02-26T00:00:00.000Z,2/26/2013 8:56:00 AM,At Intersection (intersection related),51,PEDALCYCLIST STRUCK MOTOR VEHICLE FRONT END AT ANGLE,,N,Clear or Partly Cloudy,Dry,Daylight,,13057005.0,Y,45.0,Vehicle - Pedalcyclist,6106,0,N,POINT (1273908.496181279 236410.3633021414),22.0,0.0,Clear or Partly Cloudy
127944,143543,143543,3551274,Matched,Intersection,36926.0,21ST AVE NW AND NW 96TH ST,,,2,Injury Collision,Cycles,2,0,1,1,1,0,0,2013-01-15T00:00:00.000Z,1/15/2013 3:50:00 PM,At Intersection (intersection related),51,PEDALCYCLIST STRUCK MOTOR VEHICLE FRONT END AT ANGLE,,N,Clear or Partly Cloudy,Dry,Daylight,,13015028.0,,45.0,Vehicle - Pedalcyclist,0,0,N,POINT (1258833.617957845 258808.9799010754),5269.0,0.0,Clear or Partly Cloudy
127945,143542,143542,3593389,Matched,Block,,19TH AVE E BETWEEN E THOMAS ST AND E HARRISON ST,,,2,Injury Collision,Cycles,2,0,1,1,1,0,0,2013-02-20T00:00:00.000Z,2/20/2013 7:26:00 PM,Mid-Block (not related to intersection),18,"MOTOR VEHICLE STRUCK PEDALCYCLIST, FRONT END AT ANGLE",,N,Raining,Wet,Dark - Street Lights On,,13051004.0,,45.0,Vehicle - Pedalcyclist,8736,0,N,POINT (1276927.587832376 230103.8437436819),18644.0,6.708585330481387e-06,Raining
127976,143544,143544,3551114,Matched,Intersection,25940.0,25TH AVE NE AND NE 54TH ST,,,2,Injury Collision,Cycles,2,0,1,1,1,0,0,2013-02-24T00:00:00.000Z,2/24/2013 7:20:00 PM,At Intersection (intersection related),51,PEDALCYCLIST STRUCK MOTOR VEHICLE FRONT END AT ANGLE,,N,Clear or Partly Cloudy,Dry,Dark - Street Lights On,Y,13055002.0,,45.0,Vehicle - Pedalcyclist,18812,0,N,POINT (1278909.645370394 247104.3432170898),210.0,0.0,Clear or Partly Cloudy
129007,144597,144597,3559746,Matched,Intersection,28300.0,EASTLAKE AVE E AND E ROANOKE ST,,,2,Injury Collision,Cycles,3,0,1,1,1,0,0,2013-02-11T00:00:00.000Z,2/11/2013 1:22:00 PM,At Intersection (intersection related),51,PEDALCYCLIST STRUCK MOTOR VEHICLE FRONT END AT ANGLE,Y,N,Overcast,Wet,Daylight,,13042007.0,,45.0,Vehicle - Pedalcyclist,24724,0,N,POINT (1272508.910643846 238184.0703119487),3943.0,0.0,Overcast
129196,144762,144762,3606026,Matched,Intersection,29788.0,MARION ST AND MINOR AVE,,,2,Injury Collision,Cycles,2,0,1,1,1,0,0,2013-04-19T00:00:00.000Z,4/19/2013 1:39:00 PM,At Intersection (intersection related),18,"MOTOR VEHICLE STRUCK PEDALCYCLIST, FRONT END AT ANGLE",,N,Raining,Wet,Daylight,,,,45.0,Vehicle - Pedalcyclist,0,0,N,POINT (1272886.750772238 225735.291803211),836.0,0.0,Raining
129221,146411,146431,3503269,Matched,Block,,UNIVERSITY BR BETWEEN POINT B AND EASTLAKE AVE NE,,,2,Injury Collision,Cycles,4,0,1,1,1,0,0,2013-05-16T00:00:00.000Z,5/16/2013 6:38:00 PM,Mid-Block (not related to intersection),18,"MOTOR VEHICLE STRUCK PEDALCYCLIST, FRONT END AT ANGLE",,N,Clear or Partly Cloudy,Dry,Daylight,,,,45.0,Vehicle - Pedalcyclist,11649,0,N,POINT (1274226.014453605 242173.6891320348),12661.0,1.403072973435018e-06,Clear or Partly Cloudy
129251,144324,144324,3508025,Matched,Intersection,27142.0,UNIVERSITY WAY NE AND NE CAMPUS EB PY,,,2,Injury Collision,Cycles,2,0,1,1,1,0,0,2013-01-29T00:00:00.000Z,1/29/2013 8:47:00 PM,At Intersection (intersection related),51,PEDALCYCLIST STRUCK MOTOR VEHICLE FRONT END AT ANGLE,,N,Raining,Wet,Dark - Street Lights On,Y,13029007.0,,45.0,Vehicle - Pedalcyclist,5681,0,N,POINT (1275708.715575129 242791.0504126698),17184.0,0.0,Raining
129293,145089,145089,3501517,Matched,Intersection,25758.0,BROOKLYN AVE NE AND NE RAVENNA WB BV,,,2,Injury Collision,Cycles,2,0,1,1,1,0,0,2013-04-25T00:00:00.000Z,4/25/2013 3:29:00 PM,At Intersection (intersection related),18,"MOTOR VEHICLE STRUCK PEDALCYCLIST, FRONT END AT ANGLE",Y,N,Clear or Partly Cloudy,Dry,Daylight,,,,45.0,Vehicle - Pedalcyclist,28932,0,N,POINT (1275594.051639006 248435.3332984596),4286.0,0.0,Clear or Partly Cloudy
129299,144943,144943,3506132,Matched,Intersection,28085.0,AURORA AVE N AND HALLADAY ST,,,2,Injury Collision,Cycles,2,0,1,1,1,0,0,2013-04-23T00:00:00.000Z,4/23/2013 3:06:00 PM,At Intersection (intersection related),51,PEDALCYCLIST STRUCK MOTOR VEHICLE FRONT END AT ANGLE,Y,N,Clear or Partly Cloudy,Dry,Daylight,,,,45.0,Vehicle - Pedalcyclist,16935,0,N,POINT (1267312.544302523 237944.2664077133),16390.0,0.0,Clear or Partly Cloudy
129421,144193,144193,3609006,Matched,Block,,UNIVERSITY BR BETWEEN FUHRMAN AVE E AND POINT A,,,2,Injury Collision,Cycles,1,0,1,0,1,0,0,2013-03-07T00:00:00.000Z,3/7/2013 8:50:00 AM,Mid-Block (not related to intersection),69,PEDALCYCLIST OVERTURNED IN ROAD,,N,Raining,Wet,Daylight,,13066021.0,,45.0,Vehicle - Pedalcyclist,15437,0,N,POINT (1273794.575541168 241382.5926832259),995.0,2.2986366870931932e-05,Raining
129465,145107,145107,3606076,Matched,Block,,E PINE ST BETWEEN BELMONT AVE AND BOYLSTON AVE,,,2,Injury Collision,Cycles,2,0,1,1,1,0,0,2013-04-28T00:00:00.000Z,4/28/2013 9:53:00 AM,Mid-Block (not related to intersection),54,PEDALCYCLIST STRUCK MOTOR VEHICLE REAR END,,N,Raining,Wet,Daylight,,,Y,45.0,Vehicle - Pedalcyclist,10368,0,N,POINT (1272790.179892138 227976.9255975038),12705.0,8.034556990665497e-11,Raining
129500,145867,145887,3344447,Matched,Intersection,30851.0,LAKE PARK DR S AND LAKE WASHINGTON BLVD S,,,2,Injury Collision,Cycles,3,0,1,1,1,0,0,2013-05-04T00:00:00.000Z,5/4/2013,At Intersection (intersection related),18,"MOTOR VEHICLE STRUCK PEDALCYCLIST, FRONT END AT ANGLE",,N,Clear or Partly Cloudy,Dry,Unknown,Y,,,45.0,Vehicle - Pedalcyclist,38003,0,N,POINT (1281515.573053062 216035.582865268),15824.0,0.0,Clear or Partly Cloudy
129561,144203,144203,3581755,Matched,Block,,HARVARD AVE BETWEEN E UNION ST AND E PIKE ST,,,2b,Serious Injury Collision,Cycles,2,0,1,1,1,1,0,2013-02-13T00:00:00.000Z,2/13/2013 6:00:00 PM,Mid-Block (not related to intersection),18,"MOTOR VEHICLE STRUCK PEDALCYCLIST, FRONT END AT ANGLE",,N,Unknown,Unknown,Daylight,Y,13044018.0,,45.0,Vehicle - Pedalcyclist,0,0,N,POINT (1273232.371124581 227347.5923488587),14323.0,7.450317353611796e-09,
129596,144483,144483,3549009,Matched,Block,,CEDAR ST BETWEEN 4TH AVE AND DENNY WAY,,,2,Injury Collision,Cycles,3,0,2,1,1,0,0,2013-02-03T00:00:00.000Z,2/3/2013 2:16:00 AM,,0,NOT ENOUGH INFORMATION / NOT APPLICABLE,,Y,Clear or Partly Cloudy,Dry,Dark - Street Lights On,,13034018.0,,45.0,Vehicle - Pedalcyclist,41816,0,N,POINT (1266971.56446217 229148.9667506963),8762.0,1.9893319380003212e-05,Clear or Partly Cloudy
129663,146039,146059,3613512,Matched,Block,,NE 50TH ST BETWEEN 9TH AVE NE AND ROOSEVELT WAY NE,,,1,Property Damage Only Collision,Cycles,2,0,1,1,0,0,0,2013-05-12T00:00:00.000Z,5/12/2013 1:43:00 AM,Mid-Block (not related to intersection),21,"MOTOR VEHICLE STRUCK PEDALCYCLIST, REAR END",,N,Clear or Partly Cloudy,Dry,Dark - Street Lights On,,,,45.0,Vehicle - Pedalcyclist,21448,0,N,POINT (1274625.278518006 246078.297200039),15245.0,2.252704357335449e-05,Clear or Partly Cloudy
129688,146455,146475,3641803,Matched,Intersection,275586.0,GREENWOOD AVE N AND PHINNEY AVE N,,,2,Injury Collision,Cycles,4,0,1,1,1,0,0,2013-05-19T00:00:00.000Z,5/19/2013 4:30:00 PM,At Intersection (intersection related),56,PEDALCYCLIST STRUCK MOTOR VEHICLE LEFT SIDE SIDESWIPE,Y,N,Clear or Partly Cloudy,Dry,Daylight,,,,45.0,Vehicle - Pedalcyclist,4303,0,N,POINT (1265541.816108719 250982.0855570585),10075.0,0.0,Clear or Partly Cloudy
129806,146460,146480,3644276,Matched,Block,,6TH AVE BETWEEN OLIVE WAY AND STEWART ST,,,2,Injury Collision,Cycles,2,0,1,1,1,0,0,2013-05-20T00:00:00.000Z,5/20/2013 6:29:00 PM,Mid-Block (not related to intersection),51,PEDALCYCLIST STRUCK MOTOR VEHICLE FRONT END AT ANGLE,Y,N,Clear or Partly Cloudy,Dry,Daylight,,,Y,45.0,Vehicle - Pedalcyclist,25428,0,N,POINT (1269644.176560909 227362.5130528808),8688.0,1.7067578941517776e-10,Clear or Partly Cloudy
129818,146679,146699,3644256,Matched,Intersection,26775.0,15TH AV W SB OFF RP AND W DRAVUS ST,,,2,Injury Collision,Cycles,2,0,1,1,1,0,0,2013-05-22T00:00:00.000Z,5/22/2013 9:06:00 AM,At Intersection (intersection related),51,PEDALCYCLIST STRUCK MOTOR VEHICLE FRONT END AT ANGLE,Y,N,Raining,Wet,Daylight,,,,45.0,Vehicle - Pedalcyclist,29994,0,N,POINT (1260009.331239045 240357.7898661792),4780.0,0.0,Raining
129844,146856,146876,3606183,Matched,Block,,LAKESIDE AVE BETWEEN E YESLER WAY AND LAKE WASHINGTON BLVD,,,2,Injury Collision,Cycles,2,0,1,1,1,0,0,2013-05-25T00:00:00.000Z,5/25/2013 1:42:00 PM,Mid-Block (not related to intersection),56,PEDALCYCLIST STRUCK MOTOR VEHICLE LEFT SIDE SIDESWIPE,,N,Clear or Partly Cloudy,Dry,Daylight,,,,45.0,Vehicle - Pedalcyclist,35102,0,N,POINT (1282309.775549889 223090.135640502),13761.0,1.6349382295988096e-06,Clear or Partly Cloudy
129859,146686,146706,3501665,Matched,Intersection,27105.0,UNIVERSITY WAY NE AND NE 41ST ST,,,2,Injury Collision,Cycles,4,0,1,1,1,0,0,2013-05-17T00:00:00.000Z,5/17/2013 4:35:00 PM,At Intersection (intersection related),18,"MOTOR VEHICLE STRUCK PEDALCYCLIST, FRONT END AT ANGLE",,N,Clear or Partly Cloudy,Dry,Daylight,Y,,,45.0,Vehicle - Pedalcyclist,5667,0,N,POINT (1275720.124983132 243099.6817089915),6723.0,0.0,Clear or Partly Cloudy
129873,144658,144658,3581940,Matched,Block,,2ND AV ET S BETWEEN S MAIN ST AND S WASHINGTON ST,,,2,Injury Collision,Cycles,2,0,1,1,1,0,0,2013-04-15T00:00:00.000Z,4/15/2013 6:56:00 PM,Mid-Block (not related to intersection),18,"MOTOR VEHICLE STRUCK PEDALCYCLIST, FRONT END AT ANGLE",,N,Clear or Partly Cloudy,Dry,Daylight,,,,45.0,Vehicle - Pedalcyclist,12005,0,N,POINT (1270999.796978295 222614.6374000162),8471.0,5.341536409067881e-06,Clear or Partly Cloudy
129911,144982,144982,3567685,Matched,Block,,RAINIER AVE S BETWEEN S CHARLES S ST AND S NORMAN ST,,,2,Injury Collision,Cycles,5,0,1,1,1,0,0,2012-09-18T00:00:00.000Z,9/18/2012 5:30:00 PM,Mid-Block (not related to intersection),23,"MOTOR VEHICLE STRUCK PEDALCYCLIST, LEFT SIDE SIDESWIPE",,N,Clear or Partly Cloudy,Dry,Daylight,,,,45.0,Vehicle - Pedalcyclist,19911,0,N,POINT (1276094.717943519 220091.9227094352),3719.0,9.890947908949955e-06,Clear or Partly Cloudy
129935,146250,146270,3465279,Matched,Intersection,34011.0,SYLVAN WAY SW AND SW MORGAN W ST,,,1,Property Damage Only Collision,Cycles,2,0,1,1,0,0,0,2013-05-15T00:00:00.000Z,5/15/2013,At Intersection (intersection related),18,"MOTOR VEHICLE STRUCK PEDALCYCLIST, FRONT END AT ANGLE",Y,N,Clear or Partly Cloudy,Dry,Unknown,,,,45.0,Vehicle - Pedalcyclist,0,613429,N,POINT (1260293.220903337 202474.6860833913),2787.0,0.0,Clear or Partly Cloudy
130024,144666,144666,3608784,Matched,Block,,ROOSEVELT WAY NE BETWEEN NE 43RD N ST AND NE 45TH ST,,,2,Injury Collision,Cycles,2,0,1,1,1,0,0,2013-04-15T00:00:00.000Z,4/15/2013 8:35:00 AM,Mid-Block (not related to intersection),54,PEDALCYCLIST STRUCK MOTOR VEHICLE REAR END,,N,Clear or Partly Cloudy,Dry,Daylight,,,,45.0,Vehicle - Pedalcyclist,9002,0,N,POINT (1274643.41477403 244486.5489104092),22683.0,1.6744602144952038e-05,Clear or Partly Cloudy
130032,144985,144985,E192354,Matched,Intersection,35704.0,AURORA AVE N AND N 145TH ST,,,2,Injury Collision,Cycles,2,0,1,1,1,0,0,2012-09-11T00:00:00.000Z,9/11/2012 2:35:00 PM,At Intersection (intersection related),18,"MOTOR VEHICLE STRUCK PEDALCYCLIST, FRONT END AT ANGLE",,Y,Clear or Partly Cloudy,Dry,Daylight,Y,,,45.0,Vehicle - Pedalcyclist,0,521697,N,POINT (1268425.846575662 271441.1294180155),3999.0,0.0,Clear or Partly Cloudy
130086,146258,146278,3503049,Matched,Block,,N 34TH ST BETWEEN STONE WAY N AND N NORTHLAKE PL,,,1,Property Damage Only Collision,Cycles,2,0,1,1,0,0,0,2013-05-15T00:00:00.000Z,5/15/2013 5:53:00 PM,Mid-Block (not related to intersection),56,PEDALCYCLIST STRUCK MOTOR VEHICLE LEFT SIDE SIDESWIPE,,N,Raining,Wet,Daylight,,,,45.0,Vehicle - Pedalcyclist,8864,0,N,POINT (1268614.591535851 240158.9910179824),15464.0,5.4222888489536305e-09,Raining
130098,146068,146088,3208670,Matched,Block,,6TH AVE BETWEEN OLIVE WAY AND STEWART ST,,,2,Injury Collision,Cycles,2,0,1,1,1,0,0,2013-05-13T00:00:00.000Z,5/13/2013 12:15:00 PM,Mid-Block (not related to intersection),56,PEDALCYCLIST STRUCK MOTOR VEHICLE LEFT SIDE SIDESWIPE,,N,Raining,Wet,Daylight,,,,45.0,Vehicle - Pedalcyclist,25428,0,N,POINT (1269644.176560909 227362.5130528808),8688.0,1.7067578941517776e-10,Raining
130212,146081,146101,3593914,Matched,Intersection,29062.0,14TH AVE AND E DENNY WAY,,,2,Injury Collision,Cycles,2,0,1,1,1,0,0,2013-05-13T00:00:00.000Z,5/13/2013,At Intersection (intersection related),51,PEDALCYCLIST STRUCK MOTOR VEHICLE FRONT END AT ANGLE,Y,N,Overcast,Dry,Unknown,,,,45.0,Vehicle - Pedalcyclist,0,0,N,POINT (1275193.703990594 229229.1170867831),12278.0,0.0,Overcast
130220,146265,146285,3581529,Matched,Intersection,30543.0,MAYNARD AVE S AND S DEARBORN ST,,,2,Injury Collision,Cycles,2,0,1,1,1,0,0,2013-05-16T00:00:00.000Z,5/16/2013 4:20:00 PM,At Intersection (intersection related),51,PEDALCYCLIST STRUCK MOTOR VEHICLE FRONT END AT ANGLE,Y,N,Clear or Partly Cloudy,Dry,Daylight,Y,,,45.0,Vehicle - Pedalcyclist,5807,0,N,POINT (1272375.796019703 220909.8349022716),3657.0,0.0,Clear or Partly Cloudy
130227,146268,146288,3548391,Matched,Intersection,30851.0,LAKE PARK DR S AND LAKE WASHINGTON BLVD S,,,2b,Serious Injury Collision,Cycles,2,0,1,1,1,1,0,2013-05-16T00:00:00.000Z,5/16/2013 1:05:00 PM,At Intersection (intersection related),18,"MOTOR VEHICLE STRUCK PEDALCYCLIST, FRONT END AT ANGLE",Y,N,Clear or Partly Cloudy,Dry,Daylight,,,,45.0,Vehicle - Pedalcyclist,38003,0,N,POINT (1281515.573053062 216035.582865268),15824.0,0.0,Clear or Partly Cloudy
130246,146882,146902,3593760,Matched,Intersection,29809.0,12TH AVE AND E JEFFERSON ST,,,2,Injury Collision,Cycles,2,0,1,1,1,0,0,2013-05-27T00:00:00.000Z,5/27/2013 12:25:00 PM,At Intersection (intersection related),18,"MOTOR VEHICLE STRUCK PEDALCYCLIST, FRONT END AT ANGLE",Y,N,Raining,Wet,Daylight,,,,45.0,Vehicle - Pedalcyclist,10458,0,N,POINT (1274493.248053879 224651.3819140941),2320.0,0.0,Raining
130272,146495,146515,3609109,Matched,Intersection,24205.0,8TH AVE NW AND NW 67TH ST,,,2,Injury Collision,Cycles,2,0,1,1,1,0,0,2013-05-20T00:00:00.000Z,5/20/2013 7:20:00 AM,At Intersection (intersection related),18,"MOTOR VEHICLE STRUCK PEDALCYCLIST, FRONT END AT ANGLE",,N,Clear or Partly Cloudy,Dry,Daylight,Y,,,45.0,Vehicle - Pedalcyclist,2504,0,N,POINT (1262868.684585974 250989.5379730612),6060.0,0.0,Clear or Partly Cloudy
130294,144683,144683,3465426,Matched,Intersection,31886.0,35TH AVE SW AND SW DAKOTA ST,,,2,Injury Collision,Cycles,2,0,1,1,1,0,0,2013-04-16T00:00:00.000Z,4/16/2013 5:03:00 PM,At Intersection (intersection related),18,"MOTOR VEHICLE STRUCK PEDALCYCLIST, FRONT END AT ANGLE",,N,Clear or Partly Cloudy,Dry,Daylight,Y,,,45.0,Vehicle - Pedalcyclist,0,0,N,POINT (1259550.966054574 210455.3867635578),10195.0,0.0,Clear or Partly Cloudy
130295,144678,144678,3593288,Matched,Intersection,29238.0,LAKE WASHINGTON BLVD E AND E MADISON ST,,,2,Injury Collision,Cycles,2,0,1,1,1,0,0,2013-04-14T00:00:00.000Z,4/14/2013 4:24:00 PM,At Intersection (intersection related),18,"MOTOR VEHICLE STRUCK PEDALCYCLIST, FRONT END AT ANGLE",,N,Clear or Partly Cloudy,Dry,Daylight,Y,,,45.0,Vehicle - Pedalcyclist,8965,0,N,POINT (1280633.632572159 231763.0291533768),10179.0,0.0,Clear or Partly Cloudy
130310,144526,144526,3476661,Matched,Block,,12TH AVE BETWEEN E YESLER WAY AND E FIR ST,,,2,Injury Collision,Cycles,3,0,1,1,1,0,0,2013-02-05T00:00:00.000Z,2/5/2013 5:05:00 PM,Mid-Block (not related to intersection),55,PEDALCYCLIST STRUCK MOTOR VEHICLE RIGHT SIDE SIDESWIPE,,N,Raining,Wet,Dark - Street Lights On,,13036008.0,,45.0,Vehicle - Pedalcyclist,10556,0,N,POINT (1274464.679541856 223187.2106485963),12266.0,2.189364124587166e-05,Raining
130317,145009,145009,3505273,Matched,Intersection,33778.0,CALIFORNIA AVE SW AND SW FRONTENAC ST,,,2,Injury Collision,Cycles,2,0,1,1,1,0,0,2013-04-24T00:00:00.000Z,4/24/2013 1:05:00 PM,At Intersection (intersection related),51,PEDALCYCLIST STRUCK MOTOR VEHICLE FRONT END AT ANGLE,,N,Clear or Partly Cloudy,Dry,Daylight,,,,45.0,Vehicle - Pedalcyclist,2801,0,N,POINT (1256628.00080359 201117.4129939973),8293.0,0.0,Clear or Partly Cloudy
130394,146714,146734,3581636,Matched,Block,,1ST AVE BETWEEN BROAD ST AND EAGLE ST,,,1,Property Damage Only Collision,Cycles,3,1,1,1,0,0,0,2013-05-20T00:00:00.000Z,5/20/2013 5:43:00 PM,Mid-Block (not related to intersection),64,PEDALCYCLIST STRUCK PEDESTRIAN,Y,N,Clear or Partly Cloudy,Dry,Daylight,,,,45.0,Vehicle - Pedalcyclist,13275,0,N,POINT (1265598.861292765 228876.4223024249),9555.0,2.5551688110711475e-06,Clear or Partly Cloudy
130398,146895,146915,3502786,Matched,Intersection,36192.0,35TH AVE NE AND NE 125TH ST,,,2,Injury Collision,Cycles,2,0,1,1,1,0,0,2013-05-16T00:00:00.000Z,5/16/2013 5:29:00 PM,At Intersection (intersection related),18,"MOTOR VEHICLE STRUCK PEDALCYCLIST, FRONT END AT ANGLE",,N,Clear or Partly Cloudy,Dry,Daylight,,,,45.0,Vehicle - Pedalcyclist,0,521432,N,POINT (1281685.956925243 265758.3774121851),1361.0,0.0,Clear or Partly Cloudy
130465,145018,145018,2618858,Matched,Intersection,30480.0,3RD AVE AND JAMES ST,,,2,Injury Collision,Cycles,3,0,1,2,1,0,0,2013-04-24T00:00:00.000Z,4/24/2013 6:54:00 PM,At Intersection (intersection related),18,"MOTOR VEHICLE STRUCK PEDALCYCLIST, FRONT END AT ANGLE",,N,Clear or Partly Cloudy,Dry,Daylight,,,,45.0,Vehicle - Pedalcyclist,24808,0,N,POINT (1270861.001522154 223468.9616888911),261.0,0.0,Clear or Partly Cloudy
130482,145188,145188,3606028,Matched,Intersection,29932.0,4TH AVE AND SENECA ST,,,2,Injury Collision,Cycles,2,0,1,1,1,0,0,2013-04-25T00:00:00.000Z,4/25/2013 6:45:00 PM,At Intersection (intersection related),18,"MOTOR VEHICLE STRUCK PEDALCYCLIST, FRONT END AT ANGLE",,N,Unknown,Unknown,Daylight,Y,,,45.0,Vehicle - Pedalcyclist,12714,0,N,POINT (1270202.906161487 225213.2251146734),2955.0,0.0,