OBJECTID,INCKEY,COLDETKEY,REPORTNO,STATUS,ADDRTYPE,INTKEY,LOCATION,EXCEPTRSNC,EXCEPTRSND,SEVERITYCO,SEVERITYDE,COLLISIONT,PERSONCOUN,PEDCOUNT,PEDCYLCOUN,VEHCOUNT,INJURIES,SERIOUSINJ,FATALITIES,INCDATE,INCDTTM,JUNCTIONTY,SDOT_COLCO,SDOT_COLDE,INATTENTIO,UNDERINFL,WEATHER,ROADCOND,LIGHTCOND,PEDROWNOTG,SDOTCOLNUM,SPEEDING,ST_COLCODE,ST_COLDESC,SEGLANEKEY,CROSSWALKK,HITPARKEDC,geometry,near_str_index,min_length,weather_group
130536,146108,146128,2804377,Matched,Intersection,35158.0,5TH AVE S AND S CLOVERDALE ST,,,1,Property Damage Only Collision,Cycles,2,0,1,1,0,0,0,2013-05-08T00:00:00.000Z,5/8/2013 9:25:00 PM,At Intersection (intersection related),18,"MOTOR VEHICLE STRUCK PEDALCYCLIST, FRONT END AT ANGLE",,N,Clear or Partly Cloudy,Dry,Unknown,,,,45.0,Vehicle - Pedalcyclist,33763,0,N,POINT (1271112.207154423 195631.6125403792),3127.0,0.0,Clear or Partly Cloudy
130589,144406,144406,3581435,Matched,Block,,HARRISON ST BETWEEN WESTLAKE AVE N AND TERRY AVE N,,,2,Injury Collision,Cycles,4,0,1,1,1,0,0,2013-01-19T00:00:00.000Z,1/19/2013 5:52:00 PM,Driveway Junction,18,"MOTOR VEHICLE STRUCK PEDALCYCLIST, FRONT END AT ANGLE",,N,Overcast,Dry,Dark - Street Lights On,,13019020.0,,45.0,Vehicle - Pedalcyclist,0,0,N,POINT (1269421.024048686 230527.3007681221),6394.0,7.448259037106235e-09,Overcast
130608,144261,144261,2617495,Matched,Block,,S JACKSON ST BETWEEN 16TH AVE S AND 17TH AVE S,,,1,Property Damage Only Collision,Cycles,2,0,1,1,0,0,0,2013-01-23T00:00:00.000Z,1/23/2013 8:38:00 AM,Driveway Junction,18,"MOTOR VEHICLE STRUCK PEDALCYCLIST, FRONT END AT ANGLE",,N,Overcast,Dry,Daylight,Y,13023022.0,,45.0,Vehicle - Pedalcyclist,11025,0,N,POINT (1275888.144247308 222079.8864874691),15493.0,3.4565339596483824e-06,Overcast
130664,146302,146322,3550108,Matched,Block,,2ND AVE BETWEEN UNION ST AND PIKE ST,,,2,Injury Collision,Cycles,3,0,2,1,2,0,0,2013-05-15T00:00:00.000Z,5/15/2013 7:15:00 AM,Driveway Junction,18,"MOTOR VEHICLE STRUCK PEDALCYCLIST, FRONT END AT ANGLE",Y,N,Clear or Partly Cloudy,Dry,Daylight,,,,45.0,Vehicle - Pedalcyclist,12168,0,N,POINT (1269167.241392419 225698.1291791648),135.0,1.0206619767903732e-08,Clear or Partly Cloudy
130671,146299,146319,3593682,Matched,Block,,12TH AVE BETWEEN E SPRING ST AND E MADISON ST,,,2,Injury Collision,Cycles,2,0,1,1,1,0,0,2013-05-16T00:00:00.000Z,5/16/2013 8:50:00 AM,Mid-Block (not related to intersection),56,PEDALCYCLIST STRUCK MOTOR VEHICLE LEFT SIDE SIDESWIPE,,N,Overcast,Dry,Daylight,,,,45.0,Vehicle - Pedalcyclist,10747,0,N,POINT (1274541.572597921 226847.3076763451),19417.0,3.347061679160341e-08,Overcast
130675,146541,146561,3606201,Matched,Block,,13TH AVE BETWEEN E COLUMBIA ST AND E MARION ST,,,2,Injury Collision,Cycles,2,0,1,1,1,0,0,2013-05-20T00:00:00.000Z,5/20/2013 6:00:00 PM,Mid-Block (not related to intersection),56,PEDALCYCLIST STRUCK MOTOR VEHICLE LEFT SIDE SIDESWIPE,Y,N,Clear or Partly Cloudy,Dry,Daylight,,,,45.0,Vehicle - Pedalcyclist,0,0,N,POINT (1274847.828918248 225958.3150994331),16938.0,8.320319381186591e-06,Clear or Partly Cloudy
130683,146115,146135,3465501,Matched,Block,,DELRIDGE WAY SW BETWEEN SW GENESEE ST AND SW OREGON ST,,,2,Injury Collision,Cycles,2,0,1,1,1,0,0,2013-05-14T00:00:00.000Z,5/14/2013 8:59:00 AM,Mid-Block (not related to intersection),18,"MOTOR VEHICLE STRUCK PEDALCYCLIST, FRONT END AT ANGLE",,N,Clear or Partly Cloudy,Dry,Daylight,Y,,,45.0,Vehicle - Pedalcyclist,22916,0,N,POINT (1262703.086313799 209417.2815465033),3473.0,1.814200912570215e-05,Clear or Partly Cloudy
130693,146111,146131,3641854,Matched,Intersection,27013.0,PHINNEY AVE N AND N 39TH ST,,,2,Injury Collision,Cycles,2,0,1,1,1,0,0,2013-05-14T00:00:00.000Z,5/14/2013 4:38:00 PM,At Intersection (intersection related),18,"MOTOR VEHICLE STRUCK PEDALCYCLIST, FRONT END AT ANGLE",Y,N,Clear or Partly Cloudy,Dry,Daylight,Y,,,45.0,Vehicle - Pedalcyclist,27012,0,N,POINT (1265544.259628713 242319.5391161889),4010.0,0.0,Clear or Partly Cloudy
130695,146306,146326,3501658,Matched,Intersection,287164.0,30TH AVE NE AND BURKE GILMAN TRL,,,2,Injury Collision,Cycles,2,0,1,1,1,0,0,2013-04-25T00:00:00.000Z,4/25/2013 3:45:00 PM,At Intersection (intersection related),18,"MOTOR VEHICLE STRUCK PEDALCYCLIST, FRONT END AT ANGLE",,N,Clear or Partly Cloudy,Dry,Daylight,,,,45.0,Vehicle - Pedalcyclist,0,525568,N,POINT (1280116.486459643 245793.1419357508),4875.0,0.0,Clear or Partly Cloudy
130831,146121,146141,3503048,Matched,Intersection,26675.0,3RD AVE NW AND NW 39TH ST,,,2,Injury Collision,Cycles,2,0,1,1,1,0,0,2013-05-14T00:00:00.000Z,5/14/2013 5:23:00 PM,At Intersection (intersection related),18,"MOTOR VEHICLE STRUCK PEDALCYCLIST, FRONT END AT ANGLE",,N,Clear or Partly Cloudy,Dry,Daylight,Y,,,45.0,Vehicle - Pedalcyclist,0,0,N,POINT (1263973.963819101 242347.9735482186),5458.0,0.0,Clear or Partly Cloudy
130894,148110,148130,3606339,Matched,Intersection,29015.0,12TH AVE E AND E REPUBLICAN ST,,,2,Injury Collision,Cycles,3,0,1,1,1,0,0,2013-06-13T00:00:00.000Z,6/13/2013 8:35:00 PM,At Intersection (intersection related),18,"MOTOR VEHICLE STRUCK PEDALCYCLIST, FRONT END AT ANGLE",Y,N,Clear or Partly Cloudy,Dry,Daylight,,,,45.0,Vehicle - Pedalcyclist,10938,0,N,POINT (1274618.489910007 230818.7071044147),1155.0,0.0,Clear or Partly Cloudy
130903,147712,147732,3579418,Matched,Intersection,34187.0,CORSON AVE S AND EAST MARGINAL WAY S,,,2,Injury Collision,Cycles,2,0,1,1,1,0,0,2013-06-05T00:00:00.000Z,6/5/2013 7:35:00 AM,At Intersection (intersection related),51,PEDALCYCLIST STRUCK MOTOR VEHICLE FRONT END AT ANGLE,Y,N,Clear or Partly Cloudy,Dry,Daylight,,,,45.0,Vehicle - Pedalcyclist,1200,0,N,POINT (1272326.454835653 200727.4305295944),6890.0,0.0,Clear or Partly Cloudy
130950,148668,148688,3641867,Matched,Intersection,25940.0,25TH AVE NE AND NE 54TH ST,,,2,Injury Collision,Cycles,3,0,1,1,1,0,0,2013-06-24T00:00:00.000Z,6/24/2013 2:18:00 PM,At Intersection (intersection related),18,"MOTOR VEHICLE STRUCK PEDALCYCLIST, FRONT END AT ANGLE",,N,Clear or Partly Cloudy,Dry,Daylight,,,,45.0,Vehicle - Pedalcyclist,0,0,N,POINT (1278909.645370394 247104.3432170898),210.0,0.0,Clear or Partly Cloudy
131004,147335,147355,3641677,Matched,Intersection,35826.0,LINDEN AVE N AND N 130TH ST,,,2,Injury Collision,Cycles,2,0,1,1,1,0,0,2013-06-02T00:00:00.000Z,6/2/2013 6:31:00 PM,At Intersection (intersection related),18,"MOTOR VEHICLE STRUCK PEDALCYCLIST, FRONT END AT ANGLE",,N,Clear or Partly Cloudy,Dry,Daylight,Y,,,45.0,Vehicle - Pedalcyclist,0,523683,N,POINT (1267585.258030802 267477.2663739473),6997.0,0.0,Clear or Partly Cloudy
131073,147715,147735,3579416,Matched,Intersection,33334.0,BEACON WR AVE S AND S DAWSON ST,,,2,Injury Collision,Cycles,4,0,1,1,1,0,0,2013-06-04T00:00:00.000Z,6/4/2013 2:30:00 PM,At Intersection (intersection related),18,"MOTOR VEHICLE STRUCK PEDALCYCLIST, FRONT END AT ANGLE",,N,Clear or Partly Cloudy,Dry,Daylight,,,,45.0,Vehicle - Pedalcyclist,0,630862,N,POINT (1277409.501240864 206248.9770312607),6166.0,0.0,Clear or Partly Cloudy
131091,148675,148695,3574701,Matched,Intersection,29703.0,1ST AVE AND BLANCHARD ST,,,2,Injury Collision,Cycles,2,0,1,1,1,0,0,2013-06-21T00:00:00.000Z,6/21/2013 5:55:00 PM,At Intersection (intersection related),18,"MOTOR VEHICLE STRUCK PEDALCYCLIST, FRONT END AT ANGLE",,N,Clear or Partly Cloudy,Dry,Daylight,,,,45.0,Vehicle - Pedalcyclist,13231,0,N,POINT (1267526.477614745 227123.1643166244),2269.0,0.0,Clear or Partly Cloudy
131120,149870,149890,3574966,Matched,Intersection,29533.0,4TH AVE AND BELL ST,,,2,Injury Collision,Cycles,2,0,1,1,1,0,0,2013-07-07T00:00:00.000Z,7/7/2013 1:46:00 AM,At Intersection (intersection related),18,"MOTOR VEHICLE STRUCK PEDALCYCLIST, FRONT END AT ANGLE",,N,Clear or Partly Cloudy,Dry,Dark - Street Lights On,,,,45.0,Vehicle - Pedalcyclist,0,522506,N,POINT (1267861.633071095 228124.4253736585),398.0,0.0,Clear or Partly Cloudy
131124,149869,149889,3579931,Matched,Intersection,35449.0,RAINIER AVE S AND S FISHER PL,,,2,Injury Collision,Cycles,2,0,1,1,1,0,0,2013-07-08T00:00:00.000Z,7/8/2013 1:45:00 PM,At Intersection (intersection related),18,"MOTOR VEHICLE STRUCK PEDALCYCLIST, FRONT END AT ANGLE",Y,N,Clear or Partly Cloudy,Dry,Daylight,,,,45.0,Vehicle - Pedalcyclist,0,0,N,POINT (1285454.524225101 193508.5830342025),917.0,0.0,Clear or Partly Cloudy
131163,147724,147744,3502199,Matched,Intersection,32505.0,M L KING JR WR WAY S AND S ALASKA ST,,,2,Injury Collision,Cycles,15,0,1,1,1,0,0,2013-06-05T00:00:00.000Z,6/5/2013 8:36:00 AM,At Intersection (intersection related),0,NOT ENOUGH INFORMATION / NOT APPLICABLE,,N,Clear or Partly Cloudy,Dry,Daylight,Y,,,45.0,Vehicle - Pedalcyclist,0,524847,N,POINT (1279918.167867437 207990.9648730308),824.0,0.0,Clear or Partly Cloudy
131188,147723,147743,3503275,Matched,Intersection,26896.0,STONE WAY N AND N 34TH ST,,,2,Injury Collision,Cycles,2,0,1,1,1,0,0,2013-06-03T00:00:00.000Z,6/3/2013 9:30:00 AM,At Intersection (intersection related),51,PEDALCYCLIST STRUCK MOTOR VEHICLE FRONT END AT ANGLE,Y,N,Clear or Partly Cloudy,Dry,Daylight,,,,45.0,Vehicle - Pedalcyclist,8843,0,N,POINT (1268384.754735619 240216.4179620296),4878.0,0.0,Clear or Partly Cloudy
131196,147726,147746,3476748,Matched,Intersection,29734.0,BOYLSTON AVE AND E PINE ST,,,2,Injury Collision,Cycles,2,0,1,1,1,0,0,2013-06-05T00:00:00.000Z,6/5/2013 9:03:00 AM,At Intersection (intersection related),18,"MOTOR VEHICLE STRUCK PEDALCYCLIST, FRONT END AT ANGLE",,N,Clear or Partly Cloudy,Dry,Daylight,Y,,,45.0,Vehicle - Pedalcyclist,10374,0,N,POINT (1272920.548660263 227975.5196454972),6198.0,0.0,Clear or Partly Cloudy
131220,148460,148480,3646252,Matched,Intersection,36527.0,ROOSEVELT WAY NE AND NE 105TH ST,,,2b,Serious Injury Collision,Cycles,2,0,1,1,1,1,0,2013-06-20T00:00:00.000Z,6/20/2013 6:36:00 PM,At Intersection (intersection related),51,PEDALCYCLIST STRUCK MOTOR VEHICLE FRONT END AT ANGLE,Y,N,Raining,Wet,Unknown,Y,,,45.0,Vehicle - Pedalcyclist,7573,0,N,POINT (1274936.421430334 260658.1196149737),1330.0,0.0,Raining
131224,148459,148479,3646276,Matched,Intersection,37407.0,FREMONT AVE N AND N 100TH ST,,,2,Injury Collision,Cycles,5,0,1,1,1,0,0,2013-06-20T00:00:00.000Z,6/20/2013 4:30:00 PM,At Intersection (intersection related),51,PEDALCYCLIST STRUCK MOTOR VEHICLE FRONT END AT ANGLE,,N,Raining,Wet,Daylight,,,,45.0,Vehicle - Pedalcyclist,0,0,N,POINT (1266974.798894182 259545.7978218347),1186.0,0.0,Raining
131246,149445,149465,3503395,Matched,Intersection,25432.0,8TH AVE NW AND NW 54TH ST,,,2,Injury Collision,Cycles,2,0,1,1,1,0,0,2013-07-03T00:00:00.000Z,7/3/2013 6:47:00 AM,At Intersection (intersection related),51,PEDALCYCLIST STRUCK MOTOR VEHICLE FRONT END AT ANGLE,,N,Clear or Partly Cloudy,Dry,Daylight,Y,,,45.0,Vehicle - Pedalcyclist,2394,0,N,POINT (1262757.745449856 247395.1950573921),4318.0,0.0,Clear or Partly Cloudy
131249,149687,149707,3645929,Matched,Intersection,25978.0,15TH AVE NE AND NE 62ND ST,,,2,Injury Collision,Cycles,2,0,1,1,1,0,0,2013-07-06T00:00:00.000Z,7/6/2013 12:38:00 PM,At Intersection (intersection related),51,PEDALCYCLIST STRUCK MOTOR VEHICLE FRONT END AT ANGLE,,N,Clear or Partly Cloudy,Dry,Daylight,,,,45.0,Vehicle - Pedalcyclist,29057,0,N,POINT (1276167.552311599 249345.8559233844),4195.0,0.0,Clear or Partly Cloudy
131332,147174,147194,3504697,Matched,Block,,AURORA AVE N BETWEEN N 135TH ST AND N 137TH ST,,,1,Property Damage Only Collision,Cycles,2,0,1,1,0,0,0,2012-10-03T00:00:00.000Z,10/3/2012 2:38:00 PM,Mid-Block (not related to intersection),18,"MOTOR VEHICLE STRUCK PEDALCYCLIST, FRONT END AT ANGLE",,N,Clear or Partly Cloudy,Dry,Daylight,Y,,,45.0,Vehicle - Pedalcyclist,0,0,N,POINT (1268397.51153563 269120.8902476281),3346.0,2.2267220732221162e-05,Clear or Partly Cloudy
131357,147939,147959,3506055,Matched,Intersection,29536.0,7TH AVE AND LENORA ST,,,2,Injury Collision,Cycles,2,0,1,1,1,0,0,2013-06-10T00:00:00.000Z,6/10/2013 8:36:00 AM,At Intersection (intersection related),51,PEDALCYCLIST STRUCK MOTOR VEHICLE FRONT END AT ANGLE,,N,Clear or Partly Cloudy,Dry,Daylight,,,,45.0,Vehicle - Pedalcyclist,13747,0,N,POINT (1269142.545712397 228265.8832937926),6026.0,0.0,Clear or Partly Cloudy
131396,149454,149474,3465308,Matched,Block,,HARBOR AVE SW BETWEEN SW MARYLAND PL AND CALIFORNIA WAY SW,,,2,Injury Collision,Cycles,2,0,1,1,1,0,0,2013-07-03T00:00:00.000Z,7/3/2013 12:58:00 PM,Mid-Block (not related to intersection),18,"MOTOR VEHICLE STRUCK PEDALCYCLIST, FRONT END AT ANGLE",Y,N,Clear or Partly Cloudy,Dry,Daylight,Y,,,45.0,Vehicle - Pedalcyclist,4106,0,N,POINT (1258205.826917201 219540.360020861),6404.0,2.0954053904114126e-05,Clear or Partly Cloudy
131431,149887,149907,3574965,Matched,Intersection,28057.0,NICKERSON ST AND WESTLAKE AVE N,,,2,Injury Collision,Cycles,2,0,1,1,1,0,0,2013-07-06T00:00:00.000Z,7/6/2013 10:13:00 PM,At Intersection (intersection related),18,"MOTOR VEHICLE STRUCK PEDALCYCLIST, FRONT END AT ANGLE",,N,Clear or Partly Cloudy,Dry,Dark - Street Lights On,Y,,,45.0,Vehicle - Pedalcyclist,13884,0,N,POINT (1266650.960429847 239377.199529171),13817.0,0.0,Clear or Partly Cloudy
131465,147359,147379,3573328,Matched,Intersection,29570.0,7TH SB AVE N AND DENNY WAY,,,2,Injury Collision,Cycles,2,0,1,1,1,0,0,2013-06-02T00:00:00.000Z,6/2/2013 3:52:00 PM,At Intersection (intersection related),18,"MOTOR VEHICLE STRUCK PEDALCYCLIST, FRONT END AT ANGLE",,N,Clear or Partly Cloudy,Dry,Daylight,,,,45.0,Vehicle - Pedalcyclist,0,521699,N,POINT (1267954.554351181 229285.582750842),3335.0,0.0,Clear or Partly Cloudy
131493,148141,148161,3606330,Matched,Block,,E PINE ST BETWEEN SUMMIT AVE AND BELMONT AVE,,,2,Injury Collision,Cycles,2,0,1,1,1,0,0,2013-06-07T00:00:00.000Z,6/7/2013 1:39:00 PM,Mid-Block (not related to intersection),11,"MOTOR VEHICLE STRUCK MOTOR VEHICLE, FRONT END AT ANGLE",,N,Clear or Partly Cloudy,Dry,Daylight,,,Y,45.0,Vehicle - Pedalcyclist,10354,0,N,POINT (1272529.560499862 227979.7152295113),15725.0,7.914454243401768e-11,Clear or Partly Cloudy
131531,149246,149266,3560971,Matched,Intersection,589794.0,MERCER NR ST AND WESTLAKE AVE N,,,2,Injury Collision,Cycles,2,0,1,1,1,0,0,2013-07-02T00:00:00.000Z,7/2/2013 8:19:00 AM,At Intersection (intersection related),18,"MOTOR VEHICLE STRUCK PEDALCYCLIST, FRONT END AT ANGLE",Y,N,Clear or Partly Cloudy,Dry,Daylight,Y,,,45.0,Vehicle - Pedalcyclist,0,523122,N,POINT (1269284.461104542 231499.3130571097),2250.0,0.0,Clear or Partly Cloudy
131574,146991,147011,3641580,Matched,Block,,BROOKLYN AVE NE BETWEEN NE 45TH ST AND NE 47TH ST,,,2,Injury Collision,Cycles,2,0,1,1,1,0,0,2013-05-28T00:00:00.000Z,5/28/2013 12:30:00 PM,Mid-Block (not related to intersection),56,PEDALCYCLIST STRUCK MOTOR VEHICLE LEFT SIDE SIDESWIPE,,N,Clear or Partly Cloudy,Dry,Daylight,,,,45.0,Vehicle - Pedalcyclist,31456,0,N,POINT (1275507.384758919 245057.1252949983),13325.0,2.752948333964772e-10,Clear or Partly Cloudy
131580,149696,149716,3645931,Matched,Block,,GREENWOOD AVE N BETWEEN N 68TH ST AND N 70TH ST,,,2,Injury Collision,Cycles,2,0,1,1,1,0,0,2013-07-07T00:00:00.000Z,7/7/2013,Mid-Block (not related to intersection),54,PEDALCYCLIST STRUCK MOTOR VEHICLE REAR END,Y,N,Clear or Partly Cloudy,Dry,Dark - Street Lights On,,,,45.0,Vehicle - Pedalcyclist,4313,0,N,POINT (1265514.296748683 251447.2790935338),20881.0,2.6859099936309382e-05,Clear or Partly Cloudy
131582,149906,149926,3574967,Matched,Block,,EASTLAKE AVE E BETWEEN LAKEVIEW BLVD E AND ALOHA ST,,,2,Injury Collision,Cycles,2,0,1,1,1,0,0,2013-07-10T00:00:00.000Z,7/10/2013 9:35:00 AM,Mid-Block (not related to intersection),54,PEDALCYCLIST STRUCK MOTOR VEHICLE REAR END,,N,Clear or Partly Cloudy,Dry,Daylight,,,,45.0,Vehicle - Pedalcyclist,11578,0,N,POINT (1271572.05521889 231930.0556495488),13739.0,3.973724045880442e-06,Clear or Partly Cloudy
131686,149910,149930,3645954,Matched,Block,,ROOSEVELT WAY NE BETWEEN NE 42ND N ST AND NE 43RD S ST,,,1,Property Damage Only Collision,Cycles,2,0,1,1,0,0,0,2013-07-10T00:00:00.000Z,7/10/2013 8:17:00 AM,Driveway Junction,51,PEDALCYCLIST STRUCK MOTOR VEHICLE FRONT END AT ANGLE,,N,Clear or Partly Cloudy,Dry,Daylight,,,,45.0,Vehicle - Pedalcyclist,8990,0,N,POINT (1274621.021750003 243878.6222537905),19030.0,1.4612336307282194e-05,Clear or Partly Cloudy
131756,147197,147217,3608883,Matched,Intersection,287172.0,BURKE GILMAN TRL AND NE 70TH ST,,,2,Injury Collision,Cycles,2,0,1,1,1,0,0,2013-05-29T00:00:00.000Z,5/29/2013 7:00:00 PM,At Intersection (intersection related),51,PEDALCYCLIST STRUCK MOTOR VEHICLE FRONT END AT ANGLE,,N,Overcast,Dry,Daylight,,,,45.0,Vehicle - Pedalcyclist,0,524581,N,POINT (1287683.49088338 251095.8747411817),9161.0,0.0,Overcast
131764,147006,147026,3465281,Matched,Block,,SW BARTON ST BETWEEN 26TH AVE SW AND 29TH AVE SW,,,2b,Serious Injury Collision,Cycles,2,1,1,0,1,1,0,2013-05-25T00:00:00.000Z,5/25/2013 9:18:00 AM,Mid-Block (not related to intersection),24,MOTOR VEHCILE STRUCK PEDESTRIAN,Y,N,Clear or Partly Cloudy,Dry,Daylight,,,,45.0,Vehicle - Pedalcyclist,0,0,N,POINT (1261257.90519233 193836.8662345409),11526.0,9.724152838349038e-06,Clear or Partly Cloudy
131767,147005,147025,3565087,Matched,Intersection,27041.0,ALBION PL N AND N 34TH ST,,,2,Injury Collision,Cycles,2,0,1,1,1,0,0,2011-03-08T00:00:00.000Z,3/8/2011 4:05:00 PM,At Intersection (intersection related),18,"MOTOR VEHICLE STRUCK PEDALCYCLIST, FRONT END AT ANGLE",,Y,Clear or Partly Cloudy,Dry,Daylight,Y,,,45.0,Vehicle - Pedalcyclist,0,0,N,POINT (1267896.383023128 240335.8440101594),7015.0,0.0,Clear or Partly Cloudy
131787,147977,147997,3572987,Matched,Block,,ELLIOTT AVE W BETWEEN W HARRISON ST AND 6TH AVE W,,,2,Injury Collision,Cycles,2,0,1,1,1,0,0,2013-06-11T00:00:00.000Z,6/11/2013 12:33:00 PM,Driveway Junction,18,"MOTOR VEHICLE STRUCK PEDALCYCLIST, FRONT END AT ANGLE",Y,N,Overcast,Dry,Daylight,,,,45.0,Vehicle - Pedalcyclist,19202,0,N,POINT (1263061.165610179 230971.8093125671),17911.0,1.0383138592361693e-05,Overcast
131793,148523,148543,2618873,Matched,Intersection,30501.0,5TH AVE S AND S MAIN ST,,,1,Property Damage Only Collision,Cycles,2,0,1,1,0,0,0,2013-06-20T00:00:00.000Z,6/20/2013 6:33:00 PM,At Intersection (intersection related),18,"MOTOR VEHICLE STRUCK PEDALCYCLIST, FRONT END AT ANGLE",,N,Raining,Wet,Daylight,,,,45.0,Vehicle - Pedalcyclist,35996,0,N,POINT (1271765.404467091 222453.5182318538),5902.0,0.0,Raining
131800,148522,148542,3465771,Matched,Intersection,29928.0,6TH AVE AND SENECA ST,,,2,Injury Collision,Cycles,3,0,1,1,1,0,0,2013-06-19T00:00:00.000Z,6/19/2013 6:06:00 PM,At Intersection (intersection related),51,PEDALCYCLIST STRUCK MOTOR VEHICLE FRONT END AT ANGLE,,N,Overcast,Dry,Daylight,,,,45.0,Vehicle - Pedalcyclist,36492,0,N,POINT (1270756.560434058 225541.2071950138),5977.0,0.0,Overcast
131920,148336,148356,3549119,Matched,Block,,5TH AVE BETWEEN UNIVERSITY ST AND UNION ST,,,2,Injury Collision,Cycles,2,0,1,1,1,0,0,2013-06-19T00:00:00.000Z,6/19/2013 8:25:00 AM,Mid-Block (not related to intersection),55,PEDALCYCLIST STRUCK MOTOR VEHICLE RIGHT SIDE SIDESWIPE,,N,Clear or Partly Cloudy,Dry,Daylight,,,,45.0,Vehicle - Pedalcyclist,24889,0,N,POINT (1270215.371505499 225823.7194512933),8658.0,1.2334867892116416e-05,Clear or Partly Cloudy
131922,148332,148352,3574927,Matched,Block,,BOREN AVE BETWEEN PINE ST AND OLIVE WAY,,,2,Injury Collision,Cycles,2,0,1,1,1,0,0,2013-06-19T00:00:00.000Z,6/19/2013 5:53:00 PM,Driveway Junction,18,"MOTOR VEHICLE STRUCK PEDALCYCLIST, FRONT END AT ANGLE",,N,Overcast,Dry,Daylight,Y,,,45.0,Vehicle - Pedalcyclist,0,0,N,POINT (1271226.86897853 227907.1490214318),3392.0,1.0009531265102936e-05,Overcast
132093,147806,147826,3345973,Matched,Block,,15TH AVE W BETWEEN GILMAN UPPER DR W AND W ARMOUR ST,,,2,Injury Collision,Cycles,3,0,1,1,1,0,0,2013-06-05T00:00:00.000Z,6/5/2013 3:19:00 PM,Mid-Block (not related to intersection),23,"MOTOR VEHICLE STRUCK PEDALCYCLIST, LEFT SIDE SIDESWIPE",,N,Clear or Partly Cloudy,Dry,Daylight,,,,45.0,Vehicle - Pedalcyclist,16108,0,N,POINT (1260120.012327164 238670.9089684486),9580.0,2.241353236557248e-05,Clear or Partly Cloudy
132137,149278,149298,3606350,Matched,Block,,12TH AVE BETWEEN E COLUMBIA ST AND E MARION ST,,,2,Injury Collision,Cycles,2,0,1,1,1,0,0,2013-07-02T00:00:00.000Z,7/2/2013 7:00:00 PM,Mid-Block (not related to intersection),18,"MOTOR VEHICLE STRUCK PEDALCYCLIST, FRONT END AT ANGLE",,N,Clear or Partly Cloudy,Dry,Daylight,,,,45.0,Vehicle - Pedalcyclist,10701,0,N,POINT (1274518.8026779 225966.6191634387),8407.0,5.730560052789369e-06,Clear or Partly Cloudy
132217,148548,148568,3374047,Matched,Intersection,32711.0,39TH AVE S AND S GENESEE ST,,,2b,Serious Injury Collision,Cycles,3,0,1,1,1,1,0,2011-08-03T00:00:00.000Z,8/3/2011 4:07:00 PM,At Intersection (intersection related),51,PEDALCYCLIST STRUCK MOTOR VEHICLE FRONT END AT ANGLE,,N,Clear or Partly Cloudy,Dry,Daylight,,,,45.0,Vehicle - Pedalcyclist,0,0,N,POINT (1282318.292029887 209153.0489702225),11800.0,0.0,Clear or Partly Cloudy
132225,148015,148035,3501752,Matched,Block,,NE 45TH ST BETWEEN 1ST AVE NE AND 2ND AVE NE,,,1,Property Damage Only Collision,Cycles,3,0,1,1,0,0,0,2013-06-07T00:00:00.000Z,6/7/2013 11:00:00 PM,Driveway Junction,51,PEDALCYCLIST STRUCK MOTOR VEHICLE FRONT END AT ANGLE,Y,N,Clear or Partly Cloudy,Dry,Dark - Street Lights On,,,,45.0,Vehicle - Pedalcyclist,6532,0,N,POINT (1272176.522995502 244818.3334227502),18208.0,3.0169654243669977e-05,Clear or Partly Cloudy
132246,148770,148790,3380624,Matched,Block,,BEACH DR SW BETWEEN SW DOUGLAS PL AND SW GENESEE ST,,,2,Injury Collision,Cycles,2,0,1,1,1,0,0,2013-06-24T00:00:00.000Z,6/24/2013 4:30:00 PM,Mid-Block (not related to intersection),56,PEDALCYCLIST STRUCK MOTOR VEHICLE LEFT SIDE SIDESWIPE,Y,N,Clear or Partly Cloudy,Dry,Daylight,,,,45.0,Vehicle - Pedalcyclist,4014,0,N,POINT (1251794.133982629 210205.6983153075),13719.0,3.027989282951488e-06,Clear or Partly Cloudy
132262,148576,148596,3646103,Matched,Intersection,26896.0,STONE WAY N AND N 34TH ST,,,2,Injury Collision,Cycles,5,0,1,1,1,0,0,2013-06-22T00:00:00.000Z,6/22/2013 11:35:00 AM,At Intersection (intersection related),18,"MOTOR VEHICLE STRUCK PEDALCYCLIST, FRONT END AT ANGLE",Y,N,Clear or Partly Cloudy,Dry,Daylight,,,,45.0,Vehicle - Pedalcyclist,0,523424,N,POINT (1268384.754735619 240216.4179620296),4878.0,0.0,Clear or Partly Cloudy
132267,148572,148592,3646258,Matched,Intersection,25679.0,FREMONT AVE N AND N 47TH ST,,,1,Property Damage Only Collision,Cycles,2,0,1,1,0,0,0,2013-06-22T00:00:00.000Z,6/22/2013 5:12:00 PM,At Intersection (intersection related),51,PEDALCYCLIST STRUCK MOTOR VEHICLE FRONT END AT ANGLE,,N,Clear or Partly Cloudy,Dry,Daylight,,,,45.0,Vehicle - Pedalcyclist,8476,0,N,POINT (1266700.376877904 245479.3540314287),1257.0,0.0,Clear or Partly Cloudy
132296,149288,149308,3643735,Matched,Intersection,28925.0,5TH AVE N AND HARRISON ST,,,2b,Serious Injury Collision,Cycles,3,0,1,1,2,1,0,2013-07-02T00:00:00.000Z,7/2/2013 2:05:00 PM,At Intersection (intersection related),51,PEDALCYCLIST STRUCK MOTOR VEHICLE FRONT END AT ANGLE,Y,N,Clear or Partly Cloudy,Dry,Daylight,Y,,,45.0,Vehicle - Pedalcyclist,23596,0,N,POINT (1267007.855662212 230587.8020161837),3572.0,0.0,Clear or Partly Cloudy