OBJECTID,INCKEY,COLDETKEY,REPORTNO,STATUS,ADDRTYPE,INTKEY,LOCATION,EXCEPTRSNC,EXCEPTRSND,SEVERITYCO,SEVERITYDE,COLLISIONT,PERSONCOUN,PEDCOUNT,PEDCYLCOUN,VEHCOUNT,INJURIES,SERIOUSINJ,FATALITIES,INCDATE,INCDTTM,JUNCTIONTY,SDOT_COLCO,SDOT_COLDE,INATTENTIO,UNDERINFL,WEATHER,ROADCOND,LIGHTCOND,PEDROWNOTG,SDOTCOLNUM,SPEEDING,ST_COLCODE,ST_COLDESC,SEGLANEKEY,CROSSWALKK,HITPARKEDC,geometry,near_str_index,min_length,weather_group
136101,153856,153876,3646427,Matched,Block,,FREMONT AVE N BETWEEN FREMONT PL N AND N 36TH ST,,,2,Injury Collision,Cycles,2,0,1,1,1,0,0,2013-06-12T00:00:00.000Z,6/12/2013 7:45:00 PM,Mid-Block (not related to intersection),23,"MOTOR VEHICLE STRUCK PEDALCYCLIST, LEFT SIDE SIDESWIPE",Y,N,Clear or Partly Cloudy,Dry,Daylight,,,,45.0,Vehicle - Pedalcyclist,8245,0,N,POINT (1266649.644717842 241107.6027309448),11938.0,7.838010636447276e-09,Clear or Partly Cloudy
136103,154214,154234,3672681,Matched,Block,,LAKESIDE AVE BETWEEN E YESLER WAY AND LAKE WASHINGTON BLVD,,,2,Injury Collision,Cycles,2,0,1,1,1,0,0,2013-09-19T00:00:00.000Z,9/19/2013 4:28:00 PM,Mid-Block (not related to intersection),54,PEDALCYCLIST STRUCK MOTOR VEHICLE REAR END,,N,Clear or Partly Cloudy,Dry,Daylight,,,,45.0,Vehicle - Pedalcyclist,35103,0,N,POINT (1282309.775549889 223090.135640502),13761.0,1.6349382295988096e-06,Clear or Partly Cloudy
136139,154914,154934,3501410,Matched,Block,,NE 110TH ST BETWEEN 35TH AVE NE AND 36TH AVE NE,,,2,Injury Collision,Cycles,2,0,1,1,1,0,0,2013-10-01T00:00:00.000Z,10/1/2013 8:26:00 AM,Mid-Block (not related to intersection),51,PEDALCYCLIST STRUCK MOTOR VEHICLE FRONT END AT ANGLE,,N,Raining,Wet,Daylight,,,,45.0,Vehicle - Pedalcyclist,0,0,N,POINT (1281780.854845345 261784.0106881261),16429.0,2.4764378003336247e-06,Raining
136143,154544,154564,3644036,Matched,Block,,3RD AVE BETWEEN UNION ST AND PIKE ST,,,2,Injury Collision,Cycles,3,1,1,1,2,0,0,2013-09-19T00:00:00.000Z,9/19/2013 3:55:00 PM,Mid-Block (but intersection related),21,"MOTOR VEHICLE STRUCK PEDALCYCLIST, REAR END",,N,Clear or Partly Cloudy,Dry,Daylight,,,,45.0,Vehicle - Pedalcyclist,35807,0,N,POINT (1269444.750192702 225861.6804753393),10901.0,1.1028928167393301e-05,Clear or Partly Cloudy
136160,155070,155090,3671921,Matched,Intersection,30851.0,LAKE PARK DR S AND LAKE WASHINGTON BLVD S,,,2,Injury Collision,Cycles,2,0,1,1,1,0,0,2013-10-05T00:00:00.000Z,10/5/2013 2:07:00 PM,At Intersection (intersection related),18,"MOTOR VEHICLE STRUCK PEDALCYCLIST, FRONT END AT ANGLE",,N,Clear or Partly Cloudy,Dry,Daylight,Y,,,45.0,Vehicle - Pedalcyclist,38003,0,N,POINT (1281515.573053062 216035.582865268),15824.0,0.0,Clear or Partly Cloudy
136192,155943,155963,3672575,Matched,Intersection,29729.0,12TH AVE AND E OLIVE ST,,,2,Injury Collision,Cycles,2,0,1,1,1,0,0,2013-10-28T00:00:00.000Z,10/28/2013 9:40:00 AM,At Intersection (intersection related),18,"MOTOR VEHICLE STRUCK PEDALCYCLIST, FRONT END AT ANGLE",Y,N,Clear or Partly Cloudy,Dry,Daylight,Y,,,45.0,Vehicle - Pedalcyclist,10853,0,N,POINT (1274542.387509927 228382.3645739257),1139.0,0.0,Clear or Partly Cloudy
136219,153713,153733,3572951,Matched,Block,,31ST AVE NW BETWEEN NW 96TH ST AND NW ESPLANADE,,,2,Injury Collision,Cycles,2,0,1,1,1,0,0,2013-09-09T00:00:00.000Z,9/9/2013 7:10:00 PM,Mid-Block (not related to intersection),0,NOT ENOUGH INFORMATION / NOT APPLICABLE,,N,Clear or Partly Cloudy,Dry,Dusk,,,Y,45.0,Vehicle - Pedalcyclist,0,0,N,POINT (1255632.85315457 258991.7674212605),15417.0,2.557327307876365e-05,Clear or Partly Cloudy
136267,154922,154942,3585426,Matched,Intersection,30482.0,2ND AVE AND JAMES ST,,,2,Injury Collision,Cycles,2,0,1,1,1,0,0,2013-10-02T00:00:00.000Z,10/2/2013 3:26:00 PM,At Intersection (intersection related),18,"MOTOR VEHICLE STRUCK PEDALCYCLIST, FRONT END AT ANGLE",,N,Overcast,Wet,Daylight,Y,,,45.0,Vehicle - Pedalcyclist,12029,0,N,POINT (1270583.694641873 223305.2345847189),134.0,0.0,Overcast
136304,155948,155968,3672854,Matched,Intersection,29158.0,BELMONT AVE E AND E DENNY WAY,,,2,Injury Collision,Cycles,2,0,1,1,1,0,0,2013-10-27T00:00:00.000Z,10/27/2013 9:06:00 AM,At Intersection (intersection related),18,"MOTOR VEHICLE STRUCK PEDALCYCLIST, FRONT END AT ANGLE",Y,N,Raining,Wet,Daylight,,,,45.0,Vehicle - Pedalcyclist,35198,0,N,POINT (1272798.197556138 229164.4179507196),1074.0,0.0,Raining
136327,155647,155667,3573557,Matched,Intersection,29603.0,2ND AVE AND UNIVERSITY ST,,,2,Injury Collision,Cycles,2,0,1,1,1,0,0,2013-10-22T00:00:00.000Z,10/22/2013 8:35:00 AM,At Intersection (intersection related),18,"MOTOR VEHICLE STRUCK PEDALCYCLIST, FRONT END AT ANGLE",,N,Overcast,Dry,Daylight,Y,,,45.0,Vehicle - Pedalcyclist,12162,0,N,POINT (1269492.709168762 225148.3088906109),2490.0,0.0,Overcast
136403,154561,154581,3609358,Matched,Intersection,25432.0,8TH AVE NW AND NW 54TH ST,,,2,Injury Collision,Cycles,4,0,1,1,1,0,0,2013-09-25T00:00:00.000Z,9/25/2013 7:51:00 AM,At Intersection (intersection related),51,PEDALCYCLIST STRUCK MOTOR VEHICLE FRONT END AT ANGLE,,N,Overcast,Wet,Daylight,,,,45.0,Vehicle - Pedalcyclist,2394,0,N,POINT (1262757.745449856 247395.1950573921),4318.0,0.0,Overcast
136415,154932,154952,3582129,Matched,Block,,NE 45TH ST BETWEEN 2ND AVE NE AND THACKERAY PL NE,,,2,Injury Collision,Cycles,2,0,1,1,1,0,0,2013-10-01T00:00:00.000Z,10/1/2013 1:45:00 PM,Mid-Block (not related to intersection),18,"MOTOR VEHICLE STRUCK PEDALCYCLIST, FRONT END AT ANGLE",Y,N,Clear or Partly Cloudy,Dry,Daylight,,,,45.0,Vehicle - Pedalcyclist,6536,0,N,POINT (1272433.439155772 244811.4479827434),9906.0,4.418045119863796e-06,Clear or Partly Cloudy
136424,155821,155841,3581836,Matched,Block,,WESTLAKE AVE N BETWEEN THOMAS ST AND HARRISON ST,,,2,Injury Collision,Cycles,2,0,1,1,1,0,0,2013-10-24T00:00:00.000Z,10/24/2013 10:54:00 PM,Mid-Block (not related to intersection),54,PEDALCYCLIST STRUCK MOTOR VEHICLE REAR END,Y,N,Clear or Partly Cloudy,Dry,Dark - Street Lights On,,,,45.0,Vehicle - Pedalcyclist,25130,0,N,POINT (1269254.900400519 230318.5107519031),10410.0,1.8742288729956545e-10,Clear or Partly Cloudy
136465,153726,153746,3374530,Matched,Intersection,31379.0,1ST AVE S AND S HANFORD ST,,,1,Property Damage Only Collision,Cycles,2,0,1,1,0,0,0,2010-12-28T00:00:00.000Z,12/28/2010 12:29:00 PM,At Intersection (intersection related),54,PEDALCYCLIST STRUCK MOTOR VEHICLE REAR END,,N,Clear or Partly Cloudy,Dry,Daylight,,,,45.0,Vehicle - Pedalcyclist,5367,0,N,POINT (1269978.281265259 213565.0044307411),4489.0,0.0,Clear or Partly Cloudy
136512,154935,154955,3582130,Matched,Block,,FREMONT AVE N BETWEEN N 36TH ST AND N 38TH ST,,,2,Injury Collision,Cycles,4,1,1,1,1,0,0,2013-10-01T00:00:00.000Z,10/1/2013 8:50:00 AM,Driveway Junction,18,"MOTOR VEHICLE STRUCK PEDALCYCLIST, FRONT END AT ANGLE",Y,N,Raining,Wet,Daylight,,,,45.0,Vehicle - Pedalcyclist,8364,0,N,POINT (1266647.413421839 241526.9393073767),15191.0,7.447914690328972e-09,Raining
136516,154091,154111,3581597,Matched,Intersection,31344.0,1ST AVE S AND S MASSACHUSETTS ST,,,2,Injury Collision,Cycles,2,0,1,1,1,0,0,2013-09-16T00:00:00.000Z,9/16/2013 5:30:00 PM,At Intersection (intersection related),18,"MOTOR VEHICLE STRUCK PEDALCYCLIST, FRONT END AT ANGLE",Y,N,Clear or Partly Cloudy,Dry,Daylight,,,,45.0,Vehicle - Pedalcyclist,0,600377,N,POINT (1270069.862961352 218179.4730434716),7797.0,0.0,Clear or Partly Cloudy
136535,154237,154257,3549355,Matched,Block,,W COMMODORE WAY BETWEEN 21ST AVE W AND 22ND AVE W,,,2,Injury Collision,Cycles,2,0,1,1,1,0,0,2012-08-09T00:00:00.000Z,8/9/2012 2:41:00 PM,Mid-Block (not related to intersection),18,"MOTOR VEHICLE STRUCK PEDALCYCLIST, FRONT END AT ANGLE",,N,Clear or Partly Cloudy,Dry,Daylight,,,,45.0,Vehicle - Pedalcyclist,0,0,N,POINT (1258310.931493312 244437.5539023578),23350.0,3.351836533629303e-05,Clear or Partly Cloudy
136550,155275,155295,3502890,Matched,Intersection,36202.0,35TH AVE NE AND NE 130TH S ST,,,2,Injury Collision,Cycles,3,0,1,1,1,0,0,2013-10-11T00:00:00.000Z,10/11/2013 5:43:00 PM,At Intersection (intersection related),18,"MOTOR VEHICLE STRUCK PEDALCYCLIST, FRONT END AT ANGLE",,N,Clear or Partly Cloudy,Dry,Dusk,,,,45.0,Vehicle - Pedalcyclist,7835,0,N,POINT (1281697.729597256 266993.4624694586),15418.0,0.0,Clear or Partly Cloudy
136555,155463,155483,3643608,Matched,Intersection,29865.0,BOREN AVE AND OLIVE WAY,,,2,Injury Collision,Cycles,2,0,1,1,1,0,0,2013-10-13T00:00:00.000Z,10/13/2013 6:00:00 PM,At Intersection (intersection related),51,PEDALCYCLIST STRUCK MOTOR VEHICLE FRONT END AT ANGLE,,N,Unknown,Unknown,Unknown,,,,45.0,Vehicle - Pedalcyclist,0,523743,N,POINT (1271118.433586419 228090.2473256141),640.0,0.0,
136563,155828,155848,3582523,Matched,Block,,ROOSEVELT WAY NE BETWEEN NE 45TH ST AND NE 47TH ST,,,2,Injury Collision,Cycles,4,0,1,2,1,0,0,2013-10-28T00:00:00.000Z,10/28/2013 11:50:00 AM,Mid-Block (not related to intersection),56,PEDALCYCLIST STRUCK MOTOR VEHICLE LEFT SIDE SIDESWIPE,,N,Clear or Partly Cloudy,Dry,Daylight,,,,45.0,Vehicle - Pedalcyclist,10833,0,N,POINT (1274721.706934109 245075.8127190173),19913.0,2.0544237593272437e-05,Clear or Partly Cloudy
136619,155831,155851,3582680,Matched,Block,,BROOKLYN AVE NE BETWEEN NE PACIFIC ST AND NE 40TH ST,,,2,Injury Collision,Cycles,2,0,1,1,1,0,0,2013-10-25T00:00:00.000Z,10/25/2013 7:41:00 PM,Mid-Block (not related to intersection),18,"MOTOR VEHICLE STRUCK PEDALCYCLIST, FRONT END AT ANGLE",,N,Clear or Partly Cloudy,Dry,Dark - Street Lights On,Y,,,45.0,Vehicle - Pedalcyclist,0,525567,N,POINT (1275403.365302816 242247.5613881201),21781.0,1.2572490569969435e-05,Clear or Partly Cloudy
136656,154243,154263,3574876,Matched,Block,,6TH AVE S BETWEEN S LANE ST AND S DEARBORN ST,,,1,Property Damage Only Collision,Cycles,2,0,1,1,0,0,0,2013-09-18T00:00:00.000Z,9/18/2013 2:23:00 PM,Driveway Junction,18,"MOTOR VEHICLE STRUCK PEDALCYCLIST, FRONT END AT ANGLE",Y,N,Clear or Partly Cloudy,Dry,Daylight,,,,45.0,Vehicle - Pedalcyclist,0,0,N,POINT (1272057.185971379 221070.2634464353),5997.0,3.6772626851371435e-06,Clear or Partly Cloudy
136674,155296,155316,3284800,Matched,Intersection,27094.0,9TH AVE NE AND NE 42ND ST,,,2,Injury Collision,Cycles,4,0,1,1,1,0,0,2013-10-12T00:00:00.000Z,10/12/2013 7:49:00 PM,At Intersection (intersection related),51,PEDALCYCLIST STRUCK MOTOR VEHICLE FRONT END AT ANGLE,,N,Clear or Partly Cloudy,Dry,Dark - Street Lights On,,,,45.0,Vehicle - Pedalcyclist,0,0,N,POINT (1274357.341237739 243374.6300612688),6079.0,0.0,Clear or Partly Cloudy
136708,153747,153767,3383315,Matched,Block,,24TH AVE NW BETWEEN NW MARKET ST AND NW 56TH ST,NEI,"Not Enough Information, or Insufficient Location Information",1,Property Damage Only Collision,Cycles,2,0,1,1,0,0,0,2010-10-11T00:00:00.000Z,10/11/2010 12:45:00 PM,Mid-Block (not related to intersection),0,NOT ENOUGH INFORMATION / NOT APPLICABLE,,N,Unknown,Unknown,Unknown,Y,,,45.0,Vehicle - Pedalcyclist,25854,0,N,POINT (1257493.999396473 247921.9432179332),21239.0,2.8843273505039534e-05,
136716,155836,155856,3585164,Matched,Block,,PIKE ST BETWEEN BOREN AVE AND MELROSE AVE,,,2,Injury Collision,Cycles,2,0,1,1,1,0,0,2013-10-27T00:00:00.000Z,10/27/2013 4:24:00 PM,Mid-Block (but intersection related),54,PEDALCYCLIST STRUCK MOTOR VEHICLE REAR END,Y,N,Overcast,Wet,Daylight,,,,45.0,Vehicle - Pedalcyclist,31087,0,N,POINT (1271690.664371014 227440.0434209555),6588.0,3.800238744210384e-09,Overcast
136727,155833,155853,3502814,Matched,Intersection,25334.0,3RD AVE NW AND NW MARKET ST,,,2,Injury Collision,Cycles,2,0,1,1,1,0,0,2013-10-25T00:00:00.000Z,10/25/2013 7:14:00 PM,At Intersection (intersection related),51,PEDALCYCLIST STRUCK MOTOR VEHICLE FRONT END AT ANGLE,,N,Clear or Partly Cloudy,Dry,Dark - Street Lights On,,,,45.0,Vehicle - Pedalcyclist,22096,0,N,POINT (1264075.547179207 247007.03070499),2722.0,0.0,Clear or Partly Cloudy
136766,154250,154270,3552212,Matched,Intersection,29809.0,12TH AVE AND E JEFFERSON ST,,,1,Property Damage Only Collision,Cycles,2,0,1,1,0,0,0,2012-08-14T00:00:00.000Z,8/14/2012 10:06:00 AM,At Intersection (intersection related),21,"MOTOR VEHICLE STRUCK PEDALCYCLIST, REAR END",,N,Clear or Partly Cloudy,Dry,Daylight,Y,,,45.0,Vehicle - Pedalcyclist,10465,0,N,POINT (1274493.248053879 224651.3819140941),2320.0,0.0,Clear or Partly Cloudy
136769,154584,154604,3554042,Matched,Block,,WALLINGFORD AVE N BETWEEN N 80TH ST AND N 82ND ST,,,1,Property Damage Only Collision,Cycles,2,0,1,1,0,0,0,2013-09-25T00:00:00.000Z,9/25/2013 12:07:00 PM,Mid-Block (not related to intersection),18,"MOTOR VEHICLE STRUCK PEDALCYCLIST, FRONT END AT ANGLE",,N,Overcast,Wet,Daylight,,,,45.0,Vehicle - Pedalcyclist,27605,0,N,POINT (1270232.255473509 254507.9582646638),12668.0,3.134783358994986e-05,Overcast
136783,154116,154136,3376825,Matched,Intersection,26916.0,BURKE AVE N AND N NORTHLAKE WAY,,,2,Injury Collision,Cycles,3,0,1,1,1,0,0,2012-08-22T00:00:00.000Z,8/22/2012 5:22:00 PM,At Intersection (intersection related),18,"MOTOR VEHICLE STRUCK PEDALCYCLIST, FRONT END AT ANGLE",,N,Clear or Partly Cloudy,Dry,Dusk,Y,,,45.0,Vehicle - Pedalcyclist,0,630885,N,POINT (1270247.452977523 239571.4920093715),7139.0,0.0,Clear or Partly Cloudy
136800,154589,154609,3465538,Matched,Block,,HARBOR AVE SW BETWEEN SW MARYLAND PL AND CALIFORNIA WAY SW,,,2,Injury Collision,Cycles,2,0,1,1,1,0,0,2013-09-19T00:00:00.000Z,9/19/2013 5:20:00 PM,Mid-Block (but intersection related),18,"MOTOR VEHICLE STRUCK PEDALCYCLIST, FRONT END AT ANGLE",,N,Clear or Partly Cloudy,Dry,Daylight,Y,,,45.0,Vehicle - Pedalcyclist,4155,0,N,POINT (1258205.826917201 219540.360020861),6404.0,2.0954053904114126e-05,Clear or Partly Cloudy
136803,154253,154273,3552272,Matched,Block,,19TH AVE BETWEEN E ALDER ST AND E JEFFERSON ST,,,2,Injury Collision,Cycles,2,0,1,1,1,0,0,2012-08-11T00:00:00.000Z,8/11/2012 9:41:00 AM,Mid-Block (not related to intersection),16,"MOTOR VEHICLE STRUCK MOTOR VEHICLE, LEFT SIDE SIDESWIPE",,N,Clear or Partly Cloudy,Dry,Daylight,,,,45.0,Vehicle - Pedalcyclist,8655,0,N,POINT (1276740.383032173 224257.4339457005),22075.0,2.6519978297466228e-05,Clear or Partly Cloudy
136804,153922,153942,3642148,Matched,Block,,N 36TH ST BETWEEN ASHWORTH AVE N AND CARR PL N,,,2,Injury Collision,Cycles,2,0,1,1,1,0,0,2013-09-12T00:00:00.000Z,9/12/2013 2:39:00 PM,Mid-Block (not related to intersection),0,NOT ENOUGH INFORMATION / NOT APPLICABLE,Y,N,Clear or Partly Cloudy,Dry,Daylight,,,,45.0,Vehicle - Pedalcyclist,0,0,N,POINT (1269131.677104384 240922.056362763),15974.0,7.348333931702372e-09,Clear or Partly Cloudy
136841,155302,155322,3502043,Matched,Intersection,34499.0,RENTON AVE S AND S CHICAGO ST,,,2,Injury Collision,Cycles,3,0,1,1,1,0,0,2013-10-12T00:00:00.000Z,10/12/2013 6:56:00 PM,At Intersection (intersection related),18,"MOTOR VEHICLE STRUCK PEDALCYCLIST, FRONT END AT ANGLE",,N,Clear or Partly Cloudy,Dry,Dark - Street Lights On,,,,45.0,Vehicle - Pedalcyclist,7620,0,N,POINT (1283411.320895016 197587.3550063819),3733.0,0.0,Clear or Partly Cloudy
136855,153937,153957,3646000,Matched,Intersection,26627.0,LEARY WAY NW AND NW 43RD ST,,,2,Injury Collision,Cycles,2,0,1,1,1,0,0,2013-09-11T00:00:00.000Z,9/11/2013 11:00:00 AM,At Intersection (intersection related),18,"MOTOR VEHICLE STRUCK PEDALCYCLIST, FRONT END AT ANGLE",,N,Clear or Partly Cloudy,Dry,Daylight,Y,,,45.0,Vehicle - Pedalcyclist,0,523087,N,POINT (1263053.252650157 244117.3544140309),803.0,0.0,Clear or Partly Cloudy
136866,153933,153953,3672587,Matched,Intersection,27167.0,UNIVERSITY WAY NE AND NE PACIFIC ST,,,2,Injury Collision,Cycles,2,0,1,1,1,0,0,2013-09-12T00:00:00.000Z,9/12/2013 3:00:00 PM,At Intersection (intersection related),18,"MOTOR VEHICLE STRUCK PEDALCYCLIST, FRONT END AT ANGLE",,N,Clear or Partly Cloudy,Dry,Daylight,Y,,,45.0,Vehicle - Pedalcyclist,0,524617,N,POINT (1275674.208311081 241847.4433717132),2203.0,0.0,Clear or Partly Cloudy
136875,153362,153382,3672606,Matched,Intersection,29737.0,NAGLE PL AND E PINE ST,,,2,Injury Collision,Left Turn,2,0,1,1,1,0,0,2013-09-05T00:00:00.000Z,9/5/2013 8:55:00 AM,At Intersection (intersection related),18,"MOTOR VEHICLE STRUCK PEDALCYCLIST, FRONT END AT ANGLE",,N,Raining,Wet,Daylight,Y,,,28.0,From opposite direction - one left turn - one straight,10408,0,N,POINT (1273758.874165133 227962.8476454914),3934.0,0.0,Raining
136957,155130,155150,3672778,Matched,Intersection,29112.0,BELMONT AVE E AND E ROY ST,,,2b,Serious Injury Collision,Cycles,2,0,1,1,1,1,0,2013-10-04T00:00:00.000Z,10/4/2013 3:47:00 PM,At Intersection (intersection related),18,"MOTOR VEHICLE STRUCK PEDALCYCLIST, FRONT END AT ANGLE",,N,Clear or Partly Cloudy,Dry,Daylight,,,,45.0,Vehicle - Pedalcyclist,36113,0,N,POINT (1272836.049204186 231584.2487372011),3945.0,0.0,Clear or Partly Cloudy
136961,155497,155517,3642068,Matched,Block,,PHINNEY AVE N BETWEEN N 60TH ST AND N 61ST ST,,,2,Injury Collision,Cycles,2,0,1,1,1,0,0,2013-10-04T00:00:00.000Z,10/4/2013 5:32:00 PM,Mid-Block (not related to intersection),0,NOT ENOUGH INFORMATION / NOT APPLICABLE,,N,Clear or Partly Cloudy,Dry,Daylight,,,,45.0,Vehicle - Pedalcyclist,3848,0,N,POINT (1265700.730668873 249130.9664511681),10366.0,0.0,Clear or Partly Cloudy
136980,155333,155353,3465362,Matched,Block,,FREMONT AVE N BETWEEN N 36TH ST AND N 38TH ST,,,2,Injury Collision,Cycles,4,0,1,1,1,0,0,2013-10-13T00:00:00.000Z,10/13/2013 12:52:00 PM,Mid-Block (not related to intersection),18,"MOTOR VEHICLE STRUCK PEDALCYCLIST, FRONT END AT ANGLE",,N,Clear or Partly Cloudy,Dry,Daylight,Y,,,45.0,Vehicle - Pedalcyclist,8364,0,N,POINT (1266647.413421839 241526.9393073767),15191.0,7.447914690328972e-09,Clear or Partly Cloudy
137000,156014,156034,3576776,Matched,Intersection,24372.0,ROOSEVELT WAY NE AND NE 84TH ST,,,2,Injury Collision,Cycles,2,0,1,1,1,0,0,2013-10-30T00:00:00.000Z,10/30/2013 9:00:00 AM,At Intersection (intersection related),51,PEDALCYCLIST STRUCK MOTOR VEHICLE FRONT END AT ANGLE,Y,N,Overcast,Dry,Daylight,,,,45.0,Vehicle - Pedalcyclist,16573,0,N,POINT (1274877.260086268 255086.5194812566),18244.0,0.0,Overcast
134056,150472,150492,3672387,Matched,Block,,12TH AVE BETWEEN E REMINGTON CT AND E JEFFERSON ST,,,2,Injury Collision,Cycles,2,0,1,1,1,0,0,2013-07-16T00:00:00.000Z,7/16/2013 2:16:00 PM,Driveway Junction,18,"MOTOR VEHICLE STRUCK PEDALCYCLIST, FRONT END AT ANGLE",,N,Clear or Partly Cloudy,Dry,Daylight,Y,,,45.0,Vehicle - Pedalcyclist,0,0,N,POINT (1274490.98603788 224535.4521859735),2320.0,7.449163053530303e-09,Clear or Partly Cloudy
134070,151340,151360,3574477,Matched,Intersection,28057.0,NICKERSON ST AND WESTLAKE AVE N,,,2,Injury Collision,Cycles,4,0,1,1,1,0,0,2013-07-27T00:00:00.000Z,7/27/2013 4:50:00 PM,At Intersection (intersection related),18,"MOTOR VEHICLE STRUCK PEDALCYCLIST, FRONT END AT ANGLE",,N,Clear or Partly Cloudy,Dry,Daylight,,,,45.0,Vehicle - Pedalcyclist,13898,0,N,POINT (1266650.960429847 239377.199529171),13817.0,0.0,Clear or Partly Cloudy
134113,152051,152071,3501620,Matched,Block,,AURORA AVE N BETWEEN N 82ND ST AND GREEN LAKE DR N,,,1,Property Damage Only Collision,Cycles,3,0,1,1,0,0,0,2013-03-24T00:00:00.000Z,3/24/2013 1:57:00 PM,Mid-Block (not related to intersection),21,"MOTOR VEHICLE STRUCK PEDALCYCLIST, REAR END",,N,Clear or Partly Cloudy,Dry,Daylight,Y,,,45.0,Vehicle - Pedalcyclist,16466,0,N,POINT (1268244.650799483 254889.2978490591),16837.0,0.0,Clear or Partly Cloudy
134144,152237,152257,3672033,Matched,Block,,RAINIER AVE S BETWEEN S HUDSON ST AND 39TH N AVE S,,,2,Injury Collision,Cycles,2,0,1,1,1,0,0,2013-03-07T00:00:00.000Z,3/7/2013 11:30:00 AM,Mid-Block (not related to intersection),18,"MOTOR VEHICLE STRUCK PEDALCYCLIST, FRONT END AT ANGLE",,N,Clear or Partly Cloudy,Dry,Daylight,,,,45.0,Vehicle - Pedalcyclist,0,0,N,POINT (1282211.218813777 206352.9350473583),3722.0,1.030445230192556e-06,Clear or Partly Cloudy
134155,150493,150513,3581790,Matched,Block,,15TH AVE W BETWEEN ELLIOTT AVE W AND MAGNOLIA BR OFF RP,,,2,Injury Collision,Cycles,2,0,1,1,1,0,0,2013-07-15T00:00:00.000Z,7/15/2013 7:45:00 AM,Mid-Block (not related to intersection),21,"MOTOR VEHICLE STRUCK PEDALCYCLIST, REAR END",,N,Clear or Partly Cloudy,Dry,Daylight,,,,45.0,Vehicle - Pedalcyclist,19310,0,N,POINT (1260063.643495098 234661.3254763484),5116.0,2.1254334545067708e-05,Clear or Partly Cloudy
134163,150738,150758,3506142,Matched,Block,,FLORENTIA ST BETWEEN NICKERSON ST AND FREMONT BR,,,2,Injury Collision,Cycles,2,0,1,1,1,0,0,2013-07-18T00:00:00.000Z,7/18/2013 8:10:00 AM,Mid-Block (not related to intersection),56,PEDALCYCLIST STRUCK MOTOR VEHICLE LEFT SIDE SIDESWIPE,,N,Clear or Partly Cloudy,Dry,Daylight,,,,45.0,Vehicle - Pedalcyclist,17114,0,N,POINT (1266455.532525644 239649.2653854489),19814.0,2.958861561605729e-05,Clear or Partly Cloudy
134168,153152,153172,3502770,Matched,Intersection,23860.0,15TH AVE NW AND NW 83RD ST,,,2,Injury Collision,Cycles,3,0,1,1,2,0,0,2013-08-30T00:00:00.000Z,8/30/2013 3:32:00 PM,At Intersection (intersection related),18,"MOTOR VEHICLE STRUCK PEDALCYCLIST, FRONT END AT ANGLE",,N,Clear or Partly Cloudy,Dry,Daylight,,,,45.0,Vehicle - Pedalcyclist,0,0,N,POINT (1260293.924391344 255037.4248252064),9579.0,0.0,Clear or Partly Cloudy
134174,150126,150146,3606495,Matched,Intersection,29162.0,E DENNY WAY AND E OLIVE WAY,,,2,Injury Collision,Left Turn,2,0,1,1,1,0,0,2013-07-09T00:00:00.000Z,7/9/2013 3:50:00 PM,At Intersection (intersection related),18,"MOTOR VEHICLE STRUCK PEDALCYCLIST, FRONT END AT ANGLE",,N,Clear or Partly Cloudy,Dry,Daylight,,,Y,28.0,From opposite direction - one left turn - one straight,23267,0,N,POINT (1272396.764979735 229174.1669427305),6823.0,0.0,Clear or Partly Cloudy
134242,151731,151751,3332312,Matched,Intersection,29238.0,LAKE WASHINGTON BLVD E AND E MADISON ST,,,2,Injury Collision,Cycles,2,0,1,1,1,0,0,2010-07-02T00:00:00.000Z,7/2/2010 6:34:00 PM,At Intersection (intersection related),18,"MOTOR VEHICLE STRUCK PEDALCYCLIST, FRONT END AT ANGLE",,N,Raining,Wet,Daylight,Y,,,45.0,Vehicle - Pedalcyclist,8965,0,N,POINT (1280633.632572159 231763.0291533768),10179.0,0.0,Raining
134245,151729,151749,3376626,Matched,Intersection,24249.0,WINONA AVE N AND N 77TH ST,,,2,Injury Collision,Cycles,2,0,1,1,1,0,0,2010-07-01T00:00:00.000Z,7/1/2010 5:55:00 PM,At Intersection (intersection related),51,PEDALCYCLIST STRUCK MOTOR VEHICLE FRONT END AT ANGLE,,N,Clear or Partly Cloudy,Dry,Daylight,,,,45.0,Vehicle - Pedalcyclist,27873,0,N,POINT (1269351.102768615 253409.9683115482),1289.0,0.0,Clear or Partly Cloudy
134355,151735,151755,3332313,Matched,Block,,22ND AVE BETWEEN E JAMES N ST AND E CHERRY ST,,,2,Injury Collision,Cycles,1,0,1,0,1,0,0,2010-07-03T00:00:00.000Z,7/3/2010 9:30:00 PM,Mid-Block (not related to intersection),18,"MOTOR VEHICLE STRUCK PEDALCYCLIST, FRONT END AT ANGLE",,N,Clear or Partly Cloudy,Dry,Dusk,,,,45.0,Vehicle - Pedalcyclist,0,0,N,POINT (1277716.186105177 225094.6022665501),12328.0,7.132787706232141e-06,Clear or Partly Cloudy