OBJECTID,INCKEY,COLDETKEY,REPORTNO,STATUS,ADDRTYPE,INTKEY,LOCATION,EXCEPTRSNC,EXCEPTRSND,SEVERITYCO,SEVERITYDE,COLLISIONT,PERSONCOUN,PEDCOUNT,PEDCYLCOUN,VEHCOUNT,INJURIES,SERIOUSINJ,FATALITIES,INCDATE,INCDTTM,JUNCTIONTY,SDOT_COLCO,SDOT_COLDE,INATTENTIO,UNDERINFL,WEATHER,ROADCOND,LIGHTCOND,PEDROWNOTG,SDOTCOLNUM,SPEEDING,ST_COLCODE,ST_COLDESC,SEGLANEKEY,CROSSWALKK,HITPARKEDC,geometry,near_str_index,min_length,weather_group
135375,152866,152886,3574921,Matched,Block,,WESTLAKE AVE N BETWEEN REPUBLICAN ST AND MERCER SR ST,,,2,Injury Collision,Cycles,2,0,1,1,1,0,0,2013-08-18T00:00:00.000Z,8/18/2013 2:20:00 PM,Driveway Junction,18,"MOTOR VEHICLE STRUCK PEDALCYCLIST, FRONT END AT ANGLE",,N,Clear or Partly Cloudy,Dry,Daylight,,,,45.0,Vehicle - Pedalcyclist,0,0,N,POINT (1269277.042992532 231202.1090888083),6765.0,0.0,Clear or Partly Cloudy
135413,153986,154006,3573101,Matched,Intersection,28724.0,DEXTER AVE N AND HIGHLAND DR,,,2,Injury Collision,Cycles,2,0,1,1,1,0,0,2013-09-11T00:00:00.000Z,9/11/2013 4:07:00 PM,At Intersection (intersection related),51,PEDALCYCLIST STRUCK MOTOR VEHICLE FRONT END AT ANGLE,,N,Clear or Partly Cloudy,Dry,Daylight,Y,,,45.0,Vehicle - Pedalcyclist,12797,0,N,POINT (1268366.41105561 233350.2112350017),765.0,0.0,Clear or Partly Cloudy
135422,153983,154003,3574415,Matched,Intersection,28791.0,THOMAS ST AND WESTLAKE AVE N,,,2,Injury Collision,Cycles,2,1,1,0,1,0,0,2013-09-13T00:00:00.000Z,9/13/2013 5:08:00 PM,At Intersection (intersection related),0,NOT ENOUGH INFORMATION / NOT APPLICABLE,,N,Overcast,Dry,Daylight,Y,,,45.0,Vehicle - Pedalcyclist,24570,0,N,POINT (1269249.545520514 230105.7063996792),3827.0,0.0,Overcast
135430,153047,153067,3554039,Matched,Block,,1ST AVE BETWEEN PIKE ST AND PINE ST,,,2,Injury Collision,Cycles,2,1,1,0,1,0,0,2013-08-11T00:00:00.000Z,8/11/2013 4:30:00 PM,Mid-Block (not related to intersection),69,PEDALCYCLIST OVERTURNED IN ROAD,,N,Clear or Partly Cloudy,Dry,Daylight,,,,45.0,Vehicle - Pedalcyclist,36657,0,N,POINT (1268673.529263914 225900.3447313756),1.0,9.009112979904896e-06,Clear or Partly Cloudy
135434,154491,154511,3550324,Matched,Block,,S BAILEY ST BETWEEN CORSON AVE S AND CARLETON AVE S,,,1,Property Damage Only Collision,Cycles,3,0,1,1,0,0,0,2013-09-23T00:00:00.000Z,9/23/2013 12:40:00 PM,Mid-Block (not related to intersection),0,NOT ENOUGH INFORMATION / NOT APPLICABLE,,N,Overcast,Dry,Daylight,,,,45.0,Vehicle - Pedalcyclist,0,0,N,POINT (1273088.637876436 203230.5175721645),15266.0,1.4486733393913214e-05,Overcast
135457,155025,155045,3574430,Matched,Intersection,30447.0,8TH AVE S AND S DEARBORN ST,,,2,Injury Collision,Cycles,2,0,1,1,1,0,0,2013-10-06T00:00:00.000Z,10/6/2013 2:26:00 PM,At Intersection (intersection related),51,PEDALCYCLIST STRUCK MOTOR VEHICLE FRONT END AT ANGLE,,N,Clear or Partly Cloudy,Dry,Daylight,,,,45.0,Vehicle - Pedalcyclist,5851,0,N,POINT (1273019.573044375 220895.8416862488),3274.0,0.0,Clear or Partly Cloudy
135497,155371,155391,3585502,Matched,Intersection,27273.0,N 36TH ST AND N PACIFIC ST,,,2,Injury Collision,Cycles,2,0,1,1,1,0,0,2013-10-14T00:00:00.000Z,10/14/2013 7:00:00 PM,At Intersection (intersection related),51,PEDALCYCLIST STRUCK MOTOR VEHICLE FRONT END AT ANGLE,,N,Clear or Partly Cloudy,Dry,Dark - No Street Lights,Y,,,45.0,Vehicle - Pedalcyclist,0,0,N,POINT (1271166.67909047 240877.5955627114),8275.0,0.0,Clear or Partly Cloudy
135506,155560,155580,3503119,Matched,Alley,,,,,2,Injury Collision,Cycles,3,0,1,1,1,0,0,2013-10-21T00:00:00.000Z,10/21/2013 12:25:00 PM,,0,NOT ENOUGH INFORMATION / NOT APPLICABLE,Y,N,Overcast,Dry,Daylight,,,Y,45.0,Vehicle - Pedalcyclist,0,0,N,,,,Overcast
135584,154649,154669,3573491,Matched,Intersection,29880.0,9TH AVE AND PINE ST,,,1,Property Damage Only Collision,Cycles,2,0,1,1,0,0,0,2013-09-26T00:00:00.000Z,9/26/2013 6:00:00 PM,At Intersection (intersection related),18,"MOTOR VEHICLE STRUCK PEDALCYCLIST, FRONT END AT ANGLE",,N,Clear or Partly Cloudy,Dry,Daylight,,,,45.0,Vehicle - Pedalcyclist,21786,0,N,POINT (1270781.206834078 227395.6786209047),6076.0,0.0,Clear or Partly Cloudy
135623,155384,155404,3645962,Matched,Intersection,29561.0,2ND AVE AND LENORA ST,,,2,Injury Collision,Cycles,3,0,1,1,1,0,0,2013-10-14T00:00:00.000Z,10/14/2013 7:15:00 PM,At Intersection (intersection related),18,"MOTOR VEHICLE STRUCK PEDALCYCLIST, FRONT END AT ANGLE",,N,Clear or Partly Cloudy,Dry,Dark - Street Lights On,,,,45.0,Vehicle - Pedalcyclist,12197,0,N,POINT (1268058.567983285 227074.5716765821),8462.0,0.0,Clear or Partly Cloudy
135627,155746,155766,3582252,Matched,Intersection,27043.0,TROLL AVE N AND N 34TH ST,,,2,Injury Collision,Cycles,2,0,1,1,1,0,0,2013-10-23T00:00:00.000Z,10/23/2013 8:40:00 AM,At Intersection (intersection related),18,"MOTOR VEHICLE STRUCK PEDALCYCLIST, FRONT END AT ANGLE",Y,N,Overcast,Dry,Daylight,,,,45.0,Vehicle - Pedalcyclist,8816,0,N,POINT (1267245.477678463 240493.9652263224),1223.0,0.0,Overcast
135634,155744,155764,3574739,Matched,Intersection,166923.0,BEACON ER AVE S AND S COLUMBIAN WAY,,,2,Injury Collision,Cycles,2,0,1,1,1,0,0,2013-10-24T00:00:00.000Z,10/24/2013 8:15:00 PM,At Intersection (intersection related),18,"MOTOR VEHICLE STRUCK PEDALCYCLIST, FRONT END AT ANGLE",,N,Clear or Partly Cloudy,Dry,Dark - Street Lights On,Y,,,45.0,Vehicle - Pedalcyclist,0,525560,N,POINT (1277225.477944672 207610.3553366512),8242.0,0.0,Clear or Partly Cloudy
135638,155905,155925,3643646,Matched,Block,,6TH AVE S BETWEEN S HOLGATE ST AND S WALKER ST,,,2,Injury Collision,Cycles,2,0,1,1,1,0,0,2013-10-28T00:00:00.000Z,10/28/2013 12:10:00 PM,Mid-Block (not related to intersection),51,PEDALCYCLIST STRUCK MOTOR VEHICLE FRONT END AT ANGLE,,N,Clear or Partly Cloudy,Dry,Daylight,,,,45.0,Vehicle - Pedalcyclist,0,0,N,POINT (1272076.472563401 216990.1210422516),15338.0,1.3804915384050644e-05,Clear or Partly Cloudy
135664,156072,156092,3585177,Matched,Block,,JAMES ST BETWEEN 2ND AVE AND 3RD AVE,,,2,Injury Collision,Cycles,2,0,1,1,1,0,0,2013-10-24T00:00:00.000Z,10/24/2013 2:25:00 PM,Mid-Block (not related to intersection),18,"MOTOR VEHICLE STRUCK PEDALCYCLIST, FRONT END AT ANGLE",,N,Overcast,Dry,Daylight,,,,45.0,Vehicle - Pedalcyclist,24805,0,N,POINT (1270721.918834016 223386.8446328044),3596.0,3.3352391500923465e-05,Overcast
135667,153471,153491,3672443,Matched,Intersection,30173.0,23RD AVE AND E CHERRY ST,,,2,Injury Collision,Cycles,2,0,1,1,1,0,0,2013-09-08T00:00:00.000Z,9/8/2013 5:45:00 PM,At Intersection (intersection related),51,PEDALCYCLIST STRUCK MOTOR VEHICLE FRONT END AT ANGLE,,N,Clear or Partly Cloudy,Dry,Daylight,Y,,Y,45.0,Vehicle - Pedalcyclist,9564,0,N,POINT (1277961.390393436 225243.6924427003),6816.0,0.0,Clear or Partly Cloudy
135726,154509,154529,3672683,Matched,Intersection,29051.0,HARVARD AVE E AND E OLIVE WAY,,,1,Property Damage Only Collision,Cycles,3,0,1,1,0,0,0,2013-09-24T00:00:00.000Z,9/24/2013 8:12:00 PM,At Intersection (intersection related),18,"MOTOR VEHICLE STRUCK PEDALCYCLIST, FRONT END AT ANGLE",,N,Clear or Partly Cloudy,Dry,Dark - Street Lights On,,,,45.0,Vehicle - Pedalcyclist,23225,0,N,POINT (1273251.7376526 229671.8081592321),760.0,0.0,Clear or Partly Cloudy
135733,154855,154875,3641606,Matched,Intersection,37418.0,GREENWOOD AVE N AND N 95TH ST,,,2,Injury Collision,Cycles,2,0,1,1,1,0,0,2013-09-28T00:00:00.000Z,9/28/2013 12:55:00 PM,At Intersection (intersection related),51,PEDALCYCLIST STRUCK MOTOR VEHICLE FRONT END AT ANGLE,,N,Raining,Wet,Daylight,,,,45.0,Vehicle - Pedalcyclist,0,0,N,POINT (1265634.869292811 258256.2587485164),6392.0,0.0,Raining
135743,154665,154685,3502813,Matched,Block,,NW 85TH ST BETWEEN 6TH AVE NW AND 8TH AVE NW,,,2,Injury Collision,Cycles,2,0,1,1,1,0,0,2013-09-26T00:00:00.000Z,9/26/2013 11:40:00 PM,Mid-Block (not related to intersection),55,PEDALCYCLIST STRUCK MOTOR VEHICLE RIGHT SIDE SIDESWIPE,,N,Clear or Partly Cloudy,Dry,Dark - Street Lights On,,,,45.0,Vehicle - Pedalcyclist,21460,0,N,POINT (1263298.482602417 255679.1806018651),16722.0,1.3210475204874695e-06,Clear or Partly Cloudy
135820,155918,155938,3672855,Matched,Block,,E PINE ST BETWEEN BELMONT AVE AND BOYLSTON AVE,,,1,Property Damage Only Collision,Cycles,2,0,1,1,0,0,0,2013-10-27T00:00:00.000Z,10/27/2013 4:26:00 PM,Mid-Block (not related to intersection),56,PEDALCYCLIST STRUCK MOTOR VEHICLE LEFT SIDE SIDESWIPE,,N,Clear or Partly Cloudy,Dry,Daylight,Y,,,45.0,Vehicle - Pedalcyclist,10368,0,N,POINT (1272790.179892138 227976.9255975038),12705.0,8.034556990665497e-11,Clear or Partly Cloudy
135848,154199,154219,3380442,Matched,Block,,SW SPOKANE SR ST BETWEEN SPOKANE TURN RD AND SW AVALON WAY,,,2,Injury Collision,Cycles,2,0,1,1,1,0,0,2013-09-06T00:00:00.000Z,9/6/2013 6:45:00 PM,Mid-Block (not related to intersection),51,PEDALCYCLIST STRUCK MOTOR VEHICLE FRONT END AT ANGLE,,N,Clear or Partly Cloudy,Dry,Daylight,,,,45.0,Vehicle - Pedalcyclist,38750,0,N,POINT (1261024.73853609 212214.2920453548),12957.0,1.330390962702012e-05,Clear or Partly Cloudy
135871,155237,155257,3606537,Matched,Intersection,28294.0,EASTLAKE AVE E AND E EDGAR ST,,,2,Injury Collision,Cycles,2,0,1,1,1,0,0,2013-10-09T00:00:00.000Z,10/9/2013 2:48:00 PM,At Intersection (intersection related),51,PEDALCYCLIST STRUCK MOTOR VEHICLE FRONT END AT ANGLE,,N,Clear or Partly Cloudy,Dry,Daylight,,,,45.0,Vehicle - Pedalcyclist,24696,0,N,POINT (1272519.139635861 238659.0959764421),6828.0,0.0,Clear or Partly Cloudy
135892,155601,155621,3570477,Matched,Block,,6TH AVE BETWEEN WESTLAKE AVE AND VIRGINIA ST,,,2,Injury Collision,Cycles,2,0,1,1,1,0,0,2013-10-16T00:00:00.000Z,10/16/2013 5:30:00 PM,Mid-Block (but intersection related),0,NOT ENOUGH INFORMATION / NOT APPLICABLE,,N,Clear or Partly Cloudy,Dry,Daylight,Y,,,45.0,Vehicle - Pedalcyclist,25437,0,N,POINT (1269331.944560587 227657.5867811739),11861.0,2.4979600990032933e-05,Clear or Partly Cloudy
135909,153482,153502,3606533,Matched,Intersection,29737.0,NAGLE PL AND E PINE ST,,,2,Injury Collision,Cycles,3,0,1,1,1,0,0,2013-09-04T00:00:00.000Z,9/4/2013 5:24:00 PM,At Intersection (intersection related),18,"MOTOR VEHICLE STRUCK PEDALCYCLIST, FRONT END AT ANGLE",,N,Clear or Partly Cloudy,Dry,Daylight,Y,,,45.0,Vehicle - Pedalcyclist,10408,0,N,POINT (1273758.874165133 227962.8476454914),3934.0,0.0,Clear or Partly Cloudy
135921,153483,153503,3566269,Matched,Block,,NW MARKET ST BETWEEN 7TH AVE NW AND 8TH AVE NW,,,2,Injury Collision,Cycles,2,0,1,1,1,0,0,2013-08-30T00:00:00.000Z,8/30/2013 9:55:00 PM,Mid-Block (but intersection related),51,PEDALCYCLIST STRUCK MOTOR VEHICLE FRONT END AT ANGLE,,N,Clear or Partly Cloudy,Dry,Dark - Street Lights On,,,Y,45.0,Vehicle - Pedalcyclist,2408,0,N,POINT (1262897.093546003 247662.5053936541),7583.0,1.3688114377586133e-05,Clear or Partly Cloudy
135957,154017,154037,3643837,Matched,Block,,1ST AVE S BETWEEN S ROYAL BROUGHAM WAY AND S ATLANTIC ST,,,2,Injury Collision,Cycles,2,0,1,1,1,0,0,2013-09-06T00:00:00.000Z,9/6/2013 3:24:00 AM,Mid-Block (not related to intersection),21,"MOTOR VEHICLE STRUCK PEDALCYCLIST, REAR END",,N,Raining,Wet,Dark - Street Lights On,,,,45.0,Vehicle - Pedalcyclist,5226,0,N,POINT (1270092.515441373 219319.766740635),14.0,2.805568900512688e-05,Raining
135979,154708,154728,3386101,Matched,Intersection,31082.0,CALIFORNIA AVE SW AND SW LANDER ST,,,2b,Serious Injury Collision,Cycles,2,0,1,1,1,1,0,2013-09-26T00:00:00.000Z,9/26/2013 3:43:00 PM,At Intersection (intersection related),18,"MOTOR VEHICLE STRUCK PEDALCYCLIST, FRONT END AT ANGLE",Y,N,Clear or Partly Cloudy,Dry,Daylight,Y,,,45.0,Vehicle - Pedalcyclist,0,522657,N,POINT (1257069.82378003 215183.6942244023),3421.0,0.0,Clear or Partly Cloudy
135998,154530,154550,3590203,Matched,Block,,M L KING JR WAY S BETWEEN S HOLGATE ST AND S PLUM ST,,,2b,Serious Injury Collision,Cycles,2,0,1,1,1,1,0,2013-09-21T00:00:00.000Z,9/21/2013 7:49:00 PM,Mid-Block (not related to intersection),21,"MOTOR VEHICLE STRUCK PEDALCYCLIST, REAR END",,N,Clear or Partly Cloudy,Dry,Dark - Street Lights On,,,,45.0,Vehicle - Pedalcyclist,37774,0,N,POINT (1278952.854778439 217160.107154429),6495.0,2.466455570183147e-05,Clear or Partly Cloudy
137007,156011,156031,3554050,Matched,Intersection,27065.0,11TH AVE NE AND NE 45TH ST,,,2,Injury Collision,Cycles,2,0,1,1,1,0,0,2013-10-30T00:00:00.000Z,10/30/2013 9:52:00 PM,At Intersection (intersection related),51,PEDALCYCLIST STRUCK MOTOR VEHICLE FRONT END AT ANGLE,,N,Raining,Wet,Dark - Street Lights On,,,,45.0,Vehicle - Pedalcyclist,8938,0,N,POINT (1274930.22776632 244741.2228306681),2303.0,0.0,Raining
137017,155858,155878,3574503,Matched,Block,,BOREN AVE BETWEEN HOWELL ST AND STEWART ST,,,2,Injury Collision,Cycles,2,0,1,1,1,0,0,2013-10-29T00:00:00.000Z,10/29/2013 7:40:00 AM,Mid-Block (not related to intersection),55,PEDALCYCLIST STRUCK MOTOR VEHICLE RIGHT SIDE SIDESWIPE,,N,Clear or Partly Cloudy,Dry,Daylight,,,,45.0,Vehicle - Pedalcyclist,21773,0,N,POINT (1270796.808370098 228500.5314220339),6189.0,1.0725580959131262e-05,Clear or Partly Cloudy
137024,153374,153394,3326099,Matched,Block,,23RD AVE BETWEEN E UNION ST AND E PIKE ST,,,2,Injury Collision,Cycles,2,0,1,1,1,0,0,2013-09-03T00:00:00.000Z,9/3/2013 11:22:00 AM,Driveway Junction,18,"MOTOR VEHICLE STRUCK PEDALCYCLIST, FRONT END AT ANGLE",,N,Raining,Wet,Daylight,,,,45.0,Vehicle - Pedalcyclist,0,0,N,POINT (1278018.650041491 227263.5132447779),16209.0,2.7642162043011587e-10,Raining
137035,154138,154158,3467165,Matched,Block,,SEWARD PARK AVE S BETWEEN HAMLET AVE S AND S HENDERSON ST,,,2,Injury Collision,Cycles,2,0,1,1,1,0,0,2012-08-11T00:00:00.000Z,8/11/2012 12:01:00 PM,Mid-Block (not related to intersection),18,"MOTOR VEHICLE STRUCK PEDALCYCLIST, FRONT END AT ANGLE",,N,Clear or Partly Cloudy,Dry,Daylight,Y,,,45.0,Vehicle - Pedalcyclist,37765,0,N,POINT (1286806.082754493 194385.0174671113),956.0,6.50796559933602e-06,Clear or Partly Cloudy
137047,154133,154153,3467160,Matched,Block,,S HENDERSON ST BETWEEN RAINIER AVE S AND 53RD AVE S,,,2,Injury Collision,Cycles,2,0,1,1,1,0,0,2012-08-06T00:00:00.000Z,8/6/2012 9:59:00 AM,Mid-Block (not related to intersection),18,"MOTOR VEHICLE STRUCK PEDALCYCLIST, FRONT END AT ANGLE",,N,Overcast,Dry,Daylight,Y,,,45.0,Vehicle - Pedalcyclist,3806,0,N,POINT (1285921.607553586 194190.0465869009),7726.0,2.524294348350401e-05,Overcast
137089,154797,154817,3549031,Matched,Intersection,28777.0,FAIRVIEW AVE N AND HARRISON ST,,,2,Injury Collision,Cycles,2,0,1,1,1,0,0,2013-09-30T00:00:00.000Z,9/30/2013 11:38:00 AM,At Intersection (intersection related),51,PEDALCYCLIST STRUCK MOTOR VEHICLE FRONT END AT ANGLE,,N,Raining,Wet,Daylight,,,,45.0,Vehicle - Pedalcyclist,25100,0,N,POINT (1270290.966321573 230496.0669760853),6395.0,0.0,Raining
137110,153609,153629,3641710,Matched,Intersection,27093.0,ROOSEVELT WAY NE AND NE 42ND S ST,,,2,Injury Collision,Cycles,3,0,1,1,1,0,0,2013-09-10T00:00:00.000Z,9/10/2013 4:30:00 PM,At Intersection (intersection related),51,PEDALCYCLIST STRUCK MOTOR VEHICLE FRONT END AT ANGLE,,N,Clear or Partly Cloudy,Dry,Daylight,,,,45.0,Vehicle - Pedalcyclist,8986,0,N,POINT (1274602.278453991 243369.3024452627),15971.0,0.0,Clear or Partly Cloudy
137113,153608,153628,3645996,Matched,Intersection,24247.0,EAST GREEN LAKE DR N AND N 77TH ST,,,2,Injury Collision,Cycles,2,0,1,1,1,0,0,2013-09-09T00:00:00.000Z,9/9/2013 7:54:00 PM,At Intersection (intersection related),18,"MOTOR VEHICLE STRUCK PEDALCYCLIST, FRONT END AT ANGLE",,N,Clear or Partly Cloudy,Dry,Dusk,Y,,,45.0,Vehicle - Pedalcyclist,7346,0,N,POINT (1270552.84100984 253255.5209513903),1087.0,0.0,Clear or Partly Cloudy
137139,156037,156057,3672785,Matched,Intersection,29826.0,12TH AVE AND E ALDER ST,,,2,Injury Collision,Cycles,2,0,1,1,1,0,0,2013-10-31T00:00:00.000Z,10/31/2013 6:04:00 PM,At Intersection (intersection related),18,"MOTOR VEHICLE STRUCK PEDALCYCLIST, FRONT END AT ANGLE",,N,Overcast,Dry,Dusk,,,,45.0,Vehicle - Pedalcyclist,10590,0,N,POINT (1274480.128053859 223979.3716734052),2319.0,0.0,Overcast
137167,154609,154629,3582291,Matched,Block,,NW 45TH ST BETWEEN 9TH AVE NW AND 11TH AVE NW,,,2,Injury Collision,Cycles,2,0,2,0,1,0,0,2013-09-24T00:00:00.000Z,9/24/2013 7:07:00 PM,Mid-Block (but intersection related),18,"MOTOR VEHICLE STRUCK PEDALCYCLIST, FRONT END AT ANGLE",,Y,Overcast,Dry,Dark - Street Lights On,,,,45.0,Vehicle - Pedalcyclist,0,0,N,POINT (1261845.509672925 245062.2541269958),4309.0,0.0,Overcast
137183,153782,153802,3574654,Matched,Block,,15TH AVE W BETWEEN W HOWE ST AND W NEWTON ST,,,2,Injury Collision,Cycles,2,0,1,1,1,0,0,2013-09-11T00:00:00.000Z,9/11/2013 8:53:00 AM,Driveway Junction,18,"MOTOR VEHICLE STRUCK PEDALCYCLIST, FRONT END AT ANGLE",Y,N,Clear or Partly Cloudy,Dry,Daylight,,,,45.0,Vehicle - Pedalcyclist,19025,0,N,POINT (1260073.370215118 235928.0427256525),10118.0,1.37683618616702e-05,Clear or Partly Cloudy
137191,154448,154468,3608814,Matched,Intersection,25443.0,8TH AVE NW AND NW 50TH ST,,,2,Injury Collision,Cycles,2,0,1,1,1,0,0,2013-09-21T00:00:00.000Z,9/21/2013 4:51:00 PM,At Intersection (intersection related),18,"MOTOR VEHICLE STRUCK PEDALCYCLIST, FRONT END AT ANGLE",,N,Clear or Partly Cloudy,Dry,Daylight,,,,45.0,Vehicle - Pedalcyclist,0,0,N,POINT (1262734.982441843 246346.7327203155),3262.0,0.0,Clear or Partly Cloudy
137259,153791,153811,3520208,Matched,Intersection,27149.0,15TH AVE NE AND NE PACIFIC ST,,,2,Injury Collision,Cycles,2,0,1,1,1,0,0,2013-06-13T00:00:00.000Z,6/13/2013 7:08:00 AM,At Intersection (intersection related),18,"MOTOR VEHICLE STRUCK PEDALCYCLIST, FRONT END AT ANGLE",Y,N,Clear or Partly Cloudy,Dry,Daylight,Y,,,45.0,Vehicle - Pedalcyclist,0,520838,N,POINT (1275885.728567302 241688.8779955506),1534.0,0.0,Clear or Partly Cloudy
137269,153409,153429,3501714,Matched,Block,,ROOSEVELT WAY NE BETWEEN NE 43RD S ST AND NE 43RD N ST,,,2,Injury Collision,Cycles,3,0,2,1,2,0,0,2013-09-03T00:00:00.000Z,9/3/2013 7:46:00 AM,Mid-Block (not related to intersection),0,NOT ENOUGH INFORMATION / NOT APPLICABLE,,N,Raining,Wet,Dawn,,,Y,45.0,Vehicle - Pedalcyclist,8995,0,N,POINT (1274631.00639002 244149.0669260621),18017.0,0.0,Raining
137403,153634,153654,3573051,Matched,Intersection,29950.0,3RD AVE AND SPRING ST,,,2,Injury Collision,Cycles,2,1,1,0,1,0,0,2013-09-09T00:00:00.000Z,9/9/2013 12:40:00 PM,At Intersection (intersection related),64,PEDALCYCLIST STRUCK PEDESTRIAN,,N,Clear or Partly Cloudy,Dry,Daylight,Y,,,45.0,Vehicle - Pedalcyclist,35851,521566,N,POINT (1270081.554225355 224785.9475462288),9627.0,0.0,Clear or Partly Cloudy
137417,153804,153824,3606308,Matched,Block,,S JACKSON ST BETWEEN 22ND AVE S AND 23RD AVE S,,,1,Property Damage Only Collision,Cycles,2,0,1,1,0,0,0,2013-09-11T00:00:00.000Z,9/11/2013 4:38:00 PM,Mid-Block (not related to intersection),56,PEDALCYCLIST STRUCK MOTOR VEHICLE LEFT SIDE SIDESWIPE,Y,N,Clear or Partly Cloudy,Dry,Daylight,,,,45.0,Vehicle - Pedalcyclist,11145,0,N,POINT (1277902.738169372 222059.4449514449),7760.0,1.82940854774549e-05,Clear or Partly Cloudy
137436,153797,153817,3559185,Matched,Intersection,27065.0,11TH AVE NE AND NE 45TH ST,,,2,Injury Collision,Cycles,2,0,1,1,1,0,0,2010-08-13T00:00:00.000Z,8/13/2010 12:16:00 PM,At Intersection (intersection related),51,PEDALCYCLIST STRUCK MOTOR VEHICLE FRONT END AT ANGLE,,N,Clear or Partly Cloudy,Dry,Daylight,,,,45.0,Vehicle - Pedalcyclist,6999,0,N,POINT (1274930.22776632 244741.2228306681),2303.0,0.0,Clear or Partly Cloudy
137437,155881,155901,3613397,Matched,Block,,N NORTHGATE WAY BETWEEN AURORA AVE N AND MIDVALE AVE N,,,2,Injury Collision,Cycles,2,0,1,1,1,0,0,2013-10-23T00:00:00.000Z,10/23/2013 9:50:00 AM,Mid-Block (not related to intersection),51,PEDALCYCLIST STRUCK MOTOR VEHICLE FRONT END AT ANGLE,,N,Clear or Partly Cloudy,Dry,Daylight,,,,45.0,Vehicle - Pedalcyclist,0,0,N,POINT (1268484.202351719 260831.2072311491),19130.0,8.272757644620903e-06,Clear or Partly Cloudy
137462,154158,154178,3502560,Matched,Intersection,38351.0,CORNELL AVE S AND RAINIER AVE S,,,2,Injury Collision,Cycles,2,0,1,1,1,0,0,2013-09-01T00:00:00.000Z,9/1/2013 11:42:00 AM,At Intersection (intersection related),18,"MOTOR VEHICLE STRUCK PEDALCYCLIST, FRONT END AT ANGLE",,N,Clear or Partly Cloudy,Dry,Daylight,Y,,,45.0,Vehicle - Pedalcyclist,5005,0,N,POINT (1291171.135622963 189623.724342227),918.0,0.0,Clear or Partly Cloudy
137465,154157,154177,3503118,Matched,Intersection,27100.0,ROOSEVELT WAY NE AND NE 41ST ST,,,2,Injury Collision,Cycles,2,0,1,1,1,0,0,2013-09-15T00:00:00.000Z,9/15/2013 2:09:00 PM,At Intersection (intersection related),51,PEDALCYCLIST STRUCK MOTOR VEHICLE FRONT END AT ANGLE,,N,Overcast,Dry,Daylight,,,,45.0,Vehicle - Pedalcyclist,8967,0,N,POINT (1274593.717557982 243141.4757570326),6641.0,0.0,Overcast
137524,155729,155749,3646249,Matched,Block,,N NORTHGATE WAY BETWEEN MERIDIAN AVE N AND CORLISS AVE N,,,2,Injury Collision,Cycles,2,0,1,1,1,0,0,2013-10-14T00:00:00.000Z,10/14/2013 12:34:00 PM,Mid-Block (not related to intersection),51,PEDALCYCLIST STRUCK MOTOR VEHICLE FRONT END AT ANGLE,,N,Clear or Partly Cloudy,Dry,Daylight,,,,45.0,Vehicle - Pedalcyclist,0,0,N,POINT (1271306.396978617 262090.9490564317),14407.0,2.6094313508037957e-06,Clear or Partly Cloudy
137583,156815,156835,3643233,Matched,Intersection,32340.0,1ST AVE S AND S SPOKANE SR ST,,,1,Property Damage Only Collision,Cycles,2,0,1,1,0,0,0,2013-11-08T00:00:00.000Z,11/8/2013 9:09:00 AM,At Intersection (intersection related),18,"MOTOR VEHICLE STRUCK PEDALCYCLIST, FRONT END AT ANGLE",Y,N,Clear or Partly Cloudy,Dry,Daylight,,,,45.0,Vehicle - Pedalcyclist,39236,0,N,POINT (1269950.822961226 212039.4382211864),12913.0,0.0,Clear or Partly Cloudy
137619,157045,157065,3644094,Matched,Intersection,29547.0,3RD AVE AND BLANCHARD ST,,,2,Injury Collision,Cycles,2,0,1,1,1,0,0,2013-11-14T00:00:00.000Z,11/14/2013 9:36:00 PM,At Intersection (intersection related),18,"MOTOR VEHICLE STRUCK PEDALCYCLIST, FRONT END AT ANGLE",,N,Clear or Partly Cloudy,Dry,Dark - Street Lights On,,,,45.0,Vehicle - Pedalcyclist,35698,0,N,POINT (1267960.037679195 227599.7538851202),2714.0,0.0,Clear or Partly Cloudy
137620,157043,157063,3643866,Matched,Intersection,30379.0,ALASKAN WAY AND MARION ST,,,2,Injury Collision,Cycles,2,0,1,1,1,0,0,2013-11-15T00:00:00.000Z,11/15/2013 5:24:00 PM,At Intersection (intersection related),18,"MOTOR VEHICLE STRUCK PEDALCYCLIST, FRONT END AT ANGLE",Y,N,Clear or Partly Cloudy,Dry,Daylight,,,,45.0,Vehicle - Pedalcyclist,0,0,N,POINT (1269289.658672556 223605.9344890267),598.0,0.0,Clear or Partly Cloudy
137643,158059,158079,3582463,Matched,Block,,NE 45TH ST BETWEEN 1ST AVE NE AND 2ND AVE NE,,,2,Injury Collision,Cycles,2,0,1,1,1,0,0,2013-10-08T00:00:00.000Z,10/8/2013 3:08:00 PM,Mid-Block (not related to intersection),18,"MOTOR VEHICLE STRUCK PEDALCYCLIST, FRONT END AT ANGLE",Y,N,Clear or Partly Cloudy,Dry,Daylight,,,,45.0,Vehicle - Pedalcyclist,6532,0,N,POINT (1272176.522995502 244818.3334227502),18208.0,3.0169654243669977e-05,Clear or Partly Cloudy