OBJECTID,INCKEY,COLDETKEY,REPORTNO,STATUS,ADDRTYPE,INTKEY,LOCATION,EXCEPTRSNC,EXCEPTRSND,SEVERITYCO,SEVERITYDE,COLLISIONT,PERSONCOUN,PEDCOUNT,PEDCYLCOUN,VEHCOUNT,INJURIES,SERIOUSINJ,FATALITIES,INCDATE,INCDTTM,JUNCTIONTY,SDOT_COLCO,SDOT_COLDE,INATTENTIO,UNDERINFL,WEATHER,ROADCOND,LIGHTCOND,PEDROWNOTG,SDOTCOLNUM,SPEEDING,ST_COLCODE,ST_COLDESC,SEGLANEKEY,CROSSWALKK,HITPARKEDC,geometry,near_str_index,min_length,weather_group
137653,158254,158274,3501356,Matched,Intersection,26896.0,STONE WAY N AND N 34TH ST,,,2,Injury Collision,Cycles,5,0,1,1,1,0,0,2013-12-10T00:00:00.000Z,12/10/2013 8:06:00 AM,At Intersection (intersection related),18,"MOTOR VEHICLE STRUCK PEDALCYCLIST, FRONT END AT ANGLE",,N,Overcast,Dry,Daylight,,,,45.0,Vehicle - Pedalcyclist,0,523424,N,POINT (1268384.754735619 240216.4179620296),4878.0,0.0,Overcast
137675,158415,158435,3645918,Matched,Intersection,36855.0,35TH AVE NE AND NE 105TH ST,,,2,Injury Collision,Cycles,2,0,1,1,1,0,0,2013-12-11T00:00:00.000Z,12/11/2013 6:56:00 PM,At Intersection (intersection related),51,PEDALCYCLIST STRUCK MOTOR VEHICLE FRONT END AT ANGLE,,N,Overcast,Wet,Dark - Street Lights On,,,,45.0,Vehicle - Pedalcyclist,4114,0,N,POINT (1281563.718461111 260482.112446785),5609.0,0.0,Overcast
137682,158966,158986,3641010,Matched,Intersection,30492.0,2ND AV ET S AND S WASHINGTON ST,,,2,Injury Collision,Cycles,2,0,1,1,1,0,0,2013-12-24T00:00:00.000Z,12/24/2013 2:44:00 PM,At Intersection (intersection related),18,"MOTOR VEHICLE STRUCK PEDALCYCLIST, FRONT END AT ANGLE",,N,Clear or Partly Cloudy,Dry,Daylight,,,,45.0,Vehicle - Pedalcyclist,12011,0,N,POINT (1270895.346994191 222778.506136179),8471.0,0.0,Clear or Partly Cloudy
137696,156431,156451,3503120,Matched,Intersection,287171.0,BURKE GILMAN TRL AND NE 65TH ST,,,2,Injury Collision,Cycles,2,0,1,1,1,0,0,2013-11-07T00:00:00.000Z,11/7/2013 5:20:00 PM,At Intersection (intersection related),18,"MOTOR VEHICLE STRUCK PEDALCYCLIST, FRONT END AT ANGLE",Y,N,Raining,Wet,Dark - Street Lights On,,,,45.0,Vehicle - Pedalcyclist,0,524265,N,POINT (1287350.799683049 249775.8573318273),11616.0,0.0,Raining
137710,156432,156452,3546322,Matched,Intersection,29603.0,2ND AVE AND UNIVERSITY ST,,,2,Injury Collision,Cycles,2,0,1,1,1,0,0,2013-11-06T00:00:00.000Z,11/6/2013 10:15:00 AM,At Intersection (intersection related),18,"MOTOR VEHICLE STRUCK PEDALCYCLIST, FRONT END AT ANGLE",,N,Overcast,Dry,Daylight,,,,45.0,Vehicle - Pedalcyclist,12162,0,N,POINT (1269492.709168762 225148.3088906109),2490.0,0.0,Overcast
137717,156228,156248,3646110,Matched,Block,,MERIDIAN AVE N BETWEEN N 54TH ST AND N 55TH ST,,,2b,Serious Injury Collision,Cycles,2,0,1,1,1,1,0,2013-10-16T00:00:00.000Z,10/16/2013 1:40:00 PM,Mid-Block (not related to intersection),51,PEDALCYCLIST STRUCK MOTOR VEHICLE FRONT END AT ANGLE,,N,Unknown,Unknown,Daylight,,,,45.0,Vehicle - Pedalcyclist,31696,0,N,POINT (1270769.784242064 247382.9127533734),9789.0,2.0450611670397664e-05,
137732,156823,156843,3672884,Matched,Intersection,27153.0,EASTLAKE AVE E AND FUHRMAN AVE E,,,2b,Serious Injury Collision,Cycles,2,0,1,1,1,1,0,2013-11-08T00:00:00.000Z,11/8/2013 12:43:00 PM,At Intersection (intersection related),18,"MOTOR VEHICLE STRUCK PEDALCYCLIST, FRONT END AT ANGLE",,N,Clear or Partly Cloudy,Dry,Daylight,,,,45.0,Vehicle - Pedalcyclist,6078,0,N,POINT (1273704.647989064 241221.0042030662),995.0,0.0,Clear or Partly Cloudy
137858,156637,156657,3573315,Matched,Block,,FAIRVIEW AVE N BETWEEN YALE AVE N AND FAIRVIEW AVE E,,,2,Injury Collision,Cycles,2,0,1,1,1,0,0,2013-11-07T00:00:00.000Z,11/7/2013 8:37:00 AM,Mid-Block (not related to intersection),21,"MOTOR VEHICLE STRUCK PEDALCYCLIST, REAR END",Y,N,Raining,Wet,Daylight,,,,45.0,Vehicle - Pedalcyclist,25370,0,N,POINT (1271679.684978992 233497.5190111548),18951.0,2.572876065691608e-05,Raining
137949,158794,158814,3646175,Matched,Intersection,24695.0,25TH AVE NE AND NE 65TH ST,,,2,Injury Collision,Cycles,2,0,1,1,1,0,0,2013-12-19T00:00:00.000Z,12/19/2013 11:00:00 PM,At Intersection (intersection related),18,"MOTOR VEHICLE STRUCK PEDALCYCLIST, FRONT END AT ANGLE",,N,Unknown,Unknown,Unknown,,,,45.0,Vehicle - Pedalcyclist,29767,0,N,POINT (1278955.132730454 249947.6591880023),1449.0,0.0,
138023,157631,157651,3508191,Matched,Block,,N 46TH ST BETWEEN BAGLEY AVE N AND CORLISS AVE N,,,2,Injury Collision,Cycles,3,0,1,1,1,0,0,2013-11-23T00:00:00.000Z,11/23/2013 12:38:00 PM,Mid-Block (not related to intersection),18,"MOTOR VEHICLE STRUCK PEDALCYCLIST, FRONT END AT ANGLE",Y,N,Clear or Partly Cloudy,Dry,Daylight,,,,45.0,Vehicle - Pedalcyclist,0,0,N,POINT (1271154.671410456 245300.4630232453),7057.0,0.0,Clear or Partly Cloudy
138025,157293,157313,3386458,Matched,Intersection,25949.0,25TH AVE NE AND NE BLAKELEY ST,,,2,Injury Collision,Cycles,2,0,1,1,1,0,0,2013-11-19T00:00:00.000Z,11/19/2013 5:30:00 PM,At Intersection (intersection related),18,"MOTOR VEHICLE STRUCK PEDALCYCLIST, FRONT END AT ANGLE",,N,Overcast,Dry,Dark - Street Lights On,Y,,,45.0,Vehicle - Pedalcyclist,0,524371,N,POINT (1278900.484922394 246480.058544457),210.0,0.0,Overcast
138161,157461,157481,3673013,Matched,Intersection,30409.0,13TH AVE AND E YESLER WAY,,,2,Injury Collision,Cycles,2,0,1,1,1,0,0,2013-11-22T00:00:00.000Z,11/22/2013 8:48:00 AM,At Intersection (intersection related),18,"MOTOR VEHICLE STRUCK PEDALCYCLIST, FRONT END AT ANGLE",,N,Clear or Partly Cloudy,Dry,Daylight,,,,45.0,Vehicle - Pedalcyclist,10007,0,N,POINT (1274918.328118309 222996.7558643967),14566.0,0.0,Clear or Partly Cloudy
138187,157645,157665,3572807,Matched,Block,,NE 65TH ST BETWEEN 28TH AVE NE AND 29TH AVE NE,,,2,Injury Collision,Cycles,2,0,1,1,1,0,0,2013-11-29T00:00:00.000Z,11/29/2013 4:34:00 PM,Mid-Block (not related to intersection),18,"MOTOR VEHICLE STRUCK PEDALCYCLIST, FRONT END AT ANGLE",Y,N,Clear or Partly Cloudy,Dry,Dark - Street Lights On,,,,45.0,Vehicle - Pedalcyclist,29805,0,N,POINT (1279873.707259387 249931.4476039857),10538.0,1.4522452853980238e-05,Clear or Partly Cloudy
138236,158630,158650,3640959,Matched,Block,,2ND AVE BETWEEN PIKE ST AND PINE ST,,,2,Injury Collision,Cycles,3,0,1,1,1,0,0,2013-12-19T00:00:00.000Z,12/19/2013 4:17:00 PM,Mid-Block (not related to intersection),18,"MOTOR VEHICLE STRUCK PEDALCYCLIST, FRONT END AT ANGLE",Y,N,Clear or Partly Cloudy,Dry,Dusk,Y,,,45.0,Vehicle - Pedalcyclist,12179,0,N,POINT (1268950.511472195 226064.2551955432),9591.0,1.6780158607627556e-05,Clear or Partly Cloudy
138240,158823,158843,3593822,Matched,Block,,EASTLAKE AVE E BETWEEN THOMAS ST AND HARRISON ST,,,2,Injury Collision,Cycles,2,0,1,1,1,0,0,2013-12-17T00:00:00.000Z,12/17/2013 6:40:00 PM,Mid-Block (not related to intersection),56,PEDALCYCLIST STRUCK MOTOR VEHICLE LEFT SIDE SIDESWIPE,Y,N,Unknown,Unknown,Dark - Street Lights Off,,,,45.0,Vehicle - Pedalcyclist,11566,0,N,POINT (1271551.230834872 230252.0809278339),6314.0,2.633936194759407e-05,
138444,157327,157347,3672411,Matched,Intersection,27153.0,EASTLAKE AVE E AND FUHRMAN AVE E,,,2,Injury Collision,Cycles,4,0,1,1,1,0,0,2013-11-19T00:00:00.000Z,11/19/2013 12:47:00 PM,At Intersection (intersection related),51,PEDALCYCLIST STRUCK MOTOR VEHICLE FRONT END AT ANGLE,Y,N,Overcast,Wet,Daylight,,,,45.0,Vehicle - Pedalcyclist,15462,0,N,POINT (1273704.647989064 241221.0042030662),995.0,0.0,Overcast
138464,157665,157685,3576976,Matched,Intersection,25793.0,UNIVERSITY WAY NE AND NE 50TH ST,,,2,Injury Collision,Cycles,3,0,1,1,1,0,0,2013-12-01T00:00:00.000Z,12/1/2013 9:05:00 AM,At Intersection (intersection related),18,"MOTOR VEHICLE STRUCK PEDALCYCLIST, FRONT END AT ANGLE",Y,N,Overcast,Wet,Daylight,,,,45.0,Vehicle - Pedalcyclist,5611,0,N,POINT (1275819.041847229 246040.7075040042),999.0,0.0,Overcast
138502,158308,158328,3640932,Matched,Intersection,29865.0,BOREN AVE AND OLIVE WAY,,,2b,Serious Injury Collision,Cycles,2,0,1,1,1,1,0,2013-12-12T00:00:00.000Z,12/12/2013 2:05:00 PM,At Intersection (intersection related),18,"MOTOR VEHICLE STRUCK PEDALCYCLIST, FRONT END AT ANGLE",Y,Y,Raining,Wet,Daylight,,,,45.0,Vehicle - Pedalcyclist,23287,0,N,POINT (1271118.433586419 228090.2473256141),640.0,0.0,Raining
138613,158145,158165,3585660,Matched,Block,,E MADISON ST BETWEEN 10TH AVE AND E SENECA ST,,,2,Injury Collision,Cycles,2,0,1,1,1,0,0,2013-12-08T00:00:00.000Z,12/8/2013 2:58:00 PM,Mid-Block (not related to intersection),51,PEDALCYCLIST STRUCK MOTOR VEHICLE FRONT END AT ANGLE,,N,Clear or Partly Cloudy,Dry,Daylight,,,,45.0,Vehicle - Pedalcyclist,22951,0,N,POINT (1274025.875317395 226764.1753242612),19991.0,2.2728383117267552e-05,Clear or Partly Cloudy
138623,157883,157903,3386027,Matched,Block,,SW AVALON WAY BETWEEN SW GENESEE ST AND 35TH AVE SW,,,2,Injury Collision,Cycles,2,0,1,1,1,0,0,2013-12-04T00:00:00.000Z,12/4/2013 6:03:00 PM,Mid-Block (not related to intersection),56,PEDALCYCLIST STRUCK MOTOR VEHICLE LEFT SIDE SIDESWIPE,,N,Clear or Partly Cloudy,Dry,Dark - Street Lights On,,,,45.0,Vehicle - Pedalcyclist,3532,0,N,POINT (1260025.261287063 209566.121162653),16748.0,3.1542136811527646e-05,Clear or Partly Cloudy
138657,158319,158339,3671689,Matched,Intersection,34380.0,SWIFT AVE S AND S WARSAW ST,,,2,Injury Collision,Cycles,2,0,1,1,1,0,0,2013-12-12T00:00:00.000Z,12/12/2013 7:47:00 AM,At Intersection (intersection related),18,"MOTOR VEHICLE STRUCK PEDALCYCLIST, FRONT END AT ANGLE",Y,N,Overcast,Wet,Daylight,Y,,,45.0,Vehicle - Pedalcyclist,13656,0,N,POINT (1277172.308536619 201930.6970908344),5316.0,0.0,Overcast
138672,158493,158513,3581414,Matched,Block,,SENECA ST BETWEEN 8TH AVE AND 9TH AVE,,,2,Injury Collision,Cycles,2,0,1,1,1,0,0,2013-03-13T00:00:00.000Z,3/13/2013 7:08:00 AM,Mid-Block (not related to intersection),51,PEDALCYCLIST STRUCK MOTOR VEHICLE FRONT END AT ANGLE,,N,Clear or Partly Cloudy,Dry,Daylight,,,,45.0,Vehicle - Pedalcyclist,9110,0,N,POINT (1271448.569138765 225950.8596754223),3756.0,2.4785537565728186e-05,Clear or Partly Cloudy
138684,156138,156158,3210215,Matched,Intersection,27298.0,NE PACIFIC PL AND NE PACIFIC ST,,,2,Injury Collision,Cycles,2,0,1,1,1,0,0,2013-11-03T00:00:00.000Z,11/3/2013 1:10:00 PM,At Intersection (intersection related),51,PEDALCYCLIST STRUCK MOTOR VEHICLE FRONT END AT ANGLE,,N,Overcast,Dry,Daylight,,,,45.0,Vehicle - Pedalcyclist,0,524624,N,POINT (1277063.34904851 240778.7539626062),4282.0,0.0,Overcast
138796,159062,159082,3501687,Matched,Block,,NW 60TH ST BETWEEN 24TH AVE NW AND DEAD END 3,,,2,Injury Collision,Cycles,2,0,1,1,1,0,0,2013-12-27T00:00:00.000Z,12/27/2013 2:54:00 PM,Mid-Block (not related to intersection),18,"MOTOR VEHICLE STRUCK PEDALCYCLIST, FRONT END AT ANGLE",,N,Overcast,Wet,Daylight,,,,45.0,Vehicle - Pedalcyclist,0,0,N,POINT (1257244.162852213 249134.1754111648),1587.0,0.0,Overcast
138801,159060,159080,3467439,Matched,Intersection,35472.0,51ST AVE S AND S ROXBURY ST,,,2,Injury Collision,Cycles,3,0,1,1,1,0,0,2013-12-28T00:00:00.000Z,12/28/2013 5:27:00 PM,At Intersection (intersection related),51,PEDALCYCLIST STRUCK MOTOR VEHICLE FRONT END AT ANGLE,Y,N,Clear or Partly Cloudy,Dry,Dark - Street Lights On,,,,45.0,Vehicle - Pedalcyclist,0,522022,N,POINT (1285416.734785065 191845.7982645035),10670.0,0.0,Clear or Partly Cloudy
138838,156537,156557,2898375,Matched,Block,,S DEARBORN ST BETWEEN 7TH AVE S AND 8TH AVE S,,,2,Injury Collision,Cycles,2,0,1,1,1,0,0,2011-05-04T00:00:00.000Z,5/4/2011 9:54:00 AM,Mid-Block (not related to intersection),18,"MOTOR VEHICLE STRUCK PEDALCYCLIST, FRONT END AT ANGLE",,N,Clear or Partly Cloudy,Dry,Daylight,Y,,,45.0,Vehicle - Pedalcyclist,0,0,N,POINT (1272858.619828209 220899.3477982581),13978.0,1.948371687125159e-05,Clear or Partly Cloudy
138859,156937,156957,3643215,Matched,Intersection,35449.0,RAINIER AVE S AND S FISHER PL,,,2,Injury Collision,Cycles,2,0,1,1,1,0,0,2013-11-14T00:00:00.000Z,11/14/2013 9:58:00 AM,At Intersection (intersection related),51,PEDALCYCLIST STRUCK MOTOR VEHICLE FRONT END AT ANGLE,,N,Overcast,Wet,Daylight,,,,45.0,Vehicle - Pedalcyclist,0,0,N,POINT (1285454.524225101 193508.5830342025),917.0,0.0,Overcast
138863,156936,156956,3606380,Matched,Intersection,29737.0,NAGLE PL AND E PINE ST,,,2,Injury Collision,Cycles,2,0,1,1,1,0,0,2013-11-14T00:00:00.000Z,11/14/2013 6:36:00 AM,At Intersection (intersection related),18,"MOTOR VEHICLE STRUCK PEDALCYCLIST, FRONT END AT ANGLE",,N,Clear or Partly Cloudy,Dry,Dark - Street Lights On,Y,,,45.0,Vehicle - Pedalcyclist,10408,0,N,POINT (1273758.874165133 227962.8476454914),3934.0,0.0,Clear or Partly Cloudy
138920,157710,157730,3585607,Matched,Block,,EASTLAKE AVE E BETWEEN E ROANOKE ST AND E EDGAR ST,,,2,Injury Collision,Cycles,2,0,1,1,2,0,0,2013-11-29T00:00:00.000Z,11/29/2013 10:34:00 AM,Mid-Block (not related to intersection),21,"MOTOR VEHICLE STRUCK PEDALCYCLIST, REAR END",,N,Overcast,Dry,Daylight,Y,,,45.0,Vehicle - Pedalcyclist,24704,0,N,POINT (1272514.014387846 238421.0841362029),18944.0,1.9745095301494484e-05,Overcast
138977,156755,156775,3582178,Matched,Intersection,24304.0,GREENWOOD AVE N AND N 77TH ST,,,2,Injury Collision,Cycles,2,0,1,1,1,0,0,2013-11-07T00:00:00.000Z,11/7/2013 5:35:00 PM,At Intersection (intersection related),51,PEDALCYCLIST STRUCK MOTOR VEHICLE FRONT END AT ANGLE,,N,Raining,Wet,Dark - Street Lights On,,,Y,45.0,Vehicle - Pedalcyclist,4477,0,N,POINT (1265559.836460724 253481.7238316238),12055.0,0.0,Raining
140040,161406,161426,3583103,Matched,Block,,MTS N RAINIER CONNCT TRL BETWEEN MTS DEARBORN CONNCTR TRL AND RAINIER AVE S,,,2,Injury Collision,Cycles,3,0,1,1,1,0,0,2014-02-04T00:00:00.000Z,2/4/2014 8:55:00 AM,Mid-Block (not related to intersection),51,PEDALCYCLIST STRUCK MOTOR VEHICLE FRONT END AT ANGLE,,N,Overcast,Dry,Daylight,,,,45.0,Vehicle - Pedalcyclist,0,525602,N,POINT (1276748.970104188 219125.4268364459),21487.0,2.380979183686401e-05,Overcast
140067,163120,163140,3373283,Matched,Block,,15TH AVE W BETWEEN W BERTONA ST AND W RUFFNER ST,,,2,Injury Collision,Cycles,2,0,1,1,1,0,0,2014-03-03T00:00:00.000Z,3/3/2014 4:26:00 PM,Mid-Block (not related to intersection),18,"MOTOR VEHICLE STRUCK PEDALCYCLIST, FRONT END AT ANGLE",,N,Clear or Partly Cloudy,Dry,Daylight,Y,,,45.0,Vehicle - Pedalcyclist,19330,0,N,POINT (1260153.760167196 241369.7609392107),11674.0,4.225970206731205e-10,Clear or Partly Cloudy
140085,161103,161123,3591652,Matched,Block,,25TH AVE NE BETWEEN NE 54TH ST AND NE 55TH ST,,,2,Injury Collision,Cycles,4,0,1,2,1,0,0,2014-02-01T00:00:00.000Z,2/1/2014 2:40:00 PM,Driveway Junction,18,"MOTOR VEHICLE STRUCK PEDALCYCLIST, FRONT END AT ANGLE",,N,Overcast,Dry,Daylight,Y,,,45.0,Vehicle - Pedalcyclist,18812,0,N,POINT (1278911.261370406 247204.1651691943),11724.0,2.29914605946867e-05,Overcast
140111,160016,160036,3550122,Matched,Block,,DEXTER AVE N BETWEEN THOMAS ST AND HARRISON ST,,,2,Injury Collision,Cycles,3,0,1,2,1,0,0,2014-01-13T00:00:00.000Z,1/13/2014 9:40:00 AM,Mid-Block (not related to intersection),56,PEDALCYCLIST STRUCK MOTOR VEHICLE LEFT SIDE SIDESWIPE,Y,N,Overcast,Dry,Daylight,,,,45.0,Vehicle - Pedalcyclist,12620,0,N,POINT (1268289.419183522 230342.6783039272),14778.0,0.0,Overcast
140144,161803,161823,3586101,Matched,Intersection,29775.0,13TH AVE AND E SPRING ST,,,2,Injury Collision,Cycles,2,0,1,1,1,0,0,2014-02-01T00:00:00.000Z,2/1/2014 2:30:00 AM,At Intersection (intersection related),51,PEDALCYCLIST STRUCK MOTOR VEHICLE FRONT END AT ANGLE,Y,N,Clear or Partly Cloudy,Dry,Dark - Street Lights On,,,,45.0,Vehicle - Pedalcyclist,0,0,N,POINT (1274863.226678252 226597.7312280983),11661.0,0.0,Clear or Partly Cloudy
140236,160445,160465,3608722,Matched,Intersection,25416.0,15TH AVE NW AND NW MARKET ST,,,2,Injury Collision,Cycles,2,0,1,1,1,0,0,2014-01-22T00:00:00.000Z,1/22/2014 11:22:00 AM,At Intersection (intersection related),24,MOTOR VEHCILE STRUCK PEDESTRIAN,,N,Overcast,Dry,Daylight,,,,45.0,Vehicle - Pedalcyclist,0,525122,N,POINT (1260291.29962334 247719.7280497253),2397.0,0.0,Overcast
140259,160439,160459,3591576,Matched,Intersection,27145.0,15TH AVE NE AND NE CAMPUS WB PY,,,2,Injury Collision,Cycles,2,0,1,1,1,0,0,2014-01-22T00:00:00.000Z,1/22/2014 1:53:00 PM,At Intersection (intersection related),18,"MOTOR VEHICLE STRUCK PEDALCYCLIST, FRONT END AT ANGLE",,N,Clear or Partly Cloudy,Dry,Daylight,,,,45.0,Vehicle - Pedalcyclist,21308,0,N,POINT (1275991.585847408 242865.1393727511),8428.0,0.0,Clear or Partly Cloudy
140293,163147,163167,3568903,Matched,Block,,NW 85TH ST BETWEEN 30TH AVE NW AND 31ST AVE NW,,,1,Property Damage Only Collision,Cycles,2,0,1,1,0,0,0,2011-01-24T00:00:00.000Z,1/24/2011 7:18:00 PM,Mid-Block (but intersection related),18,"MOTOR VEHICLE STRUCK PEDALCYCLIST, FRONT END AT ANGLE",Y,N,Overcast,Wet,Dark - Street Lights On,Y,,,45.0,Vehicle - Pedalcyclist,0,0,N,POINT (1255485.846050411 255807.696314007),9246.0,7.449350404216394e-09,Overcast
140343,159375,159395,3585792,Matched,Intersection,29939.0,COLUMBIA ST AND TERRY AVE,,,2,Injury Collision,Cycles,3,0,1,1,1,0,0,2013-12-31T00:00:00.000Z,12/31/2013 8:58:00 PM,At Intersection (intersection related),51,PEDALCYCLIST STRUCK MOTOR VEHICLE FRONT END AT ANGLE,,N,Clear or Partly Cloudy,Dry,Dark - Street Lights On,,,,45.0,Vehicle - Pedalcyclist,0,0,N,POINT (1272488.139059827 225143.691930607),671.0,0.0,Clear or Partly Cloudy
140381,160051,160071,3577257,Matched,Intersection,29894.0,6TH AVE AND PIKE ST,,,1,Property Damage Only Collision,Cycles,2,0,1,1,0,0,0,2014-01-10T00:00:00.000Z,1/10/2014 6:00:00 PM,At Intersection (intersection related),0,NOT ENOUGH INFORMATION / NOT APPLICABLE,Y,N,Overcast,Wet,Dark - Street Lights On,,,Y,45.0,Vehicle - Pedalcyclist,25508,0,N,POINT (1270166.981681451 226537.3270040303),16633.0,0.0,Overcast
140391,160050,160070,3288753,Matched,Intersection,29694.0,ALASKAN WAY AND CLAY ST,,,2,Injury Collision,Cycles,2,0,1,1,1,0,0,2014-01-14T00:00:00.000Z,1/14/2014 9:00:00 AM,At Intersection (intersection related),18,"MOTOR VEHICLE STRUCK PEDALCYCLIST, FRONT END AT ANGLE",,N,Overcast,Dry,Daylight,,,,45.0,Vehicle - Pedalcyclist,20786,0,N,POINT (1265366.706476539 227832.2681893557),3437.0,0.0,Overcast
140653,159679,159699,3646303,Matched,Block,,39TH AVE NE BETWEEN NE 62ND ST AND NE 65TH ST,,,2,Injury Collision,Cycles,2,0,1,1,1,0,0,2014-01-06T00:00:00.000Z,1/6/2014 7:16:00 AM,Mid-Block (not related to intersection),11,"MOTOR VEHICLE STRUCK MOTOR VEHICLE, FRONT END AT ANGLE",,N,Clear or Partly Cloudy,Ice,Dawn,,,,45.0,Vehicle - Pedalcyclist,0,0,N,POINT (1282602.922686189 249554.1386115998),17777.0,1.3852133904304151e-05,Clear or Partly Cloudy
140797,159691,159711,3567634,Matched,Block,,E UNION ST BETWEEN 27TH AVE AND M L KING JR WAY,,,2,Injury Collision,Cycles,2,0,1,1,1,0,0,2014-01-06T00:00:00.000Z,1/6/2014 4:54:00 PM,Mid-Block (not related to intersection),23,"MOTOR VEHICLE STRUCK PEDALCYCLIST, LEFT SIDE SIDESWIPE",Y,N,Clear or Partly Cloudy,Dry,Dark - Street Lights On,,,,45.0,Vehicle - Pedalcyclist,9486,0,N,POINT (1279455.714106962 227013.5168285221),15462.0,7.549854411711671e-09,Clear or Partly Cloudy
140827,161644,161664,3608723,Matched,Block,,NE 65TH ST BETWEEN 14TH AVE NE AND 15TH AVE NE,,,2,Injury Collision,Cycles,2,0,1,1,1,0,0,2014-01-23T00:00:00.000Z,1/23/2014 2:24:00 PM,Driveway Junction,18,"MOTOR VEHICLE STRUCK PEDALCYCLIST, FRONT END AT ANGLE",,N,Clear or Partly Cloudy,Dry,Daylight,,,,45.0,Vehicle - Pedalcyclist,29273,0,N,POINT (1276028.822263449 250008.9285640568),13193.0,1.8817534798047851e-06,Clear or Partly Cloudy
140846,161640,161660,3591708,Matched,Block,,LAKE CITY WAY NE BETWEEN NE 143RD ST AND NE 145TH ST,,,2,Injury Collision,Cycles,2,0,1,1,1,0,0,2014-02-06T00:00:00.000Z,2/6/2014 2:50:00 PM,Driveway Junction,18,"MOTOR VEHICLE STRUCK PEDALCYCLIST, FRONT END AT ANGLE",,N,Overcast,Dry,Daylight,Y,,,45.0,Vehicle - Pedalcyclist,17683,0,N,POINT (1281381.514748931 270723.3356892765),22545.0,3.0040853123836397e-06,Overcast
140860,162666,162686,3644022,Matched,Block,,4TH AVE BETWEEN VINE ST AND CEDAR ST,,,2,Injury Collision,Cycles,2,0,1,1,1,0,0,2014-02-17T00:00:00.000Z,2/17/2014 5:35:00 PM,Mid-Block (not related to intersection),18,"MOTOR VEHICLE STRUCK PEDALCYCLIST, FRONT END AT ANGLE",,N,Clear or Partly Cloudy,Dry,Dark - Street Lights On,Y,,,45.0,Vehicle - Pedalcyclist,12874,0,N,POINT (1266980.044718191 228926.297374472),21023.0,5.012809334699396e-09,Clear or Partly Cloudy
140890,159461,159481,3519551,Matched,Block,,WALLA WALLA RD NE BETWEEN DEAD END 1 AND MONTLAKE BLVD NE,NEI,"Not Enough Information, or Insufficient Location Information",2,Injury Collision,Cycles,1,0,1,0,1,0,0,2013-11-23T00:00:00.000Z,11/23/2013 9:00:00 AM,Mid-Block (not related to intersection),0,NOT ENOUGH INFORMATION / NOT APPLICABLE,,N,Clear or Partly Cloudy,Ice,Daylight,,,,45.0,Vehicle - Pedalcyclist,0,0,N,POINT (1279214.858106717 244023.0703179389),8342.0,2.1692723970331725e-05,Clear or Partly Cloudy
140926,159910,159930,3585008,Matched,Intersection,29082.0,FAIRVIEW AVE E AND FAIRVIEW AVE N,,,2,Injury Collision,Cycles,2,0,1,1,1,0,0,2014-01-06T00:00:00.000Z,1/6/2014 8:30:00 AM,At Intersection (intersection related),51,PEDALCYCLIST STRUCK MOTOR VEHICLE FRONT END AT ANGLE,,N,Clear or Partly Cloudy,Dry,Daylight,,,,45.0,Vehicle - Pedalcyclist,41840,0,N,POINT (1272182.856499508 234073.3730917424),15946.0,0.0,Clear or Partly Cloudy
140983,161662,161682,3641488,Matched,Block,,YESLER WAY BETWEEN TERRACE ST AND 6TH AVE,,,2,Injury Collision,Cycles,2,0,1,1,1,0,0,2014-01-24T00:00:00.000Z,1/24/2014 9:24:00 AM,Mid-Block (but intersection related),51,PEDALCYCLIST STRUCK MOTOR VEHICLE FRONT END AT ANGLE,,N,Clear or Partly Cloudy,Dry,Daylight,,,Y,45.0,Vehicle - Pedalcyclist,9972,0,N,POINT (1271771.700019091 223065.5889524668),11206.0,1.6689366911817768e-05,Clear or Partly Cloudy
139035,156965,156985,E269115,Matched,Intersection,35773.0,LINDEN AVE N AND N 145TH ST,,,2,Injury Collision,Cycles,0,0,1,1,1,0,0,2013-09-07T00:00:00.000Z,9/7/2013 3:50:00 PM,At Intersection (intersection related),18,"MOTOR VEHICLE STRUCK PEDALCYCLIST, FRONT END AT ANGLE",,N,Clear or Partly Cloudy,Dry,Daylight,,,,45.0,Vehicle - Pedalcyclist,0,523874,N,POINT (1267760.474670991 271454.4247780293),3635.0,0.0,Clear or Partly Cloudy
139042,157544,157564,3585576,Matched,Block,,17TH AVE BETWEEN E PINE ST AND E MADISON ST,,,1,Property Damage Only Collision,Cycles,2,0,1,1,0,0,0,2013-11-21T00:00:00.000Z,11/21/2013 12:00:00 PM,,0,NOT ENOUGH INFORMATION / NOT APPLICABLE,,N,Clear or Partly Cloudy,Dry,Daylight,,,,45.0,Vehicle - Pedalcyclist,0,0,N,POINT (1276192.628919616 227985.2650535107),5143.0,2.483722246809165e-05,Clear or Partly Cloudy
139130,156768,156788,3582682,Matched,Intersection,27090.0,UNIVERSITY WAY NE AND NE 42ND ST,,,2,Injury Collision,Cycles,2,0,1,1,1,0,0,2013-11-12T00:00:00.000Z,11/12/2013 8:30:00 PM,At Intersection (intersection related),18,"MOTOR VEHICLE STRUCK PEDALCYCLIST, FRONT END AT ANGLE",Y,N,Clear or Partly Cloudy,Dry,Dark - Street Lights On,,,,45.0,Vehicle - Pedalcyclist,41818,0,N,POINT (1275740.08043915 243639.4802375436),998.0,0.0,Clear or Partly Cloudy