OBJECTID,INCKEY,COLDETKEY,REPORTNO,STATUS,ADDRTYPE,INTKEY,LOCATION,EXCEPTRSNC,EXCEPTRSND,SEVERITYCO,SEVERITYDE,COLLISIONT,PERSONCOUN,PEDCOUNT,PEDCYLCOUN,VEHCOUNT,INJURIES,SERIOUSINJ,FATALITIES,INCDATE,INCDTTM,JUNCTIONTY,SDOT_COLCO,SDOT_COLDE,INATTENTIO,UNDERINFL,WEATHER,ROADCOND,LIGHTCOND,PEDROWNOTG,SDOTCOLNUM,SPEEDING,ST_COLCODE,ST_COLDESC,SEGLANEKEY,CROSSWALKK,HITPARKEDC,geometry,near_str_index,min_length,weather_group
139205,157937,157957,3606165,Matched,Intersection,28375.0,24TH AVE E AND BOYER AVE E,,,2,Injury Collision,Cycles,3,0,1,2,1,0,0,2013-10-08T00:00:00.000Z,10/8/2013 9:34:00 PM,At Intersection (intersection related),51,PEDALCYCLIST STRUCK MOTOR VEHICLE FRONT END AT ANGLE,,Y,Overcast,Dry,Dark - Street Lights On,,,,45.0,Vehicle - Pedalcyclist,22451,0,N,POINT (1278448.004665926 235170.6751088649),643.0,0.0,Overcast
139207,158366,158386,3467437,Matched,Block,,1ST AVE S BETWEEN S STACY ST AND S LANDER ST,,,2b,Serious Injury Collision,Cycles,2,0,1,1,1,1,0,2013-12-13T00:00:00.000Z,12/13/2013 2:29:00 PM,Mid-Block (not related to intersection),51,PEDALCYCLIST STRUCK MOTOR VEHICLE FRONT END AT ANGLE,,N,Clear or Partly Cloudy,Wet,Unknown,,,,45.0,Vehicle - Pedalcyclist,5317,0,N,POINT (1270016.518385291 215490.2052007169),14553.0,8.768036877084141e-06,Clear or Partly Cloudy
139223,159086,159106,3582118,Matched,Intersection,27110.0,UNIVERSITY BR OFF RP AND NE 40TH ST,,,1,Property Damage Only Collision,Cycles,2,0,1,1,0,0,0,2013-12-28T00:00:00.000Z,12/28/2013 5:17:00 PM,At Intersection (intersection related),18,"MOTOR VEHICLE STRUCK PEDALCYCLIST, FRONT END AT ANGLE",Y,N,Overcast,Dry,Dark - Street Lights On,,,,45.0,Vehicle - Pedalcyclist,30581,0,N,,,,Overcast
139313,157192,157212,3206168,Matched,Intersection,25706.0,NE 63RD ST AND NE RAVENNA WB BV,,,2,Injury Collision,Cycles,2,0,1,1,1,0,0,2013-11-18T00:00:00.000Z,11/18/2013 6:00:00 PM,At Intersection (intersection related),18,"MOTOR VEHICLE STRUCK PEDALCYCLIST, FRONT END AT ANGLE",,N,Raining,Wet,Dark - Street Lights On,Y,,,45.0,Vehicle - Pedalcyclist,28777,0,N,POINT (1274109.024565488 249456.0270594954),9149.0,0.0,Raining
139408,157394,157414,3581698,Matched,Intersection,27491.0,34TH AVE W AND W SMITH S ST,,,2,Injury Collision,Cycles,3,0,1,1,1,0,0,2013-11-23T00:00:00.000Z,11/23/2013 3:13:00 PM,At Intersection (intersection related),18,"MOTOR VEHICLE STRUCK PEDALCYCLIST, FRONT END AT ANGLE",Y,N,Clear or Partly Cloudy,Dry,Daylight,,,,45.0,Vehicle - Pedalcyclist,29507,0,N,POINT (1253980.212256879 237580.2756233364),2843.0,0.0,Clear or Partly Cloudy
139409,157393,157413,3579962,Matched,Intersection,32599.0,50TH AVE S AND S OREGON ST,,,2,Injury Collision,Cycles,2,0,1,1,1,0,0,2013-11-23T00:00:00.000Z,11/23/2013 4:24:00 PM,At Intersection (intersection related),18,"MOTOR VEHICLE STRUCK PEDALCYCLIST, FRONT END AT ANGLE",Y,N,Clear or Partly Cloudy,Dry,Daylight,,,,45.0,Vehicle - Pedalcyclist,8150,0,N,POINT (1285559.123265207 208657.1252577156),3134.0,0.0,Clear or Partly Cloudy
139432,157569,157589,3575037,Matched,Block,,E PIKE ST BETWEEN BROADWAY AND 10TH AVE,,,2,Injury Collision,Cycles,2,0,1,1,1,0,0,2013-11-26T00:00:00.000Z,11/26/2013 6:10:00 PM,Mid-Block (not related to intersection),56,PEDALCYCLIST STRUCK MOTOR VEHICLE LEFT SIDE SIDESWIPE,,N,Overcast,Wet,Dark - Street Lights On,,,,45.0,Vehicle - Pedalcyclist,31226,0,N,POINT (1273726.678581089 227540.1029410511),6915.0,7.450292674380054e-09,Overcast
139439,156780,156800,3643568,Matched,Block,,S MYRTLE PL BETWEEN 33RD AVE S AND 35TH AVE S,,,2,Injury Collision,Cycles,4,0,1,1,1,0,0,2013-11-07T00:00:00.000Z,11/7/2013 3:58:00 PM,Mid-Block (not related to intersection),51,PEDALCYCLIST STRUCK MOTOR VEHICLE FRONT END AT ANGLE,Y,N,Clear or Partly Cloudy,Dry,Daylight,,,,45.0,Vehicle - Pedalcyclist,0,0,N,POINT (1280809.328572348 199693.8423045427),14484.0,1.1429476204849252e-05,Clear or Partly Cloudy
139456,158378,158398,3585701,Matched,Intersection,29862.0,BELLEVUE AVE AND E PINE ST,,,2,Injury Collision,Cycles,2,0,1,1,1,0,0,2013-12-13T00:00:00.000Z,12/13/2013 7:34:00 AM,At Intersection (intersection related),18,"MOTOR VEHICLE STRUCK PEDALCYCLIST, FRONT END AT ANGLE",,N,Raining,Wet,Dawn,,,,45.0,Vehicle - Pedalcyclist,10342,0,N,POINT (1272084.808499411 227986.9833255112),633.0,0.0,Raining
139535,157579,157599,3590143,Matched,Block,,1ST AVE S BETWEEN S STACY ST AND S LANDER ST,,,1,Property Damage Only Collision,Cycles,4,0,1,1,0,0,0,2013-11-26T00:00:00.000Z,11/26/2013 5:07:00 PM,Mid-Block (not related to intersection),18,"MOTOR VEHICLE STRUCK PEDALCYCLIST, FRONT END AT ANGLE",,N,Raining,Wet,Dark - Street Lights On,Y,,,45.0,Vehicle - Pedalcyclist,5318,0,N,POINT (1270016.518385291 215490.2052007169),14553.0,8.768036877084141e-06,Raining
139544,156787,156807,3590137,Matched,Intersection,33128.0,13TH AVE S AND S BAILEY ST,,,1,Property Damage Only Collision,Cycles,2,0,1,1,0,0,0,2013-11-13T00:00:00.000Z,11/13/2013 2:00:00 PM,At Intersection (intersection related),51,PEDALCYCLIST STRUCK MOTOR VEHICLE FRONT END AT ANGLE,,N,Clear or Partly Cloudy,Dry,Daylight,,,,45.0,Vehicle - Pedalcyclist,32942,0,N,POINT (1274250.823477626 203412.1117483526),963.0,0.0,Clear or Partly Cloudy
139547,156786,156806,3646387,Matched,Block,,ROOSEVELT WAY NE BETWEEN NE 42ND N ST AND NE 43RD S ST,,,2,Injury Collision,Cycles,3,0,1,2,1,0,0,2013-11-08T00:00:00.000Z,11/8/2013 8:07:00 AM,Mid-Block (not related to intersection),51,PEDALCYCLIST STRUCK MOTOR VEHICLE FRONT END AT ANGLE,,N,Overcast,Dry,Daylight,,,,45.0,Vehicle - Pedalcyclist,8990,0,N,POINT (1274621.021750003 243878.6222537905),19030.0,1.4612336307282194e-05,Overcast
139585,158563,158583,3585609,Matched,Intersection,30403.0,12TH AVE AND E FIR ST,,,2,Injury Collision,Cycles,2,0,1,1,1,0,0,2013-12-16T00:00:00.000Z,12/16/2013 5:38:00 PM,At Intersection (intersection related),18,"MOTOR VEHICLE STRUCK PEDALCYCLIST, FRONT END AT ANGLE",,N,Clear or Partly Cloudy,Dry,Dark - Street Lights On,Y,,,45.0,Vehicle - Pedalcyclist,10566,0,N,POINT (1274468.18949385 223368.6972407848),1080.0,0.0,Clear or Partly Cloudy
139671,157256,157276,3465963,Matched,Block,,1ST AVE S BETWEEN YESLER WAY AND S WASHINGTON ST,,,2,Injury Collision,Cycles,2,0,1,1,1,0,0,2013-11-20T00:00:00.000Z,11/20/2013 4:47:00 PM,Mid-Block (not related to intersection),18,"MOTOR VEHICLE STRUCK PEDALCYCLIST, FRONT END AT ANGLE",,N,Clear or Partly Cloudy,Dry,Dark - Street Lights On,,,,45.0,Vehicle - Pedalcyclist,36174,0,N,POINT (1270166.966705441 222947.9864563495),15894.0,2.0135683050544327e-05,Clear or Partly Cloudy
139701,157409,157429,3613170,Matched,Intersection,36357.0,N 107TH ST AND N NORTHGATE WAY,,,2,Injury Collision,Cycles,2,0,1,1,1,0,0,2013-11-23T00:00:00.000Z,11/23/2013 11:44:00 AM,At Intersection (intersection related),18,"MOTOR VEHICLE STRUCK PEDALCYCLIST, FRONT END AT ANGLE",,N,Clear or Partly Cloudy,Dry,Daylight,Y,,,45.0,Vehicle - Pedalcyclist,0,0,N,POINT (1270419.16241771 261451.4067837745),1318.0,0.0,Clear or Partly Cloudy
139758,156421,156441,3646296,Matched,Block,,NE 65TH ST BETWEEN 4TH AVE NE AND 5TH W AVE NE,,,2,Injury Collision,Cycles,2,0,1,1,1,0,0,2013-11-05T00:00:00.000Z,11/5/2013 11:40:00 AM,Mid-Block (not related to intersection),18,"MOTOR VEHICLE STRUCK PEDALCYCLIST, FRONT END AT ANGLE",,N,Overcast,Wet,Unknown,Y,,,45.0,Vehicle - Pedalcyclist,6656,0,N,POINT (1273231.192244589 250098.8710921556),21393.0,4.890988314716683e-06,Overcast
139778,156616,156636,3564641,Matched,Intersection,23940.0,17TH AVE NW AND NW 67TH ST,,,2,Injury Collision,Cycles,2,0,1,1,1,0,0,2013-11-07T00:00:00.000Z,11/7/2013 3:30:00 PM,At Intersection (intersection related),18,"MOTOR VEHICLE STRUCK PEDALCYCLIST, FRONT END AT ANGLE",,N,Raining,Wet,Daylight,,,,45.0,Vehicle - Pedalcyclist,0,0,N,POINT (1259694.06544672 251032.418485105),8447.0,0.0,Raining
139788,156430,156450,3501719,Matched,Intersection,287158.0,BROOKLYN AVE NE AND BURKE GILMAN TRL,,,2,Injury Collision,Cycles,2,0,1,1,1,0,0,2013-11-07T00:00:00.000Z,11/7/2013 7:54:00 AM,At Intersection (intersection related),18,"MOTOR VEHICLE STRUCK PEDALCYCLIST, FRONT END AT ANGLE",,N,Raining,Wet,Daylight,,,,45.0,Vehicle - Pedalcyclist,0,525567,N,POINT (1275399.661622807 242148.1143480092),2203.0,0.0,Raining
139889,161963,161983,3586176,Matched,Intersection,30436.0,12TH AVE S AND S WELLER ST,,,2,Injury Collision,Cycles,2,0,1,1,1,0,0,2014-02-11T00:00:00.000Z,2/11/2014 7:30:00 PM,At Intersection (intersection related),18,"MOTOR VEHICLE STRUCK PEDALCYCLIST, FRONT END AT ANGLE",Y,N,Raining,Wet,Dark - Street Lights On,,,,45.0,Vehicle - Pedalcyclist,16233,0,N,POINT (1274321.9702297 221479.3706468493),9380.0,0.0,Raining
139920,162854,162874,3582366,Matched,Intersection,28530.0,MCGILVRA BLVD E AND E MADISON N ST,,,2,Injury Collision,Cycles,2,0,1,1,1,0,0,2014-02-25T00:00:00.000Z,2/25/2014 8:00:00 AM,At Intersection (intersection related),18,"MOTOR VEHICLE STRUCK PEDALCYCLIST, FRONT END AT ANGLE",,N,Clear or Partly Cloudy,Dry,Daylight,,,,45.0,Vehicle - Pedalcyclist,34286,0,N,POINT (1283491.520575091 234521.8469482064),6883.0,0.0,Clear or Partly Cloudy
139932,163362,163382,3270335,Matched,Intersection,287157.0,ADAMS LN NE AND BURKE GILMAN TRL,,,2,Injury Collision,Cycles,2,0,1,1,1,0,0,2013-02-01T00:00:00.000Z,2/1/2013 3:50:00 PM,At Intersection (intersection related),18,"MOTOR VEHICLE STRUCK PEDALCYCLIST, FRONT END AT ANGLE",,N,Clear or Partly Cloudy,Dry,Daylight,,,,45.0,Vehicle - Pedalcyclist,0,630884,N,POINT (1274841.26034224 242372.6330042481),2202.0,0.0,Clear or Partly Cloudy
139937,163105,163125,3574440,Matched,Intersection,30511.0,6TH AVE S AND S JACKSON ST,,,2,Injury Collision,Cycles,4,0,1,1,1,0,0,2014-03-01T00:00:00.000Z,3/1/2014 3:40:00 PM,At Intersection (intersection related),18,"MOTOR VEHICLE STRUCK PEDALCYCLIST, FRONT END AT ANGLE",,N,Unknown,Wet,Daylight,,,,45.0,Vehicle - Pedalcyclist,24416,0,N,POINT (1272080.813875407 222140.4535275251),1803.0,0.0,
139949,160424,160444,3582409,Matched,Intersection,37396.0,GREENWOOD AVE N AND N 100TH ST,,,2,Injury Collision,Cycles,3,0,1,1,1,0,0,2014-01-22T00:00:00.000Z,1/22/2014 8:20:00 AM,At Intersection (intersection related),51,PEDALCYCLIST STRUCK MOTOR VEHICLE FRONT END AT ANGLE,,N,Overcast,Wet,Daylight,,,,45.0,Vehicle - Pedalcyclist,4755,0,N,POINT (1265651.679532826 259577.5454058647),3562.0,0.0,Overcast
139985,159824,159844,3671796,Matched,Block,,HAMLET AVE S BETWEEN 53RD AVE S AND SEWARD PARK AVE S,,,2,Injury Collision,Cycles,6,2,1,1,3,0,0,2014-01-09T00:00:00.000Z,1/9/2014 3:30:00 PM,Mid-Block (not related to intersection),16,"MOTOR VEHICLE STRUCK MOTOR VEHICLE, LEFT SIDE SIDESWIPE",,N,Raining,Wet,Daylight,,,,45.0,Vehicle - Pedalcyclist,0,0,N,POINT (1286574.770818248 194847.2820435762),3568.0,1.362355482340354e-05,Raining
141030,162677,162697,3583007,Matched,Block,,BEACON AVE S BETWEEN S STEVENS ST AND S HANFORD ST,,,2,Injury Collision,Cycles,2,0,1,1,1,0,0,2014-02-22T00:00:00.000Z,2/22/2014 10:25:00 AM,Mid-Block (not related to intersection),18,"MOTOR VEHICLE STRUCK PEDALCYCLIST, FRONT END AT ANGLE",,N,Overcast,Wet,Daylight,Y,,,45.0,Vehicle - Pedalcyclist,13386,0,N,POINT (1276073.880119503 213628.7618708163),6164.0,3.0301576491192487e-05,Overcast
141054,160091,160111,3643157,Matched,Intersection,31372.0,1ST AVE S AND S LANDER ST,,,2,Injury Collision,Cycles,3,0,1,1,1,0,0,2014-01-05T00:00:00.000Z,1/5/2014 12:24:00 PM,At Intersection (intersection related),18,"MOTOR VEHICLE STRUCK PEDALCYCLIST, FRONT END AT ANGLE",,N,Clear or Partly Cloudy,Dry,Daylight,,,,45.0,Vehicle - Pedalcyclist,0,524927,N,POINT (1270008.956465289 215109.6856483221),10801.0,0.0,Clear or Partly Cloudy
141092,160540,160560,3591306,Matched,Intersection,26052.0,15TH AVE NE AND NE 50TH ST,,,2,Injury Collision,Cycles,2,0,1,1,1,0,0,2014-01-24T00:00:00.000Z,1/24/2014 4:15:00 PM,At Intersection (intersection related),18,"MOTOR VEHICLE STRUCK PEDALCYCLIST, FRONT END AT ANGLE",,N,Clear or Partly Cloudy,Dry,Daylight,,,,45.0,Vehicle - Pedalcyclist,28979,0,N,POINT (1276099.03698352 246032.438191995),78.0,0.0,Clear or Partly Cloudy
141128,162229,162249,3608725,Matched,Block,,LINDEN AVE N BETWEEN N 94TH ST AND N 95TH ST,,,2,Injury Collision,Cycles,3,0,1,1,1,0,0,2014-02-10T00:00:00.000Z,2/10/2014 8:59:00 PM,Driveway Junction,18,"MOTOR VEHICLE STRUCK PEDALCYCLIST, FRONT END AT ANGLE",,N,Clear or Partly Cloudy,Dry,Dark - No Street Lights,,,,45.0,Vehicle - Pedalcyclist,0,0,N,POINT (1267620.551406845 258035.9190362841),11961.0,1.4409789371925796e-05,Clear or Partly Cloudy
141171,162991,163011,3329197,Matched,Block,,EASTLAKE AVE E BETWEEN E ALLISON ST AND HARVARD AVE E,,,2,Injury Collision,Cycles,2,0,1,1,1,0,0,2010-07-26T00:00:00.000Z,7/26/2010 6:44:00 AM,Mid-Block (but intersection related),18,"MOTOR VEHICLE STRUCK PEDALCYCLIST, FRONT END AT ANGLE",,N,Clear or Partly Cloudy,Dry,Daylight,Y,,,45.0,Vehicle - Pedalcyclist,6064,0,N,POINT (1273323.603188679 240524.9479463547),705.0,1.4503007759061703e-06,Clear or Partly Cloudy
141282,163003,163023,3345286,Matched,Block,,NW MARKET ST BETWEEN 26TH AVE NW AND 28TH AVE NW,,,1,Property Damage Only Collision,Cycles,2,0,1,1,0,0,0,2010-07-27T00:00:00.000Z,7/27/2010 4:45:00 PM,Mid-Block (not related to intersection),51,PEDALCYCLIST STRUCK MOTOR VEHICLE FRONT END AT ANGLE,,N,Unknown,Unknown,Unknown,,,,45.0,Vehicle - Pedalcyclist,25921,0,N,POINT (1256525.421475485 247793.6906737983),1669.0,7.545689592421729e-09,
141290,162998,163018,3332576,Matched,Block,,E PINE ST BETWEEN BELMONT AVE AND BOYLSTON AVE,,,2,Injury Collision,Cycles,3,0,1,1,1,0,0,2010-07-26T00:00:00.000Z,7/26/2010 10:30:00 AM,Mid-Block (not related to intersection),18,"MOTOR VEHICLE STRUCK PEDALCYCLIST, FRONT END AT ANGLE",,N,Clear or Partly Cloudy,Dry,Daylight,Y,,,45.0,Vehicle - Pedalcyclist,10368,0,N,POINT (1272790.179892138 227976.9255975038),12705.0,8.034556990665497e-11,Clear or Partly Cloudy
141298,162695,162715,3591584,Matched,Block,,15TH AVE NE BETWEEN NE 41ST ST AND NE 42ND ST,,,2,Injury Collision,Cycles,2,0,1,1,1,0,0,2014-02-21T00:00:00.000Z,2/21/2014 11:23:00 AM,Mid-Block (not related to intersection),51,PEDALCYCLIST STRUCK MOTOR VEHICLE FRONT END AT ANGLE,,N,Overcast,Wet,Daylight,,,,45.0,Vehicle - Pedalcyclist,21324,0,N,POINT (1276009.870839432 243359.0692932606),15665.0,1.055708443686189e-05,Overcast
141322,159516,159536,3504165,Matched,Block,,RAINIER AVE S BETWEEN S BAYVIEW ST AND S MCCLELLAN ST,,,2,Injury Collision,Cycles,4,0,1,1,1,0,0,2014-01-02T00:00:00.000Z,1/2/2014 9:29:00 PM,Mid-Block (not related to intersection),21,"MOTOR VEHICLE STRUCK PEDALCYCLIST, REAR END",,N,Raining,Wet,Dark - Street Lights Off,,,,45.0,Vehicle - Pedalcyclist,20014,0,N,POINT (1278654.949498147 214892.784080103),18006.0,3.1175991380046676e-06,Raining
141382,160572,160592,3386159,Matched,Block,,HARBOR AVE SW BETWEEN SW HARBOR LN AND SW SPOKANE NR ST,,,2,Injury Collision,Cycles,3,0,1,1,1,0,0,2014-01-25T00:00:00.000Z,1/25/2014 2:42:00 PM,Driveway Junction,51,PEDALCYCLIST STRUCK MOTOR VEHICLE FRONT END AT ANGLE,Y,N,Clear or Partly Cloudy,Dry,Daylight,Y,,,45.0,Vehicle - Pedalcyclist,0,0,N,POINT (1260904.91856797 213282.4192784578),17935.0,1.846088512135144e-05,Clear or Partly Cloudy
141608,159944,159964,3585837,Matched,Intersection,27153.0,EASTLAKE AVE E AND FUHRMAN AVE E,,,2,Injury Collision,Cycles,2,0,1,1,1,0,0,2014-01-05T00:00:00.000Z,1/5/2014 12:54:00 PM,At Intersection (intersection related),51,PEDALCYCLIST STRUCK MOTOR VEHICLE FRONT END AT ANGLE,Y,N,Clear or Partly Cloudy,Dry,Daylight,Y,,,45.0,Vehicle - Pedalcyclist,6078,0,N,POINT (1273704.647989064 241221.0042030662),995.0,0.0,Clear or Partly Cloudy
141658,162280,162300,3591312,Matched,Intersection,287158.0,BROOKLYN AVE NE AND BURKE GILMAN TRL,,,2,Injury Collision,Cycles,0,0,1,1,1,0,0,2014-02-13T00:00:00.000Z,2/13/2014 10:47:00 AM,At Intersection (intersection related),51,PEDALCYCLIST STRUCK MOTOR VEHICLE FRONT END AT ANGLE,,N,Clear or Partly Cloudy,Dry,Daylight,,,,45.0,Vehicle - Pedalcyclist,0,525567,N,POINT (1275399.661622807 242148.1143480092),2203.0,0.0,Clear or Partly Cloudy
141759,160613,160633,3576878,Matched,Block,,STONE WAY N BETWEEN N 36TH ST AND N 38TH ST,,,2,Injury Collision,Cycles,2,0,1,1,1,0,0,2014-01-24T00:00:00.000Z,1/24/2014 8:54:00 AM,Driveway Junction,18,"MOTOR VEHICLE STRUCK PEDALCYCLIST, FRONT END AT ANGLE",Y,N,Clear or Partly Cloudy,Dry,Daylight,,,,45.0,Vehicle - Pedalcyclist,6292,0,N,POINT (1268443.36548768 241338.2046511918),21604.0,1.4776690813661218e-05,Clear or Partly Cloudy
141783,161043,161063,3586079,Matched,Block,,E PINE ST BETWEEN BELLEVUE AVE AND CRAWFORD PL,,,2,Injury Collision,Cycles,3,0,1,1,1,0,0,2014-01-30T00:00:00.000Z,1/30/2014 8:21:00 PM,Mid-Block (but intersection related),18,"MOTOR VEHICLE STRUCK PEDALCYCLIST, FRONT END AT ANGLE",,N,Raining,Wet,Dark - Street Lights On,Y,,,45.0,Vehicle - Pedalcyclist,10348,0,N,POINT (1272160.465331495 227984.7903655171),6919.0,2.168716269089231e-05,Raining
141786,161347,161367,3585902,Matched,Intersection,30177.0,19TH AVE AND E CHERRY ST,,,2,Injury Collision,Cycles,2,0,1,1,1,0,0,2014-01-28T00:00:00.000Z,1/28/2014 8:49:00 AM,At Intersection (intersection related),18,"MOTOR VEHICLE STRUCK PEDALCYCLIST, FRONT END AT ANGLE",,N,Overcast,Wet,Daylight,,,,45.0,Vehicle - Pedalcyclist,8657,0,N,POINT (1276764.647992209 225271.0035467297),2476.0,0.0,Overcast
141797,160983,161003,3582445,Matched,Block,,N 87TH ST BETWEEN PALATINE AVE N AND GREENWOOD AVE N,,,2,Injury Collision,Cycles,2,0,1,1,1,0,0,2014-01-29T00:00:00.000Z,1/29/2014 6:45:00 PM,Driveway Junction,18,"MOTOR VEHICLE STRUCK PEDALCYCLIST, FRONT END AT ANGLE",Y,N,Clear or Partly Cloudy,Wet,Dark - Street Lights On,,,,45.0,Vehicle - Pedalcyclist,0,0,N,POINT (1265444.14628461 256283.9567944854),7118.0,2.7715942807800256e-05,Clear or Partly Cloudy
141845,162287,162307,3643047,Matched,Block,,LAKE WASHINGTON BLVD S BETWEEN S ADAMS ST AND S GENESEE WAY,,,2,Injury Collision,Cycles,2,0,1,1,1,0,0,2014-02-11T00:00:00.000Z,2/11/2014 12:58:00 PM,Driveway Junction,18,"MOTOR VEHICLE STRUCK PEDALCYCLIST, FRONT END AT ANGLE",,N,Clear or Partly Cloudy,Dry,Daylight,,,,45.0,Vehicle - Pedalcyclist,38131,0,N,POINT (1286052.857281715 209070.2091621459),16149.0,1.7281160266183967e-05,Clear or Partly Cloudy
141855,159982,160002,3591403,Matched,Intersection,36499.0,5TH AVE NE AND NE NORTHGATE WAY,,,2,Injury Collision,Cycles,2,0,1,1,1,0,0,2014-01-09T00:00:00.000Z,1/9/2014 2:50:00 PM,At Intersection (intersection related),18,"MOTOR VEHICLE STRUCK PEDALCYCLIST, FRONT END AT ANGLE",,N,Overcast,Wet,Daylight,,,,45.0,Vehicle - Pedalcyclist,14514,0,N,POINT (1273614.379572973 262024.0936323702),4279.0,0.0,Overcast
144004,165903,165923,3571356,Matched,Intersection,31973.0,49TH AVE SW AND SW ANDOVER ST,,,2,Injury Collision,Cycles,2,0,1,1,1,0,0,2014-04-13T00:00:00.000Z,4/13/2014 2:52:00 PM,At Intersection (intersection related),51,PEDALCYCLIST STRUCK MOTOR VEHICLE FRONT END AT ANGLE,Y,N,Clear or Partly Cloudy,Dry,Daylight,,,,45.0,Vehicle - Pedalcyclist,0,0,N,POINT (1254974.287137896 211275.6880764067),3105.0,0.0,Clear or Partly Cloudy
144019,166713,166733,3552911,Matched,Intersection,27070.0,7TH AVE NE AND NE 45TH ST,,,2,Injury Collision,Cycles,2,0,1,1,1,0,0,2014-04-30T00:00:00.000Z,4/30/2014 7:14:00 PM,At Intersection (intersection related),18,"MOTOR VEHICLE STRUCK PEDALCYCLIST, FRONT END AT ANGLE",,N,Clear or Partly Cloudy,Dry,Daylight,,,,45.0,Vehicle - Pedalcyclist,7057,0,N,POINT (1273908.208693281 244770.8171986938),556.0,0.0,Clear or Partly Cloudy
144031,163517,163537,3581415,Matched,Block,,DEXTER AVE N BETWEEN HAYES ST AND HOWE ST,,,2,Injury Collision,Cycles,2,0,1,1,1,0,0,2013-03-14T00:00:00.000Z,3/14/2013 8:20:00 AM,Mid-Block (not related to intersection),18,"MOTOR VEHICLE STRUCK PEDALCYCLIST, FRONT END AT ANGLE",,N,Clear or Partly Cloudy,Dry,Daylight,Y,,,45.0,Vehicle - Pedalcyclist,12989,0,N,POINT (1268408.639919654 235271.560932979),15565.0,6.7242681277130444e-06,Clear or Partly Cloudy
144039,167017,167037,3701396,Matched,Block,,HARVARD AVE BETWEEN BROADWAY AND SPRING ST,,,2,Injury Collision,Cycles,2,0,1,1,1,0,0,2014-04-18T00:00:00.000Z,4/18/2014 5:12:00 PM,Driveway Junction,18,"MOTOR VEHICLE STRUCK PEDALCYCLIST, FRONT END AT ANGLE",Y,N,Clear or Partly Cloudy,Dry,Daylight,,,,45.0,Vehicle - Pedalcyclist,0,0,N,POINT (1273476.974516839 226633.7255321294),8813.0,1.0253026123291044e-06,Clear or Partly Cloudy
144040,166997,167017,3701501,Matched,Block,,BOYER AVE E BETWEEN E HAMLIN ST AND FUHRMAN AVE E,,,2,Injury Collision,Cycles,3,0,1,1,1,0,0,2014-04-07T00:00:00.000Z,4/7/2014 5:18:00 PM,Mid-Block (not related to intersection),56,PEDALCYCLIST STRUCK MOTOR VEHICLE LEFT SIDE SIDESWIPE,Y,N,Clear or Partly Cloudy,Dry,Daylight,,,,45.0,Vehicle - Pedalcyclist,6002,0,N,POINT (1274702.995574087 239263.6817050576),22528.0,1.8063603213059438e-05,Clear or Partly Cloudy
144109,165677,165697,3641265,Matched,Block,,1ST AVE BETWEEN LENORA ST AND BLANCHARD ST,,,2,Injury Collision,Cycles,2,0,1,1,1,0,0,2014-04-10T00:00:00.000Z,4/10/2014 10:41:00 AM,Mid-Block (not related to intersection),56,PEDALCYCLIST STRUCK MOTOR VEHICLE LEFT SIDE SIDESWIPE,,N,Clear or Partly Cloudy,Dry,Daylight,,,,45.0,Vehicle - Pedalcyclist,13230,0,N,POINT (1267684.527726904 226979.4172444791),21687.0,4.30423418006055e-06,Clear or Partly Cloudy
144126,166718,166738,3575045,Matched,Intersection,29826.0,12TH AVE AND E ALDER ST,,,2,Injury Collision,Cycles,2,0,1,1,1,0,0,2014-04-30T00:00:00.000Z,4/30/2014 4:54:00 PM,At Intersection (intersection related),18,"MOTOR VEHICLE STRUCK PEDALCYCLIST, FRONT END AT ANGLE",,N,Clear or Partly Cloudy,Dry,Daylight,,,,45.0,Vehicle - Pedalcyclist,10590,0,N,POINT (1274480.128053859 223979.3716734052),2319.0,0.0,Clear or Partly Cloudy
144168,168128,168148,3703254,Matched,Intersection,26925.0,FREMONT AVE N AND N 45TH ST,,,2,Injury Collision,Cycles,2,0,1,1,1,0,0,2014-05-19T00:00:00.000Z,5/19/2014 6:07:00 PM,At Intersection (intersection related),18,"MOTOR VEHICLE STRUCK PEDALCYCLIST, FRONT END AT ANGLE",,N,Clear or Partly Cloudy,Dry,Daylight,Y,,,45.0,Vehicle - Pedalcyclist,8454,0,N,POINT (1266687.00190188 244939.2966868728),7050.0,0.0,Clear or Partly Cloudy
144231,169161,169181,3584996,Matched,Intersection,30373.0,ALASKAN E RDWY WAY S AND S MAIN ST,,,2,Injury Collision,Cycles,2,0,1,1,1,0,0,2014-06-04T00:00:00.000Z,6/4/2014 5:29:00 PM,At Intersection (intersection related),51,PEDALCYCLIST STRUCK MOTOR VEHICLE FRONT END AT ANGLE,,N,Clear or Partly Cloudy,Dry,Daylight,Y,,,45.0,Vehicle - Pedalcyclist,20619,0,N,POINT (1269840.702513114 222495.4256878942),3319.0,0.0,Clear or Partly Cloudy
144238,170193,170213,3580965,Matched,,,,NEI,"Not Enough Information, or Insufficient Location Information",2,Injury Collision,Cycles,2,0,1,1,1,0,0,2014-05-30T00:00:00.000Z,5/30/2014 8:50:00 AM,At Intersection (intersection related),0,NOT ENOUGH INFORMATION / NOT APPLICABLE,Y,N,Clear or Partly Cloudy,Dry,Daylight,,,,45.0,Vehicle - Pedalcyclist,0,0,N,,,,Clear or Partly Cloudy