OBJECTID,INCKEY,COLDETKEY,REPORTNO,STATUS,ADDRTYPE,INTKEY,LOCATION,EXCEPTRSNC,EXCEPTRSND,SEVERITYCO,SEVERITYDE,COLLISIONT,PERSONCOUN,PEDCOUNT,PEDCYLCOUN,VEHCOUNT,INJURIES,SERIOUSINJ,FATALITIES,INCDATE,INCDTTM,JUNCTIONTY,SDOT_COLCO,SDOT_COLDE,INATTENTIO,UNDERINFL,WEATHER,ROADCOND,LIGHTCOND,PEDROWNOTG,SDOTCOLNUM,SPEEDING,ST_COLCODE,ST_COLDESC,SEGLANEKEY,CROSSWALKK,HITPARKEDC,geometry,near_str_index,min_length,weather_group
144248,170593,170613,3643416,Matched,Intersection,25181.0,LEARY AVE NW AND NW LEARY WAY,,,2,Injury Collision,Cycles,3,0,1,1,1,0,0,2014-06-13T00:00:00.000Z,6/13/2014 9:10:00 PM,At Intersection (intersection related),18,"MOTOR VEHICLE STRUCK PEDALCYCLIST, FRONT END AT ANGLE",,N,Overcast,Dry,Dark - Street Lights On,,,,45.0,Vehicle - Pedalcyclist,23674,0,N,POINT (1259596.917542621 246015.2385759801),7458.0,0.0,Overcast
144255,170382,170402,3587609,Matched,Intersection,26079.0,20TH AVE NE AND NE 45TH ST,,,2,Injury Collision,Cycles,3,0,1,1,1,0,0,2014-06-13T00:00:00.000Z,6/13/2014 4:28:00 PM,At Intersection (intersection related),18,"MOTOR VEHICLE STRUCK PEDALCYCLIST, FRONT END AT ANGLE",,N,Clear or Partly Cloudy,Dry,Daylight,Y,,,45.0,Vehicle - Pedalcyclist,0,524701,N,POINT (1277406.278456867 244680.9486546069),9907.0,0.0,Clear or Partly Cloudy
144287,167702,167722,3576788,Matched,Block,,WEST GREEN LAKE WAY N BETWEEN GREEN LAKE TURN RD AND N 63RD ST,,,2,Injury Collision,Cycles,2,0,1,1,1,0,0,2014-05-01T00:00:00.000Z,5/1/2014 5:30:00 PM,Driveway Junction,18,"MOTOR VEHICLE STRUCK PEDALCYCLIST, FRONT END AT ANGLE",,N,Clear or Partly Cloudy,Dry,Daylight,Y,,,45.0,Vehicle - Pedalcyclist,10109,0,N,POINT (1268324.786223561 248604.0256506205),4797.0,2.0525931683325152e-05,Clear or Partly Cloudy
144291,167701,167721,3576496,Matched,Block,,EAST GREEN LAKE WAY N BETWEEN 2ND AVE NE AND 4TH AVE NE,,,2,Injury Collision,Cycles,2,0,1,1,1,0,0,2014-05-01T00:00:00.000Z,5/1/2014 6:34:00 PM,Mid-Block (but intersection related),18,"MOTOR VEHICLE STRUCK PEDALCYCLIST, FRONT END AT ANGLE",,N,Clear or Partly Cloudy,Dry,Daylight,,,,45.0,Vehicle - Pedalcyclist,7406,0,N,POINT (1272444.628211781 251045.6949651241),14867.0,7.332676064504416e-06,Clear or Partly Cloudy
144302,167416,167436,3585771,Matched,Block,,E JOHN ST BETWEEN 13TH AVE E AND 14TH AVE E,,,2,Injury Collision,Cycles,2,0,1,1,1,0,0,2014-05-10T00:00:00.000Z,5/10/2014 2:29:00 PM,Mid-Block (not related to intersection),51,PEDALCYCLIST STRUCK MOTOR VEHICLE FRONT END AT ANGLE,Y,N,Clear or Partly Cloudy,Dry,Daylight,,,,45.0,Vehicle - Pedalcyclist,35234,0,N,POINT (1275036.361718431 229656.606175229),18096.0,2.8565648195188983e-05,Clear or Partly Cloudy
144339,168588,168608,3702963,Matched,Block,,NE 45TH ST RP BETWEEN MONTLAKE BLVD NE AND NE 45TH ST,,,2,Injury Collision,Cycles,2,0,1,1,1,0,0,2014-05-13T00:00:00.000Z,5/13/2014 10:58:00 AM,Mid-Block (not related to intersection),51,PEDALCYCLIST STRUCK MOTOR VEHICLE FRONT END AT ANGLE,Y,N,Clear or Partly Cloudy,Dry,Daylight,,,,45.0,Vehicle - Pedalcyclist,0,0,N,POINT (1279221.858298719 244543.5238224715),23449.0,2.662020779984429e-05,Clear or Partly Cloudy
144346,168357,168377,3580936,Matched,Block,,LAKE WASHINGTON BLVD S BETWEEN 43RD AVE S AND 46TH AVE S,,,2,Injury Collision,Cycles,2,0,2,0,2,0,0,2014-05-10T00:00:00.000Z,5/10/2014 9:21:00 AM,Mid-Block (not related to intersection),61,PEDALCYCLIST STRUCK PEDALCYCLIST REAR END,,N,Clear or Partly Cloudy,Dry,Daylight,,,,45.0,Vehicle - Pedalcyclist,38095,0,N,POINT (1283724.176767334 211275.2495484054),20582.0,2.8119686867694825e-05,Clear or Partly Cloudy
144400,170604,170624,3696776,Matched,Intersection,29538.0,9TH AVE AND STEWART ST,,,2,Injury Collision,Cycles,2,0,1,1,1,0,0,2014-06-12T00:00:00.000Z,6/12/2014 5:51:00 PM,At Intersection (intersection related),18,"MOTOR VEHICLE STRUCK PEDALCYCLIST, FRONT END AT ANGLE",,N,Overcast,Dry,Daylight,,,,45.0,Vehicle - Pedalcyclist,13684,0,N,POINT (1270205.58238548 228168.8738857061),6077.0,0.0,Overcast
144430,171057,171077,3585323,Matched,Intersection,28605.0,ALOHA ST AND QUEEN ANNE AVE N,,,2,Injury Collision,Cycles,1,0,1,0,1,0,0,2014-07-02T00:00:00.000Z,7/2/2014 7:49:00 AM,At Intersection (intersection related),51,PEDALCYCLIST STRUCK MOTOR VEHICLE FRONT END AT ANGLE,,N,Clear or Partly Cloudy,Dry,Daylight,,,,45.0,Vehicle - Pedalcyclist,30638,0,N,POINT (1264801.645611957 232498.3812181354),6603.0,0.0,Clear or Partly Cloudy
144497,169977,169997,2617125,Matched,Intersection,30410.0,12TH AVE AND E YESLER WAY,,,2b,Serious Injury Collision,Cycles,2,0,1,0,2,1,0,2014-06-09T00:00:00.000Z,6/9/2014 8:55:00 PM,At Intersection (but not related to intersection),26,MOTOR VEHICLE STRUCK OBJECT IN ROAD,,N,Clear or Partly Cloudy,Dry,Dusk,,,,45.0,Vehicle - Pedalcyclist,10531,0,N,POINT (1274461.188917845 223006.7211764157),8412.0,0.0,Clear or Partly Cloudy
144608,169189,169209,3581352,Matched,Block,,2ND AVE S BETWEEN S HUDSON ST AND S DAWSON ST,,,2,Injury Collision,Cycles,2,0,1,1,1,0,0,2014-06-04T00:00:00.000Z,6/4/2014 11:41:00 AM,Driveway Junction,18,"MOTOR VEHICLE STRUCK PEDALCYCLIST, FRONT END AT ANGLE",,N,Clear or Partly Cloudy,Dry,Daylight,Y,,,45.0,Vehicle - Pedalcyclist,0,0,N,POINT (1270296.753841579 206610.8620876223),5223.0,5.160480435265388e-06,Clear or Partly Cloudy
144737,168631,168651,3613569,Matched,Intersection,25785.0,5TH AVE NE AND NE 50TH ST,,,2,Injury Collision,Cycles,2,0,1,1,1,0,0,2014-05-31T00:00:00.000Z,5/31/2014 5:56:00 PM,At Intersection (intersection related),51,PEDALCYCLIST STRUCK MOTOR VEHICLE FRONT END AT ANGLE,Y,N,Clear or Partly Cloudy,Dry,Daylight,,,,45.0,Vehicle - Pedalcyclist,21506,0,N,POINT (1273408.076852769 246114.4567520767),1409.0,0.0,Clear or Partly Cloudy
144754,170037,170057,3565810,Matched,Block,,EASTLAKE AVE E BETWEEN HARVARD AVE E AND FUHRMAN AVE E,,,2,Injury Collision,Cycles,2,0,1,1,1,0,0,2014-06-12T00:00:00.000Z,6/12/2014 10:37:00 AM,Mid-Block (not related to intersection),18,"MOTOR VEHICLE STRUCK PEDALCYCLIST, FRONT END AT ANGLE",Y,N,Clear or Partly Cloudy,Dry,Daylight,Y,,,45.0,Vehicle - Pedalcyclist,6078,0,N,POINT (1273599.974708959 241029.8313388675),6317.0,1.4142158170737939e-05,Clear or Partly Cloudy
144789,167146,167166,3581992,Matched,Intersection,29657.0,BROAD ST AND DENNY WAY,,,1,Property Damage Only Collision,Cycles,2,0,1,1,0,0,0,2014-05-05T00:00:00.000Z,5/5/2014 9:35:00 PM,At Intersection (intersection related),0,NOT ENOUGH INFORMATION / NOT APPLICABLE,,N,Clear or Partly Cloudy,Dry,Dark - Street Lights On,,,,45.0,Vehicle - Pedalcyclist,0,522701,N,POINT (1266301.37143749 229327.3396788836),690.0,0.0,Clear or Partly Cloudy
144800,170038,170058,3575046,Matched,Block,,E PINE ST BETWEEN 10TH AVE AND 11TH AVE,,,2b,Serious Injury Collision,Cycles,2,0,1,1,1,1,0,2014-06-12T00:00:00.000Z,6/12/2014 3:42:00 PM,Mid-Block (not related to intersection),51,PEDALCYCLIST STRUCK MOTOR VEHICLE FRONT END AT ANGLE,,N,Clear or Partly Cloudy,Dry,Daylight,,,,45.0,Vehicle - Pedalcyclist,10420,0,N,POINT (1274055.272949427 227960.3691174835),17524.0,1.5930485444808593e-05,Clear or Partly Cloudy
144802,167144,167164,3580927,Matched,Intersection,34317.0,BEACON WR AVE S AND MILITARY RD S,,,2,Injury Collision,Cycles,2,0,1,1,1,0,0,2014-05-06T00:00:00.000Z,5/6/2014 5:42:00 PM,At Intersection (intersection related),51,PEDALCYCLIST STRUCK MOTOR VEHICLE FRONT END AT ANGLE,Y,N,Clear or Partly Cloudy,Dry,Daylight,,,,45.0,Vehicle - Pedalcyclist,12059,0,N,POINT (1278563.526970044 200576.4552974403),9732.0,0.0,Clear or Partly Cloudy
144832,167977,167997,3576561,Matched,Intersection,35826.0,LINDEN AVE N AND N 130TH ST,,,2,Injury Collision,Cycles,2,0,1,1,2,0,0,2014-05-17T00:00:00.000Z,5/17/2014 3:07:00 PM,At Intersection (intersection related),18,"MOTOR VEHICLE STRUCK PEDALCYCLIST, FRONT END AT ANGLE",Y,N,Clear or Partly Cloudy,Dry,Daylight,Y,,,45.0,Vehicle - Pedalcyclist,7600,0,N,POINT (1267585.258030802 267477.2663739473),6997.0,0.0,Clear or Partly Cloudy
144861,169038,169058,3704931,Matched,Block,,1ST AVE BETWEEN BELL ST AND BATTERY ST,,,2,Injury Collision,Cycles,2,1,1,0,1,0,0,2014-05-22T00:00:00.000Z,5/22/2014 12:55:00 PM,Mid-Block (not related to intersection),64,PEDALCYCLIST STRUCK PEDESTRIAN,,N,Clear or Partly Cloudy,Dry,Daylight,,,,45.0,Vehicle - Pedalcyclist,0,0,N,POINT (1267054.144110262 227552.6879650652),8385.0,1.945099208502792e-05,Clear or Partly Cloudy
144877,169728,169748,3583780,Matched,Block,,1ST AVE BETWEEN MADISON ST AND SPRING ST,,,2,Injury Collision,Cycles,2,0,1,1,1,0,0,2014-06-09T00:00:00.000Z,6/9/2014 7:30:00 AM,Mid-Block (not related to intersection),23,"MOTOR VEHICLE STRUCK PEDALCYCLIST, LEFT SIDE SIDESWIPE",,N,Clear or Partly Cloudy,Dry,Daylight,,,,45.0,Vehicle - Pedalcyclist,36774,0,N,POINT (1269605.467952877 224326.176665768),4939.0,8.605027257108728e-06,Clear or Partly Cloudy
144879,168642,168662,3701856,Matched,Intersection,30426.0,10TH AVE S AND S JACKSON ST,,,2,Injury Collision,Cycles,2,0,1,1,1,0,0,2014-06-02T00:00:00.000Z,6/2/2014 1:36:00 PM,At Intersection (intersection related),18,"MOTOR VEHICLE STRUCK PEDALCYCLIST, FRONT END AT ANGLE",Y,N,Clear or Partly Cloudy,Dry,Daylight,,,,45.0,Vehicle - Pedalcyclist,24474,0,N,POINT (1273738.875957102 222105.1769834906),15118.0,0.0,Clear or Partly Cloudy
144884,168640,168660,3701853,Matched,Intersection,29863.0,MELROSE AVE AND PINE ST,,,2,Injury Collision,Cycles,2,0,1,1,1,0,0,2014-05-30T00:00:00.000Z,5/30/2014 2:27:00 PM,At Intersection (intersection related),51,PEDALCYCLIST STRUCK MOTOR VEHICLE FRONT END AT ANGLE,,N,Clear or Partly Cloudy,Dry,Daylight,,,,45.0,Vehicle - Pedalcyclist,10336,0,N,POINT (1271813.802035138 227999.6394535303),897.0,0.0,Clear or Partly Cloudy
144955,167999,168019,3702952,Matched,Block,,NW 54TH ST BETWEEN NW MARKET ST AND 30TH WR AVE NW,,,2,Injury Collision,Cycles,3,0,1,1,1,0,0,2014-05-06T00:00:00.000Z,5/6/2014 7:07:00 PM,Driveway Junction,18,"MOTOR VEHICLE STRUCK PEDALCYCLIST, FRONT END AT ANGLE",,N,Clear or Partly Cloudy,Dry,Daylight,,,,45.0,Vehicle - Pedalcyclist,25972,0,N,POINT (1255568.8654425 247670.647857666),21142.0,2.716648787159303e-05,Clear or Partly Cloudy
144968,167577,167597,3549702,Matched,Intersection,29603.0,2ND AVE AND UNIVERSITY ST,,,2,Injury Collision,Cycles,2,0,1,1,1,0,0,2014-05-13T00:00:00.000Z,5/13/2014 8:01:00 AM,At Intersection (intersection related),18,"MOTOR VEHICLE STRUCK PEDALCYCLIST, FRONT END AT ANGLE",,N,Clear or Partly Cloudy,Dry,Daylight,Y,,,45.0,Vehicle - Pedalcyclist,12162,0,N,POINT (1269492.709168762 225148.3088906109),2490.0,0.0,Clear or Partly Cloudy
144972,167557,167577,3702956,Matched,Block,,AURORA AVE N BETWEEN N 130TH ST AND N 135TH ST,,,2,Injury Collision,Cycles,2,0,1,1,1,0,0,2014-05-10T00:00:00.000Z,5/10/2014 7:10:00 PM,Driveway Junction,18,"MOTOR VEHICLE STRUCK PEDALCYCLIST, FRONT END AT ANGLE",,N,Clear or Partly Cloudy,Dry,Daylight,,,,45.0,Vehicle - Pedalcyclist,0,0,N,POINT (1268385.368431628 268124.5042626113),10278.0,2.2503360537973277e-05,Clear or Partly Cloudy
143001,163582,163602,3605931,Matched,Intersection,30192.0,18TH AVE AND E JEFFERSON ST,,,2b,Serious Injury Collision,Cycles,2,0,1,1,1,1,0,2013-03-19T00:00:00.000Z,3/19/2013 8:10:00 AM,At Intersection (intersection related),51,PEDALCYCLIST STRUCK MOTOR VEHICLE FRONT END AT ANGLE,,N,Clear or Partly Cloudy,Dry,Daylight,,,,45.0,Vehicle - Pedalcyclist,10498,0,N,POINT (1276426.313527852 224602.1469700485),6861.0,0.0,Clear or Partly Cloudy
143007,164981,165001,3705383,Matched,Intersection,29931.0,4TH AVE AND UNIVERSITY ST,,,2,Injury Collision,Cycles,2,0,1,1,1,0,0,2014-03-26T00:00:00.000Z,3/26/2014 6:52:00 PM,At Intersection (intersection related),18,"MOTOR VEHICLE STRUCK PEDALCYCLIST, FRONT END AT ANGLE",,N,Unknown,Unknown,Unknown,,,,45.0,Vehicle - Pedalcyclist,12735,0,N,POINT (1270046.962993324 225476.3670029491),996.0,0.0,
143017,165282,165302,3582546,Matched,Intersection,36192.0,35TH AVE NE AND NE 125TH ST,,,2,Injury Collision,Cycles,2,0,1,1,1,0,0,2014-04-01T00:00:00.000Z,4/1/2014 2:50:00 PM,At Intersection (intersection related),18,"MOTOR VEHICLE STRUCK PEDALCYCLIST, FRONT END AT ANGLE",,N,Clear or Partly Cloudy,Dry,Daylight,,,,45.0,Vehicle - Pedalcyclist,0,524569,N,POINT (1281685.956925243 265758.3774121851),1361.0,0.0,Clear or Partly Cloudy
143030,165283,165303,3582688,Matched,Intersection,27089.0,BROOKLYN AVE NE AND NE 42ND ST,,,1,Property Damage Only Collision,Cycles,2,0,1,1,0,0,0,2014-04-01T00:00:00.000Z,4/1/2014 8:35:00 PM,At Intersection (intersection related),18,"MOTOR VEHICLE STRUCK PEDALCYCLIST, FRONT END AT ANGLE",Y,N,Clear or Partly Cloudy,Dry,Dark - Street Lights On,Y,,,45.0,Vehicle - Pedalcyclist,0,0,N,POINT (1275455.310134858 243649.9895495474),4153.0,0.0,Clear or Partly Cloudy
143071,166013,166033,3581843,Matched,Intersection,29575.0,6TH AVE AND DENNY WAY,,,2,Injury Collision,Cycles,5,0,1,1,1,0,0,2014-04-04T00:00:00.000Z,4/4/2014 9:09:00 PM,At Intersection (intersection related),18,"MOTOR VEHICLE STRUCK PEDALCYCLIST, FRONT END AT ANGLE",,N,Raining,Wet,Dark - Street Lights On,,,,45.0,Vehicle - Pedalcyclist,23463,0,N,POINT (1267620.296494842 229293.5847988576),13112.0,0.0,Raining
143079,166630,166650,3572921,Matched,Block,,EAST GREEN LAKE WAY N BETWEEN SUNNYSIDE AVE N AND 1ST AVE NE,,,2,Injury Collision,Cycles,3,0,1,1,1,0,0,2014-04-27T00:00:00.000Z,4/27/2014 12:10:00 PM,Mid-Block (not related to intersection),18,"MOTOR VEHICLE STRUCK PEDALCYCLIST, FRONT END AT ANGLE",Y,N,Unknown,Unknown,Unknown,Y,,,45.0,Vehicle - Pedalcyclist,7398,0,N,POINT (1272031.674803361 251015.1543570906),3882.0,7.424841883541168e-09,
143088,163460,163480,3583606,Matched,Intersection,24276.0,AURORA AVE N AND GREEN LAKE DR N,,,1,Property Damage Only Collision,Cycles,2,0,1,1,0,0,0,2014-03-03T00:00:00.000Z,3/3/2014 8:30:00 AM,At Intersection (intersection related),18,"MOTOR VEHICLE STRUCK PEDALCYCLIST, FRONT END AT ANGLE",Y,N,Clear or Partly Cloudy,Dry,Daylight,,,,45.0,Vehicle - Pedalcyclist,0,524409,N,POINT (1268246.782511488 255021.2704571933),7112.0,0.0,Clear or Partly Cloudy
143110,163969,163989,3586228,Matched,Intersection,29072.0,BROADWAY AND E HOWELL ST,,,2,Injury Collision,Cycles,3,0,1,1,1,0,0,2014-03-10T00:00:00.000Z,3/10/2014 8:28:00 AM,At Intersection (intersection related),18,"MOTOR VEHICLE STRUCK PEDALCYCLIST, FRONT END AT ANGLE",Y,N,Overcast,Wet,Daylight,,,,45.0,Vehicle - Pedalcyclist,6840,0,N,POINT (1273573.179700941 228816.6565423608),11910.0,0.0,Overcast
143193,166179,166199,3641306,Matched,Intersection,29698.0,WALL ST AND WESTERN AVE,,,2,Injury Collision,Cycles,4,0,1,1,1,0,0,2014-04-04T00:00:00.000Z,4/4/2014 9:29:00 PM,At Intersection (intersection related),11,"MOTOR VEHICLE STRUCK MOTOR VEHICLE, FRONT END AT ANGLE",,N,Clear or Partly Cloudy,Dry,Dark - No Street Lights,,,,45.0,Vehicle - Pedalcyclist,37190,0,N,POINT (1266453.412909642 227664.0828451812),1011.0,0.0,Clear or Partly Cloudy
143209,167026,167046,3701627,Matched,Block,,EASTLAKE AVE E BETWEEN E LYNN ST AND E LOUISA ST,,,2,Injury Collision,Cycles,2,0,1,1,1,0,0,2014-04-23T00:00:00.000Z,4/23/2014 12:53:00 PM,Mid-Block (not related to intersection),51,PEDALCYCLIST STRUCK MOTOR VEHICLE FRONT END AT ANGLE,Y,N,Clear or Partly Cloudy,Dry,Unknown,,,,45.0,Vehicle - Pedalcyclist,24736,0,N,POINT (1272491.78142783 237340.4494470954),17909.0,2.8952388918938843e-05,Clear or Partly Cloudy
143284,165322,165342,3585080,Matched,Intersection,29932.0,4TH AVE AND SENECA ST,,,2,Injury Collision,Cycles,2,0,1,1,1,0,0,2014-04-02T00:00:00.000Z,4/2/2014 5:22:00 PM,At Intersection (intersection related),54,PEDALCYCLIST STRUCK MOTOR VEHICLE REAR END,,N,Clear or Partly Cloudy,Dry,Daylight,,,,45.0,Vehicle - Pedalcyclist,12713,0,N,POINT (1270202.906161487 225213.2251146734),2955.0,0.0,Clear or Partly Cloudy
143292,165065,165085,3579369,Matched,Intersection,33305.0,COLUMBIA DR S AND S COLUMBIAN WAY,,,2,Injury Collision,Cycles,2,0,1,1,1,0,0,2014-03-20T00:00:00.000Z,3/20/2014 4:25:00 PM,At Intersection (intersection related),51,PEDALCYCLIST STRUCK MOTOR VEHICLE FRONT END AT ANGLE,Y,N,Clear or Partly Cloudy,Dry,Daylight,,,,45.0,Vehicle - Pedalcyclist,14103,0,N,POINT (1276942.756152391 207694.4623447359),6250.0,0.0,Clear or Partly Cloudy
143317,166192,166212,3643982,Matched,Intersection,29878.0,BOREN AVE AND PIKE ST,,,2,Injury Collision,Cycles,3,0,1,1,1,0,0,2014-04-08T00:00:00.000Z,4/8/2014 7:52:00 PM,At Intersection (intersection related),18,"MOTOR VEHICLE STRUCK PEDALCYCLIST, FRONT END AT ANGLE",,N,Overcast,Wet,Dark - Street Lights On,,,,45.0,Vehicle - Pedalcyclist,31090,0,N,POINT (1271552.335410863 227358.0148768723),6588.0,0.0,Overcast
143324,166429,166449,3701535,Matched,Intersection,29177.0,E HOWELL ST AND E OLIVE WAY,,,2,Injury Collision,Cycles,2,0,1,1,1,0,0,2014-04-18T00:00:00.000Z,4/18/2014 8:10:00 PM,At Intersection (intersection related),18,"MOTOR VEHICLE STRUCK PEDALCYCLIST, FRONT END AT ANGLE",Y,N,Clear or Partly Cloudy,Dry,Dusk,,,,45.0,Vehicle - Pedalcyclist,0,0,N,POINT (1272238.338355571 228902.7705904543),679.0,0.0,Clear or Partly Cloudy
143332,165832,165846,3572494,Matched,Block,,WALLINGFORD AVE N BETWEEN N 39TH ST AND N 40TH ST,,,2b,Serious Injury Collision,Cycles,2,0,1,1,1,1,0,2014-04-11T00:00:00.000Z,4/11/2014 7:22:00 AM,Mid-Block (not related to intersection),18,"MOTOR VEHICLE STRUCK PEDALCYCLIST, FRONT END AT ANGLE",,N,Clear or Partly Cloudy,Dry,Daylight,,,,45.0,Vehicle - Pedalcyclist,6189,0,N,POINT (1270034.72369732 242533.7630524039),12667.0,4.896052583604308e-06,Clear or Partly Cloudy
143399,163607,163627,3503389,Matched,Intersection,26710.0,9TH AVE NW AND NW 45TH ST,,,2,Injury Collision,Cycles,2,0,1,1,1,0,0,2013-03-18T00:00:00.000Z,3/18/2013 8:35:00 AM,At Intersection (intersection related),18,"MOTOR VEHICLE STRUCK PEDALCYCLIST, FRONT END AT ANGLE",,N,Overcast,Dry,Daylight,Y,,,45.0,Vehicle - Pedalcyclist,0,0,N,POINT (1262110.833705202 245056.5021909922),1566.0,0.0,Overcast
143447,166196,166216,3673052,Matched,Intersection,29739.0,11TH AVE AND E PINE ST,,,2,Injury Collision,Cycles,2,0,1,1,1,0,0,2014-04-09T00:00:00.000Z,4/9/2014 2:07:00 PM,At Intersection (intersection related),18,"MOTOR VEHICLE STRUCK PEDALCYCLIST, FRONT END AT ANGLE",Y,N,Clear or Partly Cloudy,Dry,Daylight,Y,,,45.0,Vehicle - Pedalcyclist,10420,0,N,POINT (1274216.837429598 227958.9433894902),28.0,0.0,Clear or Partly Cloudy
143493,166804,166824,3641332,Matched,Block,,S JACKSON ST BETWEEN 2ND AVE S AND 3RD AVE S,,,2,Injury Collision,Cycles,1,0,1,0,1,0,0,2014-04-11T00:00:00.000Z,4/11/2014 2:55:00 PM,Mid-Block (not related to intersection),69,PEDALCYCLIST OVERTURNED IN ROAD,,N,Clear or Partly Cloudy,Dry,Daylight,,,,45.0,Vehicle - Pedalcyclist,0,0,N,POINT (1270954.001266256 222164.9003115445),18368.0,1.3477456637490964e-06,Clear or Partly Cloudy
143514,164239,164259,3640992,Matched,Intersection,29621.0,1ST AVE AND MADISON ST,,,2,Injury Collision,Cycles,6,0,2,1,2,0,0,2014-03-08T00:00:00.000Z,3/8/2014 5:58:00 PM,At Intersection (intersection related),51,PEDALCYCLIST STRUCK MOTOR VEHICLE FRONT END AT ANGLE,Y,N,Raining,Wet,Dark - Street Lights On,,,,45.0,Vehicle - Pedalcyclist,36771,0,N,POINT (1269683.396144956 224194.549401626),4939.0,0.0,Raining
143537,163638,163658,3507932,Matched,Block,,EAST GREEN LAKE DR N BETWEEN 4TH AVE NE AND LATONA AVE NE,,,2,Injury Collision,Cycles,3,0,1,1,1,0,0,2013-03-17T00:00:00.000Z,3/17/2013 4:48:00 PM,Mid-Block (not related to intersection),18,"MOTOR VEHICLE STRUCK PEDALCYCLIST, FRONT END AT ANGLE",,N,Raining,Wet,Daylight,,,,45.0,Vehicle - Pedalcyclist,7304,0,N,POINT (1272484.709811822 252124.4297502339),22687.0,0.0,Raining
143553,165079,165099,3503327,Matched,Intersection,26679.0,1ST AVE NW AND NW 36TH ST,,,2,Injury Collision,Cycles,2,0,1,1,1,0,0,2014-03-28T00:00:00.000Z,3/28/2014 9:00:00 PM,At Intersection (intersection related),18,"MOTOR VEHICLE STRUCK PEDALCYCLIST, FRONT END AT ANGLE",,N,Clear or Partly Cloudy,Dry,Dark - Street Lights On,,,,45.0,Vehicle - Pedalcyclist,0,0,N,POINT (1264748.164139897 241902.3853237629),1560.0,0.0,Clear or Partly Cloudy
143559,165334,165354,3587555,Matched,Intersection,27064.0,12TH AVE NE AND NE 45TH ST,,,1,Property Damage Only Collision,Cycles,3,0,1,1,0,0,0,2014-03-27T00:00:00.000Z,3/27/2014 8:15:00 AM,At Intersection (intersection related),51,PEDALCYCLIST STRUCK MOTOR VEHICLE FRONT END AT ANGLE,,N,Raining,Wet,Daylight,,,,45.0,Vehicle - Pedalcyclist,7000,0,N,POINT (1275210.185270607 244733.1363026649),1400.0,0.0,Raining
143568,165333,165353,3587552,Matched,Intersection,27070.0,7TH AVE NE AND NE 45TH ST,,,2,Injury Collision,Cycles,2,0,1,1,1,0,0,2014-03-25T00:00:00.000Z,3/25/2014 5:25:00 PM,At Intersection (intersection related),18,"MOTOR VEHICLE STRUCK PEDALCYCLIST, FRONT END AT ANGLE",,N,Overcast,Wet,Daylight,,,,45.0,Vehicle - Pedalcyclist,0,522070,N,POINT (1273908.208693281 244770.8171986938),556.0,0.0,Overcast
143632,163839,163859,3577412,Matched,Block,,MELROSE AVE BETWEEN E OLIVE PL AND E DENNY WAY,,,1,Property Damage Only Collision,Cycles,2,0,1,1,0,0,0,2014-02-12T00:00:00.000Z,2/12/2014 8:15:00 PM,Mid-Block (but intersection related),18,"MOTOR VEHICLE STRUCK PEDALCYCLIST, FRONT END AT ANGLE",Y,N,Clear or Partly Cloudy,Dry,Dark - Street Lights On,,,,45.0,Vehicle - Pedalcyclist,11531,0,N,POINT (1271841.61515516 228927.1009584814),3661.0,2.161535774948533e-05,Clear or Partly Cloudy
143646,166678,166698,3282644,Matched,Block,,8TH AVE NW BETWEEN NW 62ND S ST AND NW 62ND N ST,,,2,Injury Collision,Cycles,2,0,1,1,1,0,0,2014-04-25T00:00:00.000Z,4/25/2014 6:00:00 PM,Mid-Block (not related to intersection),18,"MOTOR VEHICLE STRUCK PEDALCYCLIST, FRONT END AT ANGLE",Y,N,Clear or Partly Cloudy,Dry,Daylight,,,,45.0,Vehicle - Pedalcyclist,2460,0,N,POINT (1262820.776873931 249610.6354436576),13707.0,1.0422020231258767e-05,Clear or Partly Cloudy
143699,165348,165368,3641261,Matched,Intersection,30482.0,2ND AVE AND JAMES ST,,,2,Injury Collision,Cycles,2,0,1,1,1,0,0,2014-04-01T00:00:00.000Z,4/1/2014 6:02:00 PM,At Intersection (intersection related),18,"MOTOR VEHICLE STRUCK PEDALCYCLIST, FRONT END AT ANGLE",Y,N,Clear or Partly Cloudy,Dry,Daylight,,,,45.0,Vehicle - Pedalcyclist,12029,0,N,POINT (1270583.694641873 223305.2345847189),134.0,0.0,Clear or Partly Cloudy
143701,165862,165882,3505815,Matched,Intersection,28724.0,DEXTER AVE N AND HIGHLAND DR,,,2,Injury Collision,Cycles,3,0,1,1,1,0,0,2014-04-09T00:00:00.000Z,4/9/2014 6:15:00 PM,At Intersection (intersection related),18,"MOTOR VEHICLE STRUCK PEDALCYCLIST, FRONT END AT ANGLE",,N,Clear or Partly Cloudy,Dry,Daylight,,,,45.0,Vehicle - Pedalcyclist,12797,0,N,POINT (1268366.41105561 233350.2112350017),765.0,0.0,Clear or Partly Cloudy
143728,166687,166707,3583705,Matched,Block,,DENNY WAY BETWEEN STEWART ST AND MELROSE AVE,,,2,Injury Collision,Cycles,3,0,1,1,1,0,0,2014-04-25T00:00:00.000Z,4/25/2014 8:35:00 AM,Mid-Block (but intersection related),54,PEDALCYCLIST STRUCK MOTOR VEHICLE REAR END,Y,N,Clear or Partly Cloudy,Dry,Daylight,,,,45.0,Vehicle - Pedalcyclist,23551,0,N,POINT (1271494.205362812 229177.3080627322),17903.0,1.1697567150221174e-05,Clear or Partly Cloudy