OBJECTID,INCKEY,COLDETKEY,REPORTNO,STATUS,ADDRTYPE,INTKEY,LOCATION,EXCEPTRSNC,EXCEPTRSND,SEVERITYCO,SEVERITYDE,COLLISIONT,PERSONCOUN,PEDCOUNT,PEDCYLCOUN,VEHCOUNT,INJURIES,SERIOUSINJ,FATALITIES,INCDATE,INCDTTM,JUNCTIONTY,SDOT_COLCO,SDOT_COLDE,INATTENTIO,UNDERINFL,WEATHER,ROADCOND,LIGHTCOND,PEDROWNOTG,SDOTCOLNUM,SPEEDING,ST_COLCODE,ST_COLDESC,SEGLANEKEY,CROSSWALKK,HITPARKEDC,geometry,near_str_index,min_length,weather_group
143743,166691,166711,3585769,Matched,Block,,29TH AVE E BETWEEN E VALLEY ST AND E ALOHA ST,,,2,Injury Collision,Other,2,0,1,1,1,0,0,2014-04-28T00:00:00.000Z,4/28/2014 4:56:00 PM,Mid-Block (not related to intersection),56,PEDALCYCLIST STRUCK MOTOR VEHICLE LEFT SIDE SIDESWIPE,Y,N,Clear or Partly Cloudy,Dry,Daylight,,,,57.0,All other non-collision,0,0,N,POINT (1279989.62757951 231862.1396814883),8530.0,2.6591204947117035e-10,Clear or Partly Cloudy
143803,164252,164272,3584027,Matched,Intersection,29878.0,BOREN AVE AND PIKE ST,,,2,Injury Collision,Cycles,2,0,1,1,1,0,0,2014-03-13T00:00:00.000Z,3/13/2014 7:30:00 AM,At Intersection (intersection related),18,"MOTOR VEHICLE STRUCK PEDALCYCLIST, FRONT END AT ANGLE",,N,Clear or Partly Cloudy,Dry,Daylight,Y,,,45.0,Vehicle - Pedalcyclist,25242,0,N,POINT (1271552.335410863 227358.0148768723),6588.0,0.0,Clear or Partly Cloudy
143826,164258,164278,3644235,Matched,Block,,EAST MARGINAL WAY S BETWEEN S HINDS ST AND S SPOKANE NR ST,,,2,Injury Collision,Cycles,2,0,1,1,1,0,0,2014-03-13T00:00:00.000Z,3/13/2014 7:14:00 AM,Driveway Junction,18,"MOTOR VEHICLE STRUCK PEDALCYCLIST, FRONT END AT ANGLE",,N,Clear or Partly Cloudy,Dry,Dawn,Y,,,45.0,Vehicle - Pedalcyclist,0,0,N,POINT (1268603.29975985 212544.0880136937),1120.0,1.723141448264869e-05,Clear or Partly Cloudy
143849,166232,166252,3589006,Matched,Block,,WESTLAKE AVE N BETWEEN HIGHLAND DR AND GALER S ST,,,2,Injury Collision,Angles,2,0,1,1,1,0,0,2014-04-15T00:00:00.000Z,4/15/2014 11:28:00 AM,Mid-Block (not related to intersection),51,PEDALCYCLIST STRUCK MOTOR VEHICLE FRONT END AT ANGLE,,N,Clear or Partly Cloudy,Dry,Daylight,,,Y,10.0,Entering at angle,0,0,N,POINT (1268698.418095946 233807.7744354755),19059.0,1.7903306531338948e-05,Clear or Partly Cloudy
143889,166702,166722,3582217,Matched,Block,,PALATINE AVE N BETWEEN N 65TH ST AND N 67TH ST,,,1,Property Damage Only Collision,Cycles,2,0,1,1,0,0,0,2014-04-29T00:00:00.000Z,4/29/2014 10:38:00 AM,Mid-Block (but intersection related),18,"MOTOR VEHICLE STRUCK PEDALCYCLIST, FRONT END AT ANGLE",,N,Clear or Partly Cloudy,Dry,Daylight,,,,45.0,Vehicle - Pedalcyclist,0,0,N,POINT (1265226.71031639 250621.9210766852),880.0,1.6867237065695181e-10,Clear or Partly Cloudy
143891,166949,166969,3591189,Matched,Block,,NW 45TH ST BETWEEN 8TH AVE NW AND LEARY WAY NW,,,2,Injury Collision,Cycles,2,0,1,1,1,0,0,2014-04-21T00:00:00.000Z,4/21/2014 5:52:00 PM,Mid-Block (not related to intersection),21,"MOTOR VEHICLE STRUCK PEDALCYCLIST, REAR END",,N,Clear or Partly Cloudy,Dry,Daylight,,,,45.0,Vehicle - Pedalcyclist,0,0,N,POINT (1262591.060649693 245045.551726982),23309.0,2.2250265836324452e-05,Clear or Partly Cloudy
143928,164094,164114,3583985,Matched,Block,,PINE ST BETWEEN 8TH AVE AND 9TH AVE,,,2,Injury Collision,Cycles,3,0,1,1,1,0,0,2014-02-28T00:00:00.000Z,2/28/2014 2:12:00 PM,Driveway Junction,18,"MOTOR VEHICLE STRUCK PEDALCYCLIST, FRONT END AT ANGLE",Y,N,Clear or Partly Cloudy,Dry,Daylight,Y,,,45.0,Vehicle - Pedalcyclist,21789,0,N,POINT (1270642.167409942 227313.4848288298),15448.0,1.7049027689493624e-05,Clear or Partly Cloudy
143974,165368,165388,3672737,Matched,Intersection,27153.0,EASTLAKE AVE E AND FUHRMAN AVE E,,,2,Injury Collision,Cycles,2,0,1,1,1,0,0,2014-03-20T00:00:00.000Z,3/20/2014 1:00:00 PM,At Intersection (intersection related),51,PEDALCYCLIST STRUCK MOTOR VEHICLE FRONT END AT ANGLE,Y,N,Clear or Partly Cloudy,Dry,Daylight,Y,,,45.0,Vehicle - Pedalcyclist,6078,0,N,POINT (1273704.647989064 241221.0042030662),995.0,0.0,Clear or Partly Cloudy
143984,166269,166289,3573276,Matched,Block,,PIKE ST BETWEEN BOREN AVE AND MELROSE AVE,,,2b,Serious Injury Collision,Cycles,3,0,1,1,1,1,0,2014-04-19T00:00:00.000Z,4/19/2014 12:15:00 AM,Mid-Block (not related to intersection),18,"MOTOR VEHICLE STRUCK PEDALCYCLIST, FRONT END AT ANGLE",,Y,Clear or Partly Cloudy,Dry,Dark - Street Lights On,,,,45.0,Vehicle - Pedalcyclist,31079,0,N,POINT (1271690.664371014 227440.0434209555),6588.0,3.800238744210384e-09,Clear or Partly Cloudy
143998,165905,165925,3641280,Matched,Block,,PINE ST BETWEEN 7TH AVE AND 8TH AVE,,,2,Injury Collision,Cycles,2,0,1,1,1,0,0,2014-04-03T00:00:00.000Z,4/3/2014 8:00:00 AM,Mid-Block (not related to intersection),51,PEDALCYCLIST STRUCK MOTOR VEHICLE FRONT END AT ANGLE,,N,Clear or Partly Cloudy,Dry,Daylight,Y,,,45.0,Vehicle - Pedalcyclist,21826,0,N,POINT (1270365.498417646 227149.9526046515),13135.0,2.280539903393825e-05,Clear or Partly Cloudy
145003,169781,169801,3644730,Matched,Block,,HARBOR AVE SW BETWEEN ALKI AVE SW AND SW CALIFORNIA PL,,,2,Injury Collision,Cycles,2,0,1,1,1,0,0,2014-06-07T00:00:00.000Z,6/7/2014 2:32:00 PM,Mid-Block (not related to intersection),51,PEDALCYCLIST STRUCK MOTOR VEHICLE FRONT END AT ANGLE,,N,Clear or Partly Cloudy,Dry,Daylight,Y,,,45.0,Vehicle - Pedalcyclist,4093,0,N,POINT (1257766.934692755 220754.4639581144),6403.0,4.049209474844706e-06,Clear or Partly Cloudy
145078,170665,170685,3706356,Matched,Intersection,24501.0,12TH AVE NE AND NE 65TH ST,,,2,Injury Collision,Cycles,2,1,1,0,2,0,0,2014-06-20T00:00:00.000Z,6/20/2014 1:05:00 PM,At Intersection (intersection related),64,PEDALCYCLIST STRUCK PEDESTRIAN,,N,Clear or Partly Cloudy,Dry,Daylight,,,,45.0,Vehicle - Pedalcyclist,29263,524481,N,POINT (1275259.148086667 250033.3503240943),14426.0,0.0,Clear or Partly Cloudy
145170,170492,170512,3696601,Matched,Block,,1ST AVE BETWEEN YESLER WAY AND CHERRY ST,,,2,Injury Collision,Cycles,2,0,1,1,1,0,0,2014-06-23T00:00:00.000Z,6/23/2014 5:08:00 PM,Mid-Block (not related to intersection),54,PEDALCYCLIST STRUCK MOTOR VEHICLE REAR END,,N,Clear or Partly Cloudy,Dry,Daylight,,,,45.0,Vehicle - Pedalcyclist,36854,0,N,POINT (1270173.755761459 223255.5814006627),12248.0,7.181050690139891e-06,Clear or Partly Cloudy
145172,170887,170907,3580717,Matched,Block,,PIKE ST BETWEEN 8TH AVE AND CONVENTION PL,,,2b,Serious Injury Collision,Cycles,1,0,1,0,1,1,0,2014-06-30T00:00:00.000Z,6/30/2014 12:38:00 AM,Mid-Block (not related to intersection),66,PEDALCYCLIST STRUCK OBJECT IN ROAD,,N,,Dry,Dark - Street Lights On,,,,45.0,Vehicle - Pedalcyclist,24896,0,N,POINT (1270859.104690164 226946.9922204465),13784.0,5.132596832233373e-06,
145208,170259,170279,3591492,Matched,Block,,DEXTER AVE N BETWEEN REPUBLICAN ST AND MERCER ST,,,2,Injury Collision,Cycles,2,0,1,1,1,0,0,2014-06-18T00:00:00.000Z,6/18/2014 6:45:00 AM,Mid-Block (but intersection related),18,"MOTOR VEHICLE STRUCK PEDALCYCLIST, FRONT END AT ANGLE",,N,Overcast,Dry,Daylight,,,,45.0,Vehicle - Pedalcyclist,0,0,N,POINT (1268311.922351554 231223.1936328262),11928.0,7.448147300580169e-09,Overcast
145216,168758,168778,3705184,Matched,Block,,3RD AVE W BETWEEN W EWING S ST AND SHIP CANAL TRL,,,2b,Serious Injury Collision,Cycles,2,0,1,1,1,1,0,2014-05-08T00:00:00.000Z,5/8/2014 6:46:00 PM,Mid-Block (not related to intersection),51,PEDALCYCLIST STRUCK MOTOR VEHICLE FRONT END AT ANGLE,,N,Clear or Partly Cloudy,Wet,Daylight,,,,45.0,Vehicle - Pedalcyclist,0,617898,N,POINT (1263947.809707075 241438.391979292),2741.0,2.772221551463665e-05,Clear or Partly Cloudy
145222,168452,168472,3552825,Matched,Block,,BALLARD AVE NW BETWEEN NW IONE PL AND 20TH AVE NW,,,2,Injury Collision,Cycles,2,0,1,1,1,0,0,2014-05-22T00:00:00.000Z,5/22/2014 5:15:00 PM,Mid-Block (not related to intersection),11,"MOTOR VEHICLE STRUCK MOTOR VEHICLE, FRONT END AT ANGLE",Y,N,Clear or Partly Cloudy,Dry,Daylight,,,,45.0,Vehicle - Pedalcyclist,26305,0,N,POINT (1258866.560421884 246521.859760493),6155.0,5.925172693805734e-09,Clear or Partly Cloudy
145231,168448,168468,3504294,Matched,Block,,25TH AVE NE BETWEEN NE 125TH ST AND NE 126TH ST,,,2,Injury Collision,Cycles,1,0,1,0,1,0,0,2014-05-22T00:00:00.000Z,5/22/2014 8:55:00 AM,Mid-Block (not related to intersection),66,PEDALCYCLIST STRUCK OBJECT IN ROAD,Y,N,Clear or Partly Cloudy,Dry,Daylight,,,Y,45.0,Vehicle - Pedalcyclist,0,0,N,POINT (1278964.551034451 266163.1577006131),15141.0,1.3312768366043104e-05,Clear or Partly Cloudy
145238,168021,168035,3582918,Matched,Intersection,34147.0,16TH AVE SW AND SW HOLDEN ST,,,2,Injury Collision,Cycles,2,0,1,1,1,0,0,2014-05-15T00:00:00.000Z,5/15/2014 6:09:00 AM,At Intersection (intersection related),51,PEDALCYCLIST STRUCK MOTOR VEHICLE FRONT END AT ANGLE,Y,N,Clear or Partly Cloudy,Dry,Dawn,,,,45.0,Vehicle - Pedalcyclist,1793,0,N,POINT (1264535.759659678 198387.0721272081),4698.0,0.0,Clear or Partly Cloudy
145276,170098,170118,3585583,Matched,Intersection,28375.0,24TH AVE E AND BOYER AVE E,,,1,Property Damage Only Collision,Cycles,2,0,1,1,0,0,0,2014-06-13T00:00:00.000Z,6/13/2014 1:10:00 AM,At Intersection (but not related to intersection),55,PEDALCYCLIST STRUCK MOTOR VEHICLE RIGHT SIDE SIDESWIPE,,N,Raining,Wet,Unknown,,,,45.0,Vehicle - Pedalcyclist,22452,0,N,POINT (1278448.004665926 235170.6751088649),643.0,0.0,Raining
145306,167215,167235,3504168,Matched,Block,,1ST AVE S BETWEEN 1ST AV S VI AND S HUDSON ST,,,2,Injury Collision,Cycles,2,0,1,1,1,0,0,2014-05-02T00:00:00.000Z,5/2/2014 10:37:00 PM,Mid-Block (not related to intersection),21,"MOTOR VEHICLE STRUCK PEDALCYCLIST, REAR END",Y,N,Raining,Wet,Dark - Street Lights Off,,,,45.0,Vehicle - Pedalcyclist,1350,0,N,POINT (1269856.935025126 207470.9369685054),23052.0,2.351939083461572e-05,Raining
145369,168462,168482,3591672,Matched,Block,,NE 42ND ST BETWEEN BROOKLYN AVE NE AND UNIVERSITY WAY NE,,,2,Injury Collision,Cycles,3,0,1,2,1,0,0,2014-05-29T00:00:00.000Z,5/29/2014 2:15:00 PM,Driveway Junction,18,"MOTOR VEHICLE STRUCK PEDALCYCLIST, FRONT END AT ANGLE",,N,Clear or Partly Cloudy,Dry,Daylight,,,,45.0,Vehicle - Pedalcyclist,0,0,N,POINT (1275597.695287004 243644.7348935455),4153.0,0.0,Clear or Partly Cloudy
145426,170524,170544,3703185,Matched,Block,,ROOSEVELT WAY NE BETWEEN NE 40TH ALLEY ST AND NE 41ST ST,,,2,Injury Collision,Cycles,2,0,1,1,1,0,0,2014-06-23T00:00:00.000Z,6/23/2014 3:08:00 PM,Mid-Block (not related to intersection),18,"MOTOR VEHICLE STRUCK PEDALCYCLIST, FRONT END AT ANGLE",Y,N,Clear or Partly Cloudy,Dry,Daylight,,,,45.0,Vehicle - Pedalcyclist,11665,0,N,POINT (1274589.758901983 243033.892012924),6641.0,2.2293095095329308e-05,Clear or Partly Cloudy
145469,168048,168068,3588880,Matched,Intersection,29966.0,4TH AVE AND COLUMBIA ST,,,2,Injury Collision,Cycles,2,1,1,0,1,0,0,2014-05-15T00:00:00.000Z,5/15/2014 12:21:00 PM,At Intersection (intersection related),64,PEDALCYCLIST STRUCK PEDESTRIAN,,N,Clear or Partly Cloudy,Dry,Daylight,Y,,,45.0,Vehicle - Pedalcyclist,12651,521848,N,POINT (1270826.14917013 224160.0462335944),11803.0,0.0,Clear or Partly Cloudy
145500,168252,168272,3582772,Matched,Intersection,36419.0,GREENWOOD AVE N AND HOLMAN RD N,,,1,Property Damage Only Collision,Cycles,2,0,1,1,0,0,0,2014-05-26T00:00:00.000Z,5/26/2014 10:20:00 AM,At Intersection (intersection related),18,"MOTOR VEHICLE STRUCK PEDALCYCLIST, FRONT END AT ANGLE",,Y,Overcast,Dry,Daylight,,,,45.0,Vehicle - Pedalcyclist,18854,0,N,POINT (1265668.489516839 260898.8218232095),1190.0,0.0,Overcast
145555,170908,170928,3706328,Matched,Intersection,26649.0,3RD AVE NW AND NW 41ST S ST,,,2,Injury Collision,Cycles,2,0,1,1,1,0,0,2014-06-21T00:00:00.000Z,6/21/2014 12:43:00 AM,At Intersection (intersection related),66,PEDALCYCLIST STRUCK OBJECT IN ROAD,,N,Overcast,Dry,Dark - Street Lights On,,,Y,45.0,Vehicle - Pedalcyclist,27057,0,N,POINT (1263994.033963129 243148.1460930407),5460.0,0.0,Overcast
145595,167631,167651,3585023,Matched,Intersection,29515.0,DENNY WAY AND DEXTER AVE,,,2,Injury Collision,Cycles,3,0,1,1,1,0,0,2014-05-12T00:00:00.000Z,5/12/2014 6:11:00 PM,At Intersection (intersection related),51,PEDALCYCLIST STRUCK MOTOR VEHICLE FRONT END AT ANGLE,,N,Clear or Partly Cloudy,Dry,Unknown,,,,45.0,Vehicle - Pedalcyclist,13736,0,N,POINT (1268262.3086555 229277.1954228282),6287.0,0.0,Clear or Partly Cloudy
145619,168263,168283,3582925,Matched,Intersection,32204.0,11TH CR AVE SW AND SW SPOKANE ST,,,2b,Serious Injury Collision,Cycles,2,0,1,1,1,1,0,2014-05-22T00:00:00.000Z,5/22/2014 9:17:00 PM,At Intersection (intersection related),18,"MOTOR VEHICLE STRUCK PEDALCYCLIST, FRONT END AT ANGLE",,N,Overcast,Dry,Dark - Street Lights On,,,,45.0,Vehicle - Pedalcyclist,39178,0,N,POINT (1266345.98660554 212117.5517572612),2049.0,0.0,Overcast
145668,169558,169578,3644829,Matched,Intersection,34786.0,FAUNTLEROY WAY SW AND SW CLOVERDALE ST,,,2,Injury Collision,Cycles,2,0,1,1,1,0,0,2014-06-05T00:00:00.000Z,6/5/2014 5:07:00 PM,At Intersection (intersection related),18,"MOTOR VEHICLE STRUCK PEDALCYCLIST, FRONT END AT ANGLE",,N,Clear or Partly Cloudy,Dry,Daylight,Y,,,45.0,Vehicle - Pedalcyclist,3021,0,N,POINT (1255167.852578089 196058.3184608221),9403.0,0.0,Clear or Partly Cloudy
145674,169863,169883,3701772,Matched,Intersection,29761.0,12TH AVE AND E MADISON ST,,,2,Injury Collision,Cycles,2,0,1,1,1,0,0,2014-06-11T00:00:00.000Z,6/11/2014 4:16:00 PM,At Intersection (intersection related),51,PEDALCYCLIST STRUCK MOTOR VEHICLE FRONT END AT ANGLE,,N,Clear or Partly Cloudy,Dry,Daylight,,,,45.0,Vehicle - Pedalcyclist,10754,0,N,POINT (1274551.867445946 227089.5945245922),39.0,0.0,Clear or Partly Cloudy
145691,170153,170173,3581148,Matched,Intersection,34479.0,RAINIER AVE S AND S AUSTIN ST,,,1,Property Damage Only Collision,Cycles,2,0,1,1,0,0,0,2014-06-14T00:00:00.000Z,6/14/2014 5:13:00 PM,At Intersection (intersection related),51,PEDALCYCLIST STRUCK MOTOR VEHICLE FRONT END AT ANGLE,,N,Clear or Partly Cloudy,Dry,Daylight,Y,,Y,45.0,Vehicle - Pedalcyclist,0,0,N,POINT (1285546.604609191 198344.8595191538),915.0,0.0,Clear or Partly Cloudy
145700,170537,170557,2618804,Matched,Block,,W EMERSON PL BETWEEN FISHERMAN TERM DR AND 21ST AVE W,,,2,Injury Collision,Cycles,2,0,1,1,1,0,0,2014-06-26T00:00:00.000Z,6/26/2014 9:03:00 PM,Mid-Block (but intersection related),18,"MOTOR VEHICLE STRUCK PEDALCYCLIST, FRONT END AT ANGLE",,N,Clear or Partly Cloudy,Dry,Dusk,,,,45.0,Vehicle - Pedalcyclist,0,525463,N,POINT (1258709.648165718 242757.5229886323),8141.0,5.735420960038555e-06,Clear or Partly Cloudy
145743,168268,168288,3585085,Matched,Intersection,29872.0,BOREN AVE AND PINE ST,,,1,Property Damage Only Collision,Cycles,2,0,1,1,0,0,0,2014-05-26T00:00:00.000Z,5/26/2014 2:20:00 PM,At Intersection (intersection related),21,"MOTOR VEHICLE STRUCK PEDALCYCLIST, REAR END",,N,Clear or Partly Cloudy,Dry,Daylight,,,,45.0,Vehicle - Pedalcyclist,10321,0,N,POINT (1271335.12145865 227723.9425572455),896.0,0.0,Clear or Partly Cloudy
145745,168486,168506,3570926,Matched,Block,,ALKI AVE SW BETWEEN 58TH AVE SW AND MARINE AVE SW,,,2,Injury Collision,Cycles,2,0,1,1,1,0,0,2014-05-26T00:00:00.000Z,5/26/2014 8:40:00 PM,Mid-Block (not related to intersection),18,"MOTOR VEHICLE STRUCK PEDALCYCLIST, FRONT END AT ANGLE",,N,Clear or Partly Cloudy,Dry,Dusk,,,,45.0,Vehicle - Pedalcyclist,3629,0,N,POINT (1252150.739614993 215780.2150570154),3323.0,1.917181015689658e-05,Clear or Partly Cloudy
145747,168266,168286,3584030,Matched,Intersection,28762.0,BOREN AVE N AND MERCER SR ST,,,2,Injury Collision,Cycles,2,0,1,1,1,0,0,2014-05-27T00:00:00.000Z,5/27/2014 8:50:00 AM,At Intersection (intersection related),18,"MOTOR VEHICLE STRUCK PEDALCYCLIST, FRONT END AT ANGLE",,N,Clear or Partly Cloudy,Dry,Daylight,,,,45.0,Vehicle - Pedalcyclist,0,0,N,POINT (1269926.182961196 231430.9392970353),3663.0,0.0,Clear or Partly Cloudy
145749,168913,168933,3705302,Matched,Intersection,287070.0,3RD AVE W AND SHIP CANAL TRL,,,2,Injury Collision,Cycles,2,0,1,1,1,0,0,2014-04-30T00:00:00.000Z,4/30/2014 9:09:00 AM,At Intersection (intersection related),18,"MOTOR VEHICLE STRUCK PEDALCYCLIST, FRONT END AT ANGLE",,N,Clear or Partly Cloudy,Dry,Daylight,,,,45.0,Vehicle - Pedalcyclist,0,617898,N,POINT (1263948.916779086 241469.9017393142),2741.0,0.0,Clear or Partly Cloudy
145764,168485,168505,3570885,Matched,Block,,SW ANDOVER ST BETWEEN DELRIDGE WAY SW AND 26TH AVE SW,,,1,Property Damage Only Collision,Cycles,4,0,1,1,0,0,0,2014-05-27T00:00:00.000Z,5/27/2014 5:54:00 PM,Driveway Junction,18,"MOTOR VEHICLE STRUCK PEDALCYCLIST, FRONT END AT ANGLE",Y,N,Clear or Partly Cloudy,Dry,Daylight,,,,45.0,Vehicle - Pedalcyclist,0,0,N,POINT (1262484.617513582 211075.0112121999),20963.0,1.0187671280015767e-05,Clear or Partly Cloudy
145771,168488,168508,3571080,Matched,Block,,BEACH DR SW BETWEEN 61ST AVE SW AND SW CHARLESTOWN ST,,,2,Injury Collision,Cycles,3,0,1,2,1,0,0,2014-05-26T00:00:00.000Z,5/26/2014 4:07:00 PM,Mid-Block (not related to intersection),18,"MOTOR VEHICLE STRUCK PEDALCYCLIST, FRONT END AT ANGLE",,N,Clear or Partly Cloudy,Dry,Daylight,,,,45.0,Vehicle - Pedalcyclist,3999,0,N,POINT (1251128.262749955 212159.5356293023),3357.0,2.552311407001107e-06,Clear or Partly Cloudy
145808,169878,169898,3503330,Matched,Intersection,27130.0,ROOSEVELT WAY NE AND NE 40TH ALLEY ST,,,1,Property Damage Only Collision,Cycles,2,0,1,1,0,0,0,2014-06-15T00:00:00.000Z,6/15/2014 3:24:00 PM,At Intersection (intersection related),51,PEDALCYCLIST STRUCK MOTOR VEHICLE FRONT END AT ANGLE,,N,Clear or Partly Cloudy,Dry,Daylight,,,,45.0,Vehicle - Pedalcyclist,11662,0,N,POINT (1274585.836853966 242927.3043648154),3740.0,0.0,Clear or Partly Cloudy
145867,170931,170951,3706427,Matched,Intersection,36599.0,33RD AVE NE AND NE 125TH ST,,,2,Injury Collision,Cycles,2,0,1,1,1,0,0,2014-06-30T00:00:00.000Z,6/30/2014 6:18:00 AM,At Intersection (intersection related),18,"MOTOR VEHICLE STRUCK PEDALCYCLIST, FRONT END AT ANGLE",Y,N,Clear or Partly Cloudy,Dry,Dawn,,,,45.0,Vehicle - Pedalcyclist,0,0,N,POINT (1281207.185980752 265771.550148204),320.0,0.0,Clear or Partly Cloudy
145897,168076,168096,3701658,Matched,Intersection,29165.0,MELROSE AVE AND E DENNY WAY,,,2,Injury Collision,Cycles,3,0,1,1,1,0,0,2014-04-27T00:00:00.000Z,4/27/2014 1:18:00 AM,At Intersection (intersection related),18,"MOTOR VEHICLE STRUCK PEDALCYCLIST, FRONT END AT ANGLE",,Y,Clear or Partly Cloudy,Wet,Dark - Street Lights On,Y,,,45.0,Vehicle - Pedalcyclist,23555,0,N,POINT (1271849.269043177 229187.6967987418),3661.0,0.0,Clear or Partly Cloudy
145901,168279,168299,3672691,Matched,Intersection,29748.0,12TH AVE AND E PIKE ST,,,2b,Serious Injury Collision,Cycles,3,0,1,1,1,1,0,2014-05-24T00:00:00.000Z,5/24/2014 7:00:00 AM,At Intersection (intersection related),18,"MOTOR VEHICLE STRUCK PEDALCYCLIST, FRONT END AT ANGLE",,N,Overcast,Dry,Daylight,,,,45.0,Vehicle - Pedalcyclist,31283,0,N,POINT (1274535.139893919 227533.018781051),39.0,0.0,Overcast
145963,170780,170800,3591344,Matched,Block,,SHILSHOLE AVE NW BETWEEN 20TH AVE NW AND NW VERNON PL,,,2,Injury Collision,Cycles,4,0,1,1,1,0,0,2014-06-22T00:00:00.000Z,6/22/2014 11:34:00 AM,Mid-Block (not related to intersection),51,PEDALCYCLIST STRUCK MOTOR VEHICLE FRONT END AT ANGLE,Y,N,Clear or Partly Cloudy,Dry,Daylight,,,,45.0,Vehicle - Pedalcyclist,17202,0,N,POINT (1258567.288357571 246447.4785124213),21084.0,1.6239899364570432e-05,Clear or Partly Cloudy
145988,167266,167286,3582218,Matched,Intersection,24097.0,7TH AVE NW AND NW 70TH ST,,,2,Injury Collision,Cycles,2,0,1,1,1,0,0,2014-05-05T00:00:00.000Z,5/5/2014 6:08:00 PM,At Intersection (intersection related),18,"MOTOR VEHICLE STRUCK PEDALCYCLIST, FRONT END AT ANGLE",,N,Clear or Partly Cloudy,Dry,Daylight,Y,,,45.0,Vehicle - Pedalcyclist,0,0,N,POINT (1263252.896042362 251632.5631257296),557.0,0.0,Clear or Partly Cloudy
145992,167272,167292,3585084,Matched,Intersection,29528.0,LENORA ST AND WESTLAKE AVE,,,2,Injury Collision,Cycles,2,0,1,1,1,0,0,2014-05-08T00:00:00.000Z,5/8/2014 5:00:00 PM,At Intersection (intersection related),51,PEDALCYCLIST STRUCK MOTOR VEHICLE FRONT END AT ANGLE,,N,Raining,Wet,Daylight,,,,45.0,Vehicle - Pedalcyclist,37186,0,N,POINT (1269359.259184614 228504.1686060429),807.0,0.0,Raining
142069,165452,165472,3576518,Matched,Block,,ALASKAN WAY BETWEEN YESLER WAY AND COLUMBIA ST,,,2,Injury Collision,Cycles,2,0,1,1,1,0,0,2014-04-01T00:00:00.000Z,4/1/2014 10:37:00 PM,Mid-Block (not related to intersection),18,"MOTOR VEHICLE STRUCK PEDALCYCLIST, FRONT END AT ANGLE",,Y,Clear or Partly Cloudy,Dry,Dark - Street Lights On,,,,45.0,Vehicle - Pedalcyclist,0,0,N,POINT (1269509.915312782 223226.5723126382),21772.0,6.443312782465438e-09,Clear or Partly Cloudy
142108,166110,166130,3701467,Matched,Block,,LAKE WASHINGTON BLVD BETWEEN LAKESIDE AVE AND E ALDER ST,,,2,Injury Collision,Cycles,2,0,1,1,1,0,0,2014-04-10T00:00:00.000Z,4/10/2014 10:09:00 AM,Mid-Block (not related to intersection),18,"MOTOR VEHICLE STRUCK PEDALCYCLIST, FRONT END AT ANGLE",Y,N,Clear or Partly Cloudy,Dry,Daylight,,,,45.0,Vehicle - Pedalcyclist,35157,0,N,POINT (1282438.31340602 223443.7741688639),12602.0,7.308892346784857e-06,Clear or Partly Cloudy
142134,166740,166760,3583592,Matched,Intersection,28775.0,DEXTER AVE N AND REPUBLICAN ST,,,2,Injury Collision,Cycles,2,0,1,1,1,0,0,2014-04-29T00:00:00.000Z,4/29/2014 5:41:00 PM,At Intersection (intersection related),51,PEDALCYCLIST STRUCK MOTOR VEHICLE FRONT END AT ANGLE,Y,N,Clear or Partly Cloudy,Dry,Daylight,Y,,,45.0,Vehicle - Pedalcyclist,31186,0,N,POINT (1268305.74238354 230981.4332485795),6636.0,0.0,Clear or Partly Cloudy
142137,165925,165945,3579394,Matched,Intersection,29807.0,13TH AVE AND E JEFFERSON ST,,,2,Injury Collision,Cycles,2,0,1,1,1,0,0,2014-04-07T00:00:00.000Z,4/7/2014 3:55:00 PM,At Intersection (intersection related),55,PEDALCYCLIST STRUCK MOTOR VEHICLE RIGHT SIDE SIDESWIPE,,N,Clear or Partly Cloudy,Dry,Daylight,,,,45.0,Vehicle - Pedalcyclist,10463,0,N,POINT (1274816.240438208 224643.1215620935),6860.0,0.0,Clear or Partly Cloudy
142198,164114,164134,3587264,Matched,Intersection,27027.0,FREMONT AVE N AND N 36TH ST,,,2,Injury Collision,Cycles,2,0,1,1,1,0,0,2014-03-03T00:00:00.000Z,3/3/2014 8:18:00 AM,At Intersection (intersection related),51,PEDALCYCLIST STRUCK MOTOR VEHICLE FRONT END AT ANGLE,,N,Raining,Wet,Unknown,,,,45.0,Vehicle - Pedalcyclist,8360,0,N,POINT (1266640.677421838 241275.2014511228),11267.0,0.0,Raining
142201,164585,164605,3574442,Matched,Intersection,29603.0,2ND AVE AND UNIVERSITY ST,,,2,Injury Collision,Cycles,2,0,1,1,1,0,0,2014-03-12T00:00:00.000Z,3/12/2014 8:30:00 AM,At Intersection (intersection related),18,"MOTOR VEHICLE STRUCK PEDALCYCLIST, FRONT END AT ANGLE",,N,Clear or Partly Cloudy,Unknown,Daylight,,,,45.0,Vehicle - Pedalcyclist,12162,0,N,POINT (1269492.709168762 225148.3088906109),2490.0,0.0,Clear or Partly Cloudy