OBJECTID,INCKEY,COLDETKEY,REPORTNO,STATUS,ADDRTYPE,INTKEY,LOCATION,EXCEPTRSNC,EXCEPTRSND,SEVERITYCO,SEVERITYDE,COLLISIONT,PERSONCOUN,PEDCOUNT,PEDCYLCOUN,VEHCOUNT,INJURIES,SERIOUSINJ,FATALITIES,INCDATE,INCDTTM,JUNCTIONTY,SDOT_COLCO,SDOT_COLDE,INATTENTIO,UNDERINFL,WEATHER,ROADCOND,LIGHTCOND,PEDROWNOTG,SDOTCOLNUM,SPEEDING,ST_COLCODE,ST_COLDESC,SEGLANEKEY,CROSSWALKK,HITPARKEDC,geometry,near_str_index,min_length,weather_group
146351,174698,174718,3641403,Matched,Intersection,29552.0,7TH AVE AND STEWART ST,,,2,Injury Collision,Cycles,2,0,1,1,1,0,0,2014-09-04T00:00:00.000Z,9/4/2014 5:38:00 PM,At Intersection (intersection related),18,"MOTOR VEHICLE STRUCK PEDALCYCLIST, FRONT END AT ANGLE",,N,Clear or Partly Cloudy,Dry,Daylight,Y,,,45.0,Vehicle - Pedalcyclist,37031,0,N,POINT (1269772.35947305 227692.6352932155),965.0,0.0,Clear or Partly Cloudy
146371,171262,171282,3701896,Matched,Intersection,29760.0,11TH AVE AND E UNION ST,,,2,Injury Collision,Cycles,2,0,1,1,2,0,0,2014-07-06T00:00:00.000Z,7/6/2014 6:44:00 PM,At Intersection (intersection related),51,PEDALCYCLIST STRUCK MOTOR VEHICLE FRONT END AT ANGLE,,N,Clear or Partly Cloudy,Dry,Daylight,,,,45.0,Vehicle - Pedalcyclist,0,0,N,POINT (1274209.626677588 227111.5245086104),6955.0,0.0,Clear or Partly Cloudy
146393,171263,171283,3702770,Matched,Intersection,27039.0,FREMONT AVE N AND N 34TH ST,,,2,Injury Collision,Cycles,2,0,1,1,1,0,0,2014-07-05T00:00:00.000Z,7/5/2014 5:28:00 PM,At Intersection (intersection related),18,"MOTOR VEHICLE STRUCK PEDALCYCLIST, FRONT END AT ANGLE",,N,Clear or Partly Cloudy,Dry,Daylight,,,,45.0,Vehicle - Pedalcyclist,8240,0,N,POINT (1266674.116909876 240632.7658664584),1223.0,0.0,Clear or Partly Cloudy
146415,172345,172365,3695437,Matched,Intersection,27281.0,MERIDIAN AVE N AND N NORTHLAKE WAY,,,2,Injury Collision,Cycles,2,0,1,1,1,0,0,2014-07-16T00:00:00.000Z,7/16/2014 10:54:00 PM,At Intersection (intersection related),18,"MOTOR VEHICLE STRUCK PEDALCYCLIST, FRONT END AT ANGLE",,N,Clear or Partly Cloudy,Dry,Dark - Street Lights On,,,,45.0,Vehicle - Pedalcyclist,0,630857,N,POINT (1270553.529905841 239563.4763933718),17978.0,0.0,Clear or Partly Cloudy
146469,173459,173479,3571015,Matched,Intersection,29553.0,7TH AVE AND OLIVE WAY,NEI,"Not Enough Information, or Insufficient Location Information",1,Property Damage Only Collision,Cycles,2,0,1,1,0,0,0,2014-08-09T00:00:00.000Z,8/9/2014 5:00:00 PM,At Intersection (intersection related),0,NOT ENOUGH INFORMATION / NOT APPLICABLE,,N,Clear or Partly Cloudy,Dry,Daylight,,,,45.0,Vehicle - Pedalcyclist,37052,0,N,POINT (1270009.609265283 227435.3847329468),6565.0,0.0,Clear or Partly Cloudy
146521,174394,174414,3705093,Matched,Intersection,29968.0,2ND AVE AND MARION ST,,,2,Injury Collision,Cycles,2,0,1,1,1,0,0,2014-08-24T00:00:00.000Z,8/24/2014 1:53:00 PM,At Intersection (intersection related),18,"MOTOR VEHICLE STRUCK PEDALCYCLIST, FRONT END AT ANGLE",Y,N,Clear or Partly Cloudy,Dry,Daylight,Y,,,45.0,Vehicle - Pedalcyclist,12103,0,N,POINT (1270116.020785391 224095.4131455272),2489.0,0.0,Clear or Partly Cloudy
146531,172060,172080,3505141,Matched,Block,,ALKI AVE SW BETWEEN 59TH AVE SW AND 60TH AVE SW,,,1,Property Damage Only Collision,Cycles,2,0,1,1,0,0,0,2014-07-17T00:00:00.000Z,7/17/2014 6:39:00 AM,Driveway Junction,18,"MOTOR VEHICLE STRUCK PEDALCYCLIST, FRONT END AT ANGLE",,N,Overcast,Dry,Dawn,,,,45.0,Vehicle - Pedalcyclist,3638,0,N,POINT (1251634.019678473 215464.5525926948),6120.0,7.363226565432702e-06,Overcast
146543,171579,171599,3643695,Matched,Intersection,29526.0,STEWART ST AND TERRY AVE,,,2,Injury Collision,Cycles,2,0,1,1,1,0,0,2014-07-07T00:00:00.000Z,7/7/2014 12:16:00 PM,At Intersection (intersection related),21,"MOTOR VEHICLE STRUCK PEDALCYCLIST, REAR END",Y,N,Clear or Partly Cloudy,Dry,Daylight,,,,45.0,Vehicle - Pedalcyclist,13691,0,N,POINT (1270422.177329704 228406.9912619442),3789.0,0.0,Clear or Partly Cloudy
146569,173477,173497,3570949,Matched,Block,,ALKI AVE SW BETWEEN SW ARKANSAS ST AND SW HAMPSHIRE ST,,,2,Injury Collision,Cycles,4,0,1,1,2,0,0,2014-08-08T00:00:00.000Z,8/8/2014 12:37:00 PM,Mid-Block (not related to intersection),18,"MOTOR VEHICLE STRUCK PEDALCYCLIST, FRONT END AT ANGLE",Y,N,Clear or Partly Cloudy,Dry,Daylight,,,,45.0,Vehicle - Pedalcyclist,3593,0,N,POINT (1255293.27299422 218938.2937162519),12524.0,1.5119837884615262e-05,Clear or Partly Cloudy
146589,172361,172381,3574798,Matched,Block,,DENNY WAY BETWEEN STEWART ST AND MELROSE AVE,,,2,Injury Collision,Cycles,3,0,1,2,1,0,0,2014-07-21T00:00:00.000Z,7/21/2014 9:00:00 PM,Mid-Block (not related to intersection),56,PEDALCYCLIST STRUCK MOTOR VEHICLE LEFT SIDE SIDESWIPE,,N,Clear or Partly Cloudy,Dry,Daylight,,,Y,45.0,Vehicle - Pedalcyclist,23551,0,N,POINT (1271494.205362812 229177.3080627322),17903.0,1.1697567150221174e-05,Clear or Partly Cloudy
146610,174207,174227,3572711,Matched,Intersection,24291.0,GREENWOOD AVE N AND N 79TH ST,,,2,Injury Collision,Cycles,3,0,1,1,1,0,0,2014-08-22T00:00:00.000Z,8/22/2014 6:14:00 PM,At Intersection (intersection related),51,PEDALCYCLIST STRUCK MOTOR VEHICLE FRONT END AT ANGLE,Y,N,Clear or Partly Cloudy,Dry,Daylight,,,,45.0,Vehicle - Pedalcyclist,4491,0,N,POINT (1265570.190636739 254016.8524081707),3561.0,0.0,Clear or Partly Cloudy
146636,171063,171083,3703356,Matched,Intersection,24457.0,5TH AVE NE AND NE 71ST ST,,,2,Injury Collision,Cycles,2,0,1,1,1,0,0,2014-07-02T00:00:00.000Z,7/2/2014 12:48:00 PM,At Intersection (intersection related),51,PEDALCYCLIST STRUCK MOTOR VEHICLE FRONT END AT ANGLE,,N,Clear or Partly Cloudy,Dry,Daylight,,,,45.0,Vehicle - Pedalcyclist,0,521889,N,POINT (1273516.078644872 251653.3713177443),1466.0,0.0,Clear or Partly Cloudy
146659,174895,174915,3593963,Matched,Block,,S JACKSON ST BETWEEN 10TH AVE S AND 12TH AVE S,,,2,Injury Collision,Cycles,1,0,1,0,1,0,0,2014-09-09T00:00:00.000Z,9/9/2014 4:19:00 PM,Mid-Block (not related to intersection),29,MOTOR VEHICLE OVERTURNED IN ROAD,,N,Clear or Partly Cloudy,Dry,Daylight,,,,45.0,Vehicle - Pedalcyclist,24479,0,N,POINT (1274036.343669415 222100.3491434902),20239.0,2.70784097836294e-05,Clear or Partly Cloudy
146695,171840,171860,3642351,Matched,Intersection,29748.0,12TH AVE AND E PIKE ST,,,2,Injury Collision,Cycles,1,0,1,0,1,0,0,2014-07-12T00:00:00.000Z,7/12/2014 5:27:00 PM,At Intersection (intersection related),11,"MOTOR VEHICLE STRUCK MOTOR VEHICLE, FRONT END AT ANGLE",,N,Clear or Partly Cloudy,Dry,Daylight,,,,45.0,Vehicle - Pedalcyclist,10785,0,N,POINT (1274535.139893919 227533.018781051),39.0,0.0,Clear or Partly Cloudy
146706,172369,172389,3644167,Matched,Block,,S KING ST BETWEEN 1ST AVE S AND OCCIDENTAL W AVE S,NEI,"Not Enough Information, or Insufficient Location Information",2,Injury Collision,Parked Car,2,0,1,1,1,0,0,2014-07-17T00:00:00.000Z,7/17/2014 8:30:00 AM,,0,NOT ENOUGH INFORMATION / NOT APPLICABLE,Y,N,Clear or Partly Cloudy,Dry,Daylight,,,,32.0,One parked--one moving,0,0,N,POINT (1270256.966321543 221846.9387752265),22114.0,1.920780667980011e-05,Clear or Partly Cloudy
146732,173709,173729,3584044,Matched,Block,,4TH AVE BETWEEN UNION ST AND PIKE ST,,,2b,Serious Injury Collision,Cycles,2,0,1,1,1,1,0,2014-08-14T00:00:00.000Z,8/14/2014 5:10:00 PM,Mid-Block (not related to intersection),51,PEDALCYCLIST STRUCK MOTOR VEHICLE FRONT END AT ANGLE,,N,Clear or Partly Cloudy,Dry,Daylight,,,,45.0,Vehicle - Pedalcyclist,12755,0,N,POINT (1269721.416624993 226026.19996351),18779.0,3.7947673738322486e-09,Clear or Partly Cloudy
146751,174422,174442,3584908,Matched,Block,,VIRGINIA ST BETWEEN 7TH AVE AND 8TH AVE,,,2,Injury Collision,Cycles,2,0,1,1,1,0,0,2014-08-26T00:00:00.000Z,8/26/2014 12:10:00 PM,Mid-Block (but intersection related),54,PEDALCYCLIST STRUCK MOTOR VEHICLE REAR END,Y,N,Clear or Partly Cloudy,Dry,Daylight,,,,45.0,Vehicle - Pedalcyclist,14311,0,N,POINT (1269565.672624826 228098.3673896343),3808.0,5.012251997302299e-09,Clear or Partly Cloudy
146819,171611,171631,3574933,Matched,Block,,ALASKAN E RDWY WAY S BETWEEN S WASHINGTON ST AND S MAIN ST,,,2,Injury Collision,Cycles,3,0,1,1,1,0,0,2014-07-09T00:00:00.000Z,7/9/2014 6:01:00 PM,Mid-Block (but intersection related),18,"MOTOR VEHICLE STRUCK PEDALCYCLIST, FRONT END AT ANGLE",,N,Clear or Partly Cloudy,Dry,Daylight,,,,45.0,Vehicle - Pedalcyclist,0,522619,N,POINT (1269846.153521121 222649.5575920492),3319.0,3.0785206384742654e-05,Clear or Partly Cloudy
146863,172424,172444,3706790,Matched,Intersection,27091.0,15TH AVE NE AND NE 42ND ST,,,2,Injury Collision,Cycles,2,0,1,1,1,0,0,2014-07-21T00:00:00.000Z,7/21/2014 9:40:00 PM,At Intersection (intersection related),18,"MOTOR VEHICLE STRUCK PEDALCYCLIST, FRONT END AT ANGLE",,N,Overcast,Wet,Dark - Street Lights Off,,,,45.0,Vehicle - Pedalcyclist,0,520846,N,POINT (1276019.869751438 243629.2156615257),9126.0,0.0,Overcast
146864,172423,172443,3706791,Matched,Intersection,25744.0,8TH AVE NE AND NE 56TH ST,,,2,Injury Collision,Cycles,2,0,1,1,1,0,0,2014-07-22T00:00:00.000Z,7/22/2014 10:28:00 AM,At Intersection (intersection related),51,PEDALCYCLIST STRUCK MOTOR VEHICLE FRONT END AT ANGLE,,N,Overcast,Dry,Daylight,,,,45.0,Vehicle - Pedalcyclist,0,0,N,POINT (1274118.942517489 247686.1137136817),1425.0,0.0,Overcast
146876,174918,174938,3593962,Matched,Intersection,29826.0,12TH AVE AND E ALDER ST,,,2,Injury Collision,Cycles,2,0,1,1,1,0,0,2014-09-04T00:00:00.000Z,9/4/2014 11:30:00 AM,At Intersection (intersection related),18,"MOTOR VEHICLE STRUCK PEDALCYCLIST, FRONT END AT ANGLE",,N,Unknown,Unknown,Daylight,,,,45.0,Vehicle - Pedalcyclist,10590,0,N,POINT (1274480.128053859 223979.3716734052),2319.0,0.0,
146877,174911,174931,3705085,Matched,Block,,QUEEN ANNE AVE N BETWEEN JOHN ST AND THOMAS ST,,,2,Injury Collision,Cycles,2,0,1,1,1,0,0,2014-08-22T00:00:00.000Z,8/22/2014 9:46:00 AM,Driveway Junction,51,PEDALCYCLIST STRUCK MOTOR VEHICLE FRONT END AT ANGLE,Y,N,Clear or Partly Cloudy,Dry,Daylight,Y,,,45.0,Vehicle - Pedalcyclist,12314,0,N,POINT (1264739.209259897 230005.8653755784),6602.0,7.631340761399554e-09,Clear or Partly Cloudy
146915,171864,171884,3698996,Matched,Intersection,31514.0,23RD AVE S AND S MASSACHUSETTS ST,,,2,Injury Collision,Cycles,5,0,1,1,1,0,0,2014-07-12T00:00:00.000Z,7/12/2014 1:47:00 PM,At Intersection (intersection related),18,"MOTOR VEHICLE STRUCK PEDALCYCLIST, FRONT END AT ANGLE",Y,N,Clear or Partly Cloudy,Dry,Daylight,,,,45.0,Vehicle - Pedalcyclist,0,630858,N,POINT (1277868.146745339 218082.2567873746),2587.0,0.0,Clear or Partly Cloudy
146967,172708,172728,3696476,Matched,Block,,1ST AVE BETWEEN MADISON ST AND SPRING ST,,,2,Injury Collision,Cycles,2,0,1,1,1,0,0,2014-07-25T00:00:00.000Z,7/25/2014 7:34:00 PM,Mid-Block (not related to intersection),54,PEDALCYCLIST STRUCK MOTOR VEHICLE REAR END,,N,Clear or Partly Cloudy,Dry,Daylight,,,,45.0,Vehicle - Pedalcyclist,36768,0,N,POINT (1269605.467952877 224326.176665768),4939.0,8.605027257108728e-06,Clear or Partly Cloudy
147000,173723,173743,3642477,Matched,Intersection,30436.0,12TH AVE S AND S WELLER ST,,,2,Injury Collision,Cycles,3,0,2,1,1,0,0,2014-08-14T00:00:00.000Z,8/14/2014 5:36:00 PM,At Intersection (intersection related),14,"MOTOR VEHICLE STRUCK MOTOR VEHICLE, REAR END",Y,N,Clear or Partly Cloudy,Dry,Daylight,,,,45.0,Vehicle - Pedalcyclist,16241,0,N,POINT (1274321.9702297 221479.3706468493),9380.0,0.0,Clear or Partly Cloudy
148005,171960,171980,3702004,Matched,Block,,HARVARD AVE E BETWEEN E ALLISON ST AND EASTLAKE AVE E,,,2,Injury Collision,Cycles,2,0,1,1,1,0,0,2014-07-15T00:00:00.000Z,7/15/2014 7:40:00 AM,Mid-Block (not related to intersection),69,PEDALCYCLIST OVERTURNED IN ROAD,Y,N,Clear or Partly Cloudy,Dry,Daylight,,,,45.0,Vehicle - Pedalcyclist,6060,0,N,POINT (1273488.362036854 240508.8856743425),762.0,1.018576464839149e-05,Clear or Partly Cloudy
148053,173422,173442,3705309,Matched,Block,,BROAD ST BETWEEN 3RD AVE AND DENNY WAY,,,2,Injury Collision,Cycles,2,0,1,1,1,0,0,2014-07-24T00:00:00.000Z,7/24/2014 7:30:00 AM,Mid-Block (not related to intersection),51,PEDALCYCLIST STRUCK MOTOR VEHICLE FRONT END AT ANGLE,,N,Overcast,Wet,Daylight,,,,45.0,Vehicle - Pedalcyclist,20163,0,N,POINT (1266246.916013435 229267.4690868258),21971.0,0.0,Overcast
148057,174365,174385,3642554,Matched,Intersection,29863.0,MELROSE AVE AND PINE ST,,,1,Property Damage Only Collision,Cycles,2,0,1,1,0,0,0,2014-08-26T00:00:00.000Z,8/26/2014 7:56:00 AM,At Intersection (intersection related),18,"MOTOR VEHICLE STRUCK PEDALCYCLIST, FRONT END AT ANGLE",,N,Clear or Partly Cloudy,Dry,Daylight,,,,45.0,Vehicle - Pedalcyclist,11518,0,N,POINT (1271813.802035138 227999.6394535303),897.0,0.0,Clear or Partly Cloudy
148086,173145,173165,3646471,Matched,Block,,11TH AVE NE BETWEEN NE 56TH ST AND NE RAVENNA EB BV,,,2,Injury Collision,Cycles,2,0,1,1,1,0,0,2014-08-01T00:00:00.000Z,8/1/2014 2:17:00 PM,Mid-Block (not related to intersection),18,"MOTOR VEHICLE STRUCK PEDALCYCLIST, FRONT END AT ANGLE",Y,N,Overcast,Dry,Daylight,Y,,,45.0,Vehicle - Pedalcyclist,9056,0,N,POINT (1275067.654326469 248132.9990261495),22654.0,1.0974177867296507e-06,Overcast
148117,175021,175041,3608744,Matched,Intersection,37430.0,DAYTON AVE N AND N 92ND ST,,,2,Injury Collision,Cycles,2,0,1,1,1,0,0,2014-09-10T00:00:00.000Z,9/10/2014 7:53:00 AM,At Intersection (intersection related),18,"MOTOR VEHICLE STRUCK PEDALCYCLIST, FRONT END AT ANGLE",,N,Overcast,Dry,Daylight,,,,45.0,Vehicle - Pedalcyclist,0,0,N,POINT (1266288.91422148 257579.906747818),6277.0,0.0,Overcast
148124,171771,171791,3574557,Matched,Block,,BLANCHARD ST BETWEEN 5TH AVE AND 6TH AVE,,,2,Injury Collision,Left Turn,2,0,1,1,1,0,0,2014-07-14T00:00:00.000Z,7/14/2014 8:45:00 AM,Mid-Block (but intersection related),18,"MOTOR VEHICLE STRUCK PEDALCYCLIST, FRONT END AT ANGLE",,N,Clear or Partly Cloudy,Dry,Daylight,Y,,,15.0,From same direction - one left turn - one straight,14205,0,N,POINT (1268501.473007739 228194.8319657296),11053.0,3.322138240102075e-05,Clear or Partly Cloudy
148125,171441,171461,3704986,Matched,Block,,DEXTER AVE N BETWEEN GALER ST AND GARFIELD S ST,,,2,Injury Collision,Cycles,2,0,1,1,1,0,0,2014-07-07T00:00:00.000Z,7/7/2014 7:06:00 PM,Mid-Block (not related to intersection),51,PEDALCYCLIST STRUCK MOTOR VEHICLE FRONT END AT ANGLE,Y,N,Clear or Partly Cloudy,Dry,Daylight,,,,45.0,Vehicle - Pedalcyclist,12941,0,N,POINT (1268392.727471635 234418.6114920974),697.0,0.0,Clear or Partly Cloudy
148142,173151,173171,3696526,Matched,Block,,DEXTER AVE N BETWEEN VALLEY ST AND ALOHA ST,,,2,Injury Collision,Cycles,2,0,1,1,1,0,0,2014-07-29T00:00:00.000Z,7/29/2014 5:21:00 PM,Mid-Block (not related to intersection),16,"MOTOR VEHICLE STRUCK MOTOR VEHICLE, LEFT SIDE SIDESWIPE",Y,N,Clear or Partly Cloudy,Dry,Daylight,,,,45.0,Vehicle - Pedalcyclist,12729,0,N,POINT (1268338.191279575 232249.0317138731),18939.0,1.9077167276418439e-10,Clear or Partly Cloudy
148150,172851,172871,3501813,Matched,Block,,AURORA AVE N BETWEEN N 117TH PL AND N 125TH ST,,,2,Injury Collision,Cycles,2,0,1,1,1,0,0,2014-06-07T00:00:00.000Z,6/7/2014 9:34:00 AM,Mid-Block (not related to intersection),51,PEDALCYCLIST STRUCK MOTOR VEHICLE FRONT END AT ANGLE,Y,N,Clear or Partly Cloudy,Dry,Daylight,,,,45.0,Vehicle - Pedalcyclist,0,0,N,POINT (1268353.833967596 265256.6096676737),23335.0,2.4171703300871364e-05,Clear or Partly Cloudy
148173,173155,173175,3695633,Matched,Block,,15TH AVE NE BETWEEN NE 104TH ST AND NE 106TH ST,,,2b,Serious Injury Collision,Cycles,1,0,1,0,1,1,0,2014-08-01T00:00:00.000Z,8/1/2014 3:15:00 AM,Mid-Block (not related to intersection),18,"MOTOR VEHICLE STRUCK PEDALCYCLIST, FRONT END AT ANGLE",,N,Clear or Partly Cloudy,Dry,Dark - Street Lights On,,,,45.0,Vehicle - Pedalcyclist,27979,0,N,POINT (1276260.301623687 260734.8211830407),22133.0,7.019657636965419e-06,Clear or Partly Cloudy
148190,171997,172017,3700296,Matched,Block,,WESTERN AVE W BETWEEN 2ND AVE W AND ELLIOTT ER AVE W,,,1,Property Damage Only Collision,Cycles,2,0,1,1,0,0,0,2014-07-15T00:00:00.000Z,7/15/2014 8:30:00 AM,Mid-Block (not related to intersection),23,"MOTOR VEHICLE STRUCK PEDALCYCLIST, LEFT SIDE SIDESWIPE",Y,N,Clear or Partly Cloudy,Dry,Daylight,,,,45.0,Vehicle - Pedalcyclist,19126,0,N,POINT (1264007.271851137 229885.2865594625),22213.0,2.746248419709881e-05,Clear or Partly Cloudy
148208,174118,174138,3705131,Matched,Intersection,30367.0,ALASKAN WAY S AND S KING ST,,,2,Injury Collision,Cycles,2,0,1,1,1,0,0,2014-07-29T00:00:00.000Z,7/29/2014 2:13:00 PM,At Intersection (intersection related),51,PEDALCYCLIST STRUCK MOTOR VEHICLE FRONT END AT ANGLE,,N,Clear or Partly Cloudy,Dry,Daylight,,,,45.0,Vehicle - Pedalcyclist,0,0,N,,,,Clear or Partly Cloudy
148226,174868,174888,3588763,Matched,Block,,6TH AVE BETWEEN OLIVE WAY AND STEWART ST,,,2,Injury Collision,Cycles,2,0,1,1,1,0,0,2014-09-02T00:00:00.000Z,9/2/2014 11:50:00 AM,Mid-Block (not related to intersection),18,"MOTOR VEHICLE STRUCK PEDALCYCLIST, FRONT END AT ANGLE",,N,Clear or Partly Cloudy,Dry,Daylight,Y,,,45.0,Vehicle - Pedalcyclist,25430,0,N,POINT (1269644.176560909 227362.5130528808),8688.0,1.7067578941517776e-10,Clear or Partly Cloudy
148246,174685,174705,3562221,Matched,Intersection,36585.0,CORLISS AVE N AND N NORTHGATE WAY,,,2,Injury Collision,Cycles,2,0,1,1,1,0,0,2014-09-01T00:00:00.000Z,9/1/2014 10:41:00 PM,At Intersection (intersection related),18,"MOTOR VEHICLE STRUCK PEDALCYCLIST, FRONT END AT ANGLE",Y,N,Clear or Partly Cloudy,Dry,Dark - Street Lights On,,,,45.0,Vehicle - Pedalcyclist,0,525659,N,POINT (1271636.107314959 262081.3979524225),14407.0,0.0,Clear or Partly Cloudy
148247,174684,174704,3553107,Matched,Intersection,24581.0,EAST GREEN LAKE DR N AND NE RAVENNA EB BV,,,2,Injury Collision,Cycles,2,0,1,1,1,0,0,2014-09-04T00:00:00.000Z,9/4/2014 11:49:00 AM,At Intersection (intersection related),18,"MOTOR VEHICLE STRUCK PEDALCYCLIST, FRONT END AT ANGLE",,N,Clear or Partly Cloudy,Dry,Daylight,,,,45.0,Vehicle - Pedalcyclist,0,631431,N,POINT (1272810.842420161 251540.7730456293),3880.0,0.0,Clear or Partly Cloudy
148258,171779,171799,3706729,Matched,Intersection,27111.0,EASTLAKE AVE NE AND ROOSEVELT WAY NE,,,2,Injury Collision,Cycles,2,0,1,1,1,0,0,2014-07-10T00:00:00.000Z,7/10/2014 3:19:00 PM,At Intersection (intersection related),18,"MOTOR VEHICLE STRUCK PEDALCYCLIST, FRONT END AT ANGLE",,N,Clear or Partly Cloudy,Dry,Daylight,Y,,,45.0,Vehicle - Pedalcyclist,11675,0,N,POINT (1274582.027061969 242823.7533887029),706.0,0.0,Clear or Partly Cloudy
148272,171449,171469,3706577,Matched,Block,,26TH AVE BETWEEN E FIR ST AND E ALDER ST,,,2,Injury Collision,Cycles,2,0,1,1,1,0,0,2014-07-05T00:00:00.000Z,7/5/2014 7:00:00 PM,Mid-Block (not related to intersection),54,PEDALCYCLIST STRUCK MOTOR VEHICLE REAR END,Y,N,Overcast,Dry,Daylight,,,,45.0,Vehicle - Pedalcyclist,0,0,N,POINT (1278882.518522367 223572.750680998),2640.0,7.470464271627322e-06,Overcast
148276,171776,171796,3706730,Matched,Intersection,35902.0,ROOSEVELT WAY NE AND NE 125TH N ST,,,2,Injury Collision,Cycles,2,0,1,1,1,0,0,2014-07-12T00:00:00.000Z,7/12/2014 7:20:00 PM,At Intersection (intersection related),51,PEDALCYCLIST STRUCK MOTOR VEHICLE FRONT END AT ANGLE,,N,Clear or Partly Cloudy,Dry,Daylight,,,,45.0,Vehicle - Pedalcyclist,0,520783,N,POINT (1274958.863414362 266066.3469485044),4986.0,0.0,Clear or Partly Cloudy
148289,172855,172875,3702023,Matched,Intersection,30428.0,BOREN AVE S AND RAINIER AVE S,,,2b,Serious Injury Collision,Cycles,2,0,1,1,1,1,0,2014-07-25T00:00:00.000Z,7/25/2014 7:49:00 PM,At Intersection (intersection related),18,"MOTOR VEHICLE STRUCK PEDALCYCLIST, FRONT END AT ANGLE",,N,Clear or Partly Cloudy,Dry,Daylight,,,,45.0,Vehicle - Pedalcyclist,25279,0,N,POINT (1275096.091702491 222088.5095914751),1804.0,0.0,Clear or Partly Cloudy
148335,174126,174146,3706316,Matched,Intersection,26710.0,9TH AVE NW AND NW 45TH ST,,,2,Injury Collision,Cycles,2,0,1,1,1,0,0,2014-08-07T00:00:00.000Z,8/7/2014 6:14:00 PM,At Intersection (intersection related),18,"MOTOR VEHICLE STRUCK PEDALCYCLIST, FRONT END AT ANGLE",,N,Clear or Partly Cloudy,Dry,Daylight,,,,45.0,Vehicle - Pedalcyclist,0,630875,N,POINT (1262110.833705202 245056.5021909922),1566.0,0.0,Clear or Partly Cloudy
148375,174383,174403,3699478,Matched,Intersection,33108.0,AIRPORT WAY S AND CORSON AVE S,,,2,Injury Collision,Cycles,3,0,1,1,1,0,0,2014-08-25T00:00:00.000Z,8/25/2014 3:30:00 PM,At Intersection (intersection related),18,"MOTOR VEHICLE STRUCK PEDALCYCLIST, FRONT END AT ANGLE",,N,Clear or Partly Cloudy,Dry,Daylight,,,,45.0,Vehicle - Pedalcyclist,0,522394,N,POINT (1273378.571828738 204927.7095738947),10299.0,0.0,Clear or Partly Cloudy
148376,174382,174402,3699431,Matched,Intersection,33108.0,AIRPORT WAY S AND CORSON AVE S,,,2,Injury Collision,Cycles,3,0,1,1,1,0,0,2014-08-25T00:00:00.000Z,8/25/2014 3:46:00 PM,At Intersection (intersection related),24,MOTOR VEHCILE STRUCK PEDESTRIAN,,N,Clear or Partly Cloudy,Dry,Daylight,,,,45.0,Vehicle - Pedalcyclist,0,522394,N,POINT (1273378.571828738 204927.7095738947),10299.0,0.0,Clear or Partly Cloudy
148380,175042,175062,3705290,Matched,Intersection,30732.0,22ND AVE AND E YESLER WAY,,,2,Injury Collision,Cycles,3,0,1,1,1,0,0,2014-09-10T00:00:00.000Z,9/10/2014 5:23:00 PM,At Intersection (intersection related),51,PEDALCYCLIST STRUCK MOTOR VEHICLE FRONT END AT ANGLE,,N,Clear or Partly Cloudy,Dry,Daylight,,,,45.0,Vehicle - Pedalcyclist,10042,0,N,POINT (1277678.22623314 222936.1837043464),10456.0,0.0,Clear or Partly Cloudy
148398,171797,171817,3706728,Matched,Block,,15TH AVE NE BETWEEN NE 65TH ST AND NE 66TH ST,,,1,Property Damage Only Collision,Cycles,2,0,1,1,0,0,0,2014-07-11T00:00:00.000Z,7/11/2014 6:41:00 PM,Mid-Block (but intersection related),21,"MOTOR VEHICLE STRUCK PEDALCYCLIST, REAR END",,N,Clear or Partly Cloudy,Dry,Daylight,,,,45.0,Vehicle - Pedalcyclist,29280,0,N,POINT (1276177.968695611 250136.1944841892),5097.0,7.450471466986167e-09,Clear or Partly Cloudy
148410,171254,171274,3701858,Matched,Block,,25TH AVE E BETWEEN E PROSPECT ST AND E HIGHLAND DR,,,2,Injury Collision,Cycles,3,0,1,1,1,0,0,2014-06-03T00:00:00.000Z,6/3/2014 3:02:00 PM,Mid-Block (not related to intersection),56,PEDALCYCLIST STRUCK MOTOR VEHICLE LEFT SIDE SIDESWIPE,,N,Clear or Partly Cloudy,Dry,Daylight,,,,45.0,Vehicle - Pedalcyclist,0,0,N,POINT (1278713.517818198 233165.0434268117),16412.0,1.2219095570765302e-05,Clear or Partly Cloudy
148415,172038,172058,3644934,Matched,Block,,ALKI AVE SW BETWEEN 58TH AVE SW AND MARINE AVE SW,,,2,Injury Collision,Cycles,2,0,1,1,1,0,0,2014-07-14T00:00:00.000Z,7/14/2014 4:22:00 PM,Mid-Block (not related to intersection),56,PEDALCYCLIST STRUCK MOTOR VEHICLE LEFT SIDE SIDESWIPE,,N,Clear or Partly Cloudy,Dry,Daylight,,,,45.0,Vehicle - Pedalcyclist,3626,0,N,POINT (1252150.739614993 215780.2150570154),3323.0,1.917181015689658e-05,Clear or Partly Cloudy