OBJECTID,INCKEY,COLDETKEY,REPORTNO,STATUS,ADDRTYPE,INTKEY,LOCATION,EXCEPTRSNC,EXCEPTRSND,SEVERITYCO,SEVERITYDE,COLLISIONT,PERSONCOUN,PEDCOUNT,PEDCYLCOUN,VEHCOUNT,INJURIES,SERIOUSINJ,FATALITIES,INCDATE,INCDTTM,JUNCTIONTY,SDOT_COLCO,SDOT_COLDE,INATTENTIO,UNDERINFL,WEATHER,ROADCOND,LIGHTCOND,PEDROWNOTG,SDOTCOLNUM,SPEEDING,ST_COLCODE,ST_COLDESC,SEGLANEKEY,CROSSWALKK,HITPARKEDC,geometry,near_str_index,min_length,weather_group
148417,171805,171825,3705515,Matched,Block,,ALASKAN WAY BETWEEN WALL ST AND VINE ST,,,2,Injury Collision,Cycles,2,0,1,1,1,0,0,2014-07-13T00:00:00.000Z,7/13/2014 4:20:00 PM,Mid-Block (not related to intersection),56,PEDALCYCLIST STRUCK MOTOR VEHICLE LEFT SIDE SIDESWIPE,Y,N,Overcast,Dry,Daylight,,,,45.0,Vehicle - Pedalcyclist,20821,0,N,POINT (1265935.233197108 227325.1042848378),11888.0,1.0844115121314477e-09,Overcast
148452,175943,175963,3695998,Matched,Block,,BROOKLYN AVE NE BETWEEN NE BOAT ST AND NE PACIFIC ST,,,1,Property Damage Only Collision,Cycles,2,0,1,1,0,0,0,2014-09-25T00:00:00.000Z,9/25/2014 9:00:00 AM,Driveway Junction,18,"MOTOR VEHICLE STRUCK PEDALCYCLIST, FRONT END AT ANGLE",,N,Raining,Wet,Daylight,,,,45.0,Vehicle - Pedalcyclist,10739,0,N,POINT (1275379.22949478 241599.3623474538),17883.0,7.445521829380298e-09,Raining
148479,176929,176949,3591789,Matched,Intersection,24242.0,WINONA AVE N AND WEST GREEN LAKE DR N,,,2b,Serious Injury Collision,Cycles,2,0,1,1,1,1,0,2014-10-02T00:00:00.000Z,10/2/2014 7:11:00 PM,At Intersection (intersection related),18,"MOTOR VEHICLE STRUCK PEDALCYCLIST, FRONT END AT ANGLE",,N,Clear or Partly Cloudy,Dry,Dark - Street Lights On,,,,45.0,Vehicle - Pedalcyclist,27881,0,N,POINT (1269554.434096828 253543.2831276804),8158.0,0.0,Clear or Partly Cloudy
148508,177817,177837,3575329,Matched,Intersection,24351.0,PHINNEY AVE N AND N 67TH S ST,,,2,Injury Collision,Cycles,3,0,1,1,1,0,0,2014-10-22T00:00:00.000Z,10/22/2014 5:16:00 PM,At Intersection (intersection related),18,"MOTOR VEHICLE STRUCK PEDALCYCLIST, FRONT END AT ANGLE",,N,Raining,Wet,Dusk,Y,,,45.0,Vehicle - Pedalcyclist,4288,0,N,POINT (1265661.63306883 250896.8344849795),3701.0,0.0,Raining
148539,175781,175801,3642766,Matched,Intersection,27153.0,EASTLAKE AVE E AND FUHRMAN AVE E,,,1,Property Damage Only Collision,Cycles,2,0,1,1,0,0,0,2014-09-22T00:00:00.000Z,9/22/2014 8:31:00 AM,At Intersection (intersection related),51,PEDALCYCLIST STRUCK MOTOR VEHICLE FRONT END AT ANGLE,,N,Raining,Wet,Daylight,,,,45.0,Vehicle - Pedalcyclist,6078,0,N,POINT (1273704.647989064 241221.0042030662),995.0,0.0,Raining
148554,176930,176950,3591792,Matched,Intersection,24431.0,ROOSEVELT WAY NE AND NE 75TH ST,,,2,Injury Collision,Cycles,2,0,1,1,1,0,0,2014-10-06T00:00:00.000Z,10/6/2014 9:47:00 AM,At Intersection (intersection related),18,"MOTOR VEHICLE STRUCK PEDALCYCLIST, FRONT END AT ANGLE",Y,N,Clear or Partly Cloudy,Dry,Daylight,,,,45.0,Vehicle - Pedalcyclist,0,522365,N,POINT (1274859.364150256 252702.9766948223),4226.0,0.0,Clear or Partly Cloudy
148584,176511,176531,3642888,Matched,Intersection,29861.0,CRAWFORD PL AND E PINE ST,,,1,Property Damage Only Collision,Cycles,2,0,1,1,0,0,0,2014-10-02T00:00:00.000Z,10/2/2014 12:11:00 PM,At Intersection (intersection related),51,PEDALCYCLIST STRUCK MOTOR VEHICLE FRONT END AT ANGLE,Y,N,Clear or Partly Cloudy,Dry,Daylight,,,,45.0,Vehicle - Pedalcyclist,10348,0,N,POINT (1272237.122099563 227982.7903015018),1148.0,0.0,Clear or Partly Cloudy
148620,176933,176953,3642708,Matched,Intersection,30304.0,33RD AVE AND E COLUMBIA ST,,,1,Property Damage Only Collision,Cycles,2,0,1,1,0,0,0,2014-10-04T00:00:00.000Z,10/4/2014 12:30:00 PM,At Intersection (intersection related),51,PEDALCYCLIST STRUCK MOTOR VEHICLE FRONT END AT ANGLE,,N,Clear or Partly Cloudy,Dry,Daylight,,,,45.0,Vehicle - Pedalcyclist,0,0,N,POINT (1281008.092988551 225644.292763114),3868.0,0.0,Clear or Partly Cloudy
148625,177823,177843,3591817,Matched,Intersection,25791.0,12TH AVE NE AND NE 50TH ST,,,2,Injury Collision,Cycles,2,0,1,1,1,0,0,2014-09-14T00:00:00.000Z,9/14/2014 1:15:00 PM,At Intersection (intersection related),18,"MOTOR VEHICLE STRUCK PEDALCYCLIST, FRONT END AT ANGLE",,N,Clear or Partly Cloudy,Dry,Daylight,,,,45.0,Vehicle - Pedalcyclist,21425,0,N,POINT (1275285.888054684 246057.0305760205),2326.0,0.0,Clear or Partly Cloudy
148633,178620,178660,3519947,Matched,Block,,NE PACIFIC ST BETWEEN BROOKLYN AVE NE AND UNIVERSITY WAY NE,,,2,Injury Collision,Cycles,1,0,1,0,1,0,0,2014-09-29T00:00:00.000Z,9/29/2014 4:07:00 PM,Mid-Block (not related to intersection),69,PEDALCYCLIST OVERTURNED IN ROAD,,Y,Clear or Partly Cloudy,Dry,Daylight,,,,45.0,Vehicle - Pedalcyclist,0,0,N,POINT (1275538.274230942 241908.5121077746),20936.0,9.619325696156352e-06,Clear or Partly Cloudy
148685,175340,175360,3576638,Matched,Block,,3RD AVE NW BETWEEN NW 62ND ST AND NW 65TH ST,,,2,Injury Collision,Cycles,4,0,1,1,1,0,0,2014-09-05T00:00:00.000Z,9/5/2014 5:30:00 PM,Mid-Block (not related to intersection),18,"MOTOR VEHICLE STRUCK PEDALCYCLIST, FRONT END AT ANGLE",,N,Clear or Partly Cloudy,Dry,Daylight,,,,45.0,Vehicle - Pedalcyclist,33534,0,N,POINT (1264141.480555281 249992.818868041),5464.0,7.059328524055594e-06,Clear or Partly Cloudy
148710,176753,176773,3584148,Matched,Block,,2ND AVE BETWEEN UNION ST AND PIKE ST,,,2,Injury Collision,Cycles,2,0,1,1,1,0,0,2014-10-06T00:00:00.000Z,10/6/2014 7:30:00 AM,Driveway Junction,18,"MOTOR VEHICLE STRUCK PEDALCYCLIST, FRONT END AT ANGLE",,N,Clear or Partly Cloudy,Dry,Daylight,,,,45.0,Vehicle - Pedalcyclist,42160,0,N,POINT (1269167.241392419 225698.1291791648),135.0,1.0206619767903732e-08,Clear or Partly Cloudy
148747,177597,177617,3503337,Matched,Intersection,27093.0,ROOSEVELT WAY NE AND NE 42ND S ST,,,2,Injury Collision,Cycles,2,0,1,1,1,0,0,2014-10-15T00:00:00.000Z,10/15/2014 10:37:00 AM,At Intersection (intersection related),51,PEDALCYCLIST STRUCK MOTOR VEHICLE FRONT END AT ANGLE,Y,N,Clear or Partly Cloudy,Dry,Daylight,Y,,,45.0,Vehicle - Pedalcyclist,8985,0,N,POINT (1274602.278453991 243369.3024452627),15971.0,0.0,Clear or Partly Cloudy
148765,178382,178402,3588647,Matched,Block,,EASTLAKE AVE E BETWEEN FAIRVIEW AVE N AND E GARFIELD ST,,,2,Injury Collision,Cycles,2,0,1,1,1,0,0,2014-10-28T00:00:00.000Z,10/28/2014 3:34:00 PM,Driveway Junction,18,"MOTOR VEHICLE STRUCK PEDALCYCLIST, FRONT END AT ANGLE",,N,Overcast,Wet,Daylight,Y,,,45.0,Vehicle - Pedalcyclist,25391,0,N,POINT (1272451.355635792 234487.7995881736),8786.0,1.7365056339255425e-05,Overcast
148844,176960,176980,3693751,Matched,Intersection,35575.0,53RD AVE S AND LAKE WASHINGTON BLVD S,,,1,Property Damage Only Collision,Cycles,2,0,1,1,0,0,0,2014-10-04T00:00:00.000Z,10/4/2014 4:50:00 PM,At Intersection (intersection related),21,"MOTOR VEHICLE STRUCK PEDALCYCLIST, REAR END",,N,Clear or Partly Cloudy,Dry,Daylight,,,,45.0,Vehicle - Pedalcyclist,38134,0,N,POINT (1286481.127234161 208148.8728411943),3158.0,0.0,Clear or Partly Cloudy
148848,176958,176978,3693637,Matched,Intersection,33303.0,24TH AVE S AND S COLUMBIAN WAY,,,2,Injury Collision,Cycles,2,0,1,1,1,0,0,2014-10-06T00:00:00.000Z,10/6/2014 4:41:00 PM,At Intersection (intersection related),51,PEDALCYCLIST STRUCK MOTOR VEHICLE FRONT END AT ANGLE,,N,Clear or Partly Cloudy,Dry,Daylight,,,,45.0,Vehicle - Pedalcyclist,8636,0,N,POINT (1277541.556793004 207676.25869672),5339.0,0.0,Clear or Partly Cloudy
148849,176530,176550,3386346,Matched,Block,,CALIFORNIA AVE SW BETWEEN SW COLLEGE ST AND SW ADMIRAL WAY,,,2,Injury Collision,Cycles,2,0,1,1,1,0,0,2014-09-23T00:00:00.000Z,9/23/2014 10:14:00 PM,Mid-Block (not related to intersection),56,PEDALCYCLIST STRUCK MOTOR VEHICLE LEFT SIDE SIDESWIPE,Y,N,Raining,Wet,Dark - Street Lights On,,,,45.0,Vehicle - Pedalcyclist,32696,0,N,POINT (1257117.220900089 216198.8737454414),11060.0,0.0,Raining
148911,178384,178404,3588649,Matched,Block,,S JACKSON ST BETWEEN 4TH AVE S AND 5TH AVE S,,,2b,Serious Injury Collision,Cycles,2,0,1,1,1,1,0,2014-10-29T00:00:00.000Z,10/29/2014 7:25:00 AM,Mid-Block (not related to intersection),18,"MOTOR VEHICLE STRUCK PEDALCYCLIST, FRONT END AT ANGLE",,N,Overcast,Wet,Daylight,,,,45.0,Vehicle - Pedalcyclist,4880,0,N,POINT (1271598.163634911 222150.9747435302),9322.0,1.8193646041666734e-05,Overcast
148941,175644,175664,3585591,Matched,Intersection,30423.0,12TH AVE S AND S MAIN ST,,,1,Property Damage Only Collision,Cycles,2,0,1,1,0,0,0,2014-09-22T00:00:00.000Z,9/22/2014 5:17:00 PM,At Intersection (intersection related),51,PEDALCYCLIST STRUCK MOTOR VEHICLE FRONT END AT ANGLE,,N,Clear or Partly Cloudy,Dry,Daylight,,,,45.0,Vehicle - Pedalcyclist,34821,0,N,POINT (1274338.905909717 222396.5940717906),7794.0,0.0,Clear or Partly Cloudy
148957,175385,175405,3705363,Matched,Block,,RAINIER AVE S BETWEEN S WALKER ST AND S COLLEGE N ST,,,2,Injury Collision,Cycles,2,0,1,1,1,0,0,2014-07-31T00:00:00.000Z,7/31/2014 11:40:00 AM,Driveway Junction,18,"MOTOR VEHICLE STRUCK PEDALCYCLIST, FRONT END AT ANGLE",,N,Clear or Partly Cloudy,Dry,Daylight,Y,,,45.0,Vehicle - Pedalcyclist,0,0,N,POINT (1277978.977465451 216265.5339695066),17032.0,6.6881426511787084e-09,Clear or Partly Cloudy
148984,176984,177004,3586245,Matched,Block,,8TH AVE NW BETWEEN NW 44TH ST AND NW 45TH ST,NEI,"Not Enough Information, or Insufficient Location Information",2,Injury Collision,Cycles,2,0,1,1,1,0,0,2014-10-01T00:00:00.000Z,10/1/2014 8:20:00 AM,Mid-Block (not related to intersection),18,"MOTOR VEHICLE STRUCK PEDALCYCLIST, FRONT END AT ANGLE",Y,N,Clear or Partly Cloudy,Dry,Daylight,,,,45.0,Vehicle - Pedalcyclist,2291,0,N,POINT (1262712.120873809 244921.0541268587),6057.0,0.0,Clear or Partly Cloudy
148994,176787,176807,2896188,Matched,Block,,SW CAMBRIDGE ST BETWEEN 17TH AVE SW AND DELRIDGE WAY SW,,,1,Property Damage Only Collision,Cycles,2,0,1,1,0,0,0,2014-10-04T00:00:00.000Z,10/4/2014 10:22:00 AM,Mid-Block (but intersection related),18,"MOTOR VEHICLE STRUCK PEDALCYCLIST, FRONT END AT ANGLE",Y,N,Clear or Partly Cloudy,Dry,Daylight,,,,45.0,Vehicle - Pedalcyclist,0,0,N,POINT (1264032.020523161 193112.7259458005),7956.0,2.005359185164134e-06,Clear or Partly Cloudy
147027,174451,174471,3700492,Matched,Intersection,26848.0,STONE WAY N AND N 40TH ST,,,1,Property Damage Only Collision,Cycles,2,0,1,1,0,0,0,2014-08-26T00:00:00.000Z,8/26/2014 5:15:00 PM,At Intersection (intersection related),51,PEDALCYCLIST STRUCK MOTOR VEHICLE FRONT END AT ANGLE,,N,Clear or Partly Cloudy,Dry,Daylight,,,,45.0,Vehicle - Pedalcyclist,6322,0,N,POINT (1268516.536367759 242710.0937405974),4014.0,0.0,Clear or Partly Cloudy
147033,173995,174015,3696355,Matched,Intersection,26684.0,6TH AVE W AND W NICKERSON ST,,,2,Injury Collision,Cycles,2,0,1,1,1,0,0,2014-08-14T00:00:00.000Z,8/14/2014 4:00:00 PM,At Intersection (intersection related),51,PEDALCYCLIST STRUCK MOTOR VEHICLE FRONT END AT ANGLE,,N,Clear or Partly Cloudy,Dry,Daylight,,,,45.0,Vehicle - Pedalcyclist,12512,0,N,POINT (1263062.83882618 241451.3875633031),8186.0,0.0,Clear or Partly Cloudy
147036,173993,174013,3696004,Matched,Intersection,37733.0,LAKE CITY WAY NE AND NE 95TH ST,,,2,Injury Collision,Cycles,3,0,1,1,1,0,0,2014-08-14T00:00:00.000Z,8/14/2014 7:53:00 PM,At Intersection (intersection related),18,"MOTOR VEHICLE STRUCK PEDALCYCLIST, FRONT END AT ANGLE",,N,Clear or Partly Cloudy,Dry,Daylight,,,,45.0,Vehicle - Pedalcyclist,0,524607,N,POINT (1277921.166905388 257918.8031321615),3608.0,0.0,Clear or Partly Cloudy
147080,171876,171896,3587650,Matched,Block,,NE 42ND ST BETWEEN ROOSEVELT N WAY NE AND 11TH AVE NE,,,2,Injury Collision,Cycles,2,0,1,1,1,0,0,2014-07-14T00:00:00.000Z,7/14/2014 2:58:00 PM,Driveway Junction,51,PEDALCYCLIST STRUCK MOTOR VEHICLE FRONT END AT ANGLE,Y,N,Clear or Partly Cloudy,Dry,Daylight,,,,45.0,Vehicle - Pedalcyclist,0,0,N,POINT (1274751.701878145 243675.953389585),12773.0,1.2116788315552732e-05,Clear or Partly Cloudy
147090,172478,172498,3646365,Matched,Block,,30TH AVE NE BETWEEN UNION BAY PL NE AND BURKE GILMAN TRL,,,2,Injury Collision,Cycles,3,0,1,1,1,0,0,2014-07-22T00:00:00.000Z,7/22/2014 9:00:00 AM,Mid-Block (not related to intersection),18,"MOTOR VEHICLE STRUCK PEDALCYCLIST, FRONT END AT ANGLE",,N,Overcast,Dry,Daylight,Y,,,45.0,Vehicle - Pedalcyclist,31966,0,N,POINT (1280114.739515632 245663.4466396123),18718.0,6.53928037123279e-06,Overcast
147123,174479,174499,3606316,Matched,Intersection,29053.0,10TH AVE E AND E JOHN ST,,,1,Property Damage Only Collision,Cycles,2,0,1,1,0,0,0,2014-08-28T00:00:00.000Z,8/28/2014 9:50:00 AM,At Intersection (intersection related),18,"MOTOR VEHICLE STRUCK PEDALCYCLIST, FRONT END AT ANGLE",,N,Overcast,Dry,Daylight,Y,,,45.0,Vehicle - Pedalcyclist,35215,0,N,POINT (1273909.412661284 229666.025887236),2286.0,0.0,Overcast
147158,174481,174501,3695915,Matched,Intersection,27093.0,ROOSEVELT WAY NE AND NE 42ND S ST,,,2,Injury Collision,Cycles,3,0,1,1,1,0,0,2014-08-28T00:00:00.000Z,8/28/2014 7:08:00 AM,At Intersection (intersection related),51,PEDALCYCLIST STRUCK MOTOR VEHICLE FRONT END AT ANGLE,,N,Clear or Partly Cloudy,Dry,Daylight,Y,,,45.0,Vehicle - Pedalcyclist,8985,0,N,POINT (1274602.278453991 243369.3024452627),15971.0,0.0,Clear or Partly Cloudy
147165,173514,173534,3582744,Matched,Block,,NE 45TH ST BETWEEN 1ST AVE NE AND 2ND AVE NE,,,1,Property Damage Only Collision,Cycles,2,0,1,1,0,0,0,2014-08-05T00:00:00.000Z,8/5/2014 8:53:00 PM,Driveway Junction,51,PEDALCYCLIST STRUCK MOTOR VEHICLE FRONT END AT ANGLE,,Y,Clear or Partly Cloudy,Dry,Dusk,,,,45.0,Vehicle - Pedalcyclist,6532,0,N,POINT (1272176.522995502 244818.3334227502),18208.0,3.0169654243669977e-05,Clear or Partly Cloudy
147182,171648,171668,3706488,Matched,Block,,LINDEN AVE N BETWEEN N 130TH ST AND N 135TH ST,,,2,Injury Collision,Cycles,2,0,1,1,1,0,0,2014-06-30T00:00:00.000Z,6/30/2014 10:45:00 AM,Mid-Block (not related to intersection),18,"MOTOR VEHICLE STRUCK PEDALCYCLIST, FRONT END AT ANGLE",,N,Clear or Partly Cloudy,Dry,Daylight,,,,45.0,Vehicle - Pedalcyclist,40833,0,N,POINT (1267662.791086882 268139.4151106328),20586.0,2.602739777230382e-06,Clear or Partly Cloudy
147217,171904,171924,3696611,Matched,Intersection,26698.0,3RD AVE W AND W CREMONA ST,,,2,Injury Collision,Cycles,2,0,1,1,1,0,0,2014-07-09T00:00:00.000Z,7/9/2014 4:18:00 PM,At Intersection (intersection related),51,PEDALCYCLIST STRUCK MOTOR VEHICLE FRONT END AT ANGLE,,N,Clear or Partly Cloudy,Dry,Daylight,Y,,,45.0,Vehicle - Pedalcyclist,30261,0,N,POINT (1263929.734187067 240670.8356264979),2740.0,0.0,Clear or Partly Cloudy
147231,172497,172517,3699216,Matched,Block,,RAINIER AVE S BETWEEN S MCCLELLAN ST AND S FOREST ST,,,2,Injury Collision,Cycles,2,0,1,1,1,0,0,2014-07-21T00:00:00.000Z,7/21/2014 7:35:00 PM,Mid-Block (not related to intersection),11,"MOTOR VEHICLE STRUCK MOTOR VEHICLE, FRONT END AT ANGLE",,N,Clear or Partly Cloudy,Dry,Daylight,,,,45.0,Vehicle - Pedalcyclist,0,0,N,POINT (1278969.213306457 214254.0730394572),13788.0,1.1345139740454233e-05,Clear or Partly Cloudy
147297,174803,174823,3702917,Matched,Intersection,36602.0,30TH AVE NE AND NE 125TH ST,,,2,Injury Collision,Cycles,2,0,1,1,1,0,0,2014-09-03T00:00:00.000Z,9/3/2014 3:01:00 PM,At Intersection (intersection related),18,"MOTOR VEHICLE STRUCK PEDALCYCLIST, FRONT END AT ANGLE",,N,Clear or Partly Cloudy,Dry,Daylight,,,,45.0,Vehicle - Pedalcyclist,0,524529,N,POINT (1280325.224251851 265795.6750762314),7191.0,0.0,Clear or Partly Cloudy
147363,173559,173579,3642387,Matched,Block,,INTERLAKEN DR E BETWEEN E GALER ST AND E INTERLAKEN BLVD,,,2,Injury Collision,Cycles,2,0,1,1,1,0,0,2014-08-07T00:00:00.000Z,8/7/2014 5:40:00 PM,Mid-Block (not related to intersection),14,"MOTOR VEHICLE STRUCK MOTOR VEHICLE, REAR END",,N,Clear or Partly Cloudy,Dry,Daylight,,,,45.0,Vehicle - Pedalcyclist,0,0,N,POINT (1276903.892600343 235264.4143089652),20883.0,2.6104605516832e-06,Clear or Partly Cloudy
147368,172506,172526,3705129,Matched,Block,,S JACKSON ST BETWEEN 4TH AVE S AND 5TH AVE S,,,2,Injury Collision,Cycles,4,0,1,1,1,0,0,2014-07-21T00:00:00.000Z,7/21/2014 6:12:00 PM,Mid-Block (not related to intersection),56,PEDALCYCLIST STRUCK MOTOR VEHICLE LEFT SIDE SIDESWIPE,,N,Overcast,Dry,Daylight,,,,45.0,Vehicle - Pedalcyclist,4877,0,N,POINT (1271598.163634911 222150.9747435302),9322.0,1.8193646041666734e-05,Overcast
147384,172999,173019,3699287,Matched,Intersection,34556.0,33RD AVE S AND S MYRTLE PL,,,2,Injury Collision,Cycles,2,0,1,1,1,0,0,2014-08-01T00:00:00.000Z,8/1/2014 7:02:00 PM,At Intersection (intersection related),18,"MOTOR VEHICLE STRUCK PEDALCYCLIST, FRONT END AT ANGLE",,N,Clear or Partly Cloudy,Dry,Daylight,,,,45.0,Vehicle - Pedalcyclist,24166,0,N,POINT (1280634.144060165 199787.3130246401),12900.0,0.0,Clear or Partly Cloudy
147395,172165,172185,3702008,Matched,Block,,24TH AVE E BETWEEN E NEWTON N ST AND E BOSTON ST,,,2,Injury Collision,Cycles,2,0,1,1,1,0,0,2014-07-17T00:00:00.000Z,7/17/2014 5:35:00 PM,Mid-Block (not related to intersection),23,"MOTOR VEHICLE STRUCK PEDALCYCLIST, LEFT SIDE SIDESWIPE",,N,Clear or Partly Cloudy,Dry,Daylight,,,,45.0,Vehicle - Pedalcyclist,22322,0,N,POINT (1278447.661625922 236289.8893820196),5326.0,3.3983123568176893e-05,Clear or Partly Cloudy
147421,174537,174557,3588758,Matched,Intersection,29603.0,2ND AVE AND UNIVERSITY ST,,,3,Fatality Collision,Cycles,3,0,1,1,0,0,1,2014-08-29T00:00:00.000Z,8/29/2014 8:46:00 AM,At Intersection (intersection related),18,"MOTOR VEHICLE STRUCK PEDALCYCLIST, FRONT END AT ANGLE",,N,Clear or Partly Cloudy,Dry,Daylight,,,,45.0,Vehicle - Pedalcyclist,12162,0,N,POINT (1269492.709168762 225148.3088906109),2490.0,0.0,Clear or Partly Cloudy
147427,174043,174063,3696007,Matched,Intersection,36693.0,20TH AVE NE AND NE 125TH ST,,,2,Injury Collision,Cycles,2,0,1,1,1,0,0,2014-08-19T00:00:00.000Z,8/19/2014 7:28:00 PM,At Intersection (intersection related),51,PEDALCYCLIST STRUCK MOTOR VEHICLE FRONT END AT ANGLE,Y,N,Clear or Partly Cloudy,Dry,Daylight,,,,45.0,Vehicle - Pedalcyclist,7908,0,N,POINT (1277629.018681094 265876.440516308),7189.0,0.0,Clear or Partly Cloudy
147476,174967,174987,3582642,Matched,Block,,EAST GREEN LAKE WAY N BETWEEN 4TH AVE NE AND NE RAVENNA SR BV,,,2,Injury Collision,Cycles,2,0,1,1,1,0,0,2014-09-01T00:00:00.000Z,9/1/2014 2:20:00 PM,Mid-Block (not related to intersection),18,"MOTOR VEHICLE STRUCK PEDALCYCLIST, FRONT END AT ANGLE",Y,N,Clear or Partly Cloudy,Dry,,,,,45.0,Vehicle - Pedalcyclist,7410,0,N,POINT (1272602.087475941 251141.8875412196),21355.0,3.1244158474617334e-06,Clear or Partly Cloudy
147504,172792,172812,3587647,Matched,Block,,11TH AVE NE BETWEEN NE 41ST ST AND EASTLAKE AVE NE,,,2,Injury Collision,Cycles,2,1,1,0,1,0,0,2014-07-03T00:00:00.000Z,7/3/2014 1:08:00 PM,Mid-Block (not related to intersection),14,"MOTOR VEHICLE STRUCK MOTOR VEHICLE, REAR END",,N,Overcast,Dry,Daylight,,,,45.0,Vehicle - Pedalcyclist,0,0,N,POINT (1274875.275830269 243240.9219011366),8383.0,3.0789771462284183e-10,Overcast
147545,172182,172202,3550028,Matched,Intersection,30544.0,7TH AVE S AND S DEARBORN ST,,,2,Injury Collision,Cycles,2,0,1,1,1,0,0,2014-07-15T00:00:00.000Z,7/15/2014 8:30:00 AM,At Intersection (intersection related),18,"MOTOR VEHICLE STRUCK PEDALCYCLIST, FRONT END AT ANGLE",Y,N,Clear or Partly Cloudy,Dry,Daylight,,,,45.0,Vehicle - Pedalcyclist,5835,0,N,POINT (1272697.666612044 220902.8542942554),7666.0,0.0,Clear or Partly Cloudy
147559,174824,174844,3672243,Matched,Block,,12TH AVE E BETWEEN E DENNY WAY AND E JOHN ST,,,2,Injury Collision,Cycles,2,0,1,1,1,0,0,2014-08-20T00:00:00.000Z,8/20/2014 7:15:00 AM,Mid-Block (not related to intersection),18,"MOTOR VEHICLE STRUCK PEDALCYCLIST, FRONT END AT ANGLE",Y,N,Overcast,Dry,Daylight,,,,45.0,Vehicle - Pedalcyclist,10874,0,N,POINT (1274551.511669934 229447.1430070102),10813.0,2.5108651222868764e-06,Overcast
147575,174299,174319,3466837,Matched,Intersection,37172.0,3RD AVE NW AND NW 87TH N ST,,,2,Injury Collision,Cycles,2,0,1,1,1,0,0,2014-08-25T00:00:00.000Z,8/25/2014 1:34:00 PM,At Intersection (intersection related),51,PEDALCYCLIST STRUCK MOTOR VEHICLE FRONT END AT ANGLE,,N,Clear or Partly Cloudy,Dry,Daylight,Y,,,45.0,Vehicle - Pedalcyclist,28425,0,N,POINT (1264294.609451428 256316.4479305297),12372.0,0.0,Clear or Partly Cloudy
147607,172184,172204,3567887,Matched,Intersection,28736.0,DEXTER AVE N AND VALLEY ST,,,2,Injury Collision,Left Turn,2,0,1,1,1,0,0,2014-07-21T00:00:00.000Z,7/21/2014 9:04:00 PM,At Intersection (intersection related),18,"MOTOR VEHICLE STRUCK PEDALCYCLIST, FRONT END AT ANGLE",,N,Clear or Partly Cloudy,Dry,Dusk,,,,28.0,From opposite direction - one left turn - one straight,12719,0,N,POINT (1268334.096175566 232089.1498577148),9821.0,0.0,Clear or Partly Cloudy
147613,171941,171961,3699080,Matched,Block,,50TH AVE S BETWEEN S DIRECTOR ST AND S BARTON ST,,,2,Injury Collision,Cycles,3,0,1,1,1,0,0,2014-07-11T00:00:00.000Z,7/11/2014 8:25:00 PM,Mid-Block (not related to intersection),51,PEDALCYCLIST STRUCK MOTOR VEHICLE FRONT END AT ANGLE,,N,Clear or Partly Cloudy,Dry,Daylight,,,,45.0,Vehicle - Pedalcyclist,0,0,N,POINT (1285115.564480752 193610.9759943187),19675.0,7.3668221242323084e-09,Clear or Partly Cloudy
147616,171940,171960,3696659,Matched,Block,,EASTLAKE AVE E BETWEEN E LYNN ST AND E LOUISA ST,,,2,Injury Collision,Cycles,2,0,1,1,1,0,0,2014-07-15T00:00:00.000Z,7/15/2014 9:20:00 AM,Mid-Block (not related to intersection),56,PEDALCYCLIST STRUCK MOTOR VEHICLE LEFT SIDE SIDESWIPE,,N,Clear or Partly Cloudy,Dry,Daylight,,,,45.0,Vehicle - Pedalcyclist,24732,0,N,POINT (1272491.78142783 237340.4494470954),17909.0,2.8952388918938843e-05,Clear or Partly Cloudy
147620,172197,172217,3570964,Matched,Intersection,34816.0,45TH AVE SW AND SW BRACE POINT DR,,,2,Injury Collision,Cycles,2,0,1,1,1,0,0,2014-07-17T00:00:00.000Z,7/17/2014 5:37:00 PM,At Intersection (intersection related),51,PEDALCYCLIST STRUCK MOTOR VEHICLE FRONT END AT ANGLE,,N,Clear or Partly Cloudy,Dry,Daylight,,,,45.0,Vehicle - Pedalcyclist,31715,0,N,POINT (1255697.895970628 193643.3066183478),4651.0,0.0,Clear or Partly Cloudy
147626,172539,172559,3575048,Matched,Intersection,30135.0,15TH AVE AND E PINE ST,,,2,Injury Collision,Cycles,2,0,1,1,1,0,0,2014-07-29T00:00:00.000Z,7/29/2014 2:58:00 PM,At Intersection (intersection related),18,"MOTOR VEHICLE STRUCK PEDALCYCLIST, FRONT END AT ANGLE",,N,Clear or Partly Cloudy,Dry,Daylight,,,,45.0,Vehicle - Pedalcyclist,10433,0,N,POINT (1275547.013430953 227945.2317734659),2385.0,0.0,Clear or Partly Cloudy
147627,171929,171949,3706583,Matched,Intersection,37550.0,5TH AVE NE AND NE 85TH ST,,,2,Injury Collision,Cycles,2,0,1,1,1,0,0,2014-07-07T00:00:00.000Z,7/7/2014 4:06:00 PM,At Intersection (intersection related),51,PEDALCYCLIST STRUCK MOTOR VEHICLE FRONT END AT ANGLE,Y,N,Clear or Partly Cloudy,Dry,Daylight,,,,45.0,Vehicle - Pedalcyclist,7339,0,N,POINT (1273553.596980914 255386.299321577),1497.0,0.0,Clear or Partly Cloudy