OBJECTID,INCKEY,COLDETKEY,REPORTNO,STATUS,ADDRTYPE,INTKEY,LOCATION,EXCEPTRSNC,EXCEPTRSND,SEVERITYCO,SEVERITYDE,COLLISIONT,PERSONCOUN,PEDCOUNT,PEDCYLCOUN,VEHCOUNT,INJURIES,SERIOUSINJ,FATALITIES,INCDATE,INCDTTM,JUNCTIONTY,SDOT_COLCO,SDOT_COLDE,INATTENTIO,UNDERINFL,WEATHER,ROADCOND,LIGHTCOND,PEDROWNOTG,SDOTCOLNUM,SPEEDING,ST_COLCODE,ST_COLDESC,SEGLANEKEY,CROSSWALKK,HITPARKEDC,geometry,near_str_index,min_length,weather_group
147644,173077,173097,3584104,Matched,Block,,8TH AVE BETWEEN PINE ST AND OLIVE WAY,,,2,Injury Collision,Cycles,2,0,1,1,1,0,0,2014-07-19T00:00:00.000Z,7/19/2014 5:12:00 PM,Mid-Block (not related to intersection),18,"MOTOR VEHICLE STRUCK PEDALCYCLIST, FRONT END AT ANGLE",Y,N,Clear or Partly Cloudy,Dry,Daylight,,,,45.0,Vehicle - Pedalcyclist,14004,0,N,POINT (1270395.530161679 227414.9832609296),6044.0,1.1666863453267258e-05,Clear or Partly Cloudy
147646,172807,172827,3701573,Matched,Block,,25TH AVE E BETWEEN E ROANOKE ST AND DEAD END,NEI,"Not Enough Information, or Insufficient Location Information",2,Injury Collision,Cycles,2,0,1,1,2,0,0,2014-06-30T00:00:00.000Z,6/30/2014 5:30:00 PM,,0,NOT ENOUGH INFORMATION / NOT APPLICABLE,,N,Clear or Partly Cloudy,Dry,Daylight,,,,45.0,Vehicle - Pedalcyclist,0,0,N,POINT (1278837.723578334 238135.2796559036),18686.0,2.293954033648271e-05,Clear or Partly Cloudy
147649,174057,174077,3699292,Matched,Intersection,32694.0,34TH AVE S AND S DAKOTA ST,,,2,Injury Collision,Cycles,2,0,1,1,1,0,0,2014-08-08T00:00:00.000Z,8/8/2014 3:14:00 PM,At Intersection (intersection related),18,"MOTOR VEHICLE STRUCK PEDALCYCLIST, FRONT END AT ANGLE",,N,Clear or Partly Cloudy,Dry,Daylight,,,,45.0,Vehicle - Pedalcyclist,0,0,N,POINT (1280589.820476115 209932.4867950231),5591.0,0.0,Clear or Partly Cloudy
147666,172801,172821,3696677,Matched,Block,,W NICKERSON ST BETWEEN 3RD AVE W AND 6TH AVE W,,,2,Injury Collision,Cycles,1,0,1,0,1,0,0,2014-07-02T00:00:00.000Z,7/2/2014 7:50:00 AM,Mid-Block (not related to intersection),28,MOTOR VEHICLE RAN OFF ROAD - HIT FIXED OBJECT,Y,N,Clear or Partly Cloudy,Dry,Daylight,,,,45.0,Vehicle - Pedalcyclist,0,0,N,POINT (1263502.062762618 241295.049515143),17548.0,1.8468002825813266e-05,Clear or Partly Cloudy
147738,171740,171760,3375894,Matched,Intersection,29929.0,5TH AVE AND SENECA ST,NEI,"Not Enough Information, or Insufficient Location Information",1,Property Damage Only Collision,Cycles,2,0,1,1,0,0,0,2014-07-10T00:00:00.000Z,7/10/2014 5:05:00 PM,At Intersection (intersection related),0,NOT ENOUGH INFORMATION / NOT APPLICABLE,,N,Clear or Partly Cloudy,Dry,Daylight,,,,45.0,Vehicle - Pedalcyclist,9043,0,N,POINT (1270479.871537775 225377.2760588378),11169.0,0.0,Clear or Partly Cloudy
147770,172811,172831,3702006,Matched,Intersection,29863.0,MELROSE AVE AND PINE ST,,,2,Injury Collision,Cycles,2,0,1,1,1,0,0,2014-07-17T00:00:00.000Z,7/17/2014 8:46:00 AM,At Intersection (intersection related),18,"MOTOR VEHICLE STRUCK PEDALCYCLIST, FRONT END AT ANGLE",,N,Clear or Partly Cloudy,Dry,Daylight,,,,45.0,Vehicle - Pedalcyclist,10336,0,N,POINT (1271813.802035138 227999.6394535303),897.0,0.0,Clear or Partly Cloudy
147772,172550,172570,3644938,Matched,Intersection,31918.0,41ST AVE SW AND SW ALASKA ST,,,2,Injury Collision,Cycles,2,0,1,1,1,0,0,2014-07-28T00:00:00.000Z,7/28/2014 2:58:00 PM,At Intersection (intersection related),51,PEDALCYCLIST STRUCK MOTOR VEHICLE FRONT END AT ANGLE,Y,N,Clear or Partly Cloudy,Dry,Daylight,,,,45.0,Vehicle - Pedalcyclist,41740,0,N,POINT (1257548.78186053 208517.1956575811),11521.0,0.0,Clear or Partly Cloudy
147773,174320,174340,3642513,Matched,Intersection,29112.0,BELMONT AVE E AND E ROY ST,,,2,Injury Collision,Cycles,5,0,1,1,1,0,0,2014-08-23T00:00:00.000Z,8/23/2014 5:49:00 PM,At Intersection (intersection related),18,"MOTOR VEHICLE STRUCK PEDALCYCLIST, FRONT END AT ANGLE",,N,Clear or Partly Cloudy,Dry,Daylight,,,,45.0,Vehicle - Pedalcyclist,36113,0,N,POINT (1272836.049204186 231584.2487372011),3945.0,0.0,Clear or Partly Cloudy
147779,174316,174336,3588802,Matched,Intersection,28753.0,DEXTER AVE N AND LEE ST,,,2,Injury Collision,Cycles,2,0,1,1,1,0,0,2014-08-25T00:00:00.000Z,8/25/2014 1:32:00 PM,At Intersection (intersection related),18,"MOTOR VEHICLE STRUCK PEDALCYCLIST, FRONT END AT ANGLE",,N,Clear or Partly Cloudy,Dry,Daylight,,,,45.0,Vehicle - Pedalcyclist,12941,0,N,POINT (1268382.133039623 233966.8545636386),3490.0,0.0,Clear or Partly Cloudy
147781,173129,173149,3582741,Matched,Intersection,23895.0,15TH AVE NW AND NW 75TH ST,,,2,Injury Collision,Cycles,2,0,1,1,1,0,0,2014-08-02T00:00:00.000Z,8/2/2014 10:34:00 AM,At Intersection (intersection related),11,"MOTOR VEHICLE STRUCK MOTOR VEHICLE, FRONT END AT ANGLE",Y,N,Clear or Partly Cloudy,Dry,Daylight,,,,45.0,Vehicle - Pedalcyclist,0,0,N,POINT (1260258.570023298 253036.461751163),2399.0,0.0,Clear or Partly Cloudy
147789,173128,173148,3581849,Matched,Intersection,29865.0,BOREN AVE AND OLIVE WAY,,,2,Injury Collision,Cycles,2,0,1,1,1,0,0,2014-08-01T00:00:00.000Z,8/1/2014 9:14:00 PM,At Intersection (intersection related),18,"MOTOR VEHICLE STRUCK PEDALCYCLIST, FRONT END AT ANGLE",,N,Clear or Partly Cloudy,Dry,Dark - Street Lights On,,,,45.0,Vehicle - Pedalcyclist,24933,0,N,POINT (1271118.433586419 228090.2473256141),640.0,0.0,Clear or Partly Cloudy
147793,173126,173146,3581338,Matched,Intersection,32356.0,4TH AVE S AND S SPOKANE NR ST,,,2b,Serious Injury Collision,Cycles,2,0,1,1,1,1,0,2014-08-04T00:00:00.000Z,8/4/2014 3:10:00 PM,At Intersection (intersection related),18,"MOTOR VEHICLE STRUCK PEDALCYCLIST, FRONT END AT ANGLE",,N,Clear or Partly Cloudy,Dry,Daylight,,,,45.0,Vehicle - Pedalcyclist,19625,0,N,POINT (1271209.238578513 212119.0181252658),406.0,0.0,Clear or Partly Cloudy
147794,174319,174339,3642510,Matched,Intersection,29761.0,12TH AVE AND E MADISON ST,,,2,Injury Collision,Cycles,2,0,1,1,1,0,0,2014-08-22T00:00:00.000Z,8/22/2014 9:18:00 PM,At Intersection (intersection related),51,PEDALCYCLIST STRUCK MOTOR VEHICLE FRONT END AT ANGLE,Y,N,Clear or Partly Cloudy,Dry,Dark - Street Lights On,Y,,,45.0,Vehicle - Pedalcyclist,22953,0,N,POINT (1274551.867445946 227089.5945245922),39.0,0.0,Clear or Partly Cloudy
147810,174085,174105,3699301,Matched,Intersection,33566.0,35TH AVE S AND S EDMUNDS ST,,,2b,Serious Injury Collision,Cycles,2,0,1,1,1,1,0,2014-08-15T00:00:00.000Z,8/15/2014 6:00:00 PM,At Intersection (intersection related),51,PEDALCYCLIST STRUCK MOTOR VEHICLE FRONT END AT ANGLE,,N,Unknown,Dry,Daylight,,,,45.0,Vehicle - Pedalcyclist,0,0,N,POINT (1281062.027580604 207181.793160215),2860.0,0.0,
147833,171399,171419,3696683,Matched,Intersection,29167.0,STEWART ST AND YALE AVE N,,,2b,Serious Injury Collision,Cycles,3,0,1,1,1,1,0,2014-07-08T00:00:00.000Z,7/8/2014 7:32:00 PM,At Intersection (intersection related),51,PEDALCYCLIST STRUCK MOTOR VEHICLE FRONT END AT ANGLE,,N,Clear or Partly Cloudy,Dry,Daylight,,,,45.0,Vehicle - Pedalcyclist,23731,0,N,POINT (1271219.88459453 229284.1168948412),966.0,0.0,Clear or Partly Cloudy
147853,174839,174859,3571518,Matched,Block,,HARBOR AVE SW BETWEEN SW MARYLAND PL AND CALIFORNIA WAY SW,,,2,Injury Collision,Cycles,2,0,1,1,1,0,0,2014-09-01T00:00:00.000Z,9/1/2014 10:20:00 AM,Driveway Junction,18,"MOTOR VEHICLE STRUCK PEDALCYCLIST, FRONT END AT ANGLE",,N,Clear or Partly Cloudy,Dry,Daylight,Y,,,45.0,Vehicle - Pedalcyclist,0,0,N,POINT (1258205.826917201 219540.360020861),6404.0,2.0954053904114126e-05,Clear or Partly Cloudy
147894,172552,172572,3696505,Matched,Intersection,28669.0,ELLIOTT AVE W AND WESTERN AVE W,,,2b,Serious Injury Collision,Cycles,2,0,1,1,1,1,0,2014-07-29T00:00:00.000Z,7/29/2014 7:21:00 PM,At Intersection (intersection related),0,NOT ENOUGH INFORMATION / NOT APPLICABLE,Y,N,Clear or Partly Cloudy,Dry,Dusk,,,,45.0,Vehicle - Pedalcyclist,0,0,N,POINT (1263709.342762843 230138.132895723),708.0,0.0,Clear or Partly Cloudy
147944,174357,174377,2621621,Matched,Intersection,28531.0,MCGILVRA BLVD E AND E MADISON S ST,,,2,Injury Collision,Cycles,3,0,1,1,1,0,0,2014-08-27T00:00:00.000Z,8/27/2014 5:52:00 PM,At Intersection (intersection related),51,PEDALCYCLIST STRUCK MOTOR VEHICLE FRONT END AT ANGLE,,N,Clear or Partly Cloudy,Dry,Daylight,,,,45.0,Vehicle - Pedalcyclist,34300,0,N,POINT (1283362.00633496 234394.4529000819),6882.0,0.0,Clear or Partly Cloudy
147991,174094,174114,3701811,Matched,Intersection,30410.0,12TH AVE AND E YESLER WAY,,,2,Injury Collision,Cycles,2,0,1,1,1,0,0,2014-08-19T00:00:00.000Z,8/19/2014 11:40:00 PM,At Intersection (intersection related),18,"MOTOR VEHICLE STRUCK PEDALCYCLIST, FRONT END AT ANGLE",Y,N,Clear or Partly Cloudy,Dry,Dark - Street Lights On,Y,,,45.0,Vehicle - Pedalcyclist,10532,0,N,POINT (1274461.188917845 223006.7211764157),8412.0,0.0,Clear or Partly Cloudy
150040,176886,176906,3591813,Matched,Block,,AURORA AVE N BETWEEN N 85TH ST AND N 86TH ST,,,2,Injury Collision,Cycles,2,0,1,1,1,0,0,2014-10-02T00:00:00.000Z,10/2/2014 3:43:00 PM,Driveway Junction,18,"MOTOR VEHICLE STRUCK PEDALCYCLIST, FRONT END AT ANGLE",,N,Clear or Partly Cloudy,Dry,Daylight,Y,,,45.0,Vehicle - Pedalcyclist,0,0,N,POINT (1268256.8525915 255681.7015618682),21568.0,3.1515549249749346e-05,Clear or Partly Cloudy
150085,178247,178267,3583536,Matched,Block,,EAST MARGINAL WAY S BETWEEN S STACY ST AND S HANFORD ST,,,2b,Serious Injury Collision,Cycles,1,0,1,0,1,1,0,2014-10-15T00:00:00.000Z,10/15/2014 6:58:00 AM,Mid-Block (not related to intersection),18,"MOTOR VEHICLE STRUCK PEDALCYCLIST, FRONT END AT ANGLE",,N,Raining,Wet,Daylight,,,,45.0,Vehicle - Pedalcyclist,4708,0,N,POINT (1268574.343215823 214736.7721119523),18102.0,8.755424880525858e-06,Raining
150111,178751,178792,3579824,Matched,Intersection,24331.0,LINDEN AVE N AND N 71ST ST,,,2,Injury Collision,Cycles,2,0,1,1,1,0,0,2014-10-31T00:00:00.000Z,10/31/2014 7:40:00 PM,At Intersection (intersection related),51,PEDALCYCLIST STRUCK MOTOR VEHICLE FRONT END AT ANGLE,,N,Raining,Wet,Dark - Street Lights On,,,,45.0,Vehicle - Pedalcyclist,10138,0,N,POINT (1267504.759598717 251823.1981339157),811.0,0.0,Raining
150129,178548,178588,3606367,Matched,Block,,12TH AVE S BETWEEN XW S LANE ST AND GOLF DR S,,,2,Injury Collision,Cycles,2,0,1,1,1,0,0,2014-10-31T00:00:00.000Z,10/31/2014 9:48:00 AM,Mid-Block (but intersection related),54,PEDALCYCLIST STRUCK MOTOR VEHICLE REAR END,,N,Raining,Wet,Daylight,,,,45.0,Vehicle - Pedalcyclist,16241,0,N,POINT (1274298.561781675 220716.5272540748),5033.0,1.7253502180752293e-05,Raining
150136,178545,178585,3590608,Matched,Block,,1ST AVE S BETWEEN S KING ST AND RAILROAD N WAY S,,,2,Injury Collision,Cycles,2,0,1,1,1,0,0,2014-10-31T00:00:00.000Z,10/31/2014 5:24:00 PM,Mid-Block (but intersection related),51,PEDALCYCLIST STRUCK MOTOR VEHICLE FRONT END AT ANGLE,,N,Clear or Partly Cloudy,Dry,Daylight,,,,45.0,Vehicle - Pedalcyclist,0,521026,N,POINT (1270136.17720142 221516.9993188828),10091.0,0.0,Clear or Partly Cloudy
150184,176457,176477,3695601,Matched,Intersection,35813.0,LINDEN AVE N AND N 135TH ST,,,2,Injury Collision,Cycles,2,0,1,1,1,0,0,2014-07-29T00:00:00.000Z,7/29/2014 7:41:00 PM,At Intersection (intersection related),11,"MOTOR VEHICLE STRUCK MOTOR VEHICLE, FRONT END AT ANGLE",,N,Clear or Partly Cloudy,Dry,Daylight,Y,,,45.0,Vehicle - Pedalcyclist,40851,0,N,POINT (1267729.966126949 268803.4820553064),1210.0,0.0,Clear or Partly Cloudy
150233,175740,175760,3583515,Matched,Intersection,29504.0,DENNY WAY AND FAIRVIEW AVE,,,2,Injury Collision,Cycles,2,0,1,1,1,0,0,2014-09-24T00:00:00.000Z,9/24/2014 12:06:00 PM,At Intersection (intersection related),18,"MOTOR VEHICLE STRUCK PEDALCYCLIST, FRONT END AT ANGLE",,N,Overcast,Wet,Daylight,,,,45.0,Vehicle - Pedalcyclist,0,522949,N,POINT (1270270.959921554 229225.9140147865),8794.0,0.0,Overcast
150347,178297,178317,3581104,Matched,Intersection,30453.0,GOLF DR S AND S CHARLES ST,,,2,Injury Collision,Cycles,2,0,1,1,1,0,0,2014-10-27T00:00:00.000Z,10/27/2014 6:20:00 AM,At Intersection (intersection related),18,"MOTOR VEHICLE STRUCK PEDALCYCLIST, FRONT END AT ANGLE",Y,N,Overcast,Unknown,Dark - Street Lights On,,,,45.0,Vehicle - Pedalcyclist,14097,0,N,POINT (1274459.601717845 220302.7257816494),5033.0,0.0,Overcast
150359,178284,178304,3575551,Matched,Intersection,25793.0,UNIVERSITY WAY NE AND NE 50TH ST,,,2,Injury Collision,Cycles,2,0,1,1,1,0,0,2014-10-24T00:00:00.000Z,10/24/2014 6:38:00 PM,At Intersection (intersection related),18,"MOTOR VEHICLE STRUCK PEDALCYCLIST, FRONT END AT ANGLE",,N,Overcast,Dry,Dark - Street Lights On,Y,,,45.0,Vehicle - Pedalcyclist,21411,0,N,POINT (1275819.041847229 246040.7075040042),999.0,0.0,Overcast
150414,176260,176280,2599444,Matched,Block,,ALASKAN WAY BETWEEN WALL ST AND VINE ST,,,2,Injury Collision,Cycles,2,0,1,1,1,0,0,2014-08-02T00:00:00.000Z,8/2/2014 8:57:00 AM,Mid-Block (not related to intersection),18,"MOTOR VEHICLE STRUCK PEDALCYCLIST, FRONT END AT ANGLE",,N,Clear or Partly Cloudy,Wet,Daylight,Y,,,45.0,Vehicle - Pedalcyclist,20821,0,N,POINT (1265935.233197108 227325.1042848378),11888.0,1.0844115121314477e-09,Clear or Partly Cloudy
150458,178601,178641,3642837,Matched,Intersection,33620.0,M L KING JR WR WAY S AND S ORCAS ST,,,2,Injury Collision,Cycles,2,0,1,1,1,0,0,2014-10-15T00:00:00.000Z,10/15/2014 4:19:00 PM,At Intersection (intersection related),18,"MOTOR VEHICLE STRUCK PEDALCYCLIST, FRONT END AT ANGLE",,N,Overcast,Dry,Daylight,,,,45.0,Vehicle - Pedalcyclist,20856,0,N,POINT (1281189.052476734 204467.7446454316),2229.0,0.0,Overcast
150463,178310,178330,3642821,Matched,Intersection,27114.0,7TH AVE NE AND NE 40TH ST,,,2,Injury Collision,Cycles,2,0,1,1,1,0,0,2014-10-29T00:00:00.000Z,10/29/2014 7:00:00 AM,At Intersection (intersection related),18,"MOTOR VEHICLE STRUCK PEDALCYCLIST, FRONT END AT ANGLE",,N,Unknown,Wet,Dawn,,,,45.0,Vehicle - Pedalcyclist,0,524351,N,POINT (1273838.842165202 242792.6606526673),1388.0,0.0,
150497,175766,175786,3641116,Matched,Intersection,29601.0,3RD AVE AND UNIVERSITY ST,,,2,Injury Collision,Cycles,2,0,1,1,1,0,0,2014-09-23T00:00:00.000Z,9/23/2014 1:41:00 PM,At Intersection (intersection related),18,"MOTOR VEHICLE STRUCK PEDALCYCLIST, FRONT END AT ANGLE",Y,N,Raining,Wet,Daylight,,,,45.0,Vehicle - Pedalcyclist,35841,0,N,POINT (1269770.026033044 225312.2180107683),2713.0,0.0,Raining
150564,180464,180524,3588501,Matched,Intersection,30542.0,6TH AVE S AND S DEARBORN ST,,,2,Injury Collision,Cycles,2,0,1,1,1,0,0,2014-12-02T00:00:00.000Z,12/2/2014 3:00:00 PM,At Intersection (intersection related),18,"MOTOR VEHICLE STRUCK PEDALCYCLIST, FRONT END AT ANGLE",,N,Clear or Partly Cloudy,Dry,Daylight,,,,45.0,Vehicle - Pedalcyclist,5806,0,N,POINT (1272053.794867381 220916.7845342755),4454.0,0.0,Clear or Partly Cloudy
150571,180462,180522,3586999,Matched,Intersection,26877.0,DENSMORE AVE N AND N 38TH ST,,,2,Injury Collision,Cycles,2,0,1,1,1,0,0,2014-12-02T00:00:00.000Z,12/2/2014 5:32:00 PM,At Intersection (intersection related),51,PEDALCYCLIST STRUCK MOTOR VEHICLE FRONT END AT ANGLE,,N,Clear or Partly Cloudy,Dry,Dark - Street Lights On,,,,45.0,Vehicle - Pedalcyclist,0,0,N,POINT (1269720.330288991 241872.6724277288),8778.0,0.0,Clear or Partly Cloudy
150578,180460,180520,3575459,Matched,Intersection,35826.0,LINDEN AVE N AND N 130TH ST,,,2,Injury Collision,Cycles,2,0,1,1,1,0,0,2014-12-02T00:00:00.000Z,12/2/2014 5:20:00 PM,At Intersection (intersection related),18,"MOTOR VEHICLE STRUCK PEDALCYCLIST, FRONT END AT ANGLE",,N,Clear or Partly Cloudy,Dry,Dark - Street Lights On,Y,,,45.0,Vehicle - Pedalcyclist,22990,0,N,POINT (1267585.258030802 267477.2663739473),6997.0,0.0,Clear or Partly Cloudy
150610,182773,182833,3732477,Matched,Intersection,30507.0,3RD AVE S AND S JACKSON ST,,,2,Injury Collision,Cycles,2,0,1,1,1,0,0,2014-12-16T00:00:00.000Z,12/16/2014 6:08:00 PM,At Intersection (intersection related),51,PEDALCYCLIST STRUCK MOTOR VEHICLE FRONT END AT ANGLE,,N,Clear or Partly Cloudy,Dry,Dark - Street Lights On,,,,45.0,Vehicle - Pedalcyclist,4852,0,N,POINT (1271115.061554417 222161.3825515509),7758.0,0.0,Clear or Partly Cloudy
150623,181496,181536,3645840,Matched,Intersection,27093.0,ROOSEVELT WAY NE AND NE 42ND S ST,,,2,Injury Collision,Cycles,2,0,1,1,1,0,0,2014-10-31T00:00:00.000Z,10/31/2014 7:26:00 PM,At Intersection (intersection related),51,PEDALCYCLIST STRUCK MOTOR VEHICLE FRONT END AT ANGLE,,N,Raining,Wet,Dark - Street Lights On,Y,,,45.0,Vehicle - Pedalcyclist,8985,0,N,POINT (1274602.278453991 243369.3024452627),15971.0,0.0,Raining
150694,182785,182845,3732528,Matched,Intersection,30480.0,3RD AVE AND JAMES ST,,,2,Injury Collision,Cycles,2,0,1,1,1,0,0,2014-12-12T00:00:00.000Z,12/12/2014 6:12:00 PM,At Intersection (intersection related),18,"MOTOR VEHICLE STRUCK PEDALCYCLIST, FRONT END AT ANGLE",,N,Raining,Wet,Dark - Street Lights On,,,,45.0,Vehicle - Pedalcyclist,35934,0,N,POINT (1270861.001522154 223468.9616888911),261.0,0.0,Raining
150709,181521,181561,3672874,Matched,Intersection,29052.0,BROADWAY E AND E OLIVE WAY,,,1,Property Damage Only Collision,Cycles,3,0,1,1,0,0,0,2014-11-05T00:00:00.000Z,11/5/2014 7:33:00 PM,At Intersection (intersection related),18,"MOTOR VEHICLE STRUCK PEDALCYCLIST, FRONT END AT ANGLE",,N,Raining,Wet,Dark - Street Lights On,,,,45.0,Vehicle - Pedalcyclist,6798,0,N,POINT (1273580.513332948 229668.9325112402),650.0,0.0,Raining
150727,180626,180686,3573248,Matched,Intersection,29531.0,5TH AVE AND BELL ST,,,2,Injury Collision,Cycles,2,0,1,1,1,0,0,2014-12-10T00:00:00.000Z,12/10/2014 12:38:00 PM,At Intersection (intersection related),18,"MOTOR VEHICLE STRUCK PEDALCYCLIST, FRONT END AT ANGLE",Y,N,Raining,Wet,Daylight,,,,45.0,Vehicle - Pedalcyclist,14240,0,N,POINT (1268078.323247313 228362.4316459),3375.0,0.0,Raining
150756,182802,182862,3736334,Matched,Intersection,37461.0,DAYTON AVE N AND N 85TH ST,,,2,Injury Collision,Cycles,2,0,1,1,1,0,0,2014-12-15T00:00:00.000Z,12/15/2014 8:36:00 PM,At Intersection (intersection related),18,"MOTOR VEHICLE STRUCK PEDALCYCLIST, FRONT END AT ANGLE",Y,N,Clear or Partly Cloudy,Dry,Dark - Street Lights On,,,,45.0,Vehicle - Pedalcyclist,21493,0,N,POINT (1266265.938477457 255598.1587777883),3466.0,0.0,Clear or Partly Cloudy
150779,182795,182855,3732703,Matched,Intersection,30371.0,ALASKAN E RDWY WAY S AND S KING ST,,,2,Injury Collision,Cycles,2,0,1,1,1,0,0,2014-12-21T00:00:00.000Z,12/21/2014 2:11:00 AM,At Intersection (intersection related),51,PEDALCYCLIST STRUCK MOTOR VEHICLE FRONT END AT ANGLE,,N,Overcast,Wet,Dark - Street Lights On,,,,45.0,Vehicle - Pedalcyclist,0,0,N,POINT (1269843.413041115 221856.0687592328),1815.0,0.0,Overcast
150812,180176,180236,3585950,Matched,Block,,HARVARD AVE E BETWEEN HAMLIN ST ON RP AND E SHELBY ST,,,2,Injury Collision,Cycles,2,0,1,1,1,0,0,2014-12-02T00:00:00.000Z,12/2/2014 12:35:00 PM,Mid-Block (not related to intersection),11,"MOTOR VEHICLE STRUCK MOTOR VEHICLE, FRONT END AT ANGLE",,N,Clear or Partly Cloudy,Dry,Daylight,,,,45.0,Vehicle - Pedalcyclist,37474,0,N,POINT (1273462.913588822 239289.3800090849),17937.0,3.133472313199543e-05,Clear or Partly Cloudy
150882,181533,181573,3693861,Matched,Intersection,31369.0,4TH AVE S AND S LANDER ST,,,2,Injury Collision,Cycles,2,0,1,1,1,0,0,2014-11-20T00:00:00.000Z,11/20/2014 6:49:00 AM,At Intersection (intersection related),18,"MOTOR VEHICLE STRUCK PEDALCYCLIST, FRONT END AT ANGLE",Y,N,Clear or Partly Cloudy,Wet,Dawn,,,,45.0,Vehicle - Pedalcyclist,18786,0,N,POINT (1271278.378034592 215084.3521443009),18784.0,0.0,Clear or Partly Cloudy
150930,179380,179440,3575309,Matched,Intersection,37406.0,LINDEN AVE N AND N 100TH ST,,,2,Injury Collision,Cycles,2,0,1,1,1,0,0,2014-11-13T00:00:00.000Z,11/13/2014 9:25:00 AM,At Intersection (intersection related),18,"MOTOR VEHICLE STRUCK PEDALCYCLIST, FRONT END AT ANGLE",,N,Clear or Partly Cloudy,Dry,Daylight,,,,45.0,Vehicle - Pedalcyclist,0,0,N,POINT (1267638.381358862 259529.8771818131),1186.0,0.0,Clear or Partly Cloudy
149008,177399,177419,3642830,Matched,Block,,4TH AVE S BETWEEN COSTCO DR AND 4TH AV S VI,,,2,Injury Collision,Cycles,3,0,1,1,1,0,0,2014-10-13T00:00:00.000Z,10/13/2014 2:55:00 PM,Driveway Junction,18,"MOTOR VEHICLE STRUCK PEDALCYCLIST, FRONT END AT ANGLE",Y,N,Clear or Partly Cloudy,Dry,Daylight,,,,45.0,Vehicle - Pedalcyclist,0,0,N,POINT (1271087.904498398 209249.3285223246),2166.0,1.2432773390124353e-05,Clear or Partly Cloudy
149032,178063,178083,3696182,Matched,Block,,PIKE ST BETWEEN 5TH AVE AND 6TH AVE,,,2,Injury Collision,Cycles,2,0,1,1,1,0,0,2014-10-27T00:00:00.000Z,10/27/2014 10:06:00 AM,Mid-Block (not related to intersection),51,PEDALCYCLIST STRUCK MOTOR VEHICLE FRONT END AT ANGLE,Y,N,Clear or Partly Cloudy,Dry,Daylight,,,,45.0,Vehicle - Pedalcyclist,21851,0,N,POINT (1270028.2396653 226454.6231959462),19017.0,2.982161336822212e-05,Clear or Partly Cloudy
149044,175397,175417,3606317,Matched,Intersection,29256.0,26TH AVE E AND E MADISON ST,,,2,Injury Collision,Cycles,2,1,1,0,2,0,0,2014-09-15T00:00:00.000Z,9/15/2014 10:00:00 AM,At Intersection (intersection related),64,PEDALCYCLIST STRUCK PEDESTRIAN,,N,Clear or Partly Cloudy,Dry,Daylight,,,,45.0,Vehicle - Pedalcyclist,34580,0,N,POINT (1279146.453306645 230327.954591915),1118.0,0.0,Clear or Partly Cloudy
149117,176151,176171,3584116,Matched,Intersection,29577.0,5TH AVE AND PINE ST,,,2,Injury Collision,Cycles,2,0,1,1,1,0,0,2014-09-27T00:00:00.000Z,9/27/2014 2:05:00 PM,At Intersection (intersection related),18,"MOTOR VEHICLE STRUCK PEDALCYCLIST, FRONT END AT ANGLE",,N,Clear or Partly Cloudy,Dry,Daylight,,,,45.0,Vehicle - Pedalcyclist,21832,0,N,POINT (1269672.542256936 226740.2000922412),482.0,0.0,Clear or Partly Cloudy
149157,178458,178478,3642527,Matched,Block,,20TH AVE S BETWEEN S MAIN ST AND S JACKSON ST,,,2,Injury Collision,Sideswipe,2,0,1,1,1,0,0,2014-10-15T00:00:00.000Z,10/15/2014 8:30:00 AM,Mid-Block (not related to intersection),56,PEDALCYCLIST STRUCK MOTOR VEHICLE LEFT SIDE SIDESWIPE,,N,Raining,Wet,Daylight,,,,12.0,From same direction - both going straight - one stopped - sideswipe,11329,0,N,POINT (1277018.387960464 222203.3112555891),17281.0,1.5658656336784744e-05,Raining
149158,175177,175197,3587368,Matched,Block,,BEACON ER AVE S BETWEEN S ANGELINE ST AND S COLUMBIAN WAY,,,2,Injury Collision,Cycles,3,0,1,1,1,0,0,2014-09-11T00:00:00.000Z,9/11/2014 1:29:00 PM,Mid-Block (but intersection related),18,"MOTOR VEHICLE STRUCK PEDALCYCLIST, FRONT END AT ANGLE",,N,Clear or Partly Cloudy,Dry,Daylight,,,,45.0,Vehicle - Pedalcyclist,15929,0,N,POINT (1277208.996088654 207697.8138967305),8242.0,2.197069666105545e-05,Clear or Partly Cloudy
149192,175178,175198,3588809,Matched,Block,,7TH AVE BETWEEN PIKE ST AND PINE ST,,,2,Injury Collision,Cycles,3,0,1,1,1,0,0,2014-09-03T00:00:00.000Z,9/3/2014 7:50:00 PM,Mid-Block (but intersection related),51,PEDALCYCLIST STRUCK MOTOR VEHICLE FRONT END AT ANGLE,,N,Clear or Partly Cloudy,Dry,Dusk,,,,45.0,Vehicle - Pedalcyclist,37081,0,N,POINT (1270335.767601624 226884.2143643796),14732.0,3.641045205912219e-05,Clear or Partly Cloudy