OBJECTID,INCKEY,COLDETKEY,REPORTNO,STATUS,ADDRTYPE,INTKEY,LOCATION,EXCEPTRSNC,EXCEPTRSND,SEVERITYCO,SEVERITYDE,COLLISIONT,PERSONCOUN,PEDCOUNT,PEDCYLCOUN,VEHCOUNT,INJURIES,SERIOUSINJ,FATALITIES,INCDATE,INCDTTM,JUNCTIONTY,SDOT_COLCO,SDOT_COLDE,INATTENTIO,UNDERINFL,WEATHER,ROADCOND,LIGHTCOND,PEDROWNOTG,SDOTCOLNUM,SPEEDING,ST_COLCODE,ST_COLDESC,SEGLANEKEY,CROSSWALKK,HITPARKEDC,geometry,near_str_index,min_length,weather_group
149211,175409,175429,3695809,Matched,Intersection,27043.0,TROLL AVE N AND N 34TH ST,,,2,Injury Collision,Cycles,2,0,1,1,1,0,0,2014-09-16T00:00:00.000Z,9/16/2014 8:48:00 AM,At Intersection (intersection related),51,PEDALCYCLIST STRUCK MOTOR VEHICLE FRONT END AT ANGLE,,N,Overcast,Dry,Daylight,,,,45.0,Vehicle - Pedalcyclist,8816,0,N,POINT (1267245.477678463 240493.9652263224),1223.0,0.0,Overcast
149221,175404,175424,3693356,Matched,Intersection,32555.0,43RD AVE S AND LAKE WASHINGTON BLVD S,,,2,Injury Collision,Right Turn,2,0,1,1,1,0,0,2014-09-13T00:00:00.000Z,9/13/2014 11:52:00 AM,At Intersection (intersection related),51,PEDALCYCLIST STRUCK MOTOR VEHICLE FRONT END AT ANGLE,,N,Clear or Partly Cloudy,Dry,Daylight,,,,16.0,From same direction - one right turn - one straight,38085,0,N,POINT (1283428.003135026 211322.7219324559),5796.0,0.0,Clear or Partly Cloudy
149226,175402,175422,3672984,Matched,Intersection,28403.0,24TH AVE E AND E MILLER ST,,,2,Injury Collision,Cycles,3,0,1,1,1,0,0,2014-09-14T00:00:00.000Z,9/14/2014 11:49:00 AM,At Intersection (intersection related),18,"MOTOR VEHICLE STRUCK PEDALCYCLIST, FRONT END AT ANGLE",Y,N,Clear or Partly Cloudy,Dry,Daylight,,,,45.0,Vehicle - Pedalcyclist,22289,0,N,POINT (1278371.477049842 237534.0033672899),2600.0,0.0,Clear or Partly Cloudy
149249,177038,177058,3577045,Matched,Intersection,23872.0,24TH AVE NW AND NW 80TH ST,,,2,Injury Collision,Cycles,3,0,2,1,2,0,0,2014-10-10T00:00:00.000Z,10/10/2014 8:06:00 PM,At Intersection (intersection related),18,"MOTOR VEHICLE STRUCK PEDALCYCLIST, FRONT END AT ANGLE",,N,Overcast,Dry,Dark - Street Lights On,Y,,,45.0,Vehicle - Pedalcyclist,0,520932,N,POINT (1257621.964324608 254390.1324085444),5334.0,0.0,Overcast
149364,176583,176603,E346362,Matched,Block,,3RD AVE BETWEEN WALL ST AND VINE ST,,,2,Injury Collision,Cycles,0,0,1,1,1,0,0,2014-08-03T00:00:00.000Z,8/3/2014 11:31:00 AM,Mid-Block (not related to intersection),21,"MOTOR VEHICLE STRUCK PEDALCYCLIST, REAR END",,N,Clear or Partly Cloudy,Dry,Daylight,,,,45.0,Vehicle - Pedalcyclist,35635,0,N,POINT (1266990.396718189 228481.7911980152),19542.0,1.7771057435477815e-05,Clear or Partly Cloudy
149376,176363,176383,3591031,Matched,Block,,FAIRVIEW AVE N BETWEEN THOMAS ST AND HARRISON ST,,,2,Injury Collision,Cycles,2,0,1,1,1,0,0,2014-10-01T00:00:00.000Z,10/1/2014 4:30:00 PM,Mid-Block (not related to intersection),51,PEDALCYCLIST STRUCK MOTOR VEHICLE FRONT END AT ANGLE,Y,N,Clear or Partly Cloudy,Dry,Daylight,,,,45.0,Vehicle - Pedalcyclist,25099,0,N,POINT (1270287.618801579 230283.9277758598),16493.0,4.296819865283879e-06,Clear or Partly Cloudy
149419,177253,177273,3696242,Matched,Intersection,29653.0,5TH AVE AND DENNY WAY,,,2,Injury Collision,Cycles,5,0,1,1,1,0,0,2014-10-09T00:00:00.000Z,10/9/2014 8:06:00 PM,At Intersection (intersection related),51,PEDALCYCLIST STRUCK MOTOR VEHICLE FRONT END AT ANGLE,Y,N,Clear or Partly Cloudy,Dry,Dark - Street Lights On,,,,45.0,Vehicle - Pedalcyclist,41816,0,N,POINT (1266975.486766174 229310.1341748685),691.0,0.0,Clear or Partly Cloudy
149470,175852,175872,3703270,Matched,Intersection,25482.0,KENWOOD PL N AND EAST GREEN LAKE WAY N,,,2,Injury Collision,Cycles,2,0,1,1,1,0,0,2014-09-23T00:00:00.000Z,9/23/2014 5:46:00 PM,At Intersection (intersection related),18,"MOTOR VEHICLE STRUCK PEDALCYCLIST, FRONT END AT ANGLE",,N,Raining,Wet,Daylight,Y,,,45.0,Vehicle - Pedalcyclist,0,524207,N,POINT (1269823.795761093 248814.1795068383),18087.0,0.0,Raining
149493,176204,176224,3706342,Matched,Block,,UNIVERSITY WAY NE BETWEEN NE CAMPUS WB PY AND NE 41ST ST,,,2,Injury Collision,Cycles,2,0,1,1,1,0,0,2014-09-03T00:00:00.000Z,9/3/2014 5:30:00 PM,Mid-Block (not related to intersection),51,PEDALCYCLIST STRUCK MOTOR VEHICLE FRONT END AT ANGLE,,N,Clear or Partly Cloudy,Dry,Daylight,,,,45.0,Vehicle - Pedalcyclist,5673,0,N,POINT (1275715.954999134 242986.8786368668),19048.0,7.720732433710532e-09,Clear or Partly Cloudy
149516,177076,177096,3642931,Matched,Intersection,29839.0,12TH AVE AND E SPRUCE ST,,,2,Injury Collision,Cycles,2,0,1,1,1,0,0,2014-10-10T00:00:00.000Z,10/10/2014 5:33:00 PM,At Intersection (intersection related),18,"MOTOR VEHICLE STRUCK PEDALCYCLIST, FRONT END AT ANGLE",,N,Clear or Partly Cloudy,Dry,Daylight,,,,45.0,Vehicle - Pedalcyclist,10576,0,N,POINT (1274474.081845865 223670.7575290948),1167.0,0.0,Clear or Partly Cloudy
149533,177069,177089,3588829,Matched,Intersection,25415.0,15TH AVE NW AND NW 56TH ST,,,2,Injury Collision,Cycles,3,0,1,1,1,0,0,2014-10-12T00:00:00.000Z,10/12/2014 12:06:00 PM,At Intersection (intersection related),18,"MOTOR VEHICLE STRUCK PEDALCYCLIST, FRONT END AT ANGLE",Y,N,Clear or Partly Cloudy,Dry,Daylight,,,,45.0,Vehicle - Pedalcyclist,0,0,N,POINT (1260297.143591344 248002.5673460066),7472.0,0.0,Clear or Partly Cloudy
149572,178686,178726,3572722,Matched,Intersection,24149.0,MARY AVE NW AND NW 77TH ST,,,2,Injury Collision,Cycles,4,0,1,1,1,0,0,2014-11-01T00:00:00.000Z,11/1/2014 6:33:00 PM,At Intersection (intersection related),18,"MOTOR VEHICLE STRUCK PEDALCYCLIST, FRONT END AT ANGLE",,N,Clear or Partly Cloudy,Dry,Dark - Street Lights On,,,,45.0,Vehicle - Pedalcyclist,0,0,N,POINT (1260600.005159646 253695.7321518362),11129.0,0.0,Clear or Partly Cloudy
149583,175222,175242,3702914,Matched,Block,,FREMONT AVE N BETWEEN N 34TH ST AND FREMONT PL N,,,2,Injury Collision,Cycles,2,0,1,1,1,0,0,2014-08-14T00:00:00.000Z,8/14/2014 6:31:00 PM,Mid-Block (not related to intersection),51,PEDALCYCLIST STRUCK MOTOR VEHICLE FRONT END AT ANGLE,Y,N,Overcast,Dry,Daylight,,,,45.0,Vehicle - Pedalcyclist,8236,0,N,POINT (1266666.364461869 240786.3849386275),6356.0,3.755198193088441e-10,Overcast
149643,176620,176640,3591001,Matched,Block,,DEXTER AVE N BETWEEN WHEELER ST AND HALLADAY ST,,,2,Injury Collision,Cycles,2,0,1,1,1,0,0,2014-09-23T00:00:00.000Z,9/23/2014 7:56:00 AM,Mid-Block (not related to intersection),51,PEDALCYCLIST STRUCK MOTOR VEHICLE FRONT END AT ANGLE,Y,N,Overcast,Dry,Daylight,,,,45.0,Vehicle - Pedalcyclist,13853,0,N,POINT (1267867.141551092 237686.7124874443),17906.0,0.0,Overcast
149724,175883,175903,3705095,Matched,Block,,7TH AVE BETWEEN DEXTER AVE AND BATTERY ST,,,2,Injury Collision,Cycles,2,0,2,0,2,0,0,2014-09-17T00:00:00.000Z,9/17/2014 7:40:00 AM,Mid-Block (not related to intersection),58,PEDALCYCLIST STRUCK PEDALCYCLIST FRONT END AT ANGLE,,N,,,,,,,45.0,Vehicle - Pedalcyclist,13733,0,N,POINT (1268226.72209546 229098.9823026508),12991.0,0.0,
149735,176219,176239,3642884,Matched,Intersection,30114.0,20TH AVE AND E MADISON ST,,,1,Property Damage Only Collision,Cycles,2,0,1,1,0,0,0,2014-09-30T00:00:00.000Z,9/30/2014 7:27:00 PM,At Intersection (intersection related),11,"MOTOR VEHICLE STRUCK MOTOR VEHICLE, FRONT END AT ANGLE",Y,N,Clear or Partly Cloudy,,Dark - Street Lights On,,,,45.0,Vehicle - Pedalcyclist,23081,0,N,POINT (1277195.704888642 228634.6149421781),149.0,0.0,Clear or Partly Cloudy
149742,176217,176237,3591009,Matched,Intersection,28889.0,ROY ST AND TAYLOR AVE N,,,1,Property Damage Only Collision,Cycles,2,0,1,1,0,0,0,2014-09-30T00:00:00.000Z,9/30/2014 2:05:00 PM,At Intersection (intersection related),51,PEDALCYCLIST STRUCK MOTOR VEHICLE FRONT END AT ANGLE,,N,Clear or Partly Cloudy,Dry,Daylight,,,,45.0,Vehicle - Pedalcyclist,11276,0,N,POINT (1267360.416814581 231800.5743694156),944.0,0.0,Clear or Partly Cloudy
149769,176857,176877,3696240,Matched,Block,,2ND AVE BETWEEN UNION ST AND PIKE ST,,,2,Injury Collision,Cycles,2,0,1,1,1,0,0,2014-10-08T00:00:00.000Z,10/8/2014 8:10:00 AM,Driveway Junction,18,"MOTOR VEHICLE STRUCK PEDALCYCLIST, FRONT END AT ANGLE",,N,Clear or Partly Cloudy,Dry,Daylight,Y,,,45.0,Vehicle - Pedalcyclist,42160,0,N,POINT (1269167.241392419 225698.1291791648),135.0,1.0206619767903732e-08,Clear or Partly Cloudy
149775,176854,176874,3644525,Matched,Block,,SW THISTLE ST BETWEEN 26TH AVE SW AND 27TH AVE SW,,,2,Injury Collision,Cycles,3,0,1,1,1,0,0,2014-10-02T00:00:00.000Z,10/2/2014 8:29:00 AM,Mid-Block (not related to intersection),51,PEDALCYCLIST STRUCK MOTOR VEHICLE FRONT END AT ANGLE,,N,Clear or Partly Cloudy,Dry,Daylight,,,,45.0,Vehicle - Pedalcyclist,4346,0,N,POINT (1261656.789800733 196474.2232292444),10047.0,0.0,Clear or Partly Cloudy
149814,177737,177757,3642942,Matched,Intersection,28404.0,24TH AVE E AND E CALHOUN ST,,,2,Injury Collision,Cycles,2,0,1,1,1,0,0,2014-10-17T00:00:00.000Z,10/17/2014 8:00:00 AM,At Intersection (intersection related),18,"MOTOR VEHICLE STRUCK PEDALCYCLIST, FRONT END AT ANGLE",,N,Raining,Wet,Unknown,,,,45.0,Vehicle - Pedalcyclist,0,0,N,POINT (1278364.711225837 237267.920039013),5327.0,0.0,Raining
149824,178221,178241,3575337,Matched,Block,,NE 65TH ST BETWEEN 21ST E AVE NE AND 22ND AVE NE,,,2,Injury Collision,Cycles,2,0,1,1,1,0,0,2014-10-26T00:00:00.000Z,10/26/2014 3:15:00 PM,Mid-Block (not related to intersection),18,"MOTOR VEHICLE STRUCK PEDALCYCLIST, FRONT END AT ANGLE",Y,N,Clear or Partly Cloudy,Wet,Daylight,,,,45.0,Vehicle - Pedalcyclist,29728,0,N,POINT (1277934.691129401 249968.1598600149),7305.0,1.3746062600468927e-05,Clear or Partly Cloudy
149834,178725,178766,3705316,Matched,Block,,MERCER NR ST BETWEEN WESTLAKE AVE N AND TERRY AVE N,,,2,Injury Collision,Cycles,2,0,1,1,1,0,0,2014-10-11T00:00:00.000Z,10/11/2014 11:26:00 AM,Mid-Block (not related to intersection),18,"MOTOR VEHICLE STRUCK PEDALCYCLIST, FRONT END AT ANGLE",,N,Clear or Partly Cloudy,Dry,Daylight,,,,45.0,Vehicle - Pedalcyclist,24589,0,N,POINT (1269445.161520705 231494.2285131067),13013.0,0.0,Clear or Partly Cloudy
149862,178515,178555,3706271,Matched,Block,,15TH AVE NE BETWEEN NE 41ST ST AND NE 42ND ST,,,2,Injury Collision,Cycles,2,0,1,1,1,0,0,2014-10-14T00:00:00.000Z,10/14/2014 3:07:00 PM,Mid-Block (not related to intersection),14,"MOTOR VEHICLE STRUCK MOTOR VEHICLE, REAR END",Y,N,Overcast,Dry,Daylight,,,,45.0,Vehicle - Pedalcyclist,21309,0,N,POINT (1276009.870839432 243359.0692932606),15665.0,1.055708443686189e-05,Overcast
149971,175504,175524,3641104,Matched,Block,,WESTLAKE EAST RDWY AVE N BETWEEN HIGHLAND DR AND COMSTOCK ST,,,1,Property Damage Only Collision,Cycles,2,0,1,1,0,0,0,2014-08-26T00:00:00.000Z,8/26/2014 6:35:00 PM,Mid-Block (not related to intersection),54,PEDALCYCLIST STRUCK MOTOR VEHICLE REAR END,Y,N,Clear or Partly Cloudy,Dry,Daylight,,,,45.0,Vehicle - Pedalcyclist,0,0,N,POINT (1268754.095344007 233541.2939871997),21348.0,2.7549723939537274e-05,Clear or Partly Cloudy
149982,178527,178567,2546098,Matched,Intersection,34911.0,17TH AVE SW AND SW ROXBURY ST,,,2,Injury Collision,Cycles,2,0,1,1,1,0,0,2014-10-01T00:00:00.000Z,10/1/2014 6:51:00 PM,At Intersection (intersection related),24,MOTOR VEHCILE STRUCK PEDESTRIAN,Y,N,Clear or Partly Cloudy,Dry,Dusk,Y,,,45.0,Vehicle - Pedalcyclist,0,520767,N,POINT (1264052.821291193 192442.8174011111),4735.0,0.0,Clear or Partly Cloudy
152017,181451,181491,3642243,Matched,Intersection,25489.0,EAST GREEN LAKE WAY N AND WEST GREEN LAKE WAY N,,,2,Injury Collision,Cycles,2,0,1,1,1,0,0,2014-12-10T00:00:00.000Z,12/10/2014 4:49:00 PM,At Intersection (intersection related),18,"MOTOR VEHICLE STRUCK PEDALCYCLIST, FRONT END AT ANGLE",,N,Raining,Wet,Dark - Street Lights On,Y,,,45.0,Vehicle - Pedalcyclist,42025,0,N,POINT (1269226.197552487 247789.821617797),6840.0,0.0,Raining
152035,181454,181494,3642495,Matched,Intersection,29238.0,LAKE WASHINGTON BLVD E AND E MADISON ST,,,2,Injury Collision,Cycles,3,0,1,1,1,0,0,2014-11-07T00:00:00.000Z,11/7/2014 11:33:00 AM,At Intersection (intersection related),51,PEDALCYCLIST STRUCK MOTOR VEHICLE FRONT END AT ANGLE,Y,N,Clear or Partly Cloudy,Dry,Daylight,Y,,,45.0,Vehicle - Pedalcyclist,8965,0,N,POINT (1280633.632572159 231763.0291533768),10179.0,0.0,Clear or Partly Cloudy
152092,179019,179059,3606321,Matched,Block,,LAKEVIEW BLVD E BETWEEN E GARFIELD ST AND HARVARD AVE E,,,2,Injury Collision,Cycles,4,0,1,1,1,0,0,2014-11-05T00:00:00.000Z,11/5/2014 9:15:00 AM,Mid-Block (not related to intersection),18,"MOTOR VEHICLE STRUCK PEDALCYCLIST, FRONT END AT ANGLE",,N,Overcast,Dry,Daylight,,,,45.0,Vehicle - Pedalcyclist,8269,0,N,POINT (1273313.356532663 235256.0079089552),6462.0,9.056032802750305e-07,Overcast
152111,182853,182913,3575705,Matched,Intersection,25178.0,BALLARD AVE NW AND NW DOCK PL,,,2,Injury Collision,Cycles,2,0,1,1,1,0,0,2015-01-05T00:00:00.000Z,1/5/2015 5:02:00 PM,At Intersection (intersection related),18,"MOTOR VEHICLE STRUCK PEDALCYCLIST, FRONT END AT ANGLE",Y,N,Overcast,Wet,Dark - Street Lights On,,,,45.0,Vehicle - Pedalcyclist,26313,0,N,POINT (1259104.774950117 246209.3851361722),621.0,0.0,Overcast
152122,179020,179060,3642290,Matched,Block,,HARVARD AVE E BETWEEN LAKEVIEW BLVD E AND E BOSTON ST,,,2,Injury Collision,Cycles,2,0,1,1,1,0,0,2014-11-04T00:00:00.000Z,11/4/2014 7:53:00 AM,Mid-Block (not related to intersection),18,"MOTOR VEHICLE STRUCK PEDALCYCLIST, FRONT END AT ANGLE",Y,N,Raining,Wet,Daylight,,,,45.0,Vehicle - Pedalcyclist,8271,0,N,POINT (1273322.873076677 235961.62755768),761.0,1.034147967071599e-05,Raining
152140,179983,180043,3693860,Matched,Block,,S COLLEGE ST BETWEEN RAINIER S AVE S AND 25TH AVE S,,,2,Injury Collision,Cycles,1,0,1,0,1,0,0,2014-11-19T00:00:00.000Z,11/19/2014 8:41:00 AM,Mid-Block (but intersection related),69,PEDALCYCLIST OVERTURNED IN ROAD,,N,Clear or Partly Cloudy,Dry,Daylight,,,,45.0,Vehicle - Pedalcyclist,0,0,N,POINT (1278232.890297711 216092.1288493276),1716.0,3.0833597445350185e-05,Clear or Partly Cloudy
152171,181697,181737,3640950,Matched,Block,,PIKE ST BETWEEN 1ST AVE AND 2ND AVE,,,2,Injury Collision,Cycles,2,0,1,1,1,0,0,2014-12-18T00:00:00.000Z,12/18/2014 8:39:00 AM,Mid-Block (not related to intersection),29,MOTOR VEHICLE OVERTURNED IN ROAD,,N,Clear or Partly Cloudy,Dry,Daylight,,,,45.0,Vehicle - Pedalcyclist,36905,0,N,POINT (1268920.272176176 225799.4231952727),3705.0,1.4131483945438125e-05,Clear or Partly Cloudy
152259,180398,180458,3584001,Matched,Intersection,30541.0,6TH AVE S AND SEATTLE W BLVD S,,,2,Injury Collision,Cycles,2,0,1,1,1,0,0,2014-12-04T00:00:00.000Z,12/4/2014 2:30:00 PM,At Intersection (intersection related),51,PEDALCYCLIST STRUCK MOTOR VEHICLE FRONT END AT ANGLE,,N,Raining,Wet,Daylight,,,,45.0,Vehicle - Pedalcyclist,5794,0,N,POINT (1272048.087603375 220659.091094017),6096.0,0.0,Raining
152332,182699,182759,3707928,Matched,Intersection,24392.0,5TH AVE NE AND NE 80TH ST,,,2,Injury Collision,Cycles,2,0,1,1,1,0,0,2014-12-28T00:00:00.000Z,12/28/2014 9:10:00 AM,At Intersection (intersection related),18,"MOTOR VEHICLE STRUCK PEDALCYCLIST, FRONT END AT ANGLE",,Y,Clear or Partly Cloudy,Wet,Daylight,,,,45.0,Vehicle - Pedalcyclist,28530,0,N,POINT (1273540.196660906 254069.6646962166),8662.0,0.0,Clear or Partly Cloudy
152352,182442,182502,3701872,Matched,Intersection,29875.0,SUMMIT AVE AND E PIKE ST,,,2,Injury Collision,Cycles,2,0,1,1,1,0,0,2014-12-23T00:00:00.000Z,12/23/2014 10:26:00 PM,At Intersection (intersection related),18,"MOTOR VEHICLE STRUCK PEDALCYCLIST, FRONT END AT ANGLE",,N,Raining,Wet,Dark - Street Lights Off,,,,45.0,Vehicle - Pedalcyclist,31153,0,N,POINT (1272394.933043733 227568.8339490891),3778.0,0.0,Raining
152360,180406,180466,3588432,Matched,Block,,VIRGINIA ST BETWEEN 7TH AVE AND 8TH AVE,,,2,Injury Collision,Cycles,2,0,1,1,1,0,0,2014-12-08T00:00:00.000Z,12/8/2014 6:04:00 AM,Driveway Junction,51,PEDALCYCLIST STRUCK MOTOR VEHICLE FRONT END AT ANGLE,,N,Clear or Partly Cloudy,Wet,Dark - Street Lights On,,,,45.0,Vehicle - Pedalcyclist,14306,0,N,POINT (1269565.672624826 228098.3673896343),3808.0,5.012251997302299e-09,Clear or Partly Cloudy
152377,179620,179680,3585140,Matched,Block,,DENNY WAY BETWEEN 6TH AVE AND 7TH NB AVE N,,,1,Property Damage Only Collision,Cycles,2,0,1,1,0,0,0,2014-11-20T00:00:00.000Z,11/20/2014 8:40:00 AM,Driveway Junction,18,"MOTOR VEHICLE STRUCK PEDALCYCLIST, FRONT END AT ANGLE",,N,Overcast,Wet,Daylight,Y,,,45.0,Vehicle - Pedalcyclist,0,0,N,POINT (1267786.926511005 229289.5957428515),13112.0,2.41683282525206e-05,Overcast
152511,179047,179087,3586985,Matched,Intersection,36586.0,1ST AVE NE AND NE NORTHGATE WAY,,,2,Injury Collision,Cycles,2,0,1,1,1,0,0,2014-11-06T00:00:00.000Z,11/6/2014 12:57:00 PM,At Intersection (intersection related),18,"MOTOR VEHICLE STRUCK PEDALCYCLIST, FRONT END AT ANGLE",Y,N,Overcast,Wet,Daylight,,,,45.0,Vehicle - Pedalcyclist,0,521147,N,POINT (1272295.527987629 262062.2952324003),2277.0,0.0,Overcast
152584,183998,184078,3641353,Matched,Intersection,28788.0,DEXTER AVE N AND THOMAS ST,,,2,Injury Collision,Cycles,2,0,1,1,1,0,0,2015-01-19T00:00:00.000Z,1/19/2015,At Intersection (intersection related),51,PEDALCYCLIST STRUCK MOTOR VEHICLE FRONT END AT ANGLE,,N,Clear or Partly Cloudy,Dry,Unknown,Y,,,45.0,Vehicle - Pedalcyclist,42777,0,N,POINT (1268283.993903518 230129.8392637074),3489.0,0.0,Clear or Partly Cloudy
152598,182462,182522,3626323,Matched,Block,,HARVARD AVE BETWEEN E HOWELL ST AND E DENNY WAY,,,1,Property Damage Only Collision,Cycles,2,0,1,1,0,0,0,2014-12-23T00:00:00.000Z,12/23/2014 4:08:00 PM,Mid-Block (but intersection related),52,PEDALCYCLIST STRUCK MOTOR VEHICLE RIGHT SIDE AT ANGLE,,N,Raining,Wet,Dark - Street Lights On,,,,45.0,Vehicle - Pedalcyclist,0,0,N,POINT (1273246.4559246 229032.8899505883),6409.0,1.1583970562192509e-05,Raining
152600,181996,182069,3732483,Matched,Block,,4TH AVE S BETWEEN S MAIN ST AND S JACKSON ST,,,1,Property Damage Only Collision,Cycles,2,0,1,1,0,0,0,2014-12-18T00:00:00.000Z,12/18/2014 9:08:00 AM,Mid-Block (but intersection related),54,PEDALCYCLIST STRUCK MOTOR VEHICLE REAR END,,N,Overcast,Dry,Daylight,,,,45.0,Vehicle - Pedalcyclist,5750,0,N,POINT (1271441.052786753 222307.9557996988),5733.0,2.707079233585672e-05,Overcast
152607,181994,182067,3732479,Matched,Intersection,29082.0,FAIRVIEW AVE E AND FAIRVIEW AVE N,,,2,Injury Collision,Cycles,2,0,1,1,1,0,0,2014-12-17T00:00:00.000Z,12/17/2014 8:56:00 AM,At Intersection (intersection related),18,"MOTOR VEHICLE STRUCK PEDALCYCLIST, FRONT END AT ANGLE",Y,N,Raining,Dry,Daylight,,,,45.0,Vehicle - Pedalcyclist,41464,0,N,POINT (1272182.856499508 234073.3730917424),15946.0,0.0,Raining
152639,184194,184274,3552744,Matched,Intersection,27079.0,ROOSEVELT WAY NE AND NE 43RD S ST,,,2,Injury Collision,Cycles,2,0,1,1,1,0,0,2015-01-28T00:00:00.000Z,1/28/2015 8:46:00 AM,At Intersection (intersection related),51,PEDALCYCLIST STRUCK MOTOR VEHICLE FRONT END AT ANGLE,,N,Clear or Partly Cloudy,Dry,Daylight,Y,,,45.0,Vehicle - Pedalcyclist,8995,0,N,POINT (1274628.363574013 244077.2041419894),1396.0,0.0,Clear or Partly Cloudy
152683,185457,185537,3626826,Matched,Intersection,30015.0,26TH AVE AND E PIKE ST,,,2,Injury Collision,Cycles,2,0,1,1,1,0,0,2015-02-13T00:00:00.000Z,2/13/2015 5:20:00 PM,At Intersection (intersection related),0,NOT ENOUGH INFORMATION / NOT APPLICABLE,,N,Clear or Partly Cloudy,Dry,Daylight,,,,45.0,Vehicle - Pedalcyclist,0,30015,N,POINT (1278984.981306478 227458.6285089701),5372.0,0.0,Clear or Partly Cloudy
152685,185445,185525,3626801,Matched,Intersection,29937.0,8TH AVE AND MARION ST,,,2,Injury Collision,Cycles,2,0,1,1,1,0,0,2015-02-12T00:00:00.000Z,2/12/2015 5:07:00 PM,At Intersection (intersection related),18,"MOTOR VEHICLE STRUCK PEDALCYCLIST, FRONT END AT ANGLE",,N,Clear or Partly Cloudy,Dry,Dusk,,,,45.0,Vehicle - Pedalcyclist,0,29937,N,POINT (1271778.120499104 225078.955930531),563.0,0.0,Clear or Partly Cloudy
152686,186323,186403,3591056,Matched,Block,,STEWART ST BETWEEN 6TH AVE AND 7TH AVE,,,2,Injury Collision,Cycles,3,0,1,1,1,0,0,2015-02-12T00:00:00.000Z,2/12/2015 12:42:00 PM,Mid-Block (not related to intersection),56,PEDALCYCLIST STRUCK MOTOR VEHICLE LEFT SIDE SIDESWIPE,,N,Clear or Partly Cloudy,Dry,Daylight,,,,45.0,Vehicle - Pedalcyclist,13648,0,N,POINT (1269663.632496938 227572.9638050944),965.0,1.0228477162850205e-05,Clear or Partly Cloudy
152698,185441,185521,3576968,Matched,Intersection,25966.0,NE 45TH PL AND NE 45TH ST,,,2,Injury Collision,Cycles,2,0,1,1,1,0,0,2015-02-17T00:00:00.000Z,2/17/2015 2:55:00 PM,At Intersection (intersection related),18,"MOTOR VEHICLE STRUCK PEDALCYCLIST, FRONT END AT ANGLE",Y,N,Clear or Partly Cloudy,Dry,Daylight,,,,45.0,Vehicle - Pedalcyclist,25843,0,N,POINT (1280772.897596315 244611.7482705414),6719.0,0.0,Clear or Partly Cloudy
152803,185481,185561,3707971,Matched,Intersection,24908.0,35TH AVE NE AND NE 80TH ST,,,2,Injury Collision,Cycles,2,0,1,1,1,0,0,2015-02-13T00:00:00.000Z,2/13/2015 6:08:00 PM,At Intersection (intersection related),18,"MOTOR VEHICLE STRUCK PEDALCYCLIST, FRONT END AT ANGLE",,N,Overcast,Dry,Dark - Street Lights On,,,,45.0,Vehicle - Pedalcyclist,0,24908,N,POINT (1281506.738493055 253877.3846320212),7356.0,0.0,Overcast
152814,185477,185557,3591048,Matched,Block,,2ND AVE BETWEEN UNIVERSITY ST AND UNION ST,,,2,Injury Collision,Cycles,2,0,1,1,1,0,0,2015-02-17T00:00:00.000Z,2/17/2015 8:09:00 AM,Driveway Junction,18,"MOTOR VEHICLE STRUCK PEDALCYCLIST, FRONT END AT ANGLE",,N,Clear or Partly Cloudy,Dry,Daylight,Y,,Y,45.0,Vehicle - Pedalcyclist,42166,0,N,POINT (1269384.209328651 225331.5899147987),16946.0,0.0,Clear or Partly Cloudy
152843,183324,183404,3626471,Matched,Intersection,29809.0,12TH AVE AND E JEFFERSON ST,,,2,Injury Collision,Cycles,2,0,1,1,1,0,0,2015-01-13T00:00:00.000Z,1/13/2015 5:57:00 PM,At Intersection (intersection related),51,PEDALCYCLIST STRUCK MOTOR VEHICLE FRONT END AT ANGLE,,N,Clear or Partly Cloudy,Dry,Daylight,Y,,Y,45.0,Vehicle - Pedalcyclist,10458,0,N,POINT (1274493.248053879 224651.3819140941),2320.0,0.0,Clear or Partly Cloudy
152857,186327,186407,3708986,Matched,Block,,S ALASKA ST BETWEEN RAINIER AVE S AND 38TH AVE S,,,2,Injury Collision,Cycles,1,0,1,0,1,0,0,2015-02-25T00:00:00.000Z,2/25/2015 4:36:00 PM,Driveway Junction,69,PEDALCYCLIST OVERTURNED IN ROAD,,N,Overcast,Wet,Daylight,,,,45.0,Vehicle - Pedalcyclist,0,0,N,POINT (1281780.24556534 207927.6570969671),12851.0,3.125888216282759e-05,Overcast
152969,186078,186158,3644466,Matched,Block,,DELRIDGE WAY SW BETWEEN SW SPOKANE ST AND CHELAN SR AVE SW,,,2,Injury Collision,Cycles,2,0,1,1,1,0,0,2015-02-25T00:00:00.000Z,2/25/2015 5:28:00 PM,Mid-Block (but intersection related),18,"MOTOR VEHICLE STRUCK PEDALCYCLIST, FRONT END AT ANGLE",,N,Raining,Wet,Daylight,,,,45.0,Vehicle - Pedalcyclist,38793,0,N,POINT (1263574.609194696 212373.7643015236),3471.0,1.3695607643700864e-05,Raining
152987,186666,186746,3585106,Matched,Block,,DEXTER AVE N BETWEEN THOMAS ST AND HARRISON ST,,,2,Injury Collision,Cycles,2,0,1,1,1,0,0,2015-03-04T00:00:00.000Z,3/4/2015 6:19:00 PM,Driveway Junction,18,"MOTOR VEHICLE STRUCK PEDALCYCLIST, FRONT END AT ANGLE",,N,Clear or Partly Cloudy,Dry,Dark - Street Lights On,,,,45.0,Vehicle - Pedalcyclist,42728,0,N,POINT (1268289.419183522 230342.6783039272),14778.0,0.0,Clear or Partly Cloudy