OBJECTID,INCKEY,COLDETKEY,REPORTNO,STATUS,ADDRTYPE,INTKEY,LOCATION,EXCEPTRSNC,EXCEPTRSND,SEVERITYCO,SEVERITYDE,COLLISIONT,PERSONCOUN,PEDCOUNT,PEDCYLCOUN,VEHCOUNT,INJURIES,SERIOUSINJ,FATALITIES,INCDATE,INCDTTM,JUNCTIONTY,SDOT_COLCO,SDOT_COLDE,INATTENTIO,UNDERINFL,WEATHER,ROADCOND,LIGHTCOND,PEDROWNOTG,SDOTCOLNUM,SPEEDING,ST_COLCODE,ST_COLDESC,SEGLANEKEY,CROSSWALKK,HITPARKEDC,geometry,near_str_index,min_length,weather_group
157848,192138,192218,E414454,Matched,Block,,15TH AVE S BETWEEN 15TH AVS TURN RD AND S COLUMBIAN N WAY,,,2,Injury Collision,Cycles,0,0,1,1,1,0,0,2015-04-07T00:00:00.000Z,4/7/2015 9:43:00 AM,Mid-Block (not related to intersection),51,PEDALCYCLIST STRUCK MOTOR VEHICLE FRONT END AT ANGLE,,N,Overcast,Dry,Daylight,,,,45.0,Vehicle - Pedalcyclist,15915,0,N,POINT (1275062.553526461 211256.0622203797),87.0,0.0,Overcast
157883,195059,195159,3738556,Matched,Block,,N 85TH ST BETWEEN PHINNEY AVE N AND DAYTON AVE N,,,2,Injury Collision,Cycles,2,0,1,1,1,0,0,2015-06-06T00:00:00.000Z,6/6/2015 9:39:00 PM,Mid-Block (but intersection related),21,"MOTOR VEHICLE STRUCK PEDALCYCLIST, REAR END",Y,N,Clear or Partly Cloudy,Dry,Dark - Street Lights On,,,,45.0,Vehicle - Pedalcyclist,21485,0,N,POINT (1266102.230189279 255602.1171777844),4071.0,7.628502873839135e-09,Clear or Partly Cloudy
157938,191659,191739,3385966,Matched,Block,,ALKI AVE SW BETWEEN 59TH AVE SW AND 60TH AVE SW,,,2,Injury Collision,Cycles,2,0,1,1,1,0,0,2015-05-03T00:00:00.000Z,5/3/2015 5:25:00 PM,Mid-Block (not related to intersection),18,"MOTOR VEHICLE STRUCK PEDALCYCLIST, FRONT END AT ANGLE",Y,N,Clear or Partly Cloudy,Dry,Daylight,,,,45.0,Vehicle - Pedalcyclist,3637,0,N,POINT (1251634.019678473 215464.5525926948),6120.0,7.363226565432702e-06,Clear or Partly Cloudy
158000,193297,193377,3707047,Matched,Intersection,28205.0,10TH AVE E AND E ROANOKE W ST,,,2,Injury Collision,Cycles,3,0,1,2,1,0,0,2015-05-14T00:00:00.000Z,5/14/2015 6:11:00 PM,At Intersection (intersection related),18,"MOTOR VEHICLE STRUCK PEDALCYCLIST, FRONT END AT ANGLE",,N,Clear or Partly Cloudy,Dry,Daylight,Y,,,45.0,Vehicle - Pedalcyclist,0,524237,N,POINT (1273945.922613323 238157.6785039306),14881.0,0.0,Clear or Partly Cloudy
158022,194612,194712,3695654,Matched,Block,,ROOSEVELT WAY NE BETWEEN NE 42ND S ST AND NE 42ND N ST,,,2,Injury Collision,Cycles,2,0,1,1,1,0,0,2015-06-02T00:00:00.000Z,6/2/2015 3:04:00 PM,Driveway Junction,51,PEDALCYCLIST STRUCK MOTOR VEHICLE FRONT END AT ANGLE,,N,Clear or Partly Cloudy,Dry,Daylight,,,,45.0,Vehicle - Pedalcyclist,8985,0,N,POINT (1274608.015925989 243525.6699334234),15971.0,2.6929028394455945e-05,Clear or Partly Cloudy
158059,195821,195921,E434292,Matched,Intersection,24024.0,28TH AVE NW AND NW 67TH N ST,,,2,Injury Collision,Cycles,0,0,1,1,1,0,0,2015-06-15T00:00:00.000Z,6/15/2015 6:15:00 PM,At Intersection (intersection related),18,"MOTOR VEHICLE STRUCK PEDALCYCLIST, FRONT END AT ANGLE",,N,Clear or Partly Cloudy,Dry,Daylight,,,,45.0,Vehicle - Pedalcyclist,0,24029,N,POINT (1256231.228963181 251077.2748051584),11403.0,0.0,Clear or Partly Cloudy
158099,192568,192668,E423324,Matched,Intersection,26039.0,20TH AVE NE AND NE 54TH ST,,,2,Injury Collision,Cycles,0,0,1,1,1,0,0,2015-05-06T00:00:00.000Z,5/6/2015 3:20:00 PM,At Intersection (intersection related),51,PEDALCYCLIST STRUCK MOTOR VEHICLE FRONT END AT ANGLE,,N,Clear or Partly Cloudy,Dry,Daylight,,,,45.0,Vehicle - Pedalcyclist,7944,0,N,POINT (1277463.457080916 247142.1615851223),2515.0,0.0,Clear or Partly Cloudy
158111,192397,192477,3588332,Matched,Intersection,35033.0,16TH AVE SW AND SW HENDERSON ST,,,2,Injury Collision,Cycles,2,0,1,1,1,0,0,2015-05-05T00:00:00.000Z,5/5/2015 11:01:00 AM,At Intersection (intersection related),51,PEDALCYCLIST STRUCK MOTOR VEHICLE FRONT END AT ANGLE,,N,Clear or Partly Cloudy,Dry,Daylight,,,,45.0,Vehicle - Pedalcyclist,1824,0,N,POINT (1264440.005419582 194444.9621711671),2434.0,0.0,Clear or Partly Cloudy
158140,195081,195181,3606432,Matched,Intersection,37367.0,AURORA AVE N AND N 85TH ST,,,2,Injury Collision,Cycles,3,0,1,1,1,0,0,2015-06-07T00:00:00.000Z,6/7/2015 10:41:00 PM,At Intersection (intersection related),51,PEDALCYCLIST STRUCK MOTOR VEHICLE FRONT END AT ANGLE,,N,Clear or Partly Cloudy,Dry,Dark - Street Lights On,,,,45.0,Vehicle - Pedalcyclist,21716,0,N,POINT (1268255.323439494 255550.0504897386),6144.0,0.0,Clear or Partly Cloudy
158157,193964,194044,3708133,Matched,Intersection,24580.0,EAST GREEN LAKE DR N AND NE 72ND ST,,,2,Injury Collision,Cycles,2,0,1,1,1,0,0,2015-05-28T00:00:00.000Z,5/28/2015 4:56:00 PM,At Intersection (intersection related),18,"MOTOR VEHICLE STRUCK PEDALCYCLIST, FRONT END AT ANGLE",,N,Clear or Partly Cloudy,Dry,Daylight,,,,45.0,Vehicle - Pedalcyclist,7279,0,N,POINT (1272786.373428136 251714.9649178088),1467.0,0.0,Clear or Partly Cloudy
158165,195077,195177,3739661,Matched,Intersection,29929.0,5TH AVE AND SENECA ST,,,1,Property Damage Only Collision,Cycles,2,0,1,1,0,0,0,2015-06-06T00:00:00.000Z,6/6/2015 1:58:00 PM,At Intersection (intersection related),51,PEDALCYCLIST STRUCK MOTOR VEHICLE FRONT END AT ANGLE,,N,Clear or Partly Cloudy,Dry,Daylight,,,,45.0,Vehicle - Pedalcyclist,0,523231,N,POINT (1270479.871537775 225377.2760588378),11169.0,0.0,Clear or Partly Cloudy
158229,195293,195393,3736125,Matched,Block,,PINE ST BETWEEN PIKE PL AND POST AL,NEI,"Not Enough Information, or Insufficient Location Information",2,Injury Collision,Cycles,2,0,1,1,1,0,0,2015-06-04T00:00:00.000Z,6/4/2015 10:15:00 AM,,0,NOT ENOUGH INFORMATION / NOT APPLICABLE,,N,Unknown,Unknown,Unknown,,,,45.0,Vehicle - Pedalcyclist,0,0,Y,POINT (1268380.673711613 225975.0896914601),17165.0,6.391647646958598e-09,
158243,193658,193738,3574497,Matched,Block,,SW SPOKANE ST BETWEEN 11TH CR AVE SW AND SW SPOKANE E BR,,,2,Injury Collision,Cycles,2,0,1,1,1,0,0,2015-05-21T00:00:00.000Z,5/21/2015 5:45:00 AM,Mid-Block (but intersection related),18,"MOTOR VEHICLE STRUCK PEDALCYCLIST, FRONT END AT ANGLE",,N,Clear or Partly Cloudy,Dry,Dawn,,,,45.0,Vehicle - Pedalcyclist,39193,0,N,POINT (1265964.640749142 212123.5306372643),2049.0,1.9534789785193807e-05,Clear or Partly Cloudy
158256,192582,192682,E423419,Matched,Intersection,29826.0,12TH AVE AND E ALDER ST,,,2,Injury Collision,Cycles,0,0,1,1,1,0,0,2015-05-07T00:00:00.000Z,5/7/2015 2:33:00 PM,At Intersection (intersection related),18,"MOTOR VEHICLE STRUCK PEDALCYCLIST, FRONT END AT ANGLE",,N,Clear or Partly Cloudy,Dry,Daylight,,,,45.0,Vehicle - Pedalcyclist,10590,0,N,POINT (1274480.128053859 223979.3716734052),2319.0,0.0,Clear or Partly Cloudy
158259,192581,192681,3707153,Matched,Intersection,29818.0,BROADWAY AND TERRACE ST,,,2,Injury Collision,Cycles,2,0,1,1,1,0,0,2015-05-05T00:00:00.000Z,5/5/2015 7:00:00 PM,At Intersection (intersection related),18,"MOTOR VEHICLE STRUCK PEDALCYCLIST, FRONT END AT ANGLE",,N,Overcast,Wet,Dusk,,,,45.0,Vehicle - Pedalcyclist,11841,0,N,POINT (1273507.629364863 224314.2486017495),6207.0,0.0,Overcast
158261,193974,194054,3706667,Matched,Intersection,27079.0,ROOSEVELT WAY NE AND NE 43RD S ST,,,2,Injury Collision,Cycles,2,0,1,1,1,0,0,2015-05-27T00:00:00.000Z,5/27/2015 7:12:00 PM,At Intersection (intersection related),18,"MOTOR VEHICLE STRUCK PEDALCYCLIST, FRONT END AT ANGLE",Y,N,Clear or Partly Cloudy,Dry,Daylight,,,,45.0,Vehicle - Pedalcyclist,8995,0,N,POINT (1274628.363574013 244077.2041419894),1396.0,0.0,Clear or Partly Cloudy
158268,193648,193728,3736784,Matched,Block,,UNIVERSITY WAY NE BETWEEN NE 47TH ST AND NE 50TH ST,,,2,Injury Collision,Cycles,2,0,1,1,1,0,0,2015-05-19T00:00:00.000Z,5/19/2015 1:43:00 PM,Mid-Block (not related to intersection),18,"MOTOR VEHICLE STRUCK PEDALCYCLIST, FRONT END AT ANGLE",Y,N,Clear or Partly Cloudy,Dry,Daylight,,,,45.0,Vehicle - Pedalcyclist,5622,0,N,POINT (1275809.299383223 245710.9149916619),999.0,0.0,Clear or Partly Cloudy
158313,195540,195620,3696645,Matched,Block,,ALASKAN WAY BETWEEN YESLER WAY AND COLUMBIA ST,,,2,Injury Collision,Cycles,3,0,1,1,1,0,0,2015-06-12T00:00:00.000Z,6/12/2015 2:18:00 PM,Driveway Junction,18,"MOTOR VEHICLE STRUCK PEDALCYCLIST, FRONT END AT ANGLE",,N,Clear or Partly Cloudy,Dry,Daylight,,,,45.0,Vehicle - Pedalcyclist,38494,0,N,POINT (1269509.915312782 223226.5723126382),21772.0,6.443312782465438e-09,Clear or Partly Cloudy
158361,191738,191818,3707192,Matched,Intersection,30686.0,M L KING JR WAY S AND S JUDKINS ST,,,2,Injury Collision,Cycles,2,0,1,1,1,0,0,2015-05-03T00:00:00.000Z,5/3/2015 12:37:00 AM,At Intersection (intersection related),18,"MOTOR VEHICLE STRUCK PEDALCYCLIST, FRONT END AT ANGLE",,N,Clear or Partly Cloudy,Dry,Dark - Street Lights On,Y,,,45.0,Vehicle - Pedalcyclist,10279,0,N,POINT (1279117.347898617 219399.285140723),821.0,0.0,Clear or Partly Cloudy
158365,192425,192505,E420644,Matched,Intersection,32672.0,RAINIER AVE S AND S CHARLESTOWN ST,,,2,Injury Collision,Cycles,0,0,1,1,1,0,0,2015-04-28T00:00:00.000Z,4/28/2015 5:22:00 PM,At Intersection (intersection related),18,"MOTOR VEHICLE STRUCK PEDALCYCLIST, FRONT END AT ANGLE",,N,Raining,Wet,Daylight,,,,45.0,Vehicle - Pedalcyclist,0,524336,N,POINT (1280674.396732211 211241.5609723628),912.0,0.0,Raining
158390,193980,194060,E426565,Matched,Intersection,34609.0,SEWARD PARK S AVE S AND S MORGAN ST,,,2,Injury Collision,Cycles,0,0,1,1,1,0,0,2015-05-21T00:00:00.000Z,5/21/2015 3:18:00 PM,At Intersection (intersection related),51,PEDALCYCLIST STRUCK MOTOR VEHICLE FRONT END AT ANGLE,,N,Clear or Partly Cloudy,Dry,Daylight,,,,45.0,Vehicle - Pedalcyclist,0,0,N,POINT (1287054.815554738 201816.2348827124),1039.0,0.0,Clear or Partly Cloudy
158464,194676,194776,E422337,Matched,Block,,BROADWAY E BETWEEN E HARRISON ST AND E REPUBLICAN ST,,,2,Injury Collision,Cycles,0,0,1,0,1,0,0,2015-05-02T00:00:00.000Z,5/2/2015 1:20:00 PM,Mid-Block (not related to intersection),66,PEDALCYCLIST STRUCK OBJECT IN ROAD,,N,Clear or Partly Cloudy,Dry,Daylight,,,,45.0,Vehicle - Pedalcyclist,6261,0,N,POINT (1273588.761396959 230635.3561282307),651.0,2.3905353134025367e-05,Clear or Partly Cloudy
158544,193987,194067,3730434,Matched,Block,,RAINIER AVE S BETWEEN S FERDINAND ST AND S HUDSON ST,,,2,Injury Collision,Cycles,2,0,1,1,1,0,0,2015-05-28T00:00:00.000Z,5/28/2015 9:33:00 PM,Mid-Block (not related to intersection),51,PEDALCYCLIST STRUCK MOTOR VEHICLE FRONT END AT ANGLE,,N,Clear or Partly Cloudy,Dry,Dark - Street Lights On,,,,45.0,Vehicle - Pedalcyclist,0,0,N,POINT (1282036.396413609 206718.9002317339),18007.0,2.894488142658082e-05,Clear or Partly Cloudy
158595,195889,195989,E434981,Matched,Intersection,31371.0,OCCIDENTAL AVE S AND S LANDER ST,,,2,Injury Collision,Cycles,0,0,1,1,1,0,0,2015-06-18T00:00:00.000Z,6/18/2015 12:58:00 PM,At Intersection (intersection related),18,"MOTOR VEHICLE STRUCK PEDALCYCLIST, FRONT END AT ANGLE",,N,Clear or Partly Cloudy,Dry,Daylight,,,,45.0,Vehicle - Pedalcyclist,5481,0,N,POINT (1270238.803505525 215104.8974243253),1818.0,0.0,Clear or Partly Cloudy
158653,193078,193158,E413578,Matched,Block,,ROOSEVELT WAY NE BETWEEN NE 42ND S ST AND NE 42ND N ST,NEI,"Not Enough Information, or Insufficient Location Information",2,Injury Collision,Cycles,0,0,1,1,1,0,0,2015-03-31T00:00:00.000Z,3/31/2015 11:40:00 AM,Mid-Block (not related to intersection),14,"MOTOR VEHICLE STRUCK MOTOR VEHICLE, REAR END",,N,Clear or Partly Cloudy,Dry,Daylight,,,,45.0,Vehicle - Pedalcyclist,8983,0,Y,POINT (1274608.015925989 243525.6699334234),15971.0,2.6929028394455945e-05,Clear or Partly Cloudy
158685,194007,194087,3739494,Matched,Block,,YESLER WAY BETWEEN 3RD AVE AND TERRACE ST,,,2,Injury Collision,Cycles,2,0,1,1,1,0,0,2015-05-27T00:00:00.000Z,5/27/2015 8:43:00 AM,Mid-Block (but intersection related),18,"MOTOR VEHICLE STRUCK PEDALCYCLIST, FRONT END AT ANGLE",,N,Clear or Partly Cloudy,Dry,Daylight,,,,45.0,Vehicle - Pedalcyclist,9967,0,N,POINT (1271289.045554593 223077.2043124884),6798.0,8.490834080762045e-06,Clear or Partly Cloudy
158686,194918,195018,E423656,Matched,Block,,NE 45TH ST BETWEEN 37TH AVE NE AND SAND POINT WAY NE,,,2,Injury Collision,Cycles,2,0,1,1,1,0,0,2015-05-09T00:00:00.000Z,5/9/2015 9:30:00 PM,Mid-Block (not related to intersection),21,"MOTOR VEHICLE STRUCK PEDALCYCLIST, REAR END",,N,Clear or Partly Cloudy,Dry,Dark - Street Lights On,,,,45.0,Vehicle - Pedalcyclist,26013,0,N,POINT (1282045.243709609 244590.5387345105),7244.0,2.252629662638014e-05,Clear or Partly Cloudy
158688,194710,194810,E422616,Matched,Intersection,29556.0,5TH AVE AND STEWART ST,,,2,Injury Collision,Cycles,0,0,1,1,1,0,0,2015-04-27T00:00:00.000Z,4/27/2015 8:53:00 PM,At Intersection (intersection related),51,PEDALCYCLIST STRUCK MOTOR VEHICLE FRONT END AT ANGLE,,N,Clear or Partly Cloudy,Dry,Dark - Street Lights On,,,,45.0,Vehicle - Pedalcyclist,13625,0,N,POINT (1269339.042608604 227215.989660725),3109.0,0.0,Clear or Partly Cloudy
158708,195159,195259,3730457,Matched,Intersection,33579.0,RAINIER AVE S AND S HUDSON ST,,,1,Property Damage Only Collision,Cycles,2,0,1,1,0,0,0,2015-06-05T00:00:00.000Z,6/5/2015 7:20:00 PM,At Intersection (intersection related),18,"MOTOR VEHICLE STRUCK PEDALCYCLIST, FRONT END AT ANGLE",Y,N,Clear or Partly Cloudy,Dry,Daylight,Y,,,45.0,Vehicle - Pedalcyclist,0,524818,N,POINT (1282084.838717654 206570.8007755876),3722.0,0.0,Clear or Partly Cloudy
158714,192202,192282,3739755,Matched,Block,,S JACKSON ST BETWEEN MAYNARD AVE S AND 7TH AVE S,,,2,Injury Collision,Cycles,1,0,1,0,1,0,0,2015-04-28T00:00:00.000Z,4/28/2015 5:12:00 AM,Mid-Block (not related to intersection),69,PEDALCYCLIST OVERTURNED IN ROAD,Y,Y,,Dry,Dark - Street Lights On,,,,45.0,Vehicle - Pedalcyclist,24421,0,N,POINT (1272563.253491908 222129.9773675203),19255.0,2.3218942607122145e-05,
158732,195359,195459,3586269,Matched,Block,,E JEFFERSON ST BETWEEN 14TH AVE AND 15TH AVE,,,2,Injury Collision,Cycles,2,0,1,1,1,0,0,2015-06-10T00:00:00.000Z,6/10/2015 8:55:00 AM,Mid-Block (not related to intersection),51,PEDALCYCLIST STRUCK MOTOR VEHICLE FRONT END AT ANGLE,,N,Overcast,Wet,Unknown,,,,45.0,Vehicle - Pedalcyclist,10473,0,N,POINT (1275299.096502706 224630.8704260737),1103.0,7.26095036335671e-09,Overcast
158742,195906,196006,E435273,Matched,Block,,25TH AVE NE BETWEEN RAVENNA N AVE NE AND NE 90TH ST,NEI,"Not Enough Information, or Insufficient Location Information",2,Injury Collision,Sideswipe,0,0,1,1,1,0,0,2015-06-18T00:00:00.000Z,6/18/2015 3:55:00 PM,Mid-Block (not related to intersection),0,NOT ENOUGH INFORMATION / NOT APPLICABLE,,N,Clear or Partly Cloudy,Dry,Daylight,,,,12.0,From same direction - both going straight - one stopped - sideswipe,0,0,Y,POINT (1278860.055418357 255844.1579460353),5352.0,8.369763043492038e-06,Clear or Partly Cloudy
158756,195166,195266,E431072,Matched,Intersection,28913.0,MERCER ST AND TAYLOR AVE N,,,2,Injury Collision,Cycles,0,0,1,1,1,0,0,2015-06-05T00:00:00.000Z,6/5/2015 10:05:00 PM,At Intersection (intersection related),18,"MOTOR VEHICLE STRUCK PEDALCYCLIST, FRONT END AT ANGLE",,N,Clear or Partly Cloudy,Dry,Dark - Street Lights On,,,,45.0,Vehicle - Pedalcyclist,43201,0,N,POINT (1267352.501806572 231486.9510730952),6529.0,0.0,Clear or Partly Cloudy
158757,191877,191957,3738530,Matched,Block,,AURORA AVE N BETWEEN N 125TH ST AND N 127TH ST,,,2b,Serious Injury Collision,Cycles,2,0,1,1,1,1,0,2015-05-01T00:00:00.000Z,5/1/2015 10:29:00 AM,Driveway Junction,18,"MOTOR VEHICLE STRUCK PEDALCYCLIST, FRONT END AT ANGLE",Y,N,Clear or Partly Cloudy,Dry,Daylight,,,,45.0,Vehicle - Pedalcyclist,15043,0,N,POINT (1268365.048943609 266463.5964849144),12531.0,7.929148705898784e-06,Clear or Partly Cloudy
158770,193386,193466,3739656,Matched,Block,,5TH AVE BETWEEN UNIVERSITY ST AND UNION ST,,,2,Injury Collision,Cycles,5,0,1,1,1,0,0,2015-05-13T00:00:00.000Z,5/13/2015 3:55:00 PM,Mid-Block (but intersection related),55,PEDALCYCLIST STRUCK MOTOR VEHICLE RIGHT SIDE SIDESWIPE,,N,Raining,Wet,Daylight,,,,45.0,Vehicle - Pedalcyclist,24889,0,N,POINT (1270215.371505499 225823.7194512933),8658.0,1.2334867892116416e-05,Raining
158771,193120,193200,E423181,Matched,Block,,NE 108TH ST BETWEEN 11TH AVE NE AND 12TH AVE NE,,,2,Injury Collision,Cycles,0,0,1,1,1,0,0,2015-05-09T00:00:00.000Z,5/9/2015 3:43:00 PM,Driveway Junction,51,PEDALCYCLIST STRUCK MOTOR VEHICLE FRONT END AT ANGLE,,N,Clear or Partly Cloudy,Dry,Daylight,,,,45.0,Vehicle - Pedalcyclist,0,0,N,POINT (1275378.171702787 261469.8889597952),7160.0,0.0,Clear or Partly Cloudy
158774,193384,193464,3739300,Matched,Intersection,29510.0,DENNY WAY AND WESTLAKE AVE,,,2,Injury Collision,Cycles,5,0,1,1,1,0,0,2015-05-16T00:00:00.000Z,5/16/2015 10:02:00 PM,At Intersection (intersection related),18,"MOTOR VEHICLE STRUCK PEDALCYCLIST, FRONT END AT ANGLE",Y,N,Overcast,Dry,Dark - Street Lights On,Y,,,45.0,Vehicle - Pedalcyclist,0,523899,N,POINT (1269228.121136487 229252.4793908149),1030.0,0.0,Overcast
158793,192456,192536,3707155,Matched,Intersection,29847.0,MELROSE AVE AND OLIVE WAY,,,2,Injury Collision,Cycles,2,0,1,1,1,0,0,2015-05-07T00:00:00.000Z,5/7/2015 10:25:00 PM,At Intersection (intersection related),18,"MOTOR VEHICLE STRUCK PEDALCYCLIST, FRONT END AT ANGLE",Y,Y,Clear or Partly Cloudy,Dry,Dark - Street Lights On,Y,,,45.0,Vehicle - Pedalcyclist,0,524228,N,POINT (1271829.434419155 228511.3035820574),845.0,0.0,Clear or Partly Cloudy
158868,191958,192038,3736361,Matched,Intersection,27203.0,1ST AVE NE AND NE 43RD ST,,,2,Injury Collision,Cycles,2,0,1,1,1,0,0,2015-05-02T00:00:00.000Z,5/2/2015 1:45:00 PM,At Intersection (intersection related),51,PEDALCYCLIST STRUCK MOTOR VEHICLE FRONT END AT ANGLE,,N,Clear or Partly Cloudy,Dry,Daylight,,,,45.0,Vehicle - Pedalcyclist,0,0,N,POINT (1272027.280179352 243975.8788298815),9054.0,0.0,Clear or Partly Cloudy
158911,194027,194107,E427320,Matched,Block,,S EDMUNDS ST BETWEEN 32ND AVE S AND 35TH AVE S,NEI,"Not Enough Information, or Insufficient Location Information",1,Property Damage Only Collision,Cycles,0,0,1,1,0,0,0,2015-05-23T00:00:00.000Z,5/23/2015 6:41:00 PM,,0,NOT ENOUGH INFORMATION / NOT APPLICABLE,,N,Clear or Partly Cloudy,Dry,Daylight,,,,45.0,Vehicle - Pedalcyclist,0,0,N,POINT (1280732.247740269 207189.5226962119),10628.0,7.448535038968465e-09,Clear or Partly Cloudy
158987,195398,195498,3576522,Matched,Intersection,30365.0,1ST AVE S AND S JACKSON ST,,,2,Injury Collision,Cycles,2,0,1,1,1,0,0,2015-06-13T00:00:00.000Z,6/13/2015 12:46:00 AM,At Intersection (intersection related),18,"MOTOR VEHICLE STRUCK PEDALCYCLIST, FRONT END AT ANGLE",,N,Clear or Partly Cloudy,Dry,Dark - Street Lights On,,,,45.0,Vehicle - Pedalcyclist,4843,0,N,POINT (1270150.066225424 222182.4193515629),1802.0,0.0,Clear or Partly Cloudy
159024,192228,192308,E421520,Matched,Block,,S JACKSON ST BETWEEN 12TH AVE S AND 14TH AVE S,,,2b,Serious Injury Collision,Cycles,1,0,1,1,1,1,0,2015-05-04T00:00:00.000Z,5/4/2015 7:52:00 AM,Mid-Block (not related to intersection),69,PEDALCYCLIST OVERTURNED IN ROAD,,N,Clear or Partly Cloudy,Dry,Daylight,,,,45.0,Vehicle - Pedalcyclist,11007,0,N,POINT (1274714.950966105 222091.9929194748),12155.0,2.0125874002490198e-05,Clear or Partly Cloudy
159047,193157,193237,3501825,Matched,Block,,LINDEN AVE N BETWEEN N 130TH ST AND N 135TH ST,,,2,Injury Collision,Cycles,2,0,1,1,1,0,0,2015-05-06T00:00:00.000Z,5/6/2015 8:12:00 AM,Driveway Junction,18,"MOTOR VEHICLE STRUCK PEDALCYCLIST, FRONT END AT ANGLE",,N,Clear or Partly Cloudy,Dry,Daylight,Y,,,45.0,Vehicle - Pedalcyclist,40839,0,N,POINT (1267662.791086882 268139.4151106328),20586.0,2.602739777230382e-06,Clear or Partly Cloudy
159090,194740,194840,3732679,Matched,Intersection,28744.0,WESTLAKE AVE N AND VALLEY ST,NEI,"Not Enough Information, or Insufficient Location Information",2,Injury Collision,Cycles,1,0,1,0,1,0,0,2015-06-02T00:00:00.000Z,6/2/2015 3:55:00 PM,At Intersection (intersection related),69,PEDALCYCLIST OVERTURNED IN ROAD,Y,N,Clear or Partly Cloudy,Dry,Daylight,,,,45.0,Vehicle - Pedalcyclist,31157,0,N,POINT (1269242.945584506 231901.4393935204),3828.0,0.0,Clear or Partly Cloudy
159119,191972,192052,E416522,Matched,Intersection,25418.0,8TH AVE NW AND NW 56TH ST,,,2,Injury Collision,Cycles,0,0,1,1,1,0,0,2015-04-07T00:00:00.000Z,4/7/2015 8:43:00 AM,At Intersection (intersection related),18,"MOTOR VEHICLE STRUCK PEDALCYCLIST, FRONT END AT ANGLE",,N,Overcast,Dry,Daylight,,,,45.0,Vehicle - Pedalcyclist,2426,0,N,POINT (1262769.165609866 247948.7807219476),1580.0,0.0,Overcast
159122,195666,195766,3571258,Matched,Block,,FAUNTLEROY WAY SW BETWEEN SW AUSTIN ST AND SW KENYON ST,,,2,Injury Collision,Cycles,3,0,1,1,1,0,0,2015-06-17T00:00:00.000Z,6/17/2015 7:55:00 PM,Mid-Block (not related to intersection),18,"MOTOR VEHICLE STRUCK PEDALCYCLIST, FRONT END AT ANGLE",,N,Clear or Partly Cloudy,Dry,Daylight,,,,45.0,Vehicle - Pedalcyclist,3002,0,N,POINT (1255239.293282166 198562.1224313825),19812.0,2.5659378155971546e-05,Clear or Partly Cloudy
159142,195407,195507,3588278,Matched,Intersection,31812.0,BEACH DR SW AND SW CARROLL ST,,,2,Injury Collision,Cycles,2,0,1,1,1,0,0,2015-06-13T00:00:00.000Z,6/13/2015 9:15:00 AM,At Intersection (intersection related),51,PEDALCYCLIST STRUCK MOTOR VEHICLE FRONT END AT ANGLE,Y,N,Clear or Partly Cloudy,Dry,Daylight,,,,45.0,Vehicle - Pedalcyclist,4011,0,N,POINT (1251332.609054163 210999.7170041203),3358.0,0.0,Clear or Partly Cloudy
159144,192236,192316,E417132,Matched,Block,,6TH AVE BETWEEN PINE ST AND OLIVE WAY,,,2,Injury Collision,Cycles,0,0,1,1,1,0,0,2015-04-17T00:00:00.000Z,4/17/2015 9:22:00 AM,Mid-Block (not related to intersection),18,"MOTOR VEHICLE STRUCK PEDALCYCLIST, FRONT END AT ANGLE",,N,Clear or Partly Cloudy,Dry,Daylight,,,,45.0,Vehicle - Pedalcyclist,25424,0,N,POINT (1269841.285361111 227087.6141725928),3200.0,2.4618179339475416e-05,Clear or Partly Cloudy
159147,195941,196041,3626648,Matched,Block,,15TH AVE E BETWEEN E HARRISON S ST AND E HARRISON N ST,,,2,Injury Collision,Cycles,3,0,1,1,1,0,0,2015-06-22T00:00:00.000Z,6/22/2015 9:03:00 AM,Mid-Block (not related to intersection),51,PEDALCYCLIST STRUCK MOTOR VEHICLE FRONT END AT ANGLE,Y,N,Clear or Partly Cloudy,Dry,Daylight,,,,45.0,Vehicle - Pedalcyclist,8572,0,N,POINT (1275624.546487033 230399.2137279809),12284.0,0.0,Clear or Partly Cloudy
159176,192238,192318,E417181,Matched,Intersection,31507.0,M L KING JR WAY S AND S BAYVIEW S ST,,,2,Injury Collision,Cycles,0,0,1,1,1,0,0,2015-04-18T00:00:00.000Z,4/18/2015 11:41:00 AM,At Intersection (intersection related),18,"MOTOR VEHICLE STRUCK PEDALCYCLIST, FRONT END AT ANGLE",,N,Clear or Partly Cloudy,Dry,Daylight,,,,45.0,Vehicle - Pedalcyclist,0,524859,N,POINT (1279201.229114696 215463.757712692),20194.0,0.0,Clear or Partly Cloudy
159185,194057,194137,3738444,Matched,Intersection,25657.0,EVANSTON AVE N AND N 50TH ST,,,2,Injury Collision,Cycles,2,0,1,1,1,0,0,2015-05-19T00:00:00.000Z,5/19/2015 10:19:00 AM,At Intersection (intersection related),18,"MOTOR VEHICLE STRUCK PEDALCYCLIST, FRONT END AT ANGLE",,N,Clear or Partly Cloudy,Dry,Daylight,,,,45.0,Vehicle - Pedalcyclist,9728,0,N,POINT (1266362.645037547 246266.9129442275),713.0,0.0,Clear or Partly Cloudy