OBJECTID,INCKEY,COLDETKEY,REPORTNO,STATUS,ADDRTYPE,INTKEY,LOCATION,EXCEPTRSNC,EXCEPTRSND,SEVERITYCO,SEVERITYDE,COLLISIONT,PERSONCOUN,PEDCOUNT,PEDCYLCOUN,VEHCOUNT,INJURIES,SERIOUSINJ,FATALITIES,INCDATE,INCDTTM,JUNCTIONTY,SDOT_COLCO,SDOT_COLDE,INATTENTIO,UNDERINFL,WEATHER,ROADCOND,LIGHTCOND,PEDROWNOTG,SDOTCOLNUM,SPEEDING,ST_COLCODE,ST_COLDESC,SEGLANEKEY,CROSSWALKK,HITPARKEDC,geometry,near_str_index,min_length,weather_group
159189,193433,193513,3707251,Matched,Block,,16TH AVE BETWEEN E OLIVE ST AND E HOWELL ST,,,2,Injury Collision,Cycles,2,0,1,1,1,0,0,2015-05-17T00:00:00.000Z,5/17/2015 6:30:00 PM,Mid-Block (but intersection related),51,PEDALCYCLIST STRUCK MOTOR VEHICLE FRONT END AT ANGLE,Y,N,Clear or Partly Cloudy,Dry,Daylight,,,,45.0,Vehicle - Pedalcyclist,0,0,N,POINT (1275883.711799309 228573.9904301167),93.0,3.214996713234836e-07,Clear or Partly Cloudy
159194,193738,193818,3626634,Matched,Block,,BROADWAY BETWEEN E PIKE ST AND E PINE ST,,,2,Injury Collision,Cycles,2,0,1,1,1,0,0,2015-05-26T00:00:00.000Z,5/26/2015 6:50:00 PM,Driveway Junction,18,"MOTOR VEHICLE STRUCK PEDALCYCLIST, FRONT END AT ANGLE",,N,Clear or Partly Cloudy,Dry,Daylight,Y,,,45.0,Vehicle - Pedalcyclist,6855,0,N,POINT (1273564.040884927 227752.5528612733),15815.0,2.877603720450791e-05,Clear or Partly Cloudy
159200,194058,194138,3738783,Matched,Intersection,36584.0,MERIDIAN AVE N AND N NORTHGATE WAY,,,2,Injury Collision,Cycles,2,0,1,1,1,0,0,2015-05-29T00:00:00.000Z,5/29/2015 6:03:00 PM,At Intersection (intersection related),18,"MOTOR VEHICLE STRUCK PEDALCYCLIST, FRONT END AT ANGLE",Y,N,Clear or Partly Cloudy,Dry,Daylight,,,,45.0,Vehicle - Pedalcyclist,0,523505,N,POINT (1270976.686642274 262100.5006724447),853.0,0.0,Clear or Partly Cloudy
159244,194748,194848,E427323,Matched,Intersection,35762.0,STONE AVE N AND N 130TH ST,,,2b,Serious Injury Collision,Cycles,4,0,1,1,0,1,0,2015-05-23T00:00:00.000Z,5/23/2015 11:58:00 AM,At Intersection (intersection related),18,"MOTOR VEHICLE STRUCK PEDALCYCLIST, FRONT END AT ANGLE",,N,Overcast,Dry,Daylight,,,,45.0,Vehicle - Pedalcyclist,0,523394,N,POINT (1269040.812592298 267445.8710459173),6687.0,0.0,Overcast
159326,197674,197794,E435206,Matched,Intersection,29916.0,8TH AVE AND SENECA ST,,,2,Injury Collision,Cycles,0,0,1,1,1,0,0,2015-05-28T00:00:00.000Z,5/28/2015 11:57:00 AM,At Intersection (intersection related),18,"MOTOR VEHICLE STRUCK PEDALCYCLIST, FRONT END AT ANGLE",,N,Clear or Partly Cloudy,Dry,Daylight,,,,45.0,Vehicle - Pedalcyclist,0,521935,N,POINT (1271310.37982662 225869.0825233459),3756.0,0.0,Clear or Partly Cloudy
159348,199168,199308,E447909,Matched,Intersection,27816.0,W MCGRAW PL AND W MCGRAW E ST,,,2,Injury Collision,Cycles,1,0,1,1,1,0,0,2015-08-01T00:00:00.000Z,8/1/2015 7:26:00 AM,At Intersection (intersection related),18,"MOTOR VEHICLE STRUCK PEDALCYCLIST, FRONT END AT ANGLE",,N,Clear or Partly Cloudy,Dry,Daylight,,,,45.0,Vehicle - Pedalcyclist,30167,0,N,POINT (1264176.352811307 237036.4008067846),5228.0,0.0,Clear or Partly Cloudy
159349,199164,199304,3733601,Matched,Block,,40TH AVE NE BETWEEN NE 52ND PL AND NE 55TH ST,,,2,Injury Collision,Cycles,2,0,1,1,1,0,0,2015-08-01T00:00:00.000Z,8/1/2015 3:14:00 PM,Mid-Block (not related to intersection),18,"MOTOR VEHICLE STRUCK PEDALCYCLIST, FRONT END AT ANGLE",,N,Clear or Partly Cloudy,Dry,Daylight,,,,45.0,Vehicle - Pedalcyclist,0,521972,N,POINT (1282801.570750386 247034.7936490178),12437.0,0.0,Clear or Partly Cloudy
159373,198599,198739,3573348,Matched,Intersection,28788.0,DEXTER AVE N AND THOMAS ST,,,2,Injury Collision,Cycles,2,0,1,1,1,0,0,2015-07-24T00:00:00.000Z,7/24/2015 6:48:00 PM,At Intersection (intersection related),18,"MOTOR VEHICLE STRUCK PEDALCYCLIST, FRONT END AT ANGLE",,N,Clear or Partly Cloudy,Dry,Daylight,Y,,,45.0,Vehicle - Pedalcyclist,42777,0,N,POINT (1268283.993903518 230129.8392637074),3489.0,0.0,Clear or Partly Cloudy
159412,199986,200126,3731651,Matched,Block,,58TH AVE SW BETWEEN SW SPOKANE W ST AND HILLCREST AVE SW,,,2,Injury Collision,Cycles,2,0,1,1,1,0,0,2015-08-13T00:00:00.000Z,8/13/2015 2:12:00 PM,Mid-Block (not related to intersection),11,"MOTOR VEHICLE STRUCK MOTOR VEHICLE, FRONT END AT ANGLE",,Y,Clear or Partly Cloudy,Dry,Daylight,,,,45.0,Vehicle - Pedalcyclist,33026,0,N,POINT (1251897.097822741 212615.9582857788),11008.0,1.7944951240262787e-05,Clear or Partly Cloudy
159434,196869,196989,E427778,Matched,Block,,LAKE CITY WAY NE BETWEEN NE 123RD ST AND 30TH N AVE NE,,,2,Injury Collision,Cycles,3,0,1,1,1,0,0,2015-05-19T00:00:00.000Z,5/19/2015 8:51:00 AM,Mid-Block (not related to intersection),18,"MOTOR VEHICLE STRUCK PEDALCYCLIST, FRONT END AT ANGLE",Y,N,Overcast,Dry,Daylight,,,,45.0,Vehicle - Pedalcyclist,0,36647,N,POINT (1280323.489339843 265153.0387235731),6451.0,2.7918698071197716e-05,Overcast
159446,197078,197198,3732143,Matched,Block,,DEXTER AVE N BETWEEN ROY ST AND VALLEY ST,,,2,Injury Collision,Cycles,2,0,1,1,1,0,0,2015-06-25T00:00:00.000Z,6/25/2015 4:21:00 PM,Driveway Junction,18,"MOTOR VEHICLE STRUCK PEDALCYCLIST, FRONT END AT ANGLE",,N,Clear or Partly Cloudy,Dry,Daylight,Y,,,45.0,Vehicle - Pedalcyclist,44421,0,N,POINT (1268330.074735567 231932.1833295524),13737.0,3.050049204303896e-05,Clear or Partly Cloudy
159449,197076,197196,3707865,Matched,Block,,NE 125TH ST BETWEEN 17TH E AVE NE AND 19TH AVE NE,,,2,Injury Collision,Cycles,3,0,1,1,1,0,0,2015-06-25T00:00:00.000Z,6/25/2015 5:23:00 PM,Mid-Block (but intersection related),51,PEDALCYCLIST STRUCK MOTOR VEHICLE FRONT END AT ANGLE,,N,Clear or Partly Cloudy,Dry,Daylight,,,,45.0,Vehicle - Pedalcyclist,7917,0,N,POINT (1277071.078072518 265894.6164523363),17610.0,3.095514714356781e-05,Clear or Partly Cloudy
159481,198617,198758,3642467,Matched,Block,,BELMONT AVE BETWEEN E PINE ST AND E OLIVE ST,,,2b,Serious Injury Collision,Cycles,1,0,1,0,1,1,0,2015-07-27T00:00:00.000Z,7/27/2015 4:40:00 AM,Mid-Block (but intersection related),68,PEDALCYCLIST RAN OFF ROAD - HIT FIXED OBJECT,,N,Clear or Partly Cloudy,Dry,Dark - Street Lights On,,,Y,45.0,Vehicle - Pedalcyclist,0,0,N,POINT (1272662.030900002 228183.1300137192),22992.0,0.0,Clear or Partly Cloudy
159482,197697,197817,E435265,Matched,Block,,4TH AVE S BETWEEN S INDUSTRIAL EB WAY AND DIAGONAL AVE S,,,2,Injury Collision,Cycles,0,0,1,1,1,0,0,2015-05-20T00:00:00.000Z,5/20/2015 3:20:00 PM,Mid-Block (not related to intersection),18,"MOTOR VEHICLE STRUCK PEDALCYCLIST, FRONT END AT ANGLE",,N,Clear or Partly Cloudy,Dry,Daylight,,,,45.0,Vehicle - Pedalcyclist,0,0,N,POINT (1271135.515698433 210589.0612597018),5736.0,7.755464643254402e-06,Clear or Partly Cloudy
159489,199728,199868,E439686,Matched,Intersection,28242.0,10TH AVE E AND E BOSTON ST,,,2,Injury Collision,Cycles,0,0,1,1,1,0,0,2015-06-24T00:00:00.000Z,6/24/2015 8:48:00 PM,At Intersection (intersection related),11,"MOTOR VEHICLE STRUCK MOTOR VEHICLE, FRONT END AT ANGLE",,N,Clear or Partly Cloudy,Dry,Daylight,,,,45.0,Vehicle - Pedalcyclist,6106,0,N,POINT (1273908.496181279 236410.3633021414),22.0,0.0,Clear or Partly Cloudy
159494,199726,199866,E439685,Matched,Intersection,29761.0,12TH AVE AND E MADISON ST,,,2,Injury Collision,Cycles,1,0,1,1,1,0,0,2015-06-26T00:00:00.000Z,6/26/2015 11:27:00 PM,At Intersection (intersection related),18,"MOTOR VEHICLE STRUCK PEDALCYCLIST, FRONT END AT ANGLE",,N,Clear or Partly Cloudy,Dry,Dark - Street Lights On,,,,45.0,Vehicle - Pedalcyclist,10773,0,N,POINT (1274551.867445946 227089.5945245922),39.0,0.0,Clear or Partly Cloudy
159542,200014,200154,E443372,Matched,Block,,N 36TH ST BETWEEN ALBION PL N AND WOODLAND PARK AVE N,,,2,Injury Collision,Cycles,1,1,1,1,1,0,0,2015-07-10T00:00:00.000Z,7/10/2015 5:45:00 PM,Mid-Block (not related to intersection),54,PEDALCYCLIST STRUCK MOTOR VEHICLE REAR END,,N,Overcast,Dry,Daylight,,,,45.0,Vehicle - Pedalcyclist,0,0,Y,POINT (1268002.732591227 240959.0863787979),1226.0,7.434834684011315e-09,Overcast
159548,200012,200152,E443236,Matched,Intersection,24878.0,54TH AVE NE AND NE 65TH ST,,,2,Injury Collision,Cycles,0,0,1,1,1,0,0,2015-07-10T00:00:00.000Z,7/10/2015 12:00:00 PM,At Intersection (intersection related),18,"MOTOR VEHICLE STRUCK PEDALCYCLIST, FRONT END AT ANGLE",,N,Overcast,Dry,Daylight,,,,45.0,Vehicle - Pedalcyclist,30102,0,N,POINT (1286612.029506281 249795.2160518467),7310.0,0.0,Overcast
159623,198023,198143,3707551,Matched,Block,,S LANE ST BETWEEN 13TH AVE S AND CORWIN PL S,,,1,Property Damage Only Collision,Cycles,2,0,1,1,0,0,0,2015-07-18T00:00:00.000Z,7/18/2015 8:29:00 PM,Driveway Junction,18,"MOTOR VEHICLE STRUCK PEDALCYCLIST, FRONT END AT ANGLE",,N,Clear or Partly Cloudy,Dry,Daylight,,,,45.0,Vehicle - Pedalcyclist,0,0,N,POINT (1274867.286198258 221160.9481825233),1821.0,9.62578193730552e-06,Clear or Partly Cloudy
159644,199391,199531,3642117,Matched,Intersection,24966.0,40TH AVE NE AND NE 68TH ST,,,2,Injury Collision,Cycles,2,0,1,1,1,0,0,2015-07-01T00:00:00.000Z,7/1/2015 11:31:00 AM,At Intersection (intersection related),51,PEDALCYCLIST STRUCK MOTOR VEHICLE FRONT END AT ANGLE,,N,Clear or Partly Cloudy,Dry,Daylight,,,,45.0,Vehicle - Pedalcyclist,13371,0,N,POINT (1282833.505342424 250540.4031246156),11810.0,0.0,Clear or Partly Cloudy
159698,200264,200404,3707384,Matched,Block,,12TH AVE BETWEEN E PINE ST AND E OLIVE ST,,,2,Injury Collision,Cycles,2,0,1,1,1,0,0,2015-08-18T00:00:00.000Z,8/18/2015 5:50:00 PM,Mid-Block (not related to intersection),51,PEDALCYCLIST STRUCK MOTOR VEHICLE FRONT END AT ANGLE,Y,N,Clear or Partly Cloudy,Dry,Daylight,,,,45.0,Vehicle - Pedalcyclist,10846,0,N,POINT (1274540.579381928 228168.7906216979),17640.0,4.098961907367108e-06,Clear or Partly Cloudy
159706,198324,198464,2899346,Matched,Intersection,29047.0,HARVARD AVE E AND E THOMAS ST,,,2,Injury Collision,Cycles,2,0,1,1,1,0,0,2015-07-22T00:00:00.000Z,7/22/2015 10:56:00 AM,At Intersection (intersection related),18,"MOTOR VEHICLE STRUCK PEDALCYCLIST, FRONT END AT ANGLE",Y,N,Clear or Partly Cloudy,Dry,Daylight,,,,45.0,Vehicle - Pedalcyclist,0,0,N,POINT (1273255.328564614 230097.9142716825),6410.0,0.0,Clear or Partly Cloudy
159736,199576,199716,3287495,Matched,Intersection,29900.0,SENECA ST AND SUMMIT AVE,,,2,Injury Collision,Cycles,2,0,1,1,1,0,0,2015-08-07T00:00:00.000Z,8/7/2015 12:50:00 PM,At Intersection (intersection related),18,"MOTOR VEHICLE STRUCK PEDALCYCLIST, FRONT END AT ANGLE",,N,Clear or Partly Cloudy,Dry,Daylight,,,,45.0,Vehicle - Pedalcyclist,9178,0,N,POINT (1272696.30597204 226689.518492192),952.0,0.0,Clear or Partly Cloudy
159741,199418,199558,3644361,Matched,Block,,STEWART ST BETWEEN 7TH AVE AND 8TH AVE,NEI,"Not Enough Information, or Insufficient Location Information",1,Property Damage Only Collision,Cycles,2,0,1,1,0,0,0,2015-06-29T00:00:00.000Z,6/29/2015 9:30:00 AM,Mid-Block (not related to intersection),0,NOT ENOUGH INFORMATION / NOT APPLICABLE,,N,Clear or Partly Cloudy,Dry,Daylight,,,,45.0,Vehicle - Pedalcyclist,13649,0,N,POINT (1269880.35307315 227811.3806373328),8918.0,1.3324707456569407e-05,Clear or Partly Cloudy
159755,198697,198837,3503413,Matched,Intersection,24506.0,15TH AVE NE AND NE 65TH ST,,,3,Fatality Collision,Cycles,3,0,1,1,1,0,1,2015-06-27T00:00:00.000Z,6/27/2015 11:06:00 PM,At Intersection (intersection related),18,"MOTOR VEHICLE STRUCK PEDALCYCLIST, FRONT END AT ANGLE",,Y,Clear or Partly Cloudy,Dry,Dark - Street Lights On,,,,45.0,Vehicle - Pedalcyclist,29280,0,N,POINT (1276177.254199609 250004.1983240545),2391.0,0.0,Clear or Partly Cloudy
159853,198757,198897,3739053,Matched,Block,,N NORTHGATE WAY BETWEEN MERIDIAN AVE N AND CORLISS AVE N,,,2,Injury Collision,Cycles,2,0,1,1,1,0,0,2015-07-22T00:00:00.000Z,7/22/2015 6:33:00 PM,Mid-Block (not related to intersection),18,"MOTOR VEHICLE STRUCK PEDALCYCLIST, FRONT END AT ANGLE",Y,N,Clear or Partly Cloudy,Dry,Daylight,Y,,,45.0,Vehicle - Pedalcyclist,0,0,N,POINT (1271306.396978617 262090.9490564317),14407.0,2.6094313508037957e-06,Clear or Partly Cloudy
159859,198718,198858,3739001,Matched,Block,,2ND AVE BETWEEN BATTERY ST AND WALL ST,,,2,Injury Collision,Cycles,2,0,1,1,1,0,0,2015-07-25T00:00:00.000Z,7/25/2015 4:30:00 PM,Mid-Block (but intersection related),18,"MOTOR VEHICLE STRUCK PEDALCYCLIST, FRONT END AT ANGLE",,N,Clear or Partly Cloudy,Dry,Daylight,,,,45.0,Vehicle - Pedalcyclist,12245,0,N,POINT (1266999.97867021 228037.74902156),17678.0,0.0,Clear or Partly Cloudy
159875,197748,197868,E442600,Matched,Intersection,34561.0,38TH AVE S AND S OTHELLO ST,,,2,Injury Collision,Cycles,0,0,1,1,1,0,0,2015-07-13T00:00:00.000Z,7/13/2015 3:06:00 PM,At Intersection (intersection related),18,"MOTOR VEHICLE STRUCK PEDALCYCLIST, FRONT END AT ANGLE",,N,Clear or Partly Cloudy,Dry,Daylight,,,,45.0,Vehicle - Pedalcyclist,45335,0,N,POINT (1281928.124733493 199274.7710721195),4844.0,0.0,Clear or Partly Cloudy
159893,199589,199729,E437289,Matched,Block,,LAKE WASHINGTON BLVD E BETWEEN ARBORETUM DR E AND E INTERLAKEN BLVD,,,2,Injury Collision,Cycles,0,0,1,1,1,0,0,2015-06-24T00:00:00.000Z,6/24/2015 11:33:00 AM,Mid-Block (not related to intersection),23,"MOTOR VEHICLE STRUCK PEDALCYCLIST, LEFT SIDE SIDESWIPE",,N,Clear or Partly Cloudy,Dry,Daylight,,,,45.0,Vehicle - Pedalcyclist,8939,0,N,POINT (1279763.806203276 232942.8689625859),790.0,7.777070419702952e-06,Clear or Partly Cloudy
159909,199022,199162,3739060,Matched,Intersection,25793.0,UNIVERSITY WAY NE AND NE 50TH ST,,,1,Property Damage Only Collision,Cycles,2,0,1,1,0,0,0,2015-07-30T00:00:00.000Z,7/30/2015 9:30:00 PM,At Intersection (intersection related),18,"MOTOR VEHICLE STRUCK PEDALCYCLIST, FRONT END AT ANGLE",,N,Clear or Partly Cloudy,Dry,Dusk,Y,,,45.0,Vehicle - Pedalcyclist,5611,0,N,POINT (1275819.041847229 246040.7075040042),999.0,0.0,Clear or Partly Cloudy
160009,198769,198909,3734369,Matched,Block,,NW MARKET ST BETWEEN 28TH AVE NW AND NW 54TH ST,,,1,Property Damage Only Collision,Cycles,2,0,1,1,0,0,0,2015-07-23T00:00:00.000Z,7/23/2015 12:38:00 PM,Mid-Block (but intersection related),21,"MOTOR VEHICLE STRUCK PEDALCYCLIST, REAR END",,N,Clear or Partly Cloudy,Dry,Daylight,,,,45.0,Vehicle - Pedalcyclist,25938,0,N,POINT (1255987.824546933 247800.8483058065),12849.0,7.554727456820502e-09,Clear or Partly Cloudy
160018,199028,199168,E446840,Matched,Intersection,28355.0,25TH AVE E AND E MCGRAW ST,,,2,Injury Collision,Cycles,1,0,1,1,1,0,0,2015-07-28T00:00:00.000Z,7/28/2015 7:19:00 PM,At Intersection (intersection related),18,"MOTOR VEHICLE STRUCK PEDALCYCLIST, FRONT END AT ANGLE",,N,Clear or Partly Cloudy,Dry,Daylight,,,,45.0,Vehicle - Pedalcyclist,0,0,N,POINT (1278783.785018265 236991.2034947276),3918.0,0.0,Clear or Partly Cloudy
160019,199027,199167,3739084,Matched,Intersection,25138.0,20TH AVE NW AND NW 57TH ST,,,2,Injury Collision,Cycles,2,0,1,1,1,0,0,2015-08-01T00:00:00.000Z,8/1/2015 9:28:00 PM,At Intersection (intersection related),11,"MOTOR VEHICLE STRUCK MOTOR VEHICLE, FRONT END AT ANGLE",,N,Clear or Partly Cloudy,Dry,Dark - Street Lights On,Y,,,45.0,Vehicle - Pedalcyclist,11415,0,N,POINT (1258844.296741858 248300.8708343208),10859.0,0.0,Clear or Partly Cloudy
160029,196008,196108,3588258,Matched,Block,,DELRIDGE WAY SW BETWEEN SW DAKOTA ST AND SW GENESEE ST,,,2b,Serious Injury Collision,Cycles,2,0,1,1,1,1,0,2015-06-19T00:00:00.000Z,6/19/2015 4:37:00 PM,Mid-Block (not related to intersection),21,"MOTOR VEHICLE STRUCK PEDALCYCLIST, REAR END",Y,Y,Clear or Partly Cloudy,Dry,Daylight,,,,45.0,Vehicle - Pedalcyclist,22895,0,N,POINT (1262722.538409829 210081.1304431707),11072.0,1.625208156402521e-05,Clear or Partly Cloudy
160068,196663,196763,E436065,Matched,Intersection,31372.0,1ST AVE S AND S LANDER ST,,,2,Injury Collision,Cycles,2,0,1,1,1,0,0,2015-06-22T00:00:00.000Z,6/22/2015 4:25:00 PM,At Intersection (intersection related),18,"MOTOR VEHICLE STRUCK PEDALCYCLIST, FRONT END AT ANGLE",,N,Clear or Partly Cloudy,Dry,Daylight,,,,45.0,Vehicle - Pedalcyclist,0,524927,N,POINT (1270008.956465289 215109.6856483221),10801.0,0.0,Clear or Partly Cloudy
160093,196015,196115,3707170,Matched,Intersection,30715.0,M L KING JR WAY S AND MOUNTAINS TO SOUND TRL,,,2,Injury Collision,Cycles,2,0,1,1,1,0,0,2015-06-20T00:00:00.000Z,6/20/2015 8:18:00 PM,At Intersection (intersection related),18,"MOTOR VEHICLE STRUCK PEDALCYCLIST, FRONT END AT ANGLE",,N,Clear or Partly Cloudy,Dry,Daylight,Y,,,45.0,Vehicle - Pedalcyclist,0,630872,N,POINT (1279143.688762635 218745.9413960576),2196.0,0.0,Clear or Partly Cloudy
160100,197790,197910,3707504,Matched,Block,,BROADWAY BETWEEN E UNION ST AND E PIKE ST,,,2,Injury Collision,Cycles,2,0,1,1,1,0,0,2015-07-14T00:00:00.000Z,7/14/2015 11:15:00 AM,Driveway Junction,18,"MOTOR VEHICLE STRUCK PEDALCYCLIST, FRONT END AT ANGLE",,N,Clear or Partly Cloudy,Dry,Daylight,Y,,,45.0,Vehicle - Pedalcyclist,41386,0,N,POINT (1273560.509492919 227338.6788128465),18912.0,6.252923551900635e-11,Clear or Partly Cloudy
160108,197787,197907,3707440,Matched,Intersection,28376.0,24TH AVE E AND E INTERLAKEN BLVD,,,2,Injury Collision,Cycles,2,0,1,1,1,0,0,2015-07-14T00:00:00.000Z,7/14/2015 5:20:00 PM,At Intersection (intersection related),18,"MOTOR VEHICLE STRUCK PEDALCYCLIST, FRONT END AT ANGLE",,N,Clear or Partly Cloudy,Dry,Daylight,,,,45.0,Vehicle - Pedalcyclist,0,0,N,POINT (1278440.671289921 234925.9705966264),8983.0,0.0,Clear or Partly Cloudy
160110,198774,198914,3738473,Matched,Block,,25TH AVE NE BETWEEN NE 60TH ST AND NE 65TH ST,,,2,Injury Collision,Cycles,2,0,1,1,1,0,0,2015-07-23T00:00:00.000Z,7/23/2015 9:40:00 PM,Mid-Block (but intersection related),21,"MOTOR VEHICLE STRUCK PEDALCYCLIST, REAR END",,N,Clear or Partly Cloudy,Dry,Dark - Street Lights On,,,,45.0,Vehicle - Pedalcyclist,18790,0,N,POINT (1278944.086266443 249286.24798733),16792.0,6.167442334729122e-06,Clear or Partly Cloudy
160141,199613,199753,3736792,Matched,Block,,8TH AVE BETWEEN PINE ST AND OLIVE WAY,,,2,Injury Collision,Cycles,2,0,1,1,1,0,0,2015-08-06T00:00:00.000Z,8/6/2015 8:50:00 AM,Mid-Block (not related to intersection),11,"MOTOR VEHICLE STRUCK MOTOR VEHICLE, FRONT END AT ANGLE",,N,Clear or Partly Cloudy,Dry,Daylight,,,,45.0,Vehicle - Pedalcyclist,14005,0,N,POINT (1270395.530161679 227414.9832609296),6044.0,1.1666863453267258e-05,Clear or Partly Cloudy
160168,199040,199180,E447006,Matched,Intersection,25661.0,PHINNEY AVE N AND N 50TH E ST,,,2,Injury Collision,Cycles,1,0,1,1,1,0,0,2015-07-28T00:00:00.000Z,7/28/2015 5:49:00 PM,At Intersection (intersection related),18,"MOTOR VEHICLE STRUCK PEDALCYCLIST, FRONT END AT ANGLE",,N,Clear or Partly Cloudy,Dry,Daylight,,,,45.0,Vehicle - Pedalcyclist,3789,0,N,POINT (1265747.218988925 246280.3613922447),20389.0,0.0,Clear or Partly Cloudy
160175,196018,196118,3707379,Matched,Block,,12TH AVE BETWEEN E FIR ST AND E SPRUCE ST,,,2,Injury Collision,Cycles,2,0,1,1,1,0,0,2015-06-20T00:00:00.000Z,6/20/2015 12:33:00 AM,Mid-Block (but intersection related),21,"MOTOR VEHICLE STRUCK PEDALCYCLIST, REAR END",,N,Clear or Partly Cloudy,Dry,Dark - Street Lights On,,,,45.0,Vehicle - Pedalcyclist,10566,0,N,POINT (1274471.125941858 223519.2289529443),15895.0,4.983425114665102e-06,Clear or Partly Cloudy
160180,196016,196116,3707333,Matched,Intersection,28341.0,24TH AVE E AND E LAKE WASHINGTON BLVD,,,1,Property Damage Only Collision,Cycles,2,0,1,1,0,0,0,2015-06-20T00:00:00.000Z,6/20/2015 9:11:00 AM,At Intersection (intersection related),51,PEDALCYCLIST STRUCK MOTOR VEHICLE FRONT END AT ANGLE,,N,Clear or Partly Cloudy,Dry,Daylight,,,,45.0,Vehicle - Pedalcyclist,0,0,N,POINT (1278397.892665878 238418.0914321989),197.0,0.0,Clear or Partly Cloudy
160195,196357,196457,3626520,Matched,Block,,BURKE AVE N BETWEEN N NORTHLAKE WAY AND N 34TH ST,,,2,Injury Collision,Cycles,2,0,1,1,1,0,0,2015-06-24T00:00:00.000Z,6/24/2015 6:30:00 PM,Mid-Block (not related to intersection),51,PEDALCYCLIST STRUCK MOTOR VEHICLE FRONT END AT ANGLE,,N,Clear or Partly Cloudy,Dry,Daylight,,,,45.0,Vehicle - Pedalcyclist,0,0,N,POINT (1270253.272625536 239783.5336095989),19763.0,2.0851288495738717e-06,Clear or Partly Cloudy
160346,197246,197366,3707453,Matched,Intersection,30148.0,22ND AVE AND E UNION ST,,,2b,Serious Injury Collision,Cycles,2,0,1,1,1,1,0,2015-07-08T00:00:00.000Z,7/8/2015 4:50:00 PM,At Intersection (intersection related),18,"MOTOR VEHICLE STRUCK PEDALCYCLIST, FRONT END AT ANGLE",,N,Clear or Partly Cloudy,Dry,Daylight,,,,45.0,Vehicle - Pedalcyclist,9359,0,N,POINT (1277782.270009249 227043.597980544),1178.0,0.0,Clear or Partly Cloudy
160361,197837,197957,E441032,Matched,Intersection,26848.0,STONE WAY N AND N 40TH ST,,,2,Injury Collision,Cycles,0,0,1,1,1,0,0,2015-07-07T00:00:00.000Z,7/7/2015 8:30:00 AM,At Intersection (intersection related),18,"MOTOR VEHICLE STRUCK PEDALCYCLIST, FRONT END AT ANGLE",,N,Unknown,Unknown,Unknown,,,,45.0,Vehicle - Pedalcyclist,0,523855,N,POINT (1268516.536367759 242710.0937405974),4014.0,0.0,
160380,199073,199213,E447502,Matched,Intersection,27079.0,ROOSEVELT WAY NE AND NE 43RD S ST,,,2,Injury Collision,Cycles,1,0,1,1,1,0,0,2015-07-29T00:00:00.000Z,7/29/2015 7:41:00 PM,At Intersection (intersection related),18,"MOTOR VEHICLE STRUCK PEDALCYCLIST, FRONT END AT ANGLE",,N,Clear or Partly Cloudy,Dry,Daylight,,,,45.0,Vehicle - Pedalcyclist,8995,0,N,POINT (1274628.363574013 244077.2041419894),1396.0,0.0,Clear or Partly Cloudy
160394,199281,199421,E447943,Matched,Block,,NW MARKET ST BETWEEN 28TH AVE NW AND NW 54TH ST,,,2,Injury Collision,Cycles,1,0,1,1,1,0,0,2015-07-31T00:00:00.000Z,7/31/2015 3:37:00 PM,Driveway Junction,51,PEDALCYCLIST STRUCK MOTOR VEHICLE FRONT END AT ANGLE,Y,N,Clear or Partly Cloudy,Dry,Daylight,,,,45.0,Vehicle - Pedalcyclist,0,0,N,POINT (1255987.824546933 247800.8483058065),12849.0,7.554727456820502e-09,Clear or Partly Cloudy
160399,198793,198933,3696135,Matched,Block,,1ST AVE S BETWEEN YESLER WAY AND S WASHINGTON ST,,,2,Injury Collision,Cycles,3,0,2,1,1,0,0,2015-07-28T00:00:00.000Z,7/28/2015 9:43:00 PM,Mid-Block (not related to intersection),18,"MOTOR VEHICLE STRUCK PEDALCYCLIST, FRONT END AT ANGLE",,N,Clear or Partly Cloudy,Dry,Dark - Street Lights On,,,,45.0,Vehicle - Pedalcyclist,36174,0,N,POINT (1270166.966705441 222947.9864563495),15894.0,2.0135683050544327e-05,Clear or Partly Cloudy
160421,200202,200342,3736794,Matched,Block,,11TH AVE NE BETWEEN NE 56TH ST AND NE RAVENNA EB BV,,,1,Property Damage Only Collision,Cycles,3,0,1,1,0,0,0,2015-08-13T00:00:00.000Z,8/13/2015 5:25:00 PM,Mid-Block (not related to intersection),54,PEDALCYCLIST STRUCK MOTOR VEHICLE REAR END,,N,Clear or Partly Cloudy,Dry,Daylight,,,,45.0,Vehicle - Pedalcyclist,9058,0,N,POINT (1275067.654326469 248132.9990261495),22654.0,1.0974177867296507e-06,Clear or Partly Cloudy
160483,197265,197385,E440188,Matched,Intersection,29860.0,SUMMIT AVE AND E PINE ST,,,2,Injury Collision,Cycles,0,0,1,1,1,0,0,2015-07-06T00:00:00.000Z,7/6/2015 11:05:00 AM,At Intersection (intersection related),18,"MOTOR VEHICLE STRUCK PEDALCYCLIST, FRONT END AT ANGLE",,N,Clear or Partly Cloudy,Dry,Daylight,,,,45.0,Vehicle - Pedalcyclist,10354,0,N,POINT (1272399.309875742 227981.0989095122),1148.0,0.0,Clear or Partly Cloudy