OBJECTID,INCKEY,COLDETKEY,REPORTNO,STATUS,ADDRTYPE,INTKEY,LOCATION,EXCEPTRSNC,EXCEPTRSND,SEVERITYCO,SEVERITYDE,COLLISIONT,PERSONCOUN,PEDCOUNT,PEDCYLCOUN,VEHCOUNT,INJURIES,SERIOUSINJ,FATALITIES,INCDATE,INCDTTM,JUNCTIONTY,SDOT_COLCO,SDOT_COLDE,INATTENTIO,UNDERINFL,WEATHER,ROADCOND,LIGHTCOND,PEDROWNOTG,SDOTCOLNUM,SPEEDING,ST_COLCODE,ST_COLDESC,SEGLANEKEY,CROSSWALKK,HITPARKEDC,geometry,near_str_index,min_length,weather_group
160485,196957,197077,E429310,Matched,Block,,BROOKLYN AVE NE BETWEEN NE 47TH ST AND NE 50TH ST,,,2,Injury Collision,Cycles,0,0,1,1,1,0,0,2015-05-28T00:00:00.000Z,5/28/2015 7:30:00 PM,Mid-Block (not related to intersection),18,"MOTOR VEHICLE STRUCK PEDALCYCLIST, FRONT END AT ANGLE",,N,Clear or Partly Cloudy,Dry,Daylight,,,,45.0,Vehicle - Pedalcyclist,0,0,N,POINT (1275529.457590938 245719.1459036767),19762.0,2.2104471973404042e-10,Clear or Partly Cloudy
160529,199298,199438,3585146,Matched,Intersection,29528.0,LENORA ST AND WESTLAKE AVE,,,2,Injury Collision,Cycles,2,0,1,1,1,0,0,2015-08-04T00:00:00.000Z,8/4/2015 9:13:00 AM,At Intersection (intersection related),18,"MOTOR VEHICLE STRUCK PEDALCYCLIST, FRONT END AT ANGLE",,N,Clear or Partly Cloudy,Dry,Daylight,Y,,,45.0,Vehicle - Pedalcyclist,0,622407,N,POINT (1269359.259184614 228504.1686060429),807.0,0.0,Clear or Partly Cloudy
160552,200270,200410,3726039,Matched,Intersection,29865.0,BOREN AVE AND OLIVE WAY,,,2,Injury Collision,Cycles,2,0,1,1,1,0,0,2015-08-14T00:00:00.000Z,8/14/2015 6:00:00 PM,At Intersection (intersection related),18,"MOTOR VEHICLE STRUCK PEDALCYCLIST, FRONT END AT ANGLE",,N,Clear or Partly Cloudy,Dry,Daylight,Y,,,45.0,Vehicle - Pedalcyclist,24933,0,N,POINT (1271118.433586419 228090.2473256141),640.0,0.0,Clear or Partly Cloudy
160581,199303,199443,3706815,Matched,Intersection,27039.0,FREMONT AVE N AND N 34TH ST,,,2,Injury Collision,Cycles,2,0,1,1,1,0,0,2015-08-04T00:00:00.000Z,8/4/2015 7:26:00 PM,At Intersection (but not related to intersection),21,"MOTOR VEHICLE STRUCK PEDALCYCLIST, REAR END",Y,N,Clear or Partly Cloudy,Dry,Daylight,,,,45.0,Vehicle - Pedalcyclist,42700,0,N,POINT (1266674.116909876 240632.7658664584),1223.0,0.0,Clear or Partly Cloudy
160587,196060,196160,3732188,Matched,Block,,2ND AVE BETWEEN UNION ST AND PIKE ST,,,2,Injury Collision,Cycles,3,0,1,1,1,0,0,2015-06-24T00:00:00.000Z,6/24/2015 7:10:00 AM,Mid-Block (not related to intersection),18,"MOTOR VEHICLE STRUCK PEDALCYCLIST, FRONT END AT ANGLE",,N,Clear or Partly Cloudy,Dry,Daylight,Y,,,45.0,Vehicle - Pedalcyclist,42178,0,N,POINT (1269167.241392419 225698.1291791648),135.0,1.0206619767903732e-08,Clear or Partly Cloudy
160611,196786,196906,3736991,Matched,Intersection,35855.0,15TH AVE NE AND NE 143RD ST,,,2,Injury Collision,Cycles,2,0,1,1,1,0,0,2015-06-29T00:00:00.000Z,6/29/2015 4:51:00 PM,At Intersection (intersection related),18,"MOTOR VEHICLE STRUCK PEDALCYCLIST, FRONT END AT ANGLE",,N,Clear or Partly Cloudy,Dry,Daylight,,,,45.0,Vehicle - Pedalcyclist,0,524554,N,POINT (1276376.645943806 270555.974089101),13187.0,0.0,Clear or Partly Cloudy
160631,196981,197101,E439077,Matched,Intersection,31623.0,BEACON AVE S AND S MCCLELLAN ST,,,2,Injury Collision,Cycles,0,0,1,1,1,0,0,2015-07-01T00:00:00.000Z,7/1/2015 11:00:00 AM,At Intersection (intersection related),18,"MOTOR VEHICLE STRUCK PEDALCYCLIST, FRONT END AT ANGLE",,N,Clear or Partly Cloudy,Dry,Daylight,,,,45.0,Vehicle - Pedalcyclist,0,0,N,POINT (1275578.483510986 214569.5996317714),9341.0,0.0,Clear or Partly Cloudy
160634,198448,198588,E444909,Matched,Block,,NW 70TH ST BETWEEN 9TH E AVE NW AND 9TH W AVE NW,,,2,Injury Collision,Cycles,1,0,1,1,1,0,0,2015-07-22T00:00:00.000Z,7/22/2015 8:17:00 AM,Mid-Block (not related to intersection),18,"MOTOR VEHICLE STRUCK PEDALCYCLIST, FRONT END AT ANGLE",,N,Clear or Partly Cloudy,Dry,Daylight,,,,45.0,Vehicle - Pedalcyclist,0,0,N,POINT (1262262.54333736 251650.1842457503),9230.0,1.1215292676684127e-06,Clear or Partly Cloudy
160655,198112,198252,E436362,Matched,Block,,26TH AVE S BETWEEN S WASHINGTON ST AND S JACKSON ST,,,2,Injury Collision,Cycles,1,0,1,1,1,0,0,2015-06-22T00:00:00.000Z,6/22/2015 4:42:00 PM,Mid-Block (not related to intersection),18,"MOTOR VEHICLE STRUCK PEDALCYCLIST, FRONT END AT ANGLE",,N,Clear or Partly Cloudy,Dry,Daylight,,,,45.0,Vehicle - Pedalcyclist,0,0,N,POINT (1278924.627514422 222341.5097837299),225.0,2.410623844855909e-05,Clear or Partly Cloudy
160694,199489,199629,3589066,Matched,Block,,ALASKAN WAY BETWEEN MARION ST AND MADISON ST,,,2,Injury Collision,Cycles,2,0,1,0,2,0,0,2015-08-08T00:00:00.000Z,8/8/2015 4:45:00 PM,Mid-Block (not related to intersection),68,PEDALCYCLIST RAN OFF ROAD - HIT FIXED OBJECT,,N,Overcast,Dry,Daylight,,,,45.0,Vehicle - Pedalcyclist,38505,0,N,POINT (1269213.973744467 223738.4658811688),3315.0,3.089148886733772e-05,Overcast
160718,197293,197413,E431753,Matched,Intersection,37461.0,DAYTON AVE N AND N 85TH ST,,,2,Injury Collision,Cycles,1,0,1,1,1,0,0,2015-06-07T00:00:00.000Z,6/7/2015 3:27:00 PM,At Intersection (intersection related),18,"MOTOR VEHICLE STRUCK PEDALCYCLIST, FRONT END AT ANGLE",,N,Clear or Partly Cloudy,Dry,Daylight,,,,45.0,Vehicle - Pedalcyclist,0,522316,N,POINT (1266265.938477457 255598.1587777883),3466.0,0.0,Clear or Partly Cloudy
160748,197599,197719,3590841,Matched,Block,,EASTLAKE AVE E BETWEEN STEWART ST AND THOMAS ST,,,2,Injury Collision,Cycles,2,0,1,1,1,0,0,2015-07-09T00:00:00.000Z,7/9/2015 8:30:00 PM,Mid-Block (not related to intersection),18,"MOTOR VEHICLE STRUCK PEDALCYCLIST, FRONT END AT ANGLE",,N,Clear or Partly Cloudy,Dry,Dark - Street Lights On,,,,45.0,Vehicle - Pedalcyclist,11559,0,N,POINT (1271544.965810865 229839.8600634038),23057.0,2.653881742675452e-05,Clear or Partly Cloudy
160750,196402,196499,3576799,Matched,Intersection,27419.0,42ND AVE NE AND NE 41ST ST,,,2,Injury Collision,Cycles,2,0,1,1,1,0,0,2015-06-30T00:00:00.000Z,6/30/2015 9:00:00 AM,At Intersection (intersection related),18,"MOTOR VEHICLE STRUCK PEDALCYCLIST, FRONT END AT ANGLE",Y,N,Clear or Partly Cloudy,Dry,Daylight,,,,45.0,Vehicle - Pedalcyclist,32189,0,N,POINT (1283244.795710847 243533.6733894348),4150.0,0.0,Clear or Partly Cloudy
160777,198867,199007,3736690,Matched,Block,,MERIDIAN AVE N BETWEEN N 34TH ST AND N 35TH ST,,,2,Injury Collision,Cycles,2,0,1,1,1,0,0,2015-07-28T00:00:00.000Z,7/28/2015 9:05:00 AM,Mid-Block (not related to intersection),18,"MOTOR VEHICLE STRUCK PEDALCYCLIST, FRONT END AT ANGLE",Y,N,Clear or Partly Cloudy,Dry,Daylight,,,,45.0,Vehicle - Pedalcyclist,0,0,N,POINT (1270570.693041861 240198.0228260159),848.0,0.0,Clear or Partly Cloudy
160788,199102,199242,3739315,Matched,Block,,3RD AVE BETWEEN UNIVERSITY ST AND UNION ST,,,2,Injury Collision,Cycles,2,0,1,1,1,0,0,2015-07-31T00:00:00.000Z,7/31/2015 10:07:00 AM,Mid-Block (but intersection related),11,"MOTOR VEHICLE STRUCK MOTOR VEHICLE, FRONT END AT ANGLE",Y,N,Clear or Partly Cloudy,Dry,Daylight,,,,45.0,Vehicle - Pedalcyclist,35825,0,N,POINT (1269661.493680924 225495.4872589558),2713.0,6.410780211733589e-09,Clear or Partly Cloudy
160790,199318,199458,3733578,Matched,Block,,NE 125TH ST BETWEEN 42ND AVE NE AND RIVIERA PL NE,,,2,Injury Collision,Cycles,2,0,1,1,1,0,0,2015-08-04T00:00:00.000Z,8/4/2015 6:39:00 PM,Driveway Junction,51,PEDALCYCLIST STRUCK MOTOR VEHICLE FRONT END AT ANGLE,,N,Clear or Partly Cloudy,Dry,Dusk,,,,45.0,Vehicle - Pedalcyclist,0,36138,N,POINT (1284025.594495639 265685.4782761186),7194.0,2.663148891111879e-05,Clear or Partly Cloudy
160794,199312,199452,3732557,Matched,Block,,STEWART ST BETWEEN 7TH AVE AND 8TH AVE,,,2,Injury Collision,Cycles,2,0,1,1,1,0,0,2015-08-05T00:00:00.000Z,8/5/2015 11:34:00 AM,Mid-Block (but intersection related),54,PEDALCYCLIST STRUCK MOTOR VEHICLE REAR END,Y,N,Clear or Partly Cloudy,Dry,Daylight,,,,45.0,Vehicle - Pedalcyclist,13651,0,N,POINT (1269880.35307315 227811.3806373328),8918.0,1.3324707456569407e-05,Clear or Partly Cloudy
160824,200120,200260,3574819,Matched,Intersection,28783.0,DEXTER AVE N AND HARRISON ST,,,2b,Serious Injury Collision,Cycles,2,0,1,1,2,1,0,2015-08-14T00:00:00.000Z,8/14/2015 5:25:00 PM,At Intersection (intersection related),18,"MOTOR VEHICLE STRUCK PEDALCYCLIST, FRONT END AT ANGLE",,N,Raining,Wet,Daylight,Y,,,45.0,Vehicle - Pedalcyclist,42737,0,N,POINT (1268294.844463527 230555.517344147),6407.0,0.0,Raining
160842,199877,200017,3703610,Matched,Block,,ALASKAN WAY BETWEEN XW BELL ST AND WALL ST,,,2,Injury Collision,Cycles,2,0,1,1,1,0,0,2015-08-12T00:00:00.000Z,8/12/2015 4:35:00 PM,Mid-Block (not related to intersection),51,PEDALCYCLIST STRUCK MOTOR VEHICLE FRONT END AT ANGLE,,N,Clear or Partly Cloudy,Dry,Daylight,,,,45.0,Vehicle - Pedalcyclist,20821,0,N,POINT (1266337.989357531 226993.4955164939),12522.0,3.878887756723577e-06,Clear or Partly Cloudy
160868,197301,197421,E431761,Matched,Intersection,29761.0,12TH AVE AND E MADISON ST,,,2,Injury Collision,Cycles,0,0,1,1,1,0,0,2015-05-31T00:00:00.000Z,5/31/2015 12:18:00 PM,At Intersection (intersection related),18,"MOTOR VEHICLE STRUCK PEDALCYCLIST, FRONT END AT ANGLE",,N,Clear or Partly Cloudy,Dry,Daylight,,,,45.0,Vehicle - Pedalcyclist,10773,0,N,POINT (1274551.867445946 227089.5945245922),39.0,0.0,Clear or Partly Cloudy
160932,198522,198662,3549711,Matched,Block,,ALASKAN WAY BETWEEN MARION ST AND MADISON ST,,,2,Injury Collision,Cycles,2,0,1,1,1,0,0,2015-07-24T00:00:00.000Z,7/24/2015 9:28:00 AM,Driveway Junction,18,"MOTOR VEHICLE STRUCK PEDALCYCLIST, FRONT END AT ANGLE",,N,Clear or Partly Cloudy,Dry,Daylight,Y,,,45.0,Vehicle - Pedalcyclist,38903,0,N,POINT (1269213.973744467 223738.4658811688),3315.0,3.089148886733772e-05,Clear or Partly Cloudy
160956,199669,199809,E438594,Matched,Block,,AURORA AVE N BETWEEN N 82ND ST AND GREEN LAKE DR N,,,2,Injury Collision,Cycles,2,0,1,1,1,0,0,2015-06-29T00:00:00.000Z,6/29/2015 8:55:00 PM,Mid-Block (not related to intersection),51,PEDALCYCLIST STRUCK MOTOR VEHICLE FRONT END AT ANGLE,,N,Clear or Partly Cloudy,Dry,Dusk,,,,45.0,Vehicle - Pedalcyclist,16459,0,N,POINT (1268244.650799483 254889.2978490591),16837.0,0.0,Clear or Partly Cloudy
160961,199890,200030,3732633,Matched,Intersection,26454.0,GILMAN AVE W AND W EMERSON ST,,,2,Injury Collision,Cycles,4,0,1,3,1,0,0,2015-08-12T00:00:00.000Z,8/12/2015 7:07:00 PM,At Intersection (intersection related),18,"MOTOR VEHICLE STRUCK PEDALCYCLIST, FRONT END AT ANGLE",Y,N,Clear or Partly Cloudy,Dry,Daylight,,,,45.0,Vehicle - Pedalcyclist,15423,0,N,POINT (1258113.653029099 242404.7763642818),180.0,0.0,Clear or Partly Cloudy
160988,197611,197731,E434964,Matched,Block,,NW MARKET ST BETWEEN 14TH AVE NW AND 15TH AVE NW,,,1,Property Damage Only Collision,Cycles,0,0,1,1,0,0,0,2015-06-12T00:00:00.000Z,6/12/2015 12:20:00 PM,Mid-Block (not related to intersection),18,"MOTOR VEHICLE STRUCK PEDALCYCLIST, FRONT END AT ANGLE",,N,Clear or Partly Cloudy,Dry,Daylight,,,,45.0,Vehicle - Pedalcyclist,0,0,N,POINT (1260615.234919667 247712.9567857087),11425.0,1.50548383851369e-06,Clear or Partly Cloudy
161034,199333,199473,3739088,Matched,Block,,NW 85TH ST BETWEEN 6TH AVE NW AND 8TH AVE NW,,,2,Injury Collision,Cycles,2,0,1,1,1,0,0,2015-08-02T00:00:00.000Z,8/2/2015 11:40:00 PM,Mid-Block (not related to intersection),18,"MOTOR VEHICLE STRUCK PEDALCYCLIST, FRONT END AT ANGLE",,N,Clear or Partly Cloudy,Dry,Dark - Street Lights On,,,,45.0,Vehicle - Pedalcyclist,21463,0,N,POINT (1263298.482602417 255679.1806018651),16722.0,1.3210475204874695e-06,Clear or Partly Cloudy
161049,199677,199817,E439080,Matched,Intersection,33676.0,57TH AVE S AND S DAWSON ST,,,2,Injury Collision,Cycles,0,0,1,1,1,0,0,2015-06-30T00:00:00.000Z,6/30/2015 9:49:00 AM,At Intersection (intersection related),18,"MOTOR VEHICLE STRUCK PEDALCYCLIST, FRONT END AT ANGLE",,N,Clear or Partly Cloudy,Dry,Daylight,,,,45.0,Vehicle - Pedalcyclist,0,0,N,POINT (1287530.782531232 205652.5001026392),3185.0,0.0,Clear or Partly Cloudy
161052,198526,198666,3574925,Matched,Block,,PINE ST BETWEEN 8TH AVE AND 9TH AVE,,,2,Injury Collision,Cycles,3,0,1,1,1,0,0,2015-07-24T00:00:00.000Z,7/24/2015 7:10:00 PM,Driveway Junction,18,"MOTOR VEHICLE STRUCK PEDALCYCLIST, FRONT END AT ANGLE",,Y,Clear or Partly Cloudy,Dry,Daylight,,,,45.0,Vehicle - Pedalcyclist,21814,0,N,POINT (1270642.167409942 227313.4848288298),15448.0,1.7049027689493624e-05,Clear or Partly Cloudy
161065,198186,198326,3736650,Matched,Block,,SHILSHOLE AVE NW BETWEEN 17TH AVE NW AND NW DOCK PL,,,2,Injury Collision,Cycles,3,0,1,1,1,0,0,2015-07-11T00:00:00.000Z,7/11/2015 5:23:00 PM,Mid-Block (not related to intersection),18,"MOTOR VEHICLE STRUCK PEDALCYCLIST, FRONT END AT ANGLE",,N,Overcast,Dry,Daylight,Y,,,45.0,Vehicle - Pedalcyclist,17205,0,N,POINT (1259180.115622193 245673.6704476178),22395.0,3.157726261510814e-05,Overcast
161083,196204,196304,3707632,Matched,Intersection,37087.0,26TH AVE NW AND NW 85TH W ST,,,2,Injury Collision,Cycles,2,0,1,1,1,0,0,2015-06-20T00:00:00.000Z,6/20/2015 6:08:00 PM,At Intersection (intersection related),18,"MOTOR VEHICLE STRUCK PEDALCYCLIST, FRONT END AT ANGLE",Y,N,Clear or Partly Cloudy,Dry,Daylight,Y,,,45.0,Vehicle - Pedalcyclist,0,37087,N,POINT (1256976.114723936 255779.0104899704),1640.0,0.0,Clear or Partly Cloudy
161085,199904,200044,E441754,Matched,Intersection,27041.0,ALBION PL N AND N 34TH ST,,,2,Injury Collision,Cycles,0,0,1,1,1,0,0,2015-07-08T00:00:00.000Z,7/8/2015 7:07:00 PM,At Intersection (intersection related),18,"MOTOR VEHICLE STRUCK PEDALCYCLIST, FRONT END AT ANGLE",,N,Clear or Partly Cloudy,Dry,Dusk,,,,45.0,Vehicle - Pedalcyclist,8829,0,N,POINT (1267896.383023128 240335.8440101594),7015.0,0.0,Clear or Partly Cloudy
161176,199143,199283,3549267,Matched,Intersection,29176.0,BELLEVUE AVE AND E HOWELL ST,,,2,Injury Collision,Cycles,2,0,1,1,1,0,0,2015-08-02T00:00:00.000Z,8/2/2015 2:09:00 AM,At Intersection (intersection related),11,"MOTOR VEHICLE STRUCK MOTOR VEHICLE, FRONT END AT ANGLE",,Y,Clear or Partly Cloudy,Dry,Dark - Street Lights On,,,,45.0,Vehicle - Pedalcyclist,0,29176,N,POINT (1272111.875123441 228906.4889904559),11050.0,0.0,Clear or Partly Cloudy
161187,199357,199497,3549735,Matched,Block,,VALLEY ST BETWEEN BOREN AVE N AND FAIRVIEW AVE N,,,2,Injury Collision,Cycles,2,0,1,1,1,0,0,2015-06-29T00:00:00.000Z,6/29/2015 12:45:00 PM,Mid-Block (not related to intersection),51,PEDALCYCLIST STRUCK MOTOR VEHICLE FRONT END AT ANGLE,,N,Clear or Partly Cloudy,Dry,Daylight,,,,45.0,Vehicle - Pedalcyclist,25336,0,N,POINT (1270117.445617393 231877.4257614911),22957.0,1.5573605971811952e-05,Clear or Partly Cloudy
161236,196227,196327,3588162,Matched,Intersection,32863.0,ERSKINE WAY SW AND SW DAWSON N ST,,,2,Injury Collision,Cycles,2,0,1,1,1,0,0,2015-06-24T00:00:00.000Z,6/24/2015 7:32:00 PM,At Intersection (intersection related),51,PEDALCYCLIST STRUCK MOTOR VEHICLE FRONT END AT ANGLE,,N,Clear or Partly Cloudy,Dry,Daylight,,,,45.0,Vehicle - Pedalcyclist,32358,0,N,POINT (1256060.506146997 206951.1297359765),16649.0,0.0,Clear or Partly Cloudy
161248,199920,200060,E442178,Matched,Block,,VALLEY ST BETWEEN LAKE UNION PARK ACCESS RD AND BOREN AVE N,,,2,Injury Collision,Cycles,0,0,1,1,1,0,0,2015-07-10T00:00:00.000Z,7/10/2015 5:54:00 AM,Mid-Block (not related to intersection),18,"MOTOR VEHICLE STRUCK PEDALCYCLIST, FRONT END AT ANGLE",,N,Clear or Partly Cloudy,Dry,Dawn,,,,45.0,Vehicle - Pedalcyclist,0,577500,N,POINT (1269890.12484917 231885.0244175047),8335.0,0.0,Clear or Partly Cloudy
161250,196859,196979,3571214,Matched,Intersection,32953.0,DELRIDGE WAY SW AND SW BRANDON ST,,,2,Injury Collision,Cycles,2,0,1,1,1,0,0,2015-07-02T00:00:00.000Z,7/2/2015 5:33:00 PM,At Intersection (intersection related),18,"MOTOR VEHICLE STRUCK PEDALCYCLIST, FRONT END AT ANGLE",,N,Clear or Partly Cloudy,Dry,Daylight,,,Y,45.0,Vehicle - Pedalcyclist,525241,0,N,POINT (1262722.318377823 205734.8401987255),6282.0,0.0,Clear or Partly Cloudy
161255,196846,196966,3559925,Matched,Intersection,29925.0,9TH AVE AND MADISON ST,,,2,Injury Collision,Cycles,2,0,1,1,1,0,0,2015-07-02T00:00:00.000Z,7/2/2015 9:57:00 AM,At Intersection (intersection related),18,"MOTOR VEHICLE STRUCK PEDALCYCLIST, FRONT END AT ANGLE",,N,Clear or Partly Cloudy,Dry,Daylight,,,,45.0,Vehicle - Pedalcyclist,11697,0,N,POINT (1271899.279667228 225506.2567949742),3646.0,0.0,Clear or Partly Cloudy
161278,197662,197782,3707139,Matched,Block,,E DENNY WAY BETWEEN MELROSE AVE AND BELLEVUE AVE,,,2,Injury Collision,Cycles,2,0,1,1,1,0,0,2015-05-11T00:00:00.000Z,5/11/2015 7:38:00 PM,Driveway Junction,18,"MOTOR VEHICLE STRUCK PEDALCYCLIST, FRONT END AT ANGLE",,N,Clear or Partly Cloudy,Dry,Daylight,,,,45.0,Vehicle - Pedalcyclist,23555,0,N,POINT (1271987.770547315 229184.2633907348),11213.0,2.364171684241842e-06,Clear or Partly Cloudy
161341,199942,200082,E442595,Matched,Intersection,167623.0,BEACON ER AVE S AND S MYRTLE ST,,,2,Injury Collision,Cycles,0,0,2,1,1,0,0,2015-07-12T00:00:00.000Z,7/12/2015 3:38:00 PM,At Intersection (intersection related),51,PEDALCYCLIST STRUCK MOTOR VEHICLE FRONT END AT ANGLE,,N,Clear or Partly Cloudy,Dry,Daylight,,,,45.0,Vehicle - Pedalcyclist,12757,0,N,POINT (1279132.267834634 200029.3597448915),8247.0,0.0,Clear or Partly Cloudy
161356,201559,201699,3591821,Matched,Intersection,26870.0,STONE WAY N AND N 38TH ST,,,2,Injury Collision,Cycles,2,0,1,1,1,0,0,2015-07-02T00:00:00.000Z,7/2/2015 5:35:00 PM,At Intersection (intersection related),18,"MOTOR VEHICLE STRUCK PEDALCYCLIST, FRONT END AT ANGLE",,N,Clear or Partly Cloudy,Dry,Daylight,Y,,,45.0,Vehicle - Pedalcyclist,6298,0,N,POINT (1268463.857455701 241734.6945715845),4009.0,0.0,Clear or Partly Cloudy
161357,201558,201698,3585069,Matched,Intersection,29603.0,2ND AVE AND UNIVERSITY ST,,,2,Injury Collision,Cycles,2,0,1,1,1,0,0,2015-09-05T00:00:00.000Z,9/5/2015 4:37:00 PM,At Intersection (intersection related),18,"MOTOR VEHICLE STRUCK PEDALCYCLIST, FRONT END AT ANGLE",Y,N,Raining,Wet,Daylight,,,,45.0,Vehicle - Pedalcyclist,42166,0,N,POINT (1269492.709168762 225148.3088906109),2490.0,0.0,Raining
161361,201817,201957,3736800,Matched,Block,,UNIVERSITY WAY NE BETWEEN NE 45TH ST AND NE 47TH ST,,,2b,Serious Injury Collision,Cycles,2,1,1,0,2,2,0,2015-09-10T00:00:00.000Z,9/10/2015 4:36:00 PM,Mid-Block (but intersection related),64,PEDALCYCLIST STRUCK PEDESTRIAN,,N,Clear or Partly Cloudy,Dry,Daylight,Y,,,45.0,Vehicle - Pedalcyclist,0,522430,N,POINT (1275789.728567213 245048.8713429868),13344.0,7.227023133070065e-09,Clear or Partly Cloudy
161367,201304,201444,3703501,Matched,Intersection,29580.0,3RD AVE AND PINE ST,,,2,Injury Collision,Cycles,2,0,1,1,1,0,0,2015-08-31T00:00:00.000Z,8/31/2015 4:46:00 PM,At Intersection (intersection related),51,PEDALCYCLIST STRUCK MOTOR VEHICLE FRONT END AT ANGLE,,N,Overcast,Dry,Daylight,,,,45.0,Vehicle - Pedalcyclist,35766,0,N,POINT (1269119.038256377 226412.0677399039),6590.0,0.0,Overcast
161385,201563,201703,3588268,Matched,Block,,ALKI AVE SW BETWEEN 60TH AVE SW AND 61ST AVE SW,,,2,Injury Collision,Cycles,2,1,1,0,1,0,0,2015-09-06T00:00:00.000Z,9/6/2015 2:15:00 PM,Mid-Block (not related to intersection),64,PEDALCYCLIST STRUCK PEDESTRIAN,,N,Overcast,Dry,Daylight,,,,45.0,Vehicle - Pedalcyclist,3641,0,N,POINT (1251303.470494136 215303.5538725257),20865.0,1.3756730147818371e-05,Overcast
161389,201562,201702,3588267,Matched,Block,,HARBOR AVE SW BETWEEN SW FLORIDA ST AND SW HARBOR LN,,,2b,Serious Injury Collision,Cycles,2,0,1,1,1,1,0,2015-09-04T00:00:00.000Z,9/4/2015 7:08:00 PM,Mid-Block (not related to intersection),54,PEDALCYCLIST STRUCK MOTOR VEHICLE REAR END,,N,Clear or Partly Cloudy,Dry,Dusk,,,,45.0,Vehicle - Pedalcyclist,4221,0,N,POINT (1260525.77405557 215001.6667042226),3570.0,1.5080957636685633e-05,Clear or Partly Cloudy
161409,203434,203574,E466525,Matched,Intersection,29165.0,MELROSE AVE AND E DENNY WAY,,,2,Injury Collision,Cycles,1,0,1,1,1,0,0,2015-09-13T00:00:00.000Z,9/13/2015 2:22:00 PM,At Intersection (intersection related),18,"MOTOR VEHICLE STRUCK PEDALCYCLIST, FRONT END AT ANGLE",,N,Clear or Partly Cloudy,Dry,Daylight,,,,45.0,Vehicle - Pedalcyclist,11534,0,N,POINT (1271849.269043177 229187.6967987418),3661.0,0.0,Clear or Partly Cloudy
161497,201310,201450,3707603,Matched,Intersection,29839.0,12TH AVE AND E SPRUCE ST,,,2,Injury Collision,Cycles,2,0,1,1,1,0,0,2015-09-01T00:00:00.000Z,9/1/2015 10:45:00 AM,At Intersection (intersection related),51,PEDALCYCLIST STRUCK MOTOR VEHICLE FRONT END AT ANGLE,,N,Raining,Wet,Daylight,,,,45.0,Vehicle - Pedalcyclist,10560,0,N,POINT (1274474.081845865 223670.7575290948),1167.0,0.0,Raining
161504,200658,200798,E453137,Matched,Block,,RAINIER AVE S BETWEEN SEWARD PARK AVE S AND 57TH AVE S,,,2,Injury Collision,Cycles,1,0,1,1,1,0,0,2015-08-18T00:00:00.000Z,8/18/2015 4:10:00 PM,Mid-Block (but intersection related),18,"MOTOR VEHICLE STRUCK PEDALCYCLIST, FRONT END AT ANGLE",,N,Clear or Partly Cloudy,Dry,Daylight,,,,45.0,Vehicle - Pedalcyclist,0,523422,N,POINT (1287377.076483071 193027.5759937167),3726.0,1.219158628713026e-05,Clear or Partly Cloudy
161541,202443,202583,3733842,Matched,Intersection,27035.0,FREMONT AVE N AND FREMONT PL N,NEI,"Not Enough Information, or Insufficient Location Information",1,Property Damage Only Collision,Cycles,2,0,1,1,0,0,0,2015-09-16T00:00:00.000Z,9/16/2015 9:14:00 AM,At Intersection (intersection related),0,NOT ENOUGH INFORMATION / NOT APPLICABLE,,N,Clear or Partly Cloudy,Dry,Daylight,,,,45.0,Vehicle - Pedalcyclist,8349,0,N,POINT (1266658.612013862 240940.0040107816),6356.0,0.0,Clear or Partly Cloudy
161563,203278,203418,3733820,Matched,Block,,GREEN LAKE WAY N BETWEEN N 48TH ST AND STONE AVE N,,,2,Injury Collision,Cycles,2,0,1,1,1,0,0,2015-09-22T00:00:00.000Z,9/22/2015 8:03:00 AM,Mid-Block (not related to intersection),23,"MOTOR VEHICLE STRUCK PEDALCYCLIST, LEFT SIDE SIDESWIPE",,N,,Dry,Daylight,,,,45.0,Vehicle - Pedalcyclist,22163,0,N,POINT (1268525.720751762 245799.7121117562),14320.0,1.8474704375632104e-05,
161579,203444,203584,3587909,Matched,Intersection,34885.0,20TH AVE SW AND DELRIDGE WAY SW,,,2,Injury Collision,Cycles,2,0,1,1,1,0,0,2015-09-28T00:00:00.000Z,9/28/2015 7:22:00 PM,At Intersection (intersection related),18,"MOTOR VEHICLE STRUCK PEDALCYCLIST, FRONT END AT ANGLE",Y,N,Clear or Partly Cloudy,Dry,Dark - Street Lights On,Y,,,45.0,Vehicle - Pedalcyclist,40062,0,N,POINT (1263431.985194549 194077.1098827869),3477.0,0.0,Clear or Partly Cloudy
161684,202452,202592,3573642,Matched,Block,,NE NORTHGATE WAY BETWEEN 3RD AVE NE AND 5TH AVE NE,,,2,Injury Collision,Cycles,2,0,1,1,1,0,0,2015-09-16T00:00:00.000Z,9/16/2015 1:42:00 PM,Driveway Junction,18,"MOTOR VEHICLE STRUCK PEDALCYCLIST, FRONT END AT ANGLE",,N,Clear or Partly Cloudy,Dry,Daylight,,,,45.0,Vehicle - Pedalcyclist,0,0,N,POINT (1273284.667188644 262033.6431363821),4279.0,1.3412443984640593e-05,Clear or Partly Cloudy