OBJECTID,INCKEY,COLDETKEY,REPORTNO,STATUS,ADDRTYPE,INTKEY,LOCATION,EXCEPTRSNC,EXCEPTRSND,SEVERITYCO,SEVERITYDE,COLLISIONT,PERSONCOUN,PEDCOUNT,PEDCYLCOUN,VEHCOUNT,INJURIES,SERIOUSINJ,FATALITIES,INCDATE,INCDTTM,JUNCTIONTY,SDOT_COLCO,SDOT_COLDE,INATTENTIO,UNDERINFL,WEATHER,ROADCOND,LIGHTCOND,PEDROWNOTG,SDOTCOLNUM,SPEEDING,ST_COLCODE,ST_COLDESC,SEGLANEKEY,CROSSWALKK,HITPARKEDC,geometry,near_str_index,min_length,weather_group
166965,210142,210362,3789159,Matched,Intersection,30513.0,7TH AVE S AND S JACKSON ST,,,2,Injury Collision,Cycles,3,0,1,1,1,0,0,2015-12-29T00:00:00.000Z,12/29/2015 6:40:00 PM,At Intersection (intersection related),18,"MOTOR VEHICLE STRUCK PEDALCYCLIST, FRONT END AT ANGLE",Y,N,Clear or Partly Cloudy,Dry,Dark - Street Lights On,,,,45.0,Vehicle - Pedalcyclist,24454,0,N,POINT (1272724.717620075 222126.4531435072),559.0,0.0,Clear or Partly Cloudy
166971,209782,210002,E493562,Matched,Intersection,27079.0,ROOSEVELT WAY NE AND NE 43RD S ST,,,2,Injury Collision,Cycles,1,0,2,1,1,0,0,2015-12-14T00:00:00.000Z,12/14/2015 2:05:00 PM,At Intersection (intersection related),18,"MOTOR VEHICLE STRUCK PEDALCYCLIST, FRONT END AT ANGLE",,N,Clear or Partly Cloudy,Dry,Daylight,,,,45.0,Vehicle - Pedalcyclist,8995,0,N,POINT (1274628.363574013 244077.2041419894),1396.0,0.0,Clear or Partly Cloudy
167070,208573,208773,E489978,Matched,Block,,OLIVE WAY BETWEEN BOREN AVE AND MINOR AVE,NEI,"Not Enough Information, or Insufficient Location Information",2,Injury Collision,Cycles,0,0,1,1,1,0,0,2015-12-04T00:00:00.000Z,12/4/2015 9:56:00 AM,,0,NOT ENOUGH INFORMATION / NOT APPLICABLE,,N,Clear or Partly Cloudy,Dry,Daylight,,,,45.0,Vehicle - Pedalcyclist,0,523742,N,POINT (1271256.932338566 228172.2264617085),6566.0,2.314417564384739e-05,Clear or Partly Cloudy
167099,209621,209841,3738194,Matched,Intersection,30752.0,18TH AVE S AND S JACKSON ST,,,2,Injury Collision,Cycles,2,0,1,1,1,0,0,2015-12-10T00:00:00.000Z,12/10/2015 10:45:00 AM,At Intersection (intersection related),11,"MOTOR VEHICLE STRUCK MOTOR VEHICLE, FRONT END AT ANGLE",Y,N,Raining,Wet,Daylight,Y,,,45.0,Vehicle - Pedalcyclist,11040,0,N,POINT (1276371.452727795 222074.5465834588),121.0,0.0,Raining
167106,209624,209844,3738515,Matched,Intersection,25148.0,17TH AVE NW AND NW 56TH ST,,,2,Injury Collision,Cycles,2,0,1,1,1,0,0,2015-12-16T00:00:00.000Z,12/16/2015 7:00:00 AM,At Intersection (intersection related),11,"MOTOR VEHICLE STRUCK MOTOR VEHICLE, FRONT END AT ANGLE",Y,N,Overcast,Wet,Dark - Street Lights On,Y,,,45.0,Vehicle - Pedalcyclist,0,0,N,POINT (1259639.467302665 248017.0080500245),2448.0,0.0,Overcast
167214,208170,208370,E487873,Matched,Intersection,24419.0,5TH AVE NE AND NE 76TH ST,,,2,Injury Collision,Cycles,0,0,1,1,1,0,0,2015-11-27T00:00:00.000Z,11/27/2015 11:54:00 AM,At Intersection (intersection related),18,"MOTOR VEHICLE STRUCK PEDALCYCLIST, FRONT END AT ANGLE",,N,Clear or Partly Cloudy,Dry,Daylight,,,,45.0,Vehicle - Pedalcyclist,7480,0,N,POINT (1273528.115764886 252884.3626790047),3118.0,0.0,Clear or Partly Cloudy
167306,210567,210807,E501454,Matched,Intersection,37442.0,FREMONT AVE N AND N 90TH ST,,,2,Injury Collision,Cycles,1,0,1,1,1,0,0,2015-11-02T00:00:00.000Z,11/2/2015 7:39:00 AM,At Intersection (intersection related),51,PEDALCYCLIST STRUCK MOTOR VEHICLE FRONT END AT ANGLE,,N,Raining,Wet,Daylight,,,,45.0,Vehicle - Pedalcyclist,0,0,N,POINT (1266943.661358148 256903.4305871278),735.0,0.0,Raining
167312,210787,211027,3704867,Matched,Block,,8TH AVE BETWEEN VIRGINIA ST AND WESTLAKE AVE,,,2,Injury Collision,Cycles,2,0,1,1,1,0,0,2016-01-06T00:00:00.000Z,1/6/2016 5:15:00 PM,Mid-Block (not related to intersection),56,PEDALCYCLIST STRUCK MOTOR VEHICLE LEFT SIDE SIDESWIPE,,N,Clear or Partly Cloudy,Dry,Dusk,Y,,,45.0,Vehicle - Pedalcyclist,14037,0,N,POINT (1269516.607152775 228360.8135979027),10261.0,5.5075608725783425e-09,Clear or Partly Cloudy
167326,207895,208095,3737236,Matched,Block,,UNIVERSITY BR BETWEEN POINT A AND POINT B,,,2,Injury Collision,Cycles,2,0,2,0,2,0,0,2015-11-25T00:00:00.000Z,11/25/2015 7:36:00 AM,Mid-Block (not related to intersection),69,PEDALCYCLIST OVERTURNED IN ROAD,,N,Clear or Partly Cloudy,Ice,Daylight,,,,45.0,Vehicle - Pedalcyclist,15428,0,N,POINT (1273929.905653298 241632.9413554817),11998.0,1.0242754645849333e-05,Clear or Partly Cloudy
167334,207678,207878,E484673,Matched,Intersection,485928.0,M L KING JR ER WAY S AND S GRAHAM ST,,,2,Injury Collision,Cycles,0,0,1,1,1,0,0,2015-11-20T00:00:00.000Z,11/20/2015 2:12:00 PM,At Intersection (intersection related),18,"MOTOR VEHICLE STRUCK PEDALCYCLIST, FRONT END AT ANGLE",,N,Clear or Partly Cloudy,Dry,Daylight,,,,45.0,Vehicle - Pedalcyclist,0,524877,N,POINT (1281806.198077366 202569.2384034842),9533.0,0.0,Clear or Partly Cloudy
167356,208179,208379,E488073,Matched,Block,,9TH AVE BETWEEN STEWART ST AND VIRGINIA ST,,,2,Injury Collision,Cycles,0,0,1,1,1,0,0,2015-11-30T00:00:00.000Z,11/30/2015 8:50:00 AM,Mid-Block (but intersection related),21,"MOTOR VEHICLE STRUCK PEDALCYCLIST, REAR END",,N,Clear or Partly Cloudy,Dry,Daylight,,,,45.0,Vehicle - Pedalcyclist,36928,0,N,POINT (1270048.097713321 228312.210333854),6077.0,5.510053387786921e-09,Clear or Partly Cloudy
167377,208589,208789,3626649,Matched,Intersection,27156.0,FRANKLIN AVE E AND FUHRMAN AVE E,,,1,Property Damage Only Collision,Cycles,2,0,1,1,0,0,0,2015-12-07T00:00:00.000Z,12/7/2015 6:48:00 AM,At Intersection (intersection related),51,PEDALCYCLIST STRUCK MOTOR VEHICLE FRONT END AT ANGLE,,N,Clear or Partly Cloudy,Wet,Dark - Street Lights On,,,,45.0,Vehicle - Pedalcyclist,0,0,N,POINT (1273886.977589265 240908.4891307503),6369.0,0.0,Clear or Partly Cloudy
167399,209817,210037,E493917,Matched,Block,,12TH AVE BETWEEN E MARION ST AND E SPRING ST,,,2,Injury Collision,Cycles,1,0,1,1,1,0,0,2015-12-02T00:00:00.000Z,12/2/2015 5:34:00 PM,Mid-Block (not related to intersection),0,NOT ENOUGH INFORMATION / NOT APPLICABLE,Y,N,Clear or Partly Cloudy,Dry,Dark - Street Lights On,,,,45.0,Vehicle - Pedalcyclist,10730,0,Y,POINT (1274527.158005908 226393.0969878882),18595.0,1.3906977835739267e-05,Clear or Partly Cloudy
167451,210390,210630,3791477,Matched,Block,,ELLIOTT AVE W BETWEEN W PROSPECT ST AND W LEE ST,,,2b,Serious Injury Collision,Cycles,2,0,1,1,1,1,0,2015-12-22T00:00:00.000Z,12/22/2015 11:25:00 PM,Driveway Junction,18,"MOTOR VEHICLE STRUCK PEDALCYCLIST, FRONT END AT ANGLE",,N,Overcast,Wet,Dark - Street Lights On,,,,45.0,Vehicle - Pedalcyclist,19257,0,N,POINT (1261021.642600089 233392.8374750465),709.0,3.3547795538899936e-05,Overcast
167462,207683,207883,E482814,Matched,Intersection,35427.0,RAINIER AVE S AND S CLOVERDALE ST,NEI,"Not Enough Information, or Insufficient Location Information",1,Property Damage Only Collision,Cycles,2,0,1,1,0,0,0,2015-11-15T00:00:00.000Z,11/15/2015 5:01:00 PM,At Intersection (intersection related),0,NOT ENOUGH INFORMATION / NOT APPLICABLE,,N,Clear or Partly Cloudy,Dry,Dark - Street Lights On,,,,45.0,Vehicle - Pedalcyclist,0,523391,N,POINT (1285490.46867314 195244.5082839876),6618.0,0.0,Clear or Partly Cloudy
167464,208196,208396,E488838,Matched,Block,,15TH AVE E BETWEEN E VALLEY ST AND E ALOHA ST,,,2,Injury Collision,Cycles,0,0,1,1,1,0,0,2015-11-20T00:00:00.000Z,11/20/2015 6:34:00 PM,Mid-Block (not related to intersection),51,PEDALCYCLIST STRUCK MOTOR VEHICLE FRONT END AT ANGLE,,N,Clear or Partly Cloudy,Dry,Dark - Street Lights On,,,,45.0,Vehicle - Pedalcyclist,8543,0,N,POINT (1275672.769527093 232024.3122896403),21499.0,2.235297143423935e-05,Clear or Partly Cloudy
167516,209122,209342,E492125,Matched,Intersection,29581.0,2ND AVE AND STEWART ST,NEI,"Not Enough Information, or Insufficient Location Information",2,Injury Collision,Cycles,0,0,1,1,1,0,0,2015-12-09T00:00:00.000Z,12/9/2015 4:40:00 PM,At Intersection (intersection related),0,NOT ENOUGH INFORMATION / NOT APPLICABLE,,N,Overcast,Dry,Dusk,,,,45.0,Vehicle - Pedalcyclist,0,523012,N,POINT (1268688.880687937 226501.1158039868),3770.0,0.0,Overcast
167539,209839,210059,E494000,Matched,Block,,5TH AVE BETWEEN STEWART ST AND VIRGINIA ST,,,2,Injury Collision,Cycles,1,0,1,1,1,0,0,2015-12-15T00:00:00.000Z,12/15/2015 11:49:00 AM,Mid-Block (not related to intersection),0,NOT ENOUGH INFORMATION / NOT APPLICABLE,,N,Clear or Partly Cloudy,Dry,Daylight,,,,45.0,Vehicle - Pedalcyclist,36184,0,Y,POINT (1269181.479856446 227359.3147168756),5879.0,1.0524931659861929e-08,Clear or Partly Cloudy
167551,209648,209868,3776005,Matched,Block,,E DENNY WAY BETWEEN 36TH AVE AND 37TH AVE E,NEI,"Not Enough Information, or Insufficient Location Information",1,Property Damage Only Collision,Cycles,2,0,1,1,0,0,0,2015-12-14T00:00:00.000Z,12/14/2015 4:40:00 PM,Mid-Block (not related to intersection),0,NOT ENOUGH INFORMATION / NOT APPLICABLE,,N,Unknown,Unknown,Unknown,,,,45.0,Vehicle - Pedalcyclist,9825,0,N,POINT (1281916.870973483 228945.5075504929),3873.0,3.040659817295025e-05,
167622,208197,208397,E488839,Matched,Block,,BROADWAY E BETWEEN E REPUBLICAN ST AND E MERCER ST,,,2,Injury Collision,Cycles,0,0,1,1,1,0,0,2015-11-24T00:00:00.000Z,11/24/2015 6:08:00 PM,Mid-Block (not related to intersection),51,PEDALCYCLIST STRUCK MOTOR VEHICLE FRONT END AT ANGLE,,N,Clear or Partly Cloudy,Dry,Dark - Street Lights On,,,,45.0,Vehicle - Pedalcyclist,6231,0,N,POINT (1273592.342452958 231051.8720326573),9733.0,6.393468498149618e-11,Clear or Partly Cloudy
167631,207928,208128,3738000,Matched,Intersection,29877.0,MELROSE AVE AND PIKE ST,,,2,Injury Collision,Cycles,4,0,1,1,1,0,0,2015-11-29T00:00:00.000Z,11/29/2015 5:58:00 PM,At Intersection (intersection related),24,MOTOR VEHCILE STRUCK PEDESTRIAN,,N,Fog/Smog/Smoke,Wet,Dark - Street Lights On,Y,,,45.0,Vehicle - Pedalcyclist,31114,0,N,POINT (1271828.993331149 227522.0719650388),1143.0,0.0,Raining
167698,209421,209641,E493082,Matched,Block,,57TH AVE S BETWEEN S HOLLY ST AND DEAD END 1,NEI,"Not Enough Information, or Insufficient Location Information",2,Injury Collision,Cycles,0,0,1,1,1,0,0,2015-12-11T00:00:00.000Z,12/11/2015 7:15:00 AM,,0,NOT ENOUGH INFORMATION / NOT APPLICABLE,,N,Unknown,Unknown,Unknown,,,,45.0,Vehicle - Pedalcyclist,0,0,N,POINT (1287687.843203396 200920.7582737952),10252.0,3.6422450903087056e-05,
167786,208628,208828,3737285,Matched,Intersection,37475.0,5TH AVE NE AND NE 103RD ST,,,1,Property Damage Only Collision,Cycles,2,0,1,1,0,0,0,2015-12-01T00:00:00.000Z,12/1/2015 12:43:00 PM,At Intersection (intersection related),51,PEDALCYCLIST STRUCK MOTOR VEHICLE FRONT END AT ANGLE,,N,Clear or Partly Cloudy,Dry,Daylight,,,,45.0,Vehicle - Pedalcyclist,0,524651,N,POINT (1273607.151412964 260034.4928623289),12473.0,0.0,Clear or Partly Cloudy
167862,211040,211280,3791502,Matched,Intersection,28780.0,HARRISON ST AND WESTLAKE AVE N,,,1,Property Damage Only Collision,Cycles,2,0,1,1,0,0,0,2016-01-07T00:00:00.000Z,1/7/2016 7:42:00 PM,At Intersection (intersection related),21,"MOTOR VEHICLE STRUCK PEDALCYCLIST, REAR END",,N,Overcast,Dry,Dark - Street Lights On,,,,45.0,Vehicle - Pedalcyclist,25080,0,N,POINT (1269260.255280524 230531.315104112),3563.0,0.0,Overcast
167932,212527,212807,3701994,Matched,Intersection,28391.0,MONTLAKE BLVD E AND EAST MONTLAKE PL E,,,1,Property Damage Only Collision,Cycles,2,0,1,1,0,0,0,2016-01-29T00:00:00.000Z,1/29/2016 7:45:00 PM,At Intersection (intersection related),18,"MOTOR VEHICLE STRUCK PEDALCYCLIST, FRONT END AT ANGLE",,N,Unknown,Dry,Dark - Street Lights On,,,,45.0,Vehicle - Pedalcyclist,0,524103,N,POINT (1277884.579897344 238361.7099921405),12025.0,0.0,
167937,212524,212804,3786880,Matched,Intersection,25308.0,3RD AVE NW AND NW 55TH ST,,,2,Injury Collision,Cycles,2,0,1,1,1,0,0,2016-01-28T00:00:00.000Z,1/28/2016 7:52:00 AM,At Intersection (intersection related),18,"MOTOR VEHICLE STRUCK PEDALCYCLIST, FRONT END AT ANGLE",,N,Raining,Wet,Daylight,,,,45.0,Vehicle - Pedalcyclist,33488,0,N,POINT (1264087.144491225 247653.6541936547),5462.0,0.0,Raining
168080,213632,213892,3735238,Matched,Block,,RAINIER AVE S BETWEEN S FOREST ST AND M L KING JR WAY S,,,2,Injury Collision,Cycles,2,0,1,1,1,0,0,2016-02-13T00:00:00.000Z,2/13/2016 12:42:00 AM,Mid-Block (but intersection related),21,"MOTOR VEHICLE STRUCK PEDALCYCLIST, REAR END",,N,Raining,Wet,Dark - Street Lights On,,,,45.0,Vehicle - Pedalcyclist,20085,0,N,POINT (1279149.975418642 213887.4315030724),10372.0,8.050861236951097e-06,Raining
168169,215546,215806,3735098,Matched,Block,,4TH AVE S BETWEEN DIAGONAL AVE S AND COSTCO DR,,,2,Injury Collision,Cycles,3,0,1,2,1,0,0,2016-03-10T00:00:00.000Z,3/10/2016 3:06:00 PM,Mid-Block (not related to intersection),18,"MOTOR VEHICLE STRUCK PEDALCYCLIST, FRONT END AT ANGLE",Y,N,Raining,Wet,Daylight,,,,45.0,Vehicle - Pedalcyclist,0,32397,N,POINT (1271096.648498401 210036.6777711362),2975.0,8.824195517366812e-06,Raining
168222,212018,212258,3791506,Matched,Block,,HOWELL ST BETWEEN BOREN AVE AND MINOR AVE,,,2,Injury Collision,Cycles,3,0,1,1,1,0,0,2016-01-16T00:00:00.000Z,1/16/2016 5:05:00 PM,Mid-Block (not related to intersection),21,"MOTOR VEHICLE STRUCK PEDALCYCLIST, REAR END",Y,N,Raining,Wet,Dark - Street Lights Off,,,,45.0,Vehicle - Pedalcyclist,14393,0,N,POINT (1271061.342386365 228476.7083820105),6426.0,9.475761275340016e-06,Raining
168227,211997,212237,3791329,Matched,Block,,WESTLAKE EAST RDWY AVE N BETWEEN HIGHLAND DR AND COMSTOCK ST,,,2b,Serious Injury Collision,Cycles,2,0,1,1,1,1,0,2016-01-18T00:00:00.000Z,1/18/2016 12:53:00 PM,Mid-Block (not related to intersection),18,"MOTOR VEHICLE STRUCK PEDALCYCLIST, FRONT END AT ANGLE",Y,N,Clear or Partly Cloudy,Dry,Daylight,,,,45.0,Vehicle - Pedalcyclist,0,0,N,POINT (1268754.095344007 233541.2939871997),21348.0,2.7549723939537274e-05,Clear or Partly Cloudy
168251,213855,214115,E514160,Matched,Block,,AIRPORT WAY S BETWEEN S EDMUNDS ST AND AIRPORT WY S VI,,,2,Injury Collision,Cycles,2,0,1,1,1,0,0,2016-02-09T00:00:00.000Z,2/9/2016 8:34:00 AM,Mid-Block (not related to intersection),18,"MOTOR VEHICLE STRUCK PEDALCYCLIST, FRONT END AT ANGLE",,N,Overcast,Dry,Daylight,,,,45.0,Vehicle - Pedalcyclist,21166,0,N,POINT (1272582.622835919 207437.8747604638),3311.0,1.2749971010895612e-05,Overcast
168383,212805,213085,E510244,Matched,Block,,E PINE ST BETWEEN 10TH AVE AND 11TH AVE,,,2,Injury Collision,Cycles,1,0,1,1,1,0,0,2015-12-09T00:00:00.000Z,12/9/2015 9:10:00 AM,Mid-Block (not related to intersection),18,"MOTOR VEHICLE STRUCK PEDALCYCLIST, FRONT END AT ANGLE",Y,N,Overcast,Standing Water,Daylight,,,,45.0,Vehicle - Pedalcyclist,10414,0,N,POINT (1274055.272949427 227960.3691174835),17524.0,1.5930485444808593e-05,Overcast
168388,213130,213410,3735229,Matched,Intersection,167623.0,BEACON ER AVE S AND S MYRTLE ST,,,2,Injury Collision,Cycles,2,0,1,1,1,0,0,2016-02-07T00:00:00.000Z,2/7/2016 3:57:00 PM,At Intersection (intersection related),18,"MOTOR VEHICLE STRUCK PEDALCYCLIST, FRONT END AT ANGLE",,N,Clear or Partly Cloudy,Dry,Daylight,,,,45.0,Vehicle - Pedalcyclist,0,525576,N,POINT (1279132.267834634 200029.3597448915),8247.0,0.0,Clear or Partly Cloudy
168397,215050,215310,3479427,Matched,Intersection,287161.0,BURKE GILMAN TRL AND PEND OREILLE RD NE,,,1,Property Damage Only Collision,Cycles,2,0,1,1,0,0,0,2016-01-21T00:00:00.000Z,1/21/2016 6:55:00 PM,At Intersection (intersection related),18,"MOTOR VEHICLE STRUCK PEDALCYCLIST, FRONT END AT ANGLE",,Y,Raining,Wet,Dark - Street Lights On,,,,45.0,Vehicle - Pedalcyclist,0,0,N,POINT (1278554.990138039 244254.8148941696),9546.0,0.0,Raining
168600,212044,212284,E508107,Matched,Intersection,29994.0,M L KING JR WAY AND E OLIVE ST,,,2,Injury Collision,Angles,1,0,1,1,1,0,0,2015-11-05T00:00:00.000Z,11/5/2015 6:15:00 PM,At Intersection (intersection related),18,"MOTOR VEHICLE STRUCK PEDALCYCLIST, FRONT END AT ANGLE",,N,Unknown,Unknown,Dark - Street Lights On,,,,10.0,Entering at angle,35407,0,N,POINT (1279651.271227166 228292.7430698276),6492.0,0.0,
168810,213510,213770,3787003,Matched,Intersection,24401.0,ROOSEVELT WAY NE AND NE 79TH ST,,,2,Injury Collision,Cycles,2,0,1,1,1,0,0,2016-02-09T00:00:00.000Z,2/9/2016 5:50:00 PM,At Intersection (intersection related),18,"MOTOR VEHICLE STRUCK PEDALCYCLIST, FRONT END AT ANGLE",,N,Clear or Partly Cloudy,Dry,Dark - Street Lights On,,,,45.0,Vehicle - Pedalcyclist,16639,0,N,POINT (1274867.367734268 253764.5999919027),4237.0,0.0,Clear or Partly Cloudy
168861,214838,215098,E517569,Matched,Intersection,36419.0,GREENWOOD AVE N AND HOLMAN RD N,,,2,Injury Collision,Cycles,1,0,1,1,1,0,0,2016-02-20T00:00:00.000Z,2/20/2016 7:01:00 AM,At Intersection (intersection related),18,"MOTOR VEHICLE STRUCK PEDALCYCLIST, FRONT END AT ANGLE",,N,Clear or Partly Cloudy,Dry,Daylight,,,,45.0,Vehicle - Pedalcyclist,0,524097,N,POINT (1265668.489516839 260898.8218232095),1190.0,0.0,Clear or Partly Cloudy
168870,211356,211596,E504513,Matched,Intersection,26965.0,FREMONT AVE N AND N 42ND ST,NEI,"Not Enough Information, or Insufficient Location Information",2,Injury Collision,Cycles,1,0,1,1,1,0,0,2016-01-09T00:00:00.000Z,1/9/2016 7:25:00 AM,At Intersection (intersection related),0,NOT ENOUGH INFORMATION / NOT APPLICABLE,,N,Clear or Partly Cloudy,Dry,Dawn,,,,45.0,Vehicle - Pedalcyclist,8405,0,N,POINT (1266674.953261867 243605.607341513),1243.0,0.0,Clear or Partly Cloudy
168963,213520,213780,3726310,Matched,Block,,SHILSHOLE AVE NW BETWEEN 17TH AVE NW AND NW DOCK PL,,,2,Injury Collision,Cycles,3,0,1,1,1,0,0,2016-02-11T00:00:00.000Z,2/11/2016 3:30:00 PM,Mid-Block (not related to intersection),51,PEDALCYCLIST STRUCK MOTOR VEHICLE FRONT END AT ANGLE,,N,Overcast,Wet,Daylight,,,,45.0,Vehicle - Pedalcyclist,17205,0,N,POINT (1259180.115622193 245673.6704476178),22395.0,3.157726261510814e-05,Overcast
168996,211367,211607,E504675,Matched,Block,,N 100TH ST BETWEEN DENSMORE E AVE N AND WALLINGFORD W AVE N,NEI,"Not Enough Information, or Insufficient Location Information",2,Injury Collision,Cycles,1,0,1,1,1,0,0,2016-01-08T00:00:00.000Z,1/8/2016 8:10:00 AM,,0,NOT ENOUGH INFORMATION / NOT APPLICABLE,,N,Overcast,Dry,Daylight,,,,45.0,Vehicle - Pedalcyclist,0,0,N,POINT (1270179.660273463 259470.1359977573),13853.0,2.983061029456109e-05,Overcast
169017,215521,215781,3732087,Matched,Block,,DELRIDGE WAY SW BETWEEN SW ORCHARD ST AND SYLVAN WAY SW,,,2,Injury Collision,Cycles,2,0,1,1,1,0,0,2016-03-03T00:00:00.000Z,3/3/2016 6:00:00 AM,Mid-Block (not related to intersection),18,"MOTOR VEHICLE STRUCK PEDALCYCLIST, FRONT END AT ANGLE",Y,N,Clear or Partly Cloudy,Wet,Dark - Street Lights On,,,,45.0,Vehicle - Pedalcyclist,24246,0,N,POINT (1263042.010794148 199725.2625285685),23448.0,1.878761746946679e-05,Clear or Partly Cloudy
169058,211583,211823,3733884,Matched,Intersection,24495.0,8TH AVE NE AND NE 65TH ST,,,2,Injury Collision,Cycles,2,0,1,1,1,0,0,2016-01-18T00:00:00.000Z,1/18/2016 7:35:00 PM,At Intersection (intersection related),18,"MOTOR VEHICLE STRUCK PEDALCYCLIST, FRONT END AT ANGLE",Y,N,Raining,Wet,Dark - Street Lights On,,,,45.0,Vehicle - Pedalcyclist,27143,0,N,POINT (1274176.864821553 250067.7923081219),3255.0,0.0,Raining
169122,214864,215124,E517978,Matched,Intersection,24458.0,6TH AVE NE AND NE 70TH N ST,,,2,Injury Collision,Cycles,2,0,1,1,1,0,0,2016-02-15T00:00:00.000Z,2/15/2016 5:16:00 PM,At Intersection (intersection related),18,"MOTOR VEHICLE STRUCK PEDALCYCLIST, FRONT END AT ANGLE",,N,Clear or Partly Cloudy,Unknown,Dusk,,,,45.0,Vehicle - Pedalcyclist,7442,0,N,POINT (1273787.785013154 251665.3464857638),3204.0,0.0,Clear or Partly Cloudy
169132,215124,215384,E520460,Matched,Intersection,29809.0,12TH AVE AND E JEFFERSON ST,,,1,Property Damage Only Collision,Cycles,2,0,1,1,0,0,0,2016-02-26T00:00:00.000Z,2/26/2016 10:55:00 PM,At Intersection (intersection related),18,"MOTOR VEHICLE STRUCK PEDALCYCLIST, FRONT END AT ANGLE",,N,Raining,Wet,Dark - Street Lights On,,,,45.0,Vehicle - Pedalcyclist,0,521029,N,POINT (1274493.248053879 224651.3819140941),2320.0,0.0,Raining
169168,211379,211619,3641094,Matched,Intersection,30425.0,8TH AVE S AND S JACKSON ST,,,2,Injury Collision,Cycles,2,1,1,0,1,0,0,2016-01-12T00:00:00.000Z,1/12/2016 6:55:00 AM,At Intersection (intersection related),64,PEDALCYCLIST STRUCK PEDESTRIAN,,N,Raining,Wet,Dark - Street Lights On,,,,45.0,Vehicle - Pedalcyclist,0,525067,N,POINT (1273046.698036402 222119.3194475025),11472.0,0.0,Raining
169283,212111,212351,3786877,Matched,Intersection,25408.0,8TH AVE NW AND NW 58TH ST,,,1,Property Damage Only Collision,Cycles,2,0,1,1,0,0,0,2016-01-25T00:00:00.000Z,1/25/2016 8:04:00 AM,At Intersection (intersection related),18,"MOTOR VEHICLE STRUCK PEDALCYCLIST, FRONT END AT ANGLE",,N,Clear or Partly Cloudy,Dry,Daylight,Y,,,45.0,Vehicle - Pedalcyclist,2438,0,N,POINT (1262780.853545889 248481.0054904968),1583.0,0.0,Clear or Partly Cloudy
169290,212114,212354,E508907,Matched,Intersection,36054.0,30TH AVE NE AND NE 130TH ST,,,2,Injury Collision,Cycles,2,0,1,1,1,0,0,2016-01-22T00:00:00.000Z,1/22/2016 1:04:00 PM,At Intersection (intersection related),18,"MOTOR VEHICLE STRUCK PEDALCYCLIST, FRONT END AT ANGLE",,N,Clear or Partly Cloudy,Dry,Daylight,,,,45.0,Vehicle - Pedalcyclist,0,521376,N,POINT (1280339.335227862 267114.3351735771),282.0,0.0,Clear or Partly Cloudy
169322,211384,211624,3737628,Matched,Intersection,24205.0,8TH AVE NW AND NW 67TH ST,,,2,Injury Collision,Cycles,2,0,1,1,1,0,0,2016-01-13T00:00:00.000Z,1/13/2016 7:34:00 AM,At Intersection (intersection related),18,"MOTOR VEHICLE STRUCK PEDALCYCLIST, FRONT END AT ANGLE",,N,Raining,Wet,Dark - Street Lights On,Y,,,45.0,Vehicle - Pedalcyclist,2504,0,N,POINT (1262868.684585974 250989.5379730612),6060.0,0.0,Raining
169346,212680,212960,2022885,Matched,Intersection,25539.0,STONE AVE N AND N 48TH ST,,,2,Injury Collision,Cycles,2,0,1,1,1,0,0,2015-12-29T00:00:00.000Z,12/29/2015 5:19:00 PM,At Intersection (intersection related),18,"MOTOR VEHICLE STRUCK PEDALCYCLIST, FRONT END AT ANGLE",,N,Clear or Partly Cloudy,Dry,Dark - Street Lights On,Y,,,45.0,Vehicle - Pedalcyclist,0,0,N,POINT (1268658.852911904 245697.2755676508),4034.0,0.0,Clear or Partly Cloudy
169407,214610,214870,3786824,Matched,Intersection,26034.0,RAVENNA PL NE AND NE 55TH ST,,,1,Property Damage Only Collision,Cycles,2,0,1,1,0,0,0,2016-02-29T00:00:00.000Z,2/29/2016 4:53:00 PM,At Intersection (intersection related),18,"MOTOR VEHICLE STRUCK PEDALCYCLIST, FRONT END AT ANGLE",Y,N,Clear or Partly Cloudy,Dry,Daylight,,,,45.0,Vehicle - Pedalcyclist,32879,0,N,POINT (1278343.996217817 247175.8829291612),13276.0,0.0,Clear or Partly Cloudy
169416,215161,215421,3777793,Matched,Intersection,30410.0,12TH AVE AND E YESLER WAY,,,1,Property Damage Only Collision,Cycles,2,0,1,1,0,0,0,2016-03-04T00:00:00.000Z,3/4/2016 7:18:00 PM,At Intersection (intersection related),51,PEDALCYCLIST STRUCK MOTOR VEHICLE FRONT END AT ANGLE,,N,Raining,Wet,Dark - Street Lights On,,,,45.0,Vehicle - Pedalcyclist,10532,0,N,POINT (1274461.188917845 223006.7211764157),8412.0,0.0,Raining