OBJECTID,INCKEY,COLDETKEY,REPORTNO,STATUS,ADDRTYPE,INTKEY,LOCATION,EXCEPTRSNC,EXCEPTRSND,SEVERITYCO,SEVERITYDE,COLLISIONT,PERSONCOUN,PEDCOUNT,PEDCYLCOUN,VEHCOUNT,INJURIES,SERIOUSINJ,FATALITIES,INCDATE,INCDTTM,JUNCTIONTY,SDOT_COLCO,SDOT_COLDE,INATTENTIO,UNDERINFL,WEATHER,ROADCOND,LIGHTCOND,PEDROWNOTG,SDOTCOLNUM,SPEEDING,ST_COLCODE,ST_COLDESC,SEGLANEKEY,CROSSWALKK,HITPARKEDC,geometry,near_str_index,min_length,weather_group
170944,217650,217930,3703747,Matched,Intersection,29542.0,7TH AVE AND WESTLAKE AVE,,,2,Injury Collision,Cycles,2,0,1,1,1,0,0,2016-04-19T00:00:00.000Z,4/19/2016 3:31:00 PM,At Intersection (intersection related),21,"MOTOR VEHICLE STRUCK PEDALCYCLIST, REAR END",,N,Clear or Partly Cloudy,Dry,Daylight,,,,45.0,Vehicle - Pedalcyclist,13937,0,N,POINT (1269364.609328628 228063.7656615973),554.0,0.0,Clear or Partly Cloudy
170949,217469,217749,3767666,Matched,Block,,25TH AVE NE BETWEEN NE 57TH ST AND NE 60TH ST,,,2,Injury Collision,Cycles,1,0,1,0,1,0,0,2016-04-13T00:00:00.000Z,4/13/2016 7:56:00 AM,Mid-Block (not related to intersection),18,"MOTOR VEHICLE STRUCK PEDALCYCLIST, FRONT END AT ANGLE",,N,Overcast,Dry,Daylight,,,,45.0,Vehicle - Pedalcyclist,18798,0,N,POINT (1278927.012410417 248231.502898246),8506.0,0.0,Overcast
170980,217652,217932,3704360,Matched,Block,,PIKE ST BETWEEN BOREN AVE AND MELROSE AVE,,,2b,Serious Injury Collision,Sideswipe,9,0,1,6,5,2,0,2016-04-19T00:00:00.000Z,4/19/2016 7:58:00 AM,Mid-Block (not related to intersection),16,"MOTOR VEHICLE STRUCK MOTOR VEHICLE, LEFT SIDE SIDESWIPE",,N,Clear or Partly Cloudy,Dry,Daylight,,,Y,11.0,From same direction - both going straight - both moving - sideswipe,10336,0,N,POINT (1271690.664371014 227440.0434209555),6588.0,3.800238744210384e-09,Clear or Partly Cloudy
170981,218046,218346,3740156,Matched,Intersection,28741.0,DEXTER AVE N AND ROY ST,,,2,Injury Collision,Cycles,2,0,1,1,1,0,0,2016-04-20T00:00:00.000Z,4/20/2016 5:14:00 PM,At Intersection (intersection related),18,"MOTOR VEHICLE STRUCK PEDALCYCLIST, FRONT END AT ANGLE",,N,Clear or Partly Cloudy,Dry,Daylight,,,,45.0,Vehicle - Pedalcyclist,44421,0,N,POINT (1268326.078767568 231776.213409394),6297.0,0.0,Clear or Partly Cloudy
171083,217493,217773,3787064,Matched,Intersection,27073.0,ROOSEVELT WAY NE AND NE 43RD N ST,,,2,Injury Collision,Cycles,1,0,1,0,1,0,0,2016-04-03T00:00:00.000Z,4/3/2016 5:35:00 PM,At Intersection (intersection related),26,MOTOR VEHICLE STRUCK OBJECT IN ROAD,,N,Clear or Partly Cloudy,Dry,Daylight,,,,45.0,Vehicle - Pedalcyclist,9002,0,N,POINT (1274633.649206027 244220.9297101349),17069.0,0.0,Clear or Partly Cloudy
171108,216705,216985,E528852,Matched,Block,,GREENWOOD AVE N BETWEEN HOLMAN RD N AND N 107TH ST,NEI,"Not Enough Information, or Insufficient Location Information",1,Property Damage Only Collision,Cycles,1,0,1,1,0,0,0,2016-03-28T00:00:00.000Z,3/28/2016 6:00:00 AM,,0,NOT ENOUGH INFORMATION / NOT APPLICABLE,,N,Clear or Partly Cloudy,Dry,Dawn,,,,45.0,Vehicle - Pedalcyclist,14827,0,N,POINT (1265673.321004853 261229.3646715581),13120.0,3.0373754739729222e-05,Clear or Partly Cloudy
171126,218377,218677,E535775,Matched,Intersection,33314.0,BEACON WR AVE S AND S COLUMBIAN WAY,NEI,"Not Enough Information, or Insufficient Location Information",2,Injury Collision,Cycles,0,0,1,1,1,0,0,2016-04-19T00:00:00.000Z,4/19/2016 6:01:00 PM,At Intersection (intersection related),0,NOT ENOUGH INFORMATION / NOT APPLICABLE,,N,Clear or Partly Cloudy,Dry,Daylight,,,,45.0,Vehicle - Pedalcyclist,13048,0,N,POINT (1277158.785336614 207600.804488644),10284.0,0.0,Clear or Partly Cloudy
171161,219337,219637,3780519,Matched,Block,,AIRPORT WAY S BETWEEN S HOMER ST AND S DORIS ST,,,2,Injury Collision,Cycles,2,0,1,1,1,0,0,2016-04-20T00:00:00.000Z,4/20/2016 10:30:00 AM,Driveway Junction,18,"MOTOR VEHICLE STRUCK PEDALCYCLIST, FRONT END AT ANGLE",,N,Clear or Partly Cloudy,Dry,Daylight,,,,45.0,Vehicle - Pedalcyclist,5706,0,N,POINT (1273779.052725151 204318.3888052702),14745.0,2.296789844209707e-05,Clear or Partly Cloudy
171164,215617,215877,3787086,Matched,Block,,ROOSEVELT WAY NE BETWEEN NE 43RD N ST AND NE 45TH ST,,,2,Injury Collision,Cycles,2,0,1,1,1,0,0,2016-03-11T00:00:00.000Z,3/11/2016 6:45:00 AM,Mid-Block (not related to intersection),18,"MOTOR VEHICLE STRUCK PEDALCYCLIST, FRONT END AT ANGLE",Y,N,Clear or Partly Cloudy,Unknown,Daylight,Y,,,45.0,Vehicle - Pedalcyclist,9002,0,N,POINT (1274643.41477403 244486.5489104092),22683.0,1.6744602144952038e-05,Clear or Partly Cloudy
171172,215614,215874,3740380,Matched,Intersection,26470.0,16TH AVE W AND W DRAVUS ST,,,2b,Serious Injury Collision,Cycles,2,0,1,1,1,1,0,2016-03-03T00:00:00.000Z,3/3/2016 1:44:00 PM,At Intersection (intersection related),11,"MOTOR VEHICLE STRUCK MOTOR VEHICLE, FRONT END AT ANGLE",,N,Raining,Wet,Daylight,,,,45.0,Vehicle - Pedalcyclist,0,26470,N,POINT (1259827.161382854 240359.3348261863),103.0,0.0,Raining
171231,217260,217540,3703019,Matched,Intersection,29757.0,BROADWAY AND E UNION ST,,,2b,Serious Injury Collision,Cycles,2,0,1,1,1,1,0,2016-04-02T00:00:00.000Z,4/2/2016 5:42:00 AM,At Intersection (intersection related),18,"MOTOR VEHICLE STRUCK PEDALCYCLIST, FRONT END AT ANGLE",,N,Overcast,Dry,Dusk,,,,45.0,Vehicle - Pedalcyclist,41380,0,N,POINT (1273558.806836918 227135.8089246452),6210.0,0.0,Overcast
171267,218381,218681,3740487,Matched,Block,,EASTLAKE AVE E BETWEEN E HAMLIN ST AND E SHELBY ST,,,2,Injury Collision,Cycles,3,0,1,1,1,0,0,2016-04-21T00:00:00.000Z,4/21/2016 8:09:00 PM,Mid-Block (not related to intersection),11,"MOTOR VEHICLE STRUCK MOTOR VEHICLE, FRONT END AT ANGLE",,N,Clear or Partly Cloudy,Dry,Daylight,Y,,,45.0,Vehicle - Pedalcyclist,24679,0,N,POINT (1272702.002292037 239389.2466971874),17015.0,1.5392845377242473e-05,Clear or Partly Cloudy
171282,218067,218367,E533604,Matched,Intersection,26797.0,MIDVALE AVE N AND N 45TH ST,NEI,"Not Enough Information, or Insufficient Location Information",2,Injury Collision,Cycles,1,0,1,1,1,0,0,2016-04-08T00:00:00.000Z,4/8/2016 9:11:00 AM,At Intersection (intersection related),0,NOT ENOUGH INFORMATION / NOT APPLICABLE,Y,N,Clear or Partly Cloudy,Dry,Daylight,,,,45.0,Vehicle - Pedalcyclist,28138,0,N,POINT (1268229.687599465 244905.4970068336),14397.0,0.0,Clear or Partly Cloudy
171307,216025,216285,E525968,Matched,Intersection,29839.0,12TH AVE AND E SPRUCE ST,NEI,"Not Enough Information, or Insufficient Location Information",2,Injury Collision,Cycles,1,0,1,1,1,0,0,2016-03-17T00:00:00.000Z,3/17/2016 5:08:00 PM,At Intersection (intersection related),0,NOT ENOUGH INFORMATION / NOT APPLICABLE,,N,Clear or Partly Cloudy,Dry,Daylight,,,,45.0,Vehicle - Pedalcyclist,10576,0,N,POINT (1274474.081845865 223670.7575290948),1167.0,0.0,Clear or Partly Cloudy
171336,216296,216576,3791232,Matched,Intersection,29553.0,7TH AVE AND OLIVE WAY,,,1,Property Damage Only Collision,Cycles,2,0,1,1,0,0,0,2016-03-02T00:00:00.000Z,3/2/2016 6:33:00 PM,At Intersection (intersection related),18,"MOTOR VEHICLE STRUCK PEDALCYCLIST, FRONT END AT ANGLE",,N,Raining,Wet,Dark - Street Lights On,,,,45.0,Vehicle - Pedalcyclist,0,522055,N,POINT (1270009.609265283 227435.3847329468),6565.0,0.0,Raining
171401,218792,219092,3704539,Matched,Intersection,29758.0,BROADWAY CT AND E UNION ST,,,2,Injury Collision,Cycles,2,0,1,1,1,0,0,2016-05-05T00:00:00.000Z,5/5/2016 7:36:00 AM,At Intersection (intersection related),51,PEDALCYCLIST STRUCK MOTOR VEHICLE FRONT END AT ANGLE,,N,Clear or Partly Cloudy,Dry,Daylight,,,,45.0,Vehicle - Pedalcyclist,0,522254,N,POINT (1273781.940789148 227124.061596632),14387.0,0.0,Clear or Partly Cloudy
171459,215831,216091,E523538,Matched,Block,,6TH AVE BETWEEN PIKE ST AND PINE ST,NEI,"Not Enough Information, or Insufficient Location Information",2,Injury Collision,Cycles,2,0,1,2,1,0,0,2016-02-29T00:00:00.000Z,2/29/2016 11:23:00 AM,,0,NOT ENOUGH INFORMATION / NOT APPLICABLE,,N,Clear or Partly Cloudy,Dry,Daylight,,,,45.0,Vehicle - Pedalcyclist,25503,0,N,POINT (1270058.64222534 226720.3504282236),19694.0,1.570964774479554e-05,Clear or Partly Cloudy
171540,217540,217820,3704349,Matched,Intersection,30575.0,31ST AVE AND E YESLER WAY,,,2,Injury Collision,Cycles,2,0,1,1,1,0,0,2016-04-17T00:00:00.000Z,4/17/2016 1:20:00 PM,At Intersection (intersection related),18,"MOTOR VEHICLE STRUCK PEDALCYCLIST, FRONT END AT ANGLE",,N,Clear or Partly Cloudy,Dry,Daylight,,,,45.0,Vehicle - Pedalcyclist,10096,0,N,POINT (1280446.052411973 222875.5805682838),2781.0,0.0,Clear or Partly Cloudy
171554,217516,217796,3591511,Matched,Intersection,26710.0,9TH AVE NW AND NW 45TH ST,,,2,Injury Collision,Cycles,2,0,1,1,1,0,0,2016-04-14T00:00:00.000Z,4/14/2016 8:07:00 PM,At Intersection (intersection related),18,"MOTOR VEHICLE STRUCK PEDALCYCLIST, FRONT END AT ANGLE",,N,Overcast,Dry,Dusk,Y,,,45.0,Vehicle - Pedalcyclist,0,630875,N,POINT (1262110.833705202 245056.5021909922),1566.0,0.0,Overcast
171616,217072,217352,3737371,Matched,Intersection,25277.0,8TH AVE NW AND NW 60TH ST,,,1,Property Damage Only Collision,Cycles,3,0,1,1,0,0,0,2016-04-04T00:00:00.000Z,4/4/2016 2:30:00 PM,At Intersection (intersection related),51,PEDALCYCLIST STRUCK MOTOR VEHICLE FRONT END AT ANGLE,,N,Raining,Wet,Daylight,,,,45.0,Vehicle - Pedalcyclist,0,0,N,POINT (1262792.9997219 249013.1301630437),15809.0,0.0,Raining
171622,217548,217828,3704466,Matched,Intersection,29734.0,BOYLSTON AVE AND E PINE ST,,,2,Injury Collision,Cycles,2,0,1,1,1,0,0,2016-04-16T00:00:00.000Z,4/16/2016 12:15:00 AM,At Intersection (intersection related),18,"MOTOR VEHICLE STRUCK PEDALCYCLIST, FRONT END AT ANGLE",Y,N,Clear or Partly Cloudy,Dry,Dark - Street Lights On,Y,,,45.0,Vehicle - Pedalcyclist,10374,0,N,POINT (1272920.548660263 227975.5196454972),6198.0,0.0,Clear or Partly Cloudy
171625,217547,217827,3704465,Matched,Block,,BROADWAY BETWEEN HARVARD AVE AND E UNION ST,,,2,Injury Collision,Cycles,4,0,1,1,1,0,0,2016-04-15T00:00:00.000Z,4/15/2016 8:47:00 PM,Mid-Block (not related to intersection),18,"MOTOR VEHICLE STRUCK PEDALCYCLIST, FRONT END AT ANGLE",Y,N,Clear or Partly Cloudy,Dry,Dark - Street Lights On,Y,,,45.0,Vehicle - Pedalcyclist,6877,0,N,POINT (1273553.086004913 226825.0795803219),6210.0,0.0,Clear or Partly Cloudy
171664,218806,219106,3735566,Matched,Block,,SEWARD PARK AVE S BETWEEN S HENDERSON ST AND S FISHER PL,,,2,Injury Collision,Cycles,2,0,1,1,1,0,0,2016-05-04T00:00:00.000Z,5/4/2016 6:09:00 PM,Mid-Block (not related to intersection),21,"MOTOR VEHICLE STRUCK PEDALCYCLIST, REAR END",,N,Clear or Partly Cloudy,Dry,Daylight,,,,45.0,Vehicle - Pedalcyclist,37765,0,N,POINT (1286820.295874506 193847.6806345582),3762.0,3.3133691889455005e-06,Clear or Partly Cloudy
171667,218094,218394,3579203,Matched,Intersection,24573.0,LATONA AVE NE AND EAST GREEN LAKE DR N,,,2,Injury Collision,Cycles,2,0,1,1,1,0,0,2016-04-22T00:00:00.000Z,4/22/2016 8:35:00 AM,At Intersection (intersection related),18,"MOTOR VEHICLE STRUCK PEDALCYCLIST, FRONT END AT ANGLE",,N,Clear or Partly Cloudy,Dry,Daylight,Y,,,45.0,Vehicle - Pedalcyclist,7307,0,N,POINT (1272386.552627727 252220.6916383356),17956.0,0.0,Clear or Partly Cloudy
171763,217079,217359,E530334,Matched,Block,,S ORCAS ST BETWEEN M L KING JR WR WAY S AND M L KING JR ER WAY S,NEI,"Not Enough Information, or Insufficient Location Information",2,Injury Collision,Cycles,3,0,1,1,1,0,0,2016-03-31T00:00:00.000Z,3/31/2016 7:00:00 PM,,0,NOT ENOUGH INFORMATION / NOT APPLICABLE,,N,Clear or Partly Cloudy,Dry,Daylight,,,,45.0,Vehicle - Pedalcyclist,0,524997,N,POINT (1281210.137916759 204469.7475254387),11627.0,6.810482685451022e-06,Clear or Partly Cloudy
171766,217078,217358,E530331,Matched,Intersection,37461.0,DAYTON AVE N AND N 85TH ST,NEI,"Not Enough Information, or Insufficient Location Information",2,Injury Collision,Cycles,1,0,1,1,1,0,0,2016-02-26T00:00:00.000Z,2/26/2016 12:07:00 PM,At Intersection (intersection related),0,NOT ENOUGH INFORMATION / NOT APPLICABLE,,N,Clear or Partly Cloudy,Dry,Daylight,,,,45.0,Vehicle - Pedalcyclist,0,0,N,POINT (1266265.938477457 255598.1587777883),3466.0,0.0,Clear or Partly Cloudy
171823,217342,217622,3704343,Matched,Block,,BELMONT AVE E BETWEEN BELLEVUE PL E AND BELLEVUE CT E,,,2b,Serious Injury Collision,Cycles,2,0,1,1,1,1,0,2016-04-12T00:00:00.000Z,4/12/2016 10:00:00 PM,Mid-Block (not related to intersection),21,"MOTOR VEHICLE STRUCK PEDALCYCLIST, REAR END",,N,Raining,Wet,Dark - Street Lights On,,,,45.0,Vehicle - Pedalcyclist,36177,0,N,POINT (1272298.413747624 232457.9114580899),11902.0,1.0266232789441442e-08,Raining
171862,219406,219689,E536201,Matched,Intersection,36379.0,GREENWOOD AVE N AND N 117TH ST,,,2,Injury Collision,Cycles,0,0,1,1,1,0,0,2016-04-21T00:00:00.000Z,4/21/2016 12:45:00 PM,At Intersection (intersection related),18,"MOTOR VEHICLE STRUCK PEDALCYCLIST, FRONT END AT ANGLE",,N,Clear or Partly Cloudy,Dry,Daylight,,,,45.0,Vehicle - Pedalcyclist,0,0,N,POINT (1265718.412588894 264208.8263066113),1198.0,0.0,Clear or Partly Cloudy
171953,218855,219155,3704471,Matched,Block,,12TH AVE BETWEEN E CHERRY ST AND E COLUMBIA ST,,,2,Injury Collision,Cycles,2,0,1,1,1,0,0,2016-05-06T00:00:00.000Z,5/6/2016 3:59:00 PM,Mid-Block (not related to intersection),23,"MOTOR VEHICLE STRUCK PEDALCYCLIST, LEFT SIDE SIDESWIPE",,N,Clear or Partly Cloudy,Dry,Daylight,Y,,,45.0,Vehicle - Pedalcyclist,10685,0,N,POINT (1274510.530229896 225541.1101710051),5015.0,0.0,Clear or Partly Cloudy
171955,215690,215950,3791585,Matched,Intersection,29865.0,BOREN AVE AND OLIVE WAY,,,2,Injury Collision,Cycles,2,0,1,1,1,0,0,2016-03-08T00:00:00.000Z,3/8/2016 7:40:00 AM,At Intersection (intersection related),54,PEDALCYCLIST STRUCK MOTOR VEHICLE REAR END,,N,Clear or Partly Cloudy,Dry,Daylight,,,,45.0,Vehicle - Pedalcyclist,24933,0,N,POINT (1271118.433586419 228090.2473256141),640.0,0.0,Clear or Partly Cloudy
171974,218498,218798,3787409,Matched,Intersection,27042.0,BURKE GILMAN TRL AND N NORTHLAKE WAY,,,2b,Serious Injury Collision,Cycles,2,0,1,1,1,1,0,2016-03-30T00:00:00.000Z,3/30/2016 5:33:00 PM,At Intersection (intersection related),18,"MOTOR VEHICLE STRUCK PEDALCYCLIST, FRONT END AT ANGLE",,N,Clear or Partly Cloudy,Dry,Daylight,Y,,,45.0,Vehicle - Pedalcyclist,0,642417,N,POINT (1267304.513582513 240244.3539620638),15602.0,0.0,Clear or Partly Cloudy
171987,219171,219471,3767438,Matched,Intersection,37185.0,1ST AVE NW AND NW 85TH ST,,,1,Property Damage Only Collision,Cycles,3,0,1,1,0,0,0,2016-05-03T00:00:00.000Z,5/3/2016 8:50:00 PM,At Intersection (intersection related),11,"MOTOR VEHICLE STRUCK MOTOR VEHICLE, FRONT END AT ANGLE",Y,N,Clear or Partly Cloudy,Dry,Dark - Street Lights On,,,,45.0,Vehicle - Pedalcyclist,0,0,N,POINT (1264941.290540099 255632.8449858278),9078.0,0.0,Clear or Partly Cloudy
171995,218857,219157,3704472,Matched,Block,,12TH AVE BETWEEN E PINE ST AND E OLIVE ST,,,2,Injury Collision,Cycles,2,0,1,1,1,0,0,2016-05-07T00:00:00.000Z,5/7/2016 6:27:00 PM,Mid-Block (not related to intersection),18,"MOTOR VEHICLE STRUCK PEDALCYCLIST, FRONT END AT ANGLE",,N,Clear or Partly Cloudy,Dry,Daylight,Y,,,45.0,Vehicle - Pedalcyclist,10828,0,N,POINT (1274540.579381928 228168.7906216979),17640.0,4.098961907367108e-06,Clear or Partly Cloudy
172025,215883,216143,E523877,Matched,Intersection,28376.0,24TH AVE E AND E INTERLAKEN BLVD,NEI,"Not Enough Information, or Insufficient Location Information",2,Injury Collision,Cycles,2,0,1,1,1,0,0,2016-02-25T00:00:00.000Z,2/25/2016 5:45:00 PM,At Intersection (intersection related),0,NOT ENOUGH INFORMATION / NOT APPLICABLE,,N,Clear or Partly Cloudy,Dry,Dark - Street Lights On,,,,45.0,Vehicle - Pedalcyclist,0,0,N,POINT (1278440.671289921 234925.9705966264),8983.0,0.0,Clear or Partly Cloudy
172197,217922,218202,3704363,Matched,Block,,12TH AVE BETWEEN E COLUMBIA ST AND E MARION ST,,,2,Injury Collision,Cycles,2,0,1,1,1,0,0,2016-04-20T00:00:00.000Z,4/20/2016 8:24:00 AM,Mid-Block (not related to intersection),16,"MOTOR VEHICLE STRUCK MOTOR VEHICLE, LEFT SIDE SIDESWIPE",Y,N,Clear or Partly Cloudy,Dry,Daylight,,,,45.0,Vehicle - Pedalcyclist,10714,0,Y,POINT (1274518.8026779 225966.6191634387),8407.0,5.730560052789369e-06,Clear or Partly Cloudy
172305,220881,221161,E537581,Matched,Intersection,30495.0,5TH AVE S AND S WASHINGTON ST,,,2,Injury Collision,Cycles,0,0,1,1,1,0,0,2016-04-14T00:00:00.000Z,4/14/2016 6:46:00 AM,At Intersection (intersection related),11,"MOTOR VEHICLE STRUCK MOTOR VEHICLE, FRONT END AT ANGLE",,N,Clear or Partly Cloudy,Dry,Daylight,,,,45.0,Vehicle - Pedalcyclist,36013,0,N,POINT (1271772.240947098 222759.5736561567),5902.0,0.0,Clear or Partly Cloudy
172317,220882,221162,E537582,Matched,Intersection,36499.0,5TH AVE NE AND NE NORTHGATE WAY,,,2,Injury Collision,Cycles,0,0,1,1,1,0,0,2016-04-15T00:00:00.000Z,4/15/2016 12:50:00 PM,At Intersection (intersection related),18,"MOTOR VEHICLE STRUCK PEDALCYCLIST, FRONT END AT ANGLE",,N,Clear or Partly Cloudy,Dry,Daylight,,,,45.0,Vehicle - Pedalcyclist,0,522140,N,POINT (1273614.379572973 262024.0936323702),4279.0,0.0,Clear or Partly Cloudy
172324,221537,221817,E551696,Matched,Block,,GILMAN AVE W BETWEEN 26TH AVE W AND 27TH AVE W,NEI,"Not Enough Information, or Insufficient Location Information",2,Injury Collision,Cycles,1,0,1,1,1,0,0,2016-06-09T00:00:00.000Z,6/9/2016 11:05:00 AM,,0,NOT ENOUGH INFORMATION / NOT APPLICABLE,,N,Clear or Partly Cloudy,Dry,Daylight,,,,45.0,Vehicle - Pedalcyclist,15474,0,N,POINT (1256718.098467678 244273.0804301947),23077.0,5.3694881526646306e-06,Clear or Partly Cloudy
172344,221946,222226,E553451,Matched,Intersection,25588.0,PHINNEY AVE N AND N 63RD ST,,,2,Injury Collision,Cycles,1,0,1,1,1,0,0,2016-06-08T00:00:00.000Z,6/8/2016 5:17:00 PM,At Intersection (intersection related),18,"MOTOR VEHICLE STRUCK PEDALCYCLIST, FRONT END AT ANGLE",,N,Clear or Partly Cloudy,Dry,Daylight,,,,45.0,Vehicle - Pedalcyclist,3858,0,N,POINT (1265717.072684899 249765.4345478117),888.0,0.0,Clear or Partly Cloudy
172415,219876,220156,E543534,Matched,Intersection,24268.0,GREENWOOD AVE N AND N 83RD ST,,,2,Injury Collision,Cycles,0,0,1,1,2,0,0,2016-05-04T00:00:00.000Z,5/4/2016 8:25:00 AM,At Intersection (intersection related),18,"MOTOR VEHICLE STRUCK PEDALCYCLIST, FRONT END AT ANGLE",,N,Overcast,Wet,Daylight,,,,45.0,Vehicle - Pedalcyclist,0,0,N,POINT (1265590.642732769 255073.8628412485),752.0,0.0,Overcast
172452,221334,221614,3767398,Matched,Intersection,25183.0,17TH AVE NW AND SHILSHOLE AVE NW,,,2,Injury Collision,Cycles,2,0,1,1,1,0,0,2016-06-07T00:00:00.000Z,6/7/2016 5:10:00 PM,At Intersection (intersection related),18,"MOTOR VEHICLE STRUCK PEDALCYCLIST, FRONT END AT ANGLE",,N,Clear or Partly Cloudy,Dry,Daylight,,,,45.0,Vehicle - Pedalcyclist,0,0,N,POINT (1259585.191718608 245443.7103833854),16108.0,0.0,Clear or Partly Cloudy
172461,221328,221608,3789150,Matched,Intersection,30357.0,1ST AVE AND YESLER WAY,,,2,Injury Collision,Cycles,2,0,1,1,1,0,0,2016-05-20T00:00:00.000Z,5/20/2016 11:42:00 AM,At Intersection (intersection related),51,PEDALCYCLIST STRUCK MOTOR VEHICLE FRONT END AT ANGLE,Y,N,Clear or Partly Cloudy,Dry,Daylight,,,,45.0,Vehicle - Pedalcyclist,36174,0,N,POINT (1270170.302001446 223100.4990965128),1054.0,0.0,Clear or Partly Cloudy
172493,222385,222665,E556327,Matched,Intersection,28391.0,MONTLAKE BLVD E AND EAST MONTLAKE PL E,,,2,Injury Collision,Cycles,2,0,1,1,1,0,0,2016-06-11T00:00:00.000Z,6/11/2016 6:37:00 PM,At Intersection (intersection related),18,"MOTOR VEHICLE STRUCK PEDALCYCLIST, FRONT END AT ANGLE",,N,Clear or Partly Cloudy,Dry,Daylight,Y,,,45.0,Vehicle - Pedalcyclist,0,523787,N,POINT (1277884.579897344 238361.7099921405),12025.0,0.0,Clear or Partly Cloudy
172525,219906,220186,E543843,Matched,Intersection,30379.0,ALASKAN WAY AND MARION ST,,,2,Injury Collision,Cycles,2,0,1,1,1,0,0,2016-05-13T00:00:00.000Z,5/13/2016 3:06:00 PM,At Intersection (intersection related),18,"MOTOR VEHICLE STRUCK PEDALCYCLIST, FRONT END AT ANGLE",Y,N,Clear or Partly Cloudy,Dry,Daylight,,,,45.0,Vehicle - Pedalcyclist,38505,0,N,POINT (1269289.658672556 223605.9344890267),598.0,0.0,Clear or Partly Cloudy
172577,220630,220910,3740264,Matched,Intersection,29911.0,7TH AVE AND UNION ST,,,2,Injury Collision,Cycles,2,0,1,1,1,0,0,2016-05-25T00:00:00.000Z,5/25/2016 1:12:00 PM,At Intersection (intersection related),18,"MOTOR VEHICLE STRUCK PEDALCYCLIST, FRONT END AT ANGLE",Y,N,Clear or Partly Cloudy,Dry,Daylight,,,,45.0,Vehicle - Pedalcyclist,0,522050,N,POINT (1270660.664369956 226334.9807638228),4931.0,0.0,Clear or Partly Cloudy
172583,220120,220400,3593612,Matched,Block,,E DENNY WAY BETWEEN SUMMIT AVE AND BELMONT AVE E,,,2,Injury Collision,Cycles,2,0,1,1,1,0,0,2016-05-20T00:00:00.000Z,5/20/2016 2:42:00 PM,Mid-Block (not related to intersection),18,"MOTOR VEHICLE STRUCK PEDALCYCLIST, FRONT END AT ANGLE",,N,Clear or Partly Cloudy,Dry,Daylight,,,,45.0,Vehicle - Pedalcyclist,35189,0,N,POINT (1272640.278835982 229168.2552627176),1074.0,7.448381777579447e-09,Clear or Partly Cloudy
172586,220118,220398,E542392,Matched,Intersection,30374.0,ALASKAN E RDWY WAY S AND S WASHINGTON ST,NEI,"Not Enough Information, or Insufficient Location Information",2,Injury Collision,Cycles,3,0,1,1,1,0,0,2016-05-04T00:00:00.000Z,5/4/2016 8:30:00 AM,At Intersection (intersection related),18,"MOTOR VEHICLE STRUCK PEDALCYCLIST, FRONT END AT ANGLE",,N,Clear or Partly Cloudy,Dry,Daylight,,,,45.0,Vehicle - Pedalcyclist,0,522619,N,POINT (1269832.008497104 222801.9324402064),1910.0,0.0,Clear or Partly Cloudy
172600,222155,222435,3767458,Matched,Block,,LAKE CITY WAY NE BETWEEN NE 120TH ST AND 30TH S AVE NE,,,2,Injury Collision,Cycles,2,0,1,1,1,0,0,2016-06-20T00:00:00.000Z,6/20/2016 11:58:00 AM,Mid-Block (not related to intersection),18,"MOTOR VEHICLE STRUCK PEDALCYCLIST, FRONT END AT ANGLE",,N,Overcast,Dry,Daylight,Y,,,45.0,Vehicle - Pedalcyclist,0,0,N,POINT (1280128.439035654 264690.1599390954),3609.0,3.646036749538422e-05,Overcast
172640,222602,222882,3704639,Matched,Intersection,28869.0,3RD AVE N AND ALOHA ST,,,1,Property Damage Only Collision,Cycles,2,0,1,1,0,0,0,2016-06-29T00:00:00.000Z,6/29/2016 9:23:00 PM,At Intersection (intersection related),18,"MOTOR VEHICLE STRUCK PEDALCYCLIST, FRONT END AT ANGLE",,N,Clear or Partly Cloudy,Dry,Daylight,,,,45.0,Vehicle - Pedalcyclist,0,0,N,POINT (1266089.180717275 232466.141346097),2716.0,0.0,Clear or Partly Cloudy
172678,219679,219959,E542862,Matched,Block,,NE 50TH ST BETWEEN 7TH AVE NE AND 8TH AVE NE,,,2,Injury Collision,Cycles,1,0,1,1,1,0,0,2016-05-10T00:00:00.000Z,5/10/2016 11:42:00 PM,Mid-Block (not related to intersection),11,"MOTOR VEHICLE STRUCK MOTOR VEHICLE, FRONT END AT ANGLE",,N,Clear or Partly Cloudy,Dry,Dark - Street Lights On,,,,45.0,Vehicle - Pedalcyclist,0,0,N,POINT (1274082.502133459 246093.6582240611),7252.0,1.877971349884407e-05,Clear or Partly Cloudy
172697,220635,220915,E549630,Matched,Intersection,28695.0,ELLIOTT AVE W AND W PROSPECT ST,,,2,Injury Collision,Cycles,1,0,1,1,1,0,0,2016-05-31T00:00:00.000Z,5/31/2016 8:12:00 AM,At Intersection (intersection related),18,"MOTOR VEHICLE STRUCK PEDALCYCLIST, FRONT END AT ANGLE",,N,Clear or Partly Cloudy,Dry,Daylight,,,,45.0,Vehicle - Pedalcyclist,19263,0,N,POINT (1261283.026984349 233077.8771547228),709.0,0.0,Clear or Partly Cloudy