OBJECTID,INCKEY,COLDETKEY,REPORTNO,STATUS,ADDRTYPE,INTKEY,LOCATION,EXCEPTRSNC,EXCEPTRSND,SEVERITYCO,SEVERITYDE,COLLISIONT,PERSONCOUN,PEDCOUNT,PEDCYLCOUN,VEHCOUNT,INJURIES,SERIOUSINJ,FATALITIES,INCDATE,INCDTTM,JUNCTIONTY,SDOT_COLCO,SDOT_COLDE,INATTENTIO,UNDERINFL,WEATHER,ROADCOND,LIGHTCOND,PEDROWNOTG,SDOTCOLNUM,SPEEDING,ST_COLCODE,ST_COLDESC,SEGLANEKEY,CROSSWALKK,HITPARKEDC,geometry,near_str_index,min_length,weather_group
172699,221161,221441,3735153,Matched,Block,,S HOLGATE ST BETWEEN 5TH AVE S AND 6TH AVE S,,,2,Injury Collision,Cycles,2,0,1,1,1,0,0,2016-06-01T00:00:00.000Z,6/1/2016 8:08:00 AM,Mid-Block (not related to intersection),14,"MOTOR VEHICLE STRUCK MOTOR VEHICLE, REAR END",,N,Clear or Partly Cloudy,Dry,Daylight,,,,45.0,Vehicle - Pedalcyclist,20688,0,N,POINT (1271890.214387208 217394.8717626631),9989.0,2.8622270106462538e-05,Clear or Partly Cloudy
172777,222611,222891,3769861,Matched,Block,,ROOSEVELT WAY NE BETWEEN NE 86TH ST AND NE 88TH ST,,,2,Injury Collision,Cycles,2,0,1,1,2,0,0,2016-06-29T00:00:00.000Z,6/29/2016 4:38:00 PM,Driveway Junction,18,"MOTOR VEHICLE STRUCK PEDALCYCLIST, FRONT END AT ANGLE",,N,Clear or Partly Cloudy,Dry,Daylight,,,,45.0,Vehicle - Pedalcyclist,7507,0,N,POINT (1274890.431542292 255848.1359300464),21602.0,1.4515996637062769e-05,Clear or Partly Cloudy
172850,221169,221449,3737696,Matched,Block,,6TH AVE NE BETWEEN NE NORTHLAKE WAY AND NE 40TH ST,,,2b,Serious Injury Collision,Cycles,2,0,1,1,1,1,0,2016-06-02T00:00:00.000Z,6/2/2016 7:06:00 PM,Mid-Block (not related to intersection),18,"MOTOR VEHICLE STRUCK PEDALCYCLIST, FRONT END AT ANGLE",Y,N,Clear or Partly Cloudy,Dry,Daylight,,,,45.0,Vehicle - Pedalcyclist,20185,0,N,POINT (1273376.370420739 242474.3537723422),23410.0,2.8158766613250145e-05,Clear or Partly Cloudy
172930,223135,223415,3580894,Matched,Block,,ALASKAN WAY BETWEEN MADISON ST AND SPRING ST,,,2,Injury Collision,Cycles,3,0,1,1,1,0,0,2016-07-09T00:00:00.000Z,7/9/2016 1:58:00 PM,Mid-Block (not related to intersection),56,PEDALCYCLIST STRUCK MOTOR VEHICLE LEFT SIDE SIDESWIPE,,N,Clear or Partly Cloudy,Dry,Daylight,,,,45.0,Vehicle - Pedalcyclist,38883,0,N,POINT (1269058.072880313 224002.2717694342),23457.0,0.0,Clear or Partly Cloudy
172969,219955,220235,3780492,Matched,Intersection,35090.0,14TH AVE S AND DALLAS AVE S,,,2,Injury Collision,Cycles,2,0,1,1,1,0,0,2016-05-18T00:00:00.000Z,5/18/2016 5:06:00 PM,At Intersection (intersection related),51,PEDALCYCLIST STRUCK MOTOR VEHICLE FRONT END AT ANGLE,,N,Clear or Partly Cloudy,Dry,Daylight,,,,45.0,Vehicle - Pedalcyclist,24202,0,N,POINT (1274399.109685779 195892.3239646554),681.0,0.0,Clear or Partly Cloudy
172988,219720,220000,E538610,Matched,Block,,25TH AVE NE BETWEEN NE 120TH ST AND NE 123RD ST,,,2,Injury Collision,Cycles,0,0,1,1,1,0,0,2016-04-29T00:00:00.000Z,4/29/2016 11:25:00 AM,Mid-Block (not related to intersection),18,"MOTOR VEHICLE STRUCK PEDALCYCLIST, FRONT END AT ANGLE",,N,Overcast,Dry,Daylight,,,,45.0,Vehicle - Pedalcyclist,0,0,N,POINT (1278951.630970448 264840.976323247),11725.0,2.321115524947768e-05,Overcast
172990,221179,221459,3767394,Matched,Block,,UNIVERSITY WAY NE BETWEEN NE 47TH ST AND NE 50TH ST,,,2,Injury Collision,Cycles,2,0,1,1,1,0,0,2016-06-02T00:00:00.000Z,6/2/2016 9:00:00 AM,Mid-Block (not related to intersection),23,"MOTOR VEHICLE STRUCK PEDALCYCLIST, LEFT SIDE SIDESWIPE",,N,Overcast,Dry,Daylight,,,,45.0,Vehicle - Pedalcyclist,5632,0,N,POINT (1275809.299383223 245710.9149916619),999.0,0.0,Overcast
173029,222446,222726,3785079,Matched,Block,,STEWART ST BETWEEN 3RD AVE AND 4TH AVE,,,2,Injury Collision,Cycles,2,0,1,1,1,0,0,2016-06-08T00:00:00.000Z,6/8/2016 2:19:00 PM,Mid-Block (but intersection related),18,"MOTOR VEHICLE STRUCK PEDALCYCLIST, FRONT END AT ANGLE",,N,Clear or Partly Cloudy,Dry,Daylight,,,,45.0,Vehicle - Pedalcyclist,13616,0,N,POINT (1269013.793776274 226858.3207963556),6679.0,1.311544273109e-05,Clear or Partly Cloudy
173030,222445,222725,3782674,Matched,Block,,50TH AVE S BETWEEN S OREGON ST AND S SNOQUALMIE ST,,,2,Injury Collision,Cycles,3,1,1,1,2,0,0,2016-06-24T00:00:00.000Z,6/24/2016 12:54:00 PM,Mid-Block (not related to intersection),64,PEDALCYCLIST STRUCK PEDESTRIAN,,N,Clear or Partly Cloudy,Dry,Daylight,Y,,,45.0,Vehicle - Pedalcyclist,8150,0,N,POINT (1285556.035777211 208442.7383134961),3134.0,7.449808201317863e-09,Clear or Partly Cloudy
173055,222221,222501,3782782,Matched,Block,,S OTHELLO ST BETWEEN 38TH AVE S AND 39TH AVE S,,,2,Injury Collision,Cycles,2,0,1,1,1,0,0,2016-06-20T00:00:00.000Z,6/20/2016 9:02:00 PM,Mid-Block (not related to intersection),21,"MOTOR VEHICLE STRUCK PEDALCYCLIST, REAR END",,N,Clear or Partly Cloudy,Dry,Dusk,,,Y,45.0,Vehicle - Pedalcyclist,24182,0,N,POINT (1282089.962813661 199273.7552641183),16486.0,0.0,Clear or Partly Cloudy
173066,223157,223437,3585038,Matched,Block,,DENNY WAY BETWEEN DEXTER AVE AND 8TH AVE,,,1,Property Damage Only Collision,Cycles,3,0,1,1,0,0,0,2016-07-10T00:00:00.000Z,7/10/2016 6:04:00 PM,Mid-Block (but intersection related),54,PEDALCYCLIST STRUCK MOTOR VEHICLE REAR END,,N,Clear or Partly Cloudy,Dry,Daylight,,,,45.0,Vehicle - Pedalcyclist,23479,0,N,POINT (1268389.231343627 229274.0702388287),6287.0,1.5986075242278146e-05,Clear or Partly Cloudy
173112,220158,220438,3737117,Matched,Intersection,26944.0,WHITMAN AVE N AND N 43RD ST,,,2,Injury Collision,Cycles,2,0,1,1,1,0,0,2016-05-23T00:00:00.000Z,5/23/2016 5:43:00 PM,At Intersection (intersection related),18,"MOTOR VEHICLE STRUCK PEDALCYCLIST, FRONT END AT ANGLE",Y,Y,Clear or Partly Cloudy,Dry,Daylight,,,,45.0,Vehicle - Pedalcyclist,0,0,N,POINT (1267759.403566986 244255.7789901793),3833.0,0.0,Clear or Partly Cloudy
173148,222016,222296,3739182,Matched,Block,,5TH AVE BETWEEN MADISON ST AND SPRING ST,,,2,Injury Collision,Cycles,2,1,1,0,1,0,0,2016-06-16T00:00:00.000Z,6/16/2016 12:45:00 PM,Mid-Block (not related to intersection),24,MOTOR VEHCILE STRUCK PEDESTRIAN,,N,Clear or Partly Cloudy,Dry,Daylight,,,,45.0,Vehicle - Pedalcyclist,0,0,N,POINT (1270714.019122005 224981.9425544292),481.0,1.7547160775375882e-05,Clear or Partly Cloudy
173155,221196,221476,3785027,Matched,Block,,EASTLAKE AVE E BETWEEN E HAMLIN ST AND E SHELBY ST,,,2,Injury Collision,Cycles,2,0,1,1,1,0,0,2016-06-03T00:00:00.000Z,6/3/2016 6:24:00 AM,Mid-Block (not related to intersection),14,"MOTOR VEHICLE STRUCK MOTOR VEHICLE, REAR END",,N,Clear or Partly Cloudy,Dry,Dawn,,,,45.0,Vehicle - Pedalcyclist,24679,0,N,POINT (1272702.002292037 239389.2466971874),17015.0,1.5392845377242473e-05,Clear or Partly Cloudy
173157,221195,221475,3785011,Matched,Block,,DEXTER AVE N BETWEEN WARD ST AND PROSPECT ST,,,2,Injury Collision,Cycles,2,0,1,1,1,0,0,2016-06-03T00:00:00.000Z,6/3/2016 7:28:00 AM,Mid-Block (not related to intersection),11,"MOTOR VEHICLE STRUCK MOTOR VEHICLE, FRONT END AT ANGLE",Y,N,Clear or Partly Cloudy,Dry,Daylight,,,,45.0,Vehicle - Pedalcyclist,12788,0,N,,,,Clear or Partly Cloudy
173158,222009,222289,3737698,Matched,Block,,NE 45TH ST BETWEEN 4TH AVE NE AND 5TH AVE NE,,,2,Injury Collision,Cycles,3,0,1,1,1,0,0,2016-06-17T00:00:00.000Z,6/17/2016 1:04:00 PM,Mid-Block (not related to intersection),14,"MOTOR VEHICLE STRUCK MOTOR VEHICLE, REAR END",,N,Overcast,Dry,Daylight,,,,45.0,Vehicle - Pedalcyclist,6560,0,N,POINT (1273225.731572583 244790.2364627272),1399.0,2.649719893853119e-05,Overcast
173184,223163,223443,3704816,Matched,Intersection,29600.0,2ND AVE AND UNION ST,,,2,Injury Collision,Cycles,2,1,1,0,2,0,0,2016-07-11T00:00:00.000Z,7/11/2016 5:16:00 PM,At Intersection (intersection related),64,PEDALCYCLIST STRUCK PEDESTRIAN,,N,Clear or Partly Cloudy,Dry,Daylight,Y,,,45.0,Vehicle - Pedalcyclist,42160,520997,N,POINT (1269275.709488541 225514.8709389865),135.0,0.0,Clear or Partly Cloudy
173191,223168,223448,3704817,Matched,Block,,12TH AVE BETWEEN E OLIVE ST AND E HOWELL ST,,,2b,Serious Injury Collision,Cycles,2,0,1,1,1,1,0,2016-07-11T00:00:00.000Z,7/11/2016 7:15:00 PM,Mid-Block (not related to intersection),18,"MOTOR VEHICLE STRUCK PEDALCYCLIST, FRONT END AT ANGLE",,N,Clear or Partly Cloudy,Dry,Daylight,,,,45.0,Vehicle - Pedalcyclist,10849,0,N,POINT (1274544.213621929 228594.9669421315),5017.0,1.3053257312982895e-06,Clear or Partly Cloudy
173207,222642,222922,3332598,Matched,Block,,E THOMAS ST BETWEEN 14TH W AVE E AND 14TH E AVE E,,,2,Injury Collision,Cycles,2,0,1,1,1,0,0,2016-05-13T00:00:00.000Z,5/13/2016 6:50:00 AM,Mid-Block (not related to intersection),18,"MOTOR VEHICLE STRUCK PEDALCYCLIST, FRONT END AT ANGLE",,N,Clear or Partly Cloudy,Dry,Daylight,,,,45.0,Vehicle - Pedalcyclist,0,0,N,POINT (1275157.225398555 230081.3190716654),13851.0,7.882557262542223e-06,Clear or Partly Cloudy
173208,222640,222920,3206249,Matched,Intersection,24669.0,25TH AVE NE AND NE 70TH ST,,,2,Injury Collision,Cycles,2,0,1,1,1,0,0,2016-05-11T00:00:00.000Z,5/11/2016 1:05:00 PM,At Intersection (intersection related),18,"MOTOR VEHICLE STRUCK PEDALCYCLIST, FRONT END AT ANGLE",,N,Clear or Partly Cloudy,Dry,Daylight,,,,45.0,Vehicle - Pedalcyclist,0,0,N,POINT (1278977.390650466 251273.3306133598),211.0,0.0,Clear or Partly Cloudy
173232,220165,220445,3737975,Matched,Intersection,35529.0,LAKE WASHINGTON BLVD S AND S DEARBORN ST,,,2,Injury Collision,Cycles,2,0,1,1,1,0,0,2016-05-21T00:00:00.000Z,5/21/2016 3:19:00 PM,At Intersection (intersection related),18,"MOTOR VEHICLE STRUCK PEDALCYCLIST, FRONT END AT ANGLE",,N,Clear or Partly Cloudy,Dry,Daylight,Y,,,45.0,Vehicle - Pedalcyclist,41004,0,N,POINT (1281263.886908814 220708.0626140535),6455.0,0.0,Clear or Partly Cloudy
173254,221435,221715,3737600,Matched,Intersection,26186.0,38TH AVE NE AND NE 62ND ST,,,2,Injury Collision,Cycles,2,0,1,1,1,0,0,2016-06-12T00:00:00.000Z,6/12/2016 11:26:00 AM,At Intersection (intersection related),51,PEDALCYCLIST STRUCK MOTOR VEHICLE FRONT END AT ANGLE,Y,N,Clear or Partly Cloudy,Dry,Daylight,,,,45.0,Vehicle - Pedalcyclist,0,0,N,POINT (1282325.657917902 249226.8563712686),5676.0,0.0,Clear or Partly Cloudy
173298,221702,221982,E552808,Matched,Intersection,29593.0,1ST AVE AND PIKE ST,,,2,Injury Collision,Cycles,1,0,1,1,1,0,0,2016-06-08T00:00:00.000Z,6/8/2016 7:22:00 AM,At Intersection (intersection related),18,"MOTOR VEHICLE STRUCK PEDALCYCLIST, FRONT END AT ANGLE",,N,Clear or Partly Cloudy,Dry,Daylight,,,,45.0,Vehicle - Pedalcyclist,36657,0,N,POINT (1268781.771056026 225717.4590991884),1.0,0.0,Clear or Partly Cloudy
173320,221438,221718,3740089,Matched,Intersection,29865.0,BOREN AVE AND OLIVE WAY,,,2,Injury Collision,Cycles,3,0,1,1,1,0,0,2016-06-10T00:00:00.000Z,6/10/2016 11:18:00 PM,At Intersection (intersection related),18,"MOTOR VEHICLE STRUCK PEDALCYCLIST, FRONT END AT ANGLE",,N,Clear or Partly Cloudy,Dry,Dark - Street Lights On,,,,45.0,Vehicle - Pedalcyclist,0,523742,N,POINT (1271118.433586419 228090.2473256141),640.0,0.0,Clear or Partly Cloudy
173349,219762,220042,E540028,Matched,Intersection,29761.0,12TH AVE AND E MADISON ST,,,2,Injury Collision,Cycles,0,0,1,1,1,0,0,2016-04-29T00:00:00.000Z,4/29/2016 3:12:00 PM,At Intersection (intersection related),18,"MOTOR VEHICLE STRUCK PEDALCYCLIST, FRONT END AT ANGLE",,N,Clear or Partly Cloudy,Dry,Daylight,,,,45.0,Vehicle - Pedalcyclist,10769,0,N,POINT (1274551.867445946 227089.5945245922),39.0,0.0,Clear or Partly Cloudy
173381,219767,220047,E540593,Matched,Block,,E YESLER WAY BETWEEN 21ST AVE AND 22ND AVE,,,2,Injury Collision,Cycles,0,0,1,1,1,0,0,2016-04-20T00:00:00.000Z,4/20/2016 5:23:00 PM,Mid-Block (not related to intersection),18,"MOTOR VEHICLE STRUCK PEDALCYCLIST, FRONT END AT ANGLE",,N,Clear or Partly Cloudy,Dry,Daylight,,,,45.0,Vehicle - Pedalcyclist,10042,0,N,POINT (1277517.273656979 222939.6774643511),10456.0,1.6168988640402826e-10,Clear or Partly Cloudy
173414,221710,221990,E552814,Matched,Block,,PHINNEY AVE N BETWEEN N 44TH ST AND N 45TH ST,,,2,Injury Collision,Cycles,2,0,1,1,1,0,0,2016-06-10T00:00:00.000Z,6/10/2016 10:45:00 AM,Mid-Block (not related to intersection),18,"MOTOR VEHICLE STRUCK PEDALCYCLIST, FRONT END AT ANGLE",,N,Clear or Partly Cloudy,Dry,Daylight,,,,45.0,Vehicle - Pedalcyclist,0,0,N,POINT (1265614.35390079 244747.2892626822),11146.0,1.6359865181739165e-05,Clear or Partly Cloudy
173437,221441,221721,3769802,Matched,Intersection,25708.0,NE RAVENNA BV OFF RP AND NE RAVENNA EB BV,,,2,Injury Collision,Cycles,2,0,1,1,1,0,0,2016-06-09T00:00:00.000Z,6/9/2016 8:41:00 AM,At Intersection (intersection related),18,"MOTOR VEHICLE STRUCK PEDALCYCLIST, FRONT END AT ANGLE",,N,Clear or Partly Cloudy,Dry,Daylight,,,,45.0,Vehicle - Pedalcyclist,42634,0,N,POINT (1274157.859893531 249160.3508991897),1536.0,0.0,Clear or Partly Cloudy
173447,221214,221494,3704585,Matched,Intersection,30781.0,RAINIER AVE S AND S DEARBORN ST,,,2,Injury Collision,Cycles,2,0,1,1,1,0,0,2016-06-03T00:00:00.000Z,6/3/2016 5:45:00 PM,At Intersection (intersection related),51,PEDALCYCLIST STRUCK MOTOR VEHICLE FRONT END AT ANGLE,Y,N,Clear or Partly Cloudy,Dry,Daylight,,,,45.0,Vehicle - Pedalcyclist,0,522981,N,POINT (1275715.957815126 220859.434902221),908.0,0.0,Clear or Partly Cloudy
173491,222662,222942,3572834,Matched,Intersection,26886.0,STONE WAY N AND N 36TH ST,,,2,Injury Collision,Cycles,2,0,1,1,1,0,0,2016-06-28T00:00:00.000Z,6/28/2016 5:45:00 PM,At Intersection (intersection related),51,PEDALCYCLIST STRUCK MOTOR VEHICLE FRONT END AT ANGLE,,N,Clear or Partly Cloudy,Dry,Daylight,,,,45.0,Vehicle - Pedalcyclist,6292,0,N,POINT (1268422.925103664 240942.7122347802),1227.0,0.0,Clear or Partly Cloudy
173539,221021,221301,E549696,Matched,Block,,N NORTHGATE WAY BETWEEN AURORA AVE N AND MIDVALE AVE N,,,2,Injury Collision,Cycles,4,0,1,2,1,0,0,2016-05-21T00:00:00.000Z,5/21/2016 7:16:00 PM,Mid-Block (but intersection related),51,PEDALCYCLIST STRUCK MOTOR VEHICLE FRONT END AT ANGLE,,N,Raining,Wet,Daylight,,,,45.0,Vehicle - Pedalcyclist,18899,0,N,POINT (1268484.202351719 260831.2072311491),19130.0,8.272757644620903e-06,Raining
173540,221219,221499,3704592,Matched,Intersection,29165.0,MELROSE AVE AND E DENNY WAY,,,2,Injury Collision,Cycles,4,0,1,1,1,0,0,2016-06-05T00:00:00.000Z,6/5/2016 1:10:00 AM,At Intersection (intersection related),11,"MOTOR VEHICLE STRUCK MOTOR VEHICLE, FRONT END AT ANGLE",,N,Clear or Partly Cloudy,Dry,Dark - Street Lights On,,,,45.0,Vehicle - Pedalcyclist,23555,0,N,POINT (1271849.269043177 229187.6967987418),3661.0,0.0,Clear or Partly Cloudy
173574,221461,221741,3785014,Matched,Intersection,30575.0,31ST AVE AND E YESLER WAY,,,2,Injury Collision,Cycles,2,0,1,1,1,0,0,2016-06-03T00:00:00.000Z,6/3/2016 1:30:00 PM,At Intersection (intersection related),18,"MOTOR VEHICLE STRUCK PEDALCYCLIST, FRONT END AT ANGLE",,N,Clear or Partly Cloudy,Dry,Daylight,,,,45.0,Vehicle - Pedalcyclist,10096,0,N,POINT (1280446.052411973 222875.5805682838),2781.0,0.0,Clear or Partly Cloudy
173608,222302,222582,E552051,Matched,Block,,N 85TH ST BETWEEN STONE W AVE N AND STONE E AVE N,NEI,"Not Enough Information, or Insufficient Location Information",2,Injury Collision,Cycles,2,0,1,1,1,0,0,2016-06-08T00:00:00.000Z,6/8/2016 9:06:00 AM,,0,NOT ENOUGH INFORMATION / NOT APPLICABLE,,N,Clear or Partly Cloudy,Dry,Daylight,,,,45.0,Vehicle - Pedalcyclist,0,0,N,POINT (1268983.534320235 255527.5498817116),4072.0,1.9562093216457085e-05,Clear or Partly Cloudy
173611,221717,221997,E552902,Matched,Intersection,29739.0,11TH AVE AND E PINE ST,,,2,Injury Collision,Cycles,1,0,1,1,1,0,0,2016-06-07T00:00:00.000Z,6/7/2016 3:13:00 PM,At Intersection (intersection related),18,"MOTOR VEHICLE STRUCK PEDALCYCLIST, FRONT END AT ANGLE",,N,Clear or Partly Cloudy,Dry,Daylight,,,,45.0,Vehicle - Pedalcyclist,10420,0,N,POINT (1274216.837429598 227958.9433894902),28.0,0.0,Clear or Partly Cloudy
173712,221237,221517,3767339,Matched,Intersection,287172.0,BURKE GILMAN TRL AND NE 70TH ST,,,2,Injury Collision,Cycles,2,0,1,1,1,0,0,2016-06-04T00:00:00.000Z,6/4/2016 9:00:00 AM,At Intersection (intersection related),18,"MOTOR VEHICLE STRUCK PEDALCYCLIST, FRONT END AT ANGLE",,N,Clear or Partly Cloudy,Dry,Daylight,,,,45.0,Vehicle - Pedalcyclist,0,524581,N,POINT (1287683.49088338 251095.8747411817),9161.0,0.0,Clear or Partly Cloudy
173720,221232,221512,3740083,Matched,Intersection,28057.0,NICKERSON ST AND WESTLAKE AVE N,,,1,Property Damage Only Collision,Cycles,2,0,1,1,0,0,0,2016-06-03T00:00:00.000Z,6/3/2016 6:30:00 PM,At Intersection (intersection related),51,PEDALCYCLIST STRUCK MOTOR VEHICLE FRONT END AT ANGLE,,N,Clear or Partly Cloudy,Dry,Daylight,,,,45.0,Vehicle - Pedalcyclist,12473,0,N,POINT (1266650.960429847 239377.199529171),13817.0,0.0,Clear or Partly Cloudy
173782,220215,220495,3704611,Matched,Block,,BROADWAY BETWEEN E PINE ST AND XW E OLIVE ST,,,2,Injury Collision,Cycles,1,0,1,0,1,0,0,2016-05-25T00:00:00.000Z,5/25/2016 4:15:00 AM,Mid-Block (not related to intersection),69,PEDALCYCLIST OVERTURNED IN ROAD,,N,Clear or Partly Cloudy,Dry,Dark - Street Lights On,,,,45.0,Vehicle - Pedalcyclist,6847,0,N,POINT (1273567.713908926 228177.0842537135),8754.0,2.0694173122613212e-05,Clear or Partly Cloudy
173786,220213,220493,3788848,Matched,Block,,DEXTER AVE N BETWEEN GALER ST AND GARFIELD S ST,,,2,Injury Collision,Cycles,2,0,1,1,1,0,0,2016-05-20T00:00:00.000Z,5/20/2016 5:29:00 PM,Mid-Block (not related to intersection),18,"MOTOR VEHICLE STRUCK PEDALCYCLIST, FRONT END AT ANGLE",,N,Clear or Partly Cloudy,Dry,Daylight,,,,45.0,Vehicle - Pedalcyclist,12954,0,N,POINT (1268392.727471635 234418.6114920974),697.0,0.0,Clear or Partly Cloudy
173796,221080,221360,E550682,Matched,Intersection,26897.0,STONE WAY N AND N 35TH ST,NEI,"Not Enough Information, or Insufficient Location Information",2,Injury Collision,Cycles,2,0,1,1,1,0,0,2016-05-19T00:00:00.000Z,5/19/2016 9:40:00 PM,At Intersection (intersection related),0,NOT ENOUGH INFORMATION / NOT APPLICABLE,,N,Raining,Wet,Dark - Street Lights On,,,,45.0,Vehicle - Pedalcyclist,6280,0,N,POINT (1268401.595439643 240536.8288423717),6689.0,0.0,Raining
173797,220503,220783,E547586,Matched,Intersection,29088.0,ALOHA ST AND FAIRVIEW AVE N,,,2,Injury Collision,Cycles,1,0,1,1,1,0,0,2016-05-25T00:00:00.000Z,5/25/2016 1:04:00 PM,At Intersection (intersection related),18,"MOTOR VEHICLE STRUCK PEDALCYCLIST, FRONT END AT ANGLE",,N,Overcast,Dry,Daylight,,,,45.0,Vehicle - Pedalcyclist,0,522174,N,POINT (1270691.802929983 232393.2512340248),3326.0,0.0,Overcast
173803,220019,220299,E544729,Matched,Block,,10TH AVE E BETWEEN E PROSPECT ST AND E HIGHLAND DR,,,2,Injury Collision,Cycles,1,0,1,1,1,0,0,2016-05-18T00:00:00.000Z,5/18/2016 9:00:00 AM,Mid-Block (not related to intersection),15,"MOTOR VEHICLE STRUCK MOTOR VEHICLE, RIGHT SIDE SIDESWIPE",,N,Clear or Partly Cloudy,Dry,Daylight,,,,45.0,Vehicle - Pedalcyclist,6157,0,N,POINT (1273811.918773174 233193.2380508482),14555.0,7.601281374058246e-09,Clear or Partly Cloudy
173807,220497,220777,E547538,Matched,Intersection,30508.0,2ND AV ET S AND S JACKSON ST,,,2,Injury Collision,Cycles,1,0,1,1,1,0,0,2016-05-26T00:00:00.000Z,5/26/2016 2:28:00 PM,At Intersection (intersection related),18,"MOTOR VEHICLE STRUCK PEDALCYCLIST, FRONT END AT ANGLE",,N,Clear or Partly Cloudy,Dry,Daylight,,,,45.0,Vehicle - Pedalcyclist,35669,0,N,POINT (1271262.385202572 222158.2396395504),2510.0,0.0,Clear or Partly Cloudy
173856,221084,221364,3587861,Matched,Block,,FAUNTLEROY WAY SW BETWEEN SW MYRTLE ST AND SW OTHELLO ST,,,2,Injury Collision,Cycles,3,0,1,1,1,0,0,2016-05-29T00:00:00.000Z,5/29/2016 1:47:00 PM,Mid-Block (not related to intersection),56,PEDALCYCLIST STRUCK MOTOR VEHICLE LEFT SIDE SIDESWIPE,Y,N,Clear or Partly Cloudy,Dry,Daylight,,,,45.0,Vehicle - Pedalcyclist,2949,0,N,POINT (1255667.585762605 200439.8405133039),3525.0,5.419759273018035e-06,Clear or Partly Cloudy
173912,220524,220804,E547597,Matched,Block,,STONE WAY N BETWEEN N 36TH ST AND N 38TH ST,,,2,Injury Collision,Cycles,1,0,1,1,1,0,0,2016-05-05T00:00:00.000Z,5/5/2016 5:51:00 PM,Mid-Block (not related to intersection),18,"MOTOR VEHICLE STRUCK PEDALCYCLIST, FRONT END AT ANGLE",,N,Clear or Partly Cloudy,Dry,Daylight,,,,45.0,Vehicle - Pedalcyclist,6292,0,N,POINT (1268443.36548768 241338.2046511918),21604.0,1.4776690813661218e-05,Clear or Partly Cloudy
173956,221248,221528,3785077,Matched,Intersection,29697.0,ELLIOTT AVE AND WALL ST,,,2,Injury Collision,Cycles,3,0,1,1,1,0,0,2016-06-04T00:00:00.000Z,6/4/2016 5:54:00 PM,At Intersection (intersection related),51,PEDALCYCLIST STRUCK MOTOR VEHICLE FRONT END AT ANGLE,,N,Clear or Partly Cloudy,Dry,Daylight,,,,45.0,Vehicle - Pedalcyclist,37207,0,N,POINT (1266236.692013428 227426.0105249435),707.0,0.0,Clear or Partly Cloudy
173961,221094,221374,3704619,Matched,Intersection,28951.0,10TH AVE E AND E HIGHLAND DR,,,2,Injury Collision,Cycles,3,0,1,1,1,0,0,2016-05-31T00:00:00.000Z,5/31/2016 7:45:00 PM,At Intersection (intersection related),18,"MOTOR VEHICLE STRUCK PEDALCYCLIST, FRONT END AT ANGLE",,N,Clear or Partly Cloudy,Dry,Daylight,,,,45.0,Vehicle - Pedalcyclist,6154,0,N,POINT (1273818.700085193 233525.0057311803),1093.0,0.0,Clear or Partly Cloudy
173979,220776,221056,3786883,Matched,Intersection,24427.0,14TH AVE NE AND NE 75TH ST,,,1,Property Damage Only Collision,Cycles,2,0,1,1,0,0,0,2016-04-28T00:00:00.000Z,4/28/2016 5:18:00 PM,At Intersection (intersection related),11,"MOTOR VEHICLE STRUCK MOTOR VEHICLE, FRONT END AT ANGLE",,N,Clear or Partly Cloudy,Dry,Daylight,,,,45.0,Vehicle - Pedalcyclist,27032,0,N,POINT (1275922.449975342 252663.6138787866),2369.0,0.0,Clear or Partly Cloudy
174029,222077,222357,E546340,Matched,Block,,PHINNEY AVE N BETWEEN N 44TH ST AND N 45TH ST,,,2,Injury Collision,Cycles,1,0,1,1,1,0,0,2016-05-21T00:00:00.000Z,5/21/2016 7:41:00 PM,Mid-Block (not related to intersection),18,"MOTOR VEHICLE STRUCK PEDALCYCLIST, FRONT END AT ANGLE",,N,Unknown,Unknown,Unknown,,,,45.0,Vehicle - Pedalcyclist,0,0,N,POINT (1265614.35390079 244747.2892626822),11146.0,1.6359865181739165e-05,
174069,221105,221385,3767327,Matched,Intersection,27043.0,TROLL AVE N AND N 34TH ST,,,2,Injury Collision,Cycles,2,0,1,1,1,0,0,2016-05-27T00:00:00.000Z,5/27/2016 7:02:00 PM,At Intersection (intersection related),18,"MOTOR VEHICLE STRUCK PEDALCYCLIST, FRONT END AT ANGLE",,N,Clear or Partly Cloudy,Dry,Daylight,,,,45.0,Vehicle - Pedalcyclist,8816,0,N,POINT (1267245.477678463 240493.9652263224),1223.0,0.0,Clear or Partly Cloudy
174107,220261,220541,3704617,Matched,Intersection,29742.0,14TH AVE AND E PINE ST,,,2,Injury Collision,Cycles,3,0,1,1,1,0,0,2016-05-27T00:00:00.000Z,5/27/2016 10:09:00 PM,At Intersection (intersection related),51,PEDALCYCLIST STRUCK MOTOR VEHICLE FRONT END AT ANGLE,,N,Overcast,Dry,Dark - Street Lights On,,,,45.0,Vehicle - Pedalcyclist,10435,0,N,POINT (1275182.968630582 227950.3983654827),5069.0,0.0,Overcast