OBJECTID,INCKEY,COLDETKEY,REPORTNO,STATUS,ADDRTYPE,INTKEY,LOCATION,EXCEPTRSNC,EXCEPTRSND,SEVERITYCO,SEVERITYDE,COLLISIONT,PERSONCOUN,PEDCOUNT,PEDCYLCOUN,VEHCOUNT,INJURIES,SERIOUSINJ,FATALITIES,INCDATE,INCDTTM,JUNCTIONTY,SDOT_COLCO,SDOT_COLDE,INATTENTIO,UNDERINFL,WEATHER,ROADCOND,LIGHTCOND,PEDROWNOTG,SDOTCOLNUM,SPEEDING,ST_COLCODE,ST_COLDESC,SEGLANEKEY,CROSSWALKK,HITPARKEDC,geometry,near_str_index,min_length,weather_group
174143,222760,223040,3740101,Matched,Intersection,29515.0,DENNY WAY AND DEXTER AVE,,,2b,Serious Injury Collision,Cycles,1,0,1,0,1,1,0,2016-05-16T00:00:00.000Z,5/16/2016 9:31:00 PM,At Intersection (intersection related),26,MOTOR VEHICLE STRUCK OBJECT IN ROAD,Y,N,Clear or Partly Cloudy,Dry,Dark - Street Lights On,,,,45.0,Vehicle - Pedalcyclist,23472,0,N,POINT (1268262.3086555 229277.1954228282),6287.0,0.0,Clear or Partly Cloudy
174156,221498,221778,3731716,Matched,Block,,CALIFORNIA AVE SW BETWEEN SW LANDER ST AND SW STEVENS ST,,,2,Injury Collision,Cycles,2,0,1,1,1,0,0,2016-06-11T00:00:00.000Z,6/11/2016 2:19:00 PM,Mid-Block (not related to intersection),56,PEDALCYCLIST STRUCK MOTOR VEHICLE LEFT SIDE SIDESWIPE,Y,N,Overcast,Dry,Daylight,,,,45.0,Vehicle - Pedalcyclist,2594,0,N,POINT (1257050.191396013 214762.0561439693),3421.0,1.715274318624211e-05,Overcast
174188,220068,220348,3731923,Matched,Block,,16TH AVE SW BETWEEN SW CAMBRIDGE ST AND SW ROXBURY ST,,,2,Injury Collision,Cycles,2,0,1,1,1,0,0,2016-05-17T00:00:00.000Z,5/17/2016 5:00:00 PM,Mid-Block (not related to intersection),18,"MOTOR VEHICLE STRUCK PEDALCYCLIST, FRONT END AT ANGLE",,N,Clear or Partly Cloudy,Dry,Daylight,,,,45.0,Vehicle - Pedalcyclist,0,0,N,POINT (1264394.465899542 192771.0116414577),20461.0,2.1133123132692498e-05,Clear or Partly Cloudy
174236,220845,221125,E534567,Matched,Intersection,26896.0,STONE WAY N AND N 34TH ST,,,2,Injury Collision,Cycles,0,0,1,1,1,0,0,2016-04-10T00:00:00.000Z,4/10/2016 1:50:00 PM,At Intersection (intersection related),18,"MOTOR VEHICLE STRUCK PEDALCYCLIST, FRONT END AT ANGLE",,N,Clear or Partly Cloudy,Dry,Daylight,,,,45.0,Vehicle - Pedalcyclist,8843,0,N,POINT (1268384.754735619 240216.4179620296),4878.0,0.0,Clear or Partly Cloudy
174250,220305,220585,3740513,Matched,Block,,FAUNTLEROY WAY SW BETWEEN SW TRENTON ST AND SW BARTON ST,NEI,"Not Enough Information, or Insufficient Location Information",2,Injury Collision,Cycles,2,0,1,1,1,0,0,2016-05-18T00:00:00.000Z,5/18/2016 11:00:00 AM,Mid-Block (not related to intersection),0,NOT ENOUGH INFORMATION / NOT APPLICABLE,,N,Clear or Partly Cloudy,Dry,Daylight,,,,45.0,Vehicle - Pedalcyclist,3029,0,N,POINT (1255115.702818036 195052.1993557811),11936.0,2.7521246885532396e-05,Clear or Partly Cloudy
174280,221932,222212,3333387,Matched,Block,,8TH AVE NW BETWEEN NW 64TH ST AND NW 65TH ST,,,2,Injury Collision,Cycles,2,0,1,1,1,0,0,2016-06-13T00:00:00.000Z,6/13/2016 6:40:00 PM,Mid-Block (not related to intersection),18,"MOTOR VEHICLE STRUCK PEDALCYCLIST, FRONT END AT ANGLE",,N,Overcast,Dry,Daylight,Y,,,45.0,Vehicle - Pedalcyclist,2473,0,N,POINT (1262848.714537948 250207.34469226),8711.0,7.088890037813301e-09,Overcast
174316,220079,220359,3787213,Matched,Block,,ROOSEVELT WAY NE BETWEEN NE 69TH ST AND NE 70TH ST,,,2,Injury Collision,Cycles,2,0,1,1,1,0,0,2016-05-18T00:00:00.000Z,5/18/2016 4:23:00 PM,Mid-Block (not related to intersection),18,"MOTOR VEHICLE STRUCK PEDALCYCLIST, FRONT END AT ANGLE",Y,N,Overcast,Dry,Daylight,,,,45.0,Vehicle - Pedalcyclist,9417,0,N,POINT (1274851.167798251 251241.8200853318),937.0,2.362085618507617e-05,Overcast
174367,220549,220829,E547931,Matched,Block,,S JACKSON ST BETWEEN 14TH AVE S AND 16TH AVE S,,,2,Injury Collision,Cycles,1,0,1,1,1,0,0,2016-05-10T00:00:00.000Z,5/10/2016 7:01:00 AM,Mid-Block (not related to intersection),18,"MOTOR VEHICLE STRUCK PEDALCYCLIST, FRONT END AT ANGLE",,N,Clear or Partly Cloudy,Dry,Daylight,,,,45.0,Vehicle - Pedalcyclist,11019,0,N,POINT (1275411.86482282 222085.1415274739),1804.0,2.9791262764691712e-05,Clear or Partly Cloudy
174386,220879,221159,E537573,Matched,Intersection,26803.0,STONE WAY N AND N 44TH ST,,,2,Injury Collision,Cycles,0,0,1,1,1,0,0,2016-04-26T00:00:00.000Z,4/26/2016 9:08:00 AM,At Intersection (intersection related),18,"MOTOR VEHICLE STRUCK PEDALCYCLIST, FRONT END AT ANGLE",,N,Clear or Partly Cloudy,Dry,Daylight,,,,45.0,Vehicle - Pedalcyclist,6370,0,N,POINT (1268603.962415844 244378.0983503014),972.0,0.0,Clear or Partly Cloudy
174398,221282,221562,3704656,Matched,Intersection,29165.0,MELROSE AVE AND E DENNY WAY,,,2,Injury Collision,Cycles,2,0,1,1,1,0,0,2016-06-07T00:00:00.000Z,6/7/2016 11:41:00 PM,At Intersection (intersection related),11,"MOTOR VEHICLE STRUCK MOTOR VEHICLE, FRONT END AT ANGLE",Y,N,Clear or Partly Cloudy,Dry,Dark - Street Lights On,,,,45.0,Vehicle - Pedalcyclist,23555,0,N,POINT (1271849.269043177 229187.6967987418),3661.0,0.0,Clear or Partly Cloudy
174410,221941,222221,3386356,Matched,Intersection,29931.0,4TH AVE AND UNIVERSITY ST,,,2,Injury Collision,Cycles,5,0,1,1,1,0,0,2016-06-24T00:00:00.000Z,6/24/2016 9:15:00 AM,At Intersection (intersection related),18,"MOTOR VEHICLE STRUCK PEDALCYCLIST, FRONT END AT ANGLE",,N,Overcast,Dry,Daylight,,,,45.0,Vehicle - Pedalcyclist,42435,0,N,POINT (1270046.962993324 225476.3670029491),996.0,0.0,Overcast
174467,220102,220382,3505383,Matched,Block,,SW AVALON WAY BETWEEN 35TH AVE SW AND 36TH AVE SW,,,2,Injury Collision,Cycles,2,0,1,1,1,0,0,2016-05-26T00:00:00.000Z,5/26/2016 3:44:00 PM,Driveway Junction,18,"MOTOR VEHICLE STRUCK PEDALCYCLIST, FRONT END AT ANGLE",Y,N,Overcast,Dry,Daylight,,,,45.0,Vehicle - Pedalcyclist,3547,0,N,POINT (1259377.658598393 209579.5628906637),7944.0,1.5738082720259015e-05,Overcast
174477,220097,220377,3385835,Matched,Intersection,29613.0,2ND AVE AND SPRING ST,,,2,Injury Collision,Cycles,2,1,1,0,2,0,0,2016-05-25T00:00:00.000Z,5/25/2016 3:50:00 PM,At Intersection (intersection related),64,PEDALCYCLIST STRUCK PEDESTRIAN,,N,Clear or Partly Cloudy,Dry,Daylight,,,,45.0,Vehicle - Pedalcyclist,42219,520991,N,POINT (1269804.427313074 224621.804442063),3767.0,0.0,Clear or Partly Cloudy
174497,225436,225756,E573069,Matched,Intersection,29052.0,BROADWAY E AND E OLIVE WAY,,,2,Injury Collision,Cycles,2,0,1,1,1,0,0,2016-07-22T00:00:00.000Z,7/22/2016 6:53:00 PM,At Intersection (intersection related),18,"MOTOR VEHICLE STRUCK PEDALCYCLIST, FRONT END AT ANGLE",,N,Clear or Partly Cloudy,Dry,Daylight,,,,45.0,Vehicle - Pedalcyclist,35208,0,N,POINT (1273580.513332948 229668.9325112402),650.0,0.0,Clear or Partly Cloudy
174536,220557,220837,E548182,Matched,Intersection,24268.0,GREENWOOD AVE N AND N 83RD ST,,,2,Injury Collision,Cycles,1,0,1,1,1,0,0,2016-05-16T00:00:00.000Z,5/16/2016 8:10:00 AM,At Intersection (intersection related),18,"MOTOR VEHICLE STRUCK PEDALCYCLIST, FRONT END AT ANGLE",,N,Clear or Partly Cloudy,Dry,Daylight,Y,,,45.0,Vehicle - Pedalcyclist,0,0,N,POINT (1265590.642732769 255073.8628412485),752.0,0.0,Clear or Partly Cloudy
174593,224466,224766,3767821,Matched,Intersection,36052.0,LAKE CITY WAY NE AND NE 130TH ST,,,2,Injury Collision,Cycles,2,0,1,1,1,0,0,2016-07-06T00:00:00.000Z,7/6/2016 11:39:00 AM,At Intersection (intersection related),18,"MOTOR VEHICLE STRUCK PEDALCYCLIST, FRONT END AT ANGLE",,N,Clear or Partly Cloudy,Dry,Daylight,Y,,,45.0,Vehicle - Pedalcyclist,17769,0,N,POINT (1281118.143548667 267099.184069559),9113.0,0.0,Clear or Partly Cloudy
174611,224783,225083,3769502,Matched,Intersection,28391.0,MONTLAKE BLVD E AND EAST MONTLAKE PL E,,,2,Injury Collision,Cycles,2,0,1,1,1,0,0,2016-07-17T00:00:00.000Z,7/17/2016 9:45:00 AM,At Intersection (intersection related),18,"MOTOR VEHICLE STRUCK PEDALCYCLIST, FRONT END AT ANGLE",,N,Clear or Partly Cloudy,Dry,Daylight,Y,,,45.0,Vehicle - Pedalcyclist,0,523787,N,POINT (1277884.579897344 238361.7099921405),12025.0,0.0,Clear or Partly Cloudy
174634,224132,224412,3769666,Matched,Block,,ROOSEVELT WAY NE BETWEEN NE 42ND N ST AND NE 43RD S ST,,,2,Injury Collision,Sideswipe,2,0,1,1,1,0,0,2016-07-18T00:00:00.000Z,7/18/2016 8:18:00 AM,Mid-Block (not related to intersection),18,"MOTOR VEHICLE STRUCK PEDALCYCLIST, FRONT END AT ANGLE",,N,Clear or Partly Cloudy,Dry,Daylight,Y,,,11.0,From same direction - both going straight - both moving - sideswipe,8990,0,N,POINT (1274621.021750003 243878.6222537905),19030.0,1.4612336307282194e-05,Clear or Partly Cloudy
174657,225458,225778,E572086,Matched,Block,,ALASKAN WAY BETWEEN VINE ST AND CLAY ST,,,2,Injury Collision,Cycles,2,0,1,1,1,0,0,2016-07-27T00:00:00.000Z,7/27/2016 3:30:00 PM,Mid-Block (not related to intersection),21,"MOTOR VEHICLE STRUCK PEDALCYCLIST, REAR END",,N,Overcast,Dry,Daylight,,,,45.0,Vehicle - Pedalcyclist,20787,0,N,POINT (1265591.06423676 227627.3577251434),21288.0,5.0245207272725325e-09,Overcast
174685,225926,226266,E577101,Matched,Block,,3RD AVE BETWEEN COLUMBIA ST AND MARION ST,,,2,Injury Collision,Cycles,2,1,1,0,2,0,0,2016-08-23T00:00:00.000Z,8/23/2016 4:55:00 PM,Mid-Block (not related to intersection),64,PEDALCYCLIST STRUCK PEDESTRIAN,,N,Clear or Partly Cloudy,Dry,Daylight,,,,45.0,Vehicle - Pedalcyclist,0,0,N,POINT (1270471.178417757 224127.6555775553),16611.0,3.793173311333192e-09,Clear or Partly Cloudy
174691,225048,225348,3780848,Matched,Block,,HARBOR AVE SW BETWEEN FAIRMOUNT AVE SW AND SW BRONSON WAY,,,1,Property Damage Only Collision,Cycles,2,0,1,1,0,0,0,2016-07-23T00:00:00.000Z,7/23/2016 1:21:00 PM,Mid-Block (not related to intersection),18,"MOTOR VEHICLE STRUCK PEDALCYCLIST, FRONT END AT ANGLE",Y,N,Clear or Partly Cloudy,Dry,Daylight,,,,45.0,Vehicle - Pedalcyclist,0,0,N,POINT (1259473.453222498 217705.7627069801),6405.0,1.0078684760016538e-05,Clear or Partly Cloudy
174719,226779,227119,3762401,Matched,Intersection,27043.0,TROLL AVE N AND N 34TH ST,,,2,Injury Collision,Cycles,3,0,1,1,1,0,0,2016-08-26T00:00:00.000Z,8/26/2016 5:26:00 PM,At Intersection (intersection related),18,"MOTOR VEHICLE STRUCK PEDALCYCLIST, FRONT END AT ANGLE",Y,N,Clear or Partly Cloudy,Dry,Daylight,,,,45.0,Vehicle - Pedalcyclist,8816,0,N,POINT (1267245.477678463 240493.9652263224),1223.0,0.0,Clear or Partly Cloudy
174741,226345,226685,3767509,Matched,Intersection,37625.0,RAVENNA AVE NE AND NE 98TH ST,,,2b,Serious Injury Collision,Cycles,4,0,1,1,1,1,0,2016-08-23T00:00:00.000Z,8/23/2016 5:59:00 PM,At Intersection (intersection related),51,PEDALCYCLIST STRUCK MOTOR VEHICLE FRONT END AT ANGLE,,N,Clear or Partly Cloudy,Dry,Daylight,Y,,,45.0,Vehicle - Pedalcyclist,33401,0,N,POINT (1278961.278778449 258879.4236771464),923.0,0.0,Clear or Partly Cloudy
174746,224154,224434,3783091,Matched,Block,,S HANFORD ST BETWEEN 1ST AVE S AND OCCIDENTAL AVE S,,,2,Injury Collision,Cycles,2,0,1,1,1,0,0,2016-07-19T00:00:00.000Z,7/19/2016 7:14:00 AM,Mid-Block (not related to intersection),11,"MOTOR VEHICLE STRUCK MOTOR VEHICLE, FRONT END AT ANGLE",Y,N,Clear or Partly Cloudy,Dry,Daylight,,,,45.0,Vehicle - Pedalcyclist,24665,0,N,POINT (1270092.761073366 213562.7165587395),22901.0,6.818167176049926e-06,Clear or Partly Cloudy
174757,224786,225086,3769675,Matched,Intersection,25416.0,15TH AVE NW AND NW MARKET ST,,,2,Injury Collision,Cycles,2,0,1,1,1,0,0,2016-07-21T00:00:00.000Z,7/21/2016 1:32:00 PM,At Intersection (intersection related),51,PEDALCYCLIST STRUCK MOTOR VEHICLE FRONT END AT ANGLE,,N,Clear or Partly Cloudy,Dry,Daylight,Y,,,45.0,Vehicle - Pedalcyclist,0,521266,N,POINT (1260291.29962334 247719.7280497253),2397.0,0.0,Clear or Partly Cloudy
174806,225933,226273,3785257,Matched,Block,,5TH AVE BETWEEN TAYLOR AVE AND DENNY WAY,,,2,Injury Collision,Cycles,2,0,1,1,1,0,0,2016-08-28T00:00:00.000Z,8/28/2016 12:17:00 PM,Mid-Block (not related to intersection),18,"MOTOR VEHICLE STRUCK PEDALCYCLIST, FRONT END AT ANGLE",,N,Clear or Partly Cloudy,Dry,Daylight,,,,45.0,Vehicle - Pedalcyclist,0,525670,N,POINT (1267117.385198325 229221.8175027817),5881.0,3.7774051201676477e-06,Clear or Partly Cloudy
174825,225756,226096,E574406,Matched,Block,,6TH AVE BETWEEN JAMES ST AND CHERRY ST,,,2,Injury Collision,Cycles,2,0,1,1,1,0,0,2016-08-11T00:00:00.000Z,8/11/2016 5:35:00 PM,Driveway Junction,18,"MOTOR VEHICLE STRUCK PEDALCYCLIST, FRONT END AT ANGLE",,N,Clear or Partly Cloudy,Dry,Daylight,Y,,,45.0,Vehicle - Pedalcyclist,0,0,N,POINT (1271613.980978936 224092.6397695243),8687.0,6.409061983493852e-09,Clear or Partly Cloudy
174849,223671,223951,E563973,Matched,Block,,12TH AVE BETWEEN E OLIVE ST AND E HOWELL ST,,,2,Injury Collision,Cycles,2,0,1,1,1,0,0,2016-07-15T00:00:00.000Z,7/15/2016 8:07:00 AM,Mid-Block (not related to intersection),51,PEDALCYCLIST STRUCK MOTOR VEHICLE FRONT END AT ANGLE,,N,Clear or Partly Cloudy,Dry,Daylight,,,,45.0,Vehicle - Pedalcyclist,10853,0,N,POINT (1274544.213621929 228594.9669421315),5017.0,1.3053257312982895e-06,Clear or Partly Cloudy
174858,226598,226938,3783205,Matched,Intersection,31296.0,15TH AVE S AND BEACON AVE S,,,1,Property Damage Only Collision,Cycles,2,0,1,1,0,0,0,2016-08-26T00:00:00.000Z,8/26/2016 7:56:00 AM,At Intersection (intersection related),51,PEDALCYCLIST STRUCK MOTOR VEHICLE FRONT END AT ANGLE,,N,Clear or Partly Cloudy,Dry,Daylight,Y,,,45.0,Vehicle - Pedalcyclist,15868,0,N,POINT (1275144.391478539 215295.5411365181),3360.0,0.0,Clear or Partly Cloudy
174874,227360,227700,3579106,Matched,Block,,4TH AVE S BETWEEN S MASSACHUSETTS ST AND S HOLGATE ST,,,2,Injury Collision,Cycles,3,0,1,1,1,0,0,2016-09-13T00:00:00.000Z,9/13/2016 1:53:00 PM,Driveway Junction,24,MOTOR VEHCILE STRUCK PEDESTRIAN,,N,Clear or Partly Cloudy,Dry,Daylight,Y,,,45.0,Vehicle - Pedalcyclist,0,0,N,POINT (1271330.692530647 217779.6332350671),16007.0,2.5407998230960896e-05,Clear or Partly Cloudy
174908,223937,224217,E564885,Matched,Intersection,35122.0,8TH AVE S AND S HENDERSON ST,,,2,Injury Collision,Cycles,2,0,1,1,1,0,0,2016-07-12T00:00:00.000Z,7/12/2016 4:52:00 PM,At Intersection (intersection related),18,"MOTOR VEHICLE STRUCK PEDALCYCLIST, FRONT END AT ANGLE",,N,Clear or Partly Cloudy,Dry,Daylight,,,,45.0,Vehicle - Pedalcyclist,0,521997,N,POINT (1272379.144755706 194361.1393230855),6070.0,0.0,Clear or Partly Cloudy
174969,225777,226117,E569189,Matched,Block,,1ST AVE BETWEEN SPRING ST AND SENECA ST,,,2,Injury Collision,Cycles,3,0,1,1,1,0,0,2016-08-02T00:00:00.000Z,8/2/2016 9:12:00 AM,Driveway Junction,18,"MOTOR VEHICLE STRUCK PEDALCYCLIST, FRONT END AT ANGLE",Y,N,Clear or Partly Cloudy,Dry,Daylight,,,,45.0,Vehicle - Pedalcyclist,0,0,N,POINT (1269449.773296714 224589.0553860366),8365.0,3.7123569208211534e-05,Clear or Partly Cloudy
174993,226607,226947,3785204,Matched,Intersection,28741.0,DEXTER AVE N AND ROY ST,,,2,Injury Collision,Cycles,2,0,1,1,1,0,0,2016-08-25T00:00:00.000Z,8/25/2016 4:45:00 PM,At Intersection (intersection related),18,"MOTOR VEHICLE STRUCK PEDALCYCLIST, FRONT END AT ANGLE",,N,Clear or Partly Cloudy,Dry,Daylight,,,,45.0,Vehicle - Pedalcyclist,0,523519,N,POINT (1268326.078767568 231776.213409394),6297.0,0.0,Clear or Partly Cloudy
174998,226605,226945,3785176,Matched,Intersection,30447.0,8TH AVE S AND S DEARBORN ST,,,2b,Serious Injury Collision,Cycles,2,0,1,1,2,1,0,2016-08-16T00:00:00.000Z,8/16/2016 5:13:00 PM,At Intersection (intersection related),51,PEDALCYCLIST STRUCK MOTOR VEHICLE FRONT END AT ANGLE,,N,Clear or Partly Cloudy,Dry,Daylight,,,,45.0,Vehicle - Pedalcyclist,0,0,N,POINT (1273019.573044375 220895.8416862488),3274.0,0.0,Clear or Partly Cloudy
175009,223945,224225,E565195,Matched,Intersection,28437.0,BOYER AVE E AND E LYNN ST,,,2,Injury Collision,Cycles,2,0,1,1,1,0,0,2016-07-15T00:00:00.000Z,7/15/2016 4:11:00 PM,At Intersection (intersection related),18,"MOTOR VEHICLE STRUCK PEDALCYCLIST, FRONT END AT ANGLE",Y,N,Clear or Partly Cloudy,Dry,Daylight,,,,45.0,Vehicle - Pedalcyclist,35881,0,N,POINT (1276208.922423631 236788.7410305291),3905.0,0.0,Clear or Partly Cloudy
175021,224197,224477,3740266,Matched,Block,,W NICKERSON ST BETWEEN QUEEN ANNE AVE N AND W BERTONA ST,,,2,Injury Collision,Cycles,2,0,1,1,1,0,0,2016-07-20T00:00:00.000Z,7/20/2016 6:11:00 PM,Mid-Block (not related to intersection),51,PEDALCYCLIST STRUCK MOTOR VEHICLE FRONT END AT ANGLE,,N,Clear or Partly Cloudy,Dry,Daylight,,,,45.0,Vehicle - Pedalcyclist,12479,0,N,POINT (1264549.237547696 240861.1549866945),4816.0,3.612505573042066e-05,Clear or Partly Cloudy
175023,223720,224000,E563990,Matched,Intersection,32329.0,4TH AVE S AND S HORTON ST,NEI,"Not Enough Information, or Insufficient Location Information",2,Injury Collision,Cycles,2,0,1,1,1,0,0,2016-07-15T00:00:00.000Z,7/15/2016 11:57:00 AM,At Intersection (intersection related),0,NOT ENOUGH INFORMATION / NOT APPLICABLE,Y,N,Clear or Partly Cloudy,Dry,Daylight,,,,45.0,Vehicle - Pedalcyclist,0,525177,N,POINT (1271239.263794541 213105.7409422696),2973.0,0.0,Clear or Partly Cloudy
175033,224182,224462,3735044,Matched,Block,,AIRPORT WAY S BETWEEN S INDUSTRIAL EB WAY AND S OREGON ST,,,1,Property Damage Only Collision,Cycles,2,0,1,1,0,0,0,2016-07-20T00:00:00.000Z,7/20/2016 4:35:00 PM,Mid-Block (not related to intersection),22,"MOTOR VEHICLE STRUCK PEDALCYCLIST, RIGHT SIDE SIDESWIPE",,N,Clear or Partly Cloudy,Dry,Daylight,,,,45.0,Vehicle - Pedalcyclist,0,17558,N,POINT (1272692.288948029 209213.2078822851),12520.0,1.7949372601835237e-05,Clear or Partly Cloudy
175073,225780,226120,E570698,Matched,Intersection,28027.0,DEXTER AVE N AND HAYES ST,,,2,Injury Collision,Cycles,2,0,1,1,1,0,0,2016-08-02T00:00:00.000Z,8/2/2016 5:13:00 PM,At Intersection (but not related to intersection),16,"MOTOR VEHICLE STRUCK MOTOR VEHICLE, LEFT SIDE SIDESWIPE",,N,Clear or Partly Cloudy,Dry,Daylight,,,,45.0,Vehicle - Pedalcyclist,12980,0,N,POINT (1268401.703215644 234899.7362285852),6300.0,0.0,Clear or Partly Cloudy
175075,225779,226119,E570321,Matched,Block,,GREEN LAKE DR N BETWEEN ASHWORTH AVE N AND N 80TH ST,,,2,Injury Collision,Cycles,2,0,1,1,1,0,0,2016-08-01T00:00:00.000Z,8/1/2016 6:39:00 PM,Mid-Block (not related to intersection),18,"MOTOR VEHICLE STRUCK PEDALCYCLIST, FRONT END AT ANGLE",Y,N,Clear or Partly Cloudy,Dry,Daylight,,,,45.0,Vehicle - Pedalcyclist,9803,0,N,POINT (1269395.007792652 254071.6269362271),13459.0,4.703586584097001e-09,Clear or Partly Cloudy
175078,225950,226290,E577486,Matched,Intersection,32589.0,50TH AVE S AND S GENESEE ST,,,2,Injury Collision,Cycles,2,0,1,1,1,0,0,2016-08-22T00:00:00.000Z,8/22/2016 6:19:00 PM,At Intersection (intersection related),18,"MOTOR VEHICLE STRUCK PEDALCYCLIST, FRONT END AT ANGLE",,N,Clear or Partly Cloudy,Dry,Daylight,,,,45.0,Vehicle - Pedalcyclist,38069,0,N,POINT (1285565.292097211 209085.4511461556),17821.0,0.0,Clear or Partly Cloudy
175087,225786,226126,E573550,Matched,Intersection,30403.0,12TH AVE AND E FIR ST,,,2,Injury Collision,Cycles,0,0,1,1,1,0,0,2016-08-12T00:00:00.000Z,8/12/2016 5:02:00 PM,At Intersection (intersection related),18,"MOTOR VEHICLE STRUCK PEDALCYCLIST, FRONT END AT ANGLE",,N,Clear or Partly Cloudy,Dry,Daylight,,,,45.0,Vehicle - Pedalcyclist,10566,0,N,POINT (1274468.18949385 223368.6972407848),1080.0,0.0,Clear or Partly Cloudy
175093,225948,226288,3785279,Matched,Intersection,29954.0,5TH AVE AND MARION ST,,,2,Injury Collision,Cycles,2,0,1,1,1,0,0,2016-08-26T00:00:00.000Z,8/26/2016 9:38:00 AM,At Intersection (intersection related),24,MOTOR VEHCILE STRUCK PEDESTRIAN,,N,Clear or Partly Cloudy,Dry,Daylight,Y,,,45.0,Vehicle - Pedalcyclist,0,523458,N,POINT (1270947.529266253 224587.3138180375),13129.0,0.0,Clear or Partly Cloudy
175104,226611,226951,3785281,Matched,Intersection,28741.0,DEXTER AVE N AND ROY ST,,,1,Property Damage Only Collision,Cycles,2,0,1,1,0,0,0,2016-08-29T00:00:00.000Z,8/29/2016 6:00:00 PM,At Intersection (intersection related),51,PEDALCYCLIST STRUCK MOTOR VEHICLE FRONT END AT ANGLE,,N,Clear or Partly Cloudy,Dry,Daylight,,,,45.0,Vehicle - Pedalcyclist,12677,0,N,POINT (1268326.078767568 231776.213409394),6297.0,0.0,Clear or Partly Cloudy
175106,226620,226960,E565360,Matched,Intersection,287171.0,BURKE GILMAN TRL AND NE 65TH ST,,,2,Injury Collision,Cycles,2,0,1,1,1,0,0,2016-07-19T00:00:00.000Z,7/19/2016 7:57:00 AM,At Intersection (intersection related),18,"MOTOR VEHICLE STRUCK PEDALCYCLIST, FRONT END AT ANGLE",,N,Clear or Partly Cloudy,Dry,Daylight,,,,45.0,Vehicle - Pedalcyclist,0,524265,N,POINT (1287350.799683049 249775.8573318273),11616.0,0.0,Clear or Partly Cloudy
175125,226392,226732,E578336,Matched,Intersection,36423.0,FREMONT AVE N AND N 105TH ST,,,2,Injury Collision,Cycles,2,0,1,1,1,0,0,2016-08-11T00:00:00.000Z,8/11/2016 6:09:00 PM,At Intersection (intersection related),18,"MOTOR VEHICLE STRUCK PEDALCYCLIST, FRONT END AT ANGLE",,N,Clear or Partly Cloudy,Dry,Daylight,,,,45.0,Vehicle - Pedalcyclist,0,0,N,POINT (1266992.597038195 260866.8243831843),10459.0,0.0,Clear or Partly Cloudy
175155,223761,224041,E563997,Matched,Intersection,36974.0,24TH AVE NW AND NW 85TH ST,NEI,"Not Enough Information, or Insufficient Location Information",2,Injury Collision,Cycles,1,1,1,0,1,0,0,2016-07-15T00:00:00.000Z,7/15/2016 11:20:00 AM,At Intersection (intersection related),0,NOT ENOUGH INFORMATION / NOT APPLICABLE,Y,N,Clear or Partly Cloudy,Ice,Daylight,,,,45.0,Vehicle - Pedalcyclist,0,520934,N,POINT (1257648.442148626 255766.0274499655),5335.0,0.0,Clear or Partly Cloudy
175185,224826,225126,E568004,Matched,Intersection,33362.0,15TH AVE S AND S LUCILE ST,,,2,Injury Collision,Cycles,2,0,1,1,1,0,0,2016-07-27T00:00:00.000Z,7/27/2016 7:48:00 AM,At Intersection (intersection related),18,"MOTOR VEHICLE STRUCK PEDALCYCLIST, FRONT END AT ANGLE",,N,Clear or Partly Cloudy,Dry,Daylight,,,,45.0,Vehicle - Pedalcyclist,11918,0,N,POINT (1274938.905398339 205394.0947263837),88.0,0.0,Clear or Partly Cloudy
175191,225524,225844,E575508,Matched,Intersection,30553.0,4TH AVE S AND S ROYAL BROUGHAM WAY,,,2,Injury Collision,Cycles,2,0,1,1,1,0,0,2016-08-18T00:00:00.000Z,8/18/2016 2:45:00 PM,At Intersection (intersection related),18,"MOTOR VEHICLE STRUCK PEDALCYCLIST, FRONT END AT ANGLE",,N,Clear or Partly Cloudy,Dry,Daylight,,,,45.0,Vehicle - Pedalcyclist,19845,0,N,POINT (1271369.508658677 219673.991061002),9363.0,0.0,Clear or Partly Cloudy
175201,225962,226302,3791246,Matched,Intersection,30486.0,6TH AVE AND YESLER WAY,,,2,Injury Collision,Cycles,2,0,1,1,1,0,0,2016-08-11T00:00:00.000Z,8/11/2016 6:40:00 PM,At Intersection (intersection related),11,"MOTOR VEHICLE STRUCK MOTOR VEHICLE, FRONT END AT ANGLE",,N,Clear or Partly Cloudy,Dry,Daylight,,,,45.0,Vehicle - Pedalcyclist,9977,0,N,POINT (1272101.018675432 223058.4262644649),540.0,0.0,Clear or Partly Cloudy
175219,225788,226128,E570576,Matched,Block,,DEXTER AVE N BETWEEN MERCER ST AND BROAD ST,,,2,Injury Collision,Cycles,2,0,1,1,1,0,0,2016-08-04T00:00:00.000Z,8/4/2016 10:08:00 AM,Driveway Junction,18,"MOTOR VEHICLE STRUCK PEDALCYCLIST, FRONT END AT ANGLE",Y,N,Clear or Partly Cloudy,Dry,Daylight,,,,45.0,Vehicle - Pedalcyclist,44420,0,N,POINT (1268320.611439556 231517.0711371303),696.0,2.5571529018935008e-05,Clear or Partly Cloudy