OBJECTID,INCKEY,COLDETKEY,REPORTNO,STATUS,ADDRTYPE,INTKEY,LOCATION,EXCEPTRSNC,EXCEPTRSND,SEVERITYCO,SEVERITYDE,COLLISIONT,PERSONCOUN,PEDCOUNT,PEDCYLCOUN,VEHCOUNT,INJURIES,SERIOUSINJ,FATALITIES,INCDATE,INCDTTM,JUNCTIONTY,SDOT_COLCO,SDOT_COLDE,INATTENTIO,UNDERINFL,WEATHER,ROADCOND,LIGHTCOND,PEDROWNOTG,SDOTCOLNUM,SPEEDING,ST_COLCODE,ST_COLDESC,SEGLANEKEY,CROSSWALKK,HITPARKEDC,geometry,near_str_index,min_length,weather_group
175259,226404,226744,E579447,Matched,Intersection,30142.0,16TH AVE AND E UNION ST,,,2,Injury Collision,Cycles,2,0,1,1,1,0,0,2016-08-31T00:00:00.000Z,8/31/2016 8:39:00 AM,At Intersection (intersection related),18,"MOTOR VEHICLE STRUCK PEDALCYCLIST, FRONT END AT ANGLE",Y,N,Overcast,Dry,Daylight,,,,45.0,Vehicle - Pedalcyclist,9315,0,N,POINT (1275848.927287266 227071.6351005733),1177.0,0.0,Overcast
175288,227387,227727,3692965,Matched,Block,,HARBOR AVE SW BETWEEN SW MARYLAND PL AND CALIFORNIA WAY SW,,,2b,Serious Injury Collision,Cycles,2,0,1,1,1,1,0,2016-09-14T00:00:00.000Z,9/14/2016 6:45:00 PM,Mid-Block (not related to intersection),51,PEDALCYCLIST STRUCK MOTOR VEHICLE FRONT END AT ANGLE,,N,Unknown,Unknown,Unknown,,,,45.0,Vehicle - Pedalcyclist,4105,0,N,POINT (1258205.826917201 219540.360020861),6404.0,2.0954053904114126e-05,
175362,225539,225859,E573222,Matched,Block,,FAUNTLEROY WAY SW BETWEEN CALIFORNIA AVE SW AND 44TH AVE SW,,,2,Injury Collision,Cycles,1,0,1,0,1,0,0,2016-07-31T00:00:00.000Z,7/31/2016 4:39:00 AM,Mid-Block (but intersection related),66,PEDALCYCLIST STRUCK OBJECT IN ROAD,,N,Clear or Partly Cloudy,Dry,Dark - Street Lights On,,,,45.0,Vehicle - Pedalcyclist,2892,0,N,POINT (1256485.670947433 202585.1607075036),20877.0,1.6658006897460487e-09,Clear or Partly Cloudy
175375,226858,227198,3769571,Matched,Block,,ROOSEVELT WAY NE BETWEEN NE 108TH ST AND NE NORTHGATE WAY,,,2,Injury Collision,Cycles,2,0,1,1,1,0,0,2016-08-16T00:00:00.000Z,8/16/2016 5:00:00 PM,Driveway Junction,18,"MOTOR VEHICLE STRUCK PEDALCYCLIST, FRONT END AT ANGLE",,N,Clear or Partly Cloudy,Dry,Daylight,Y,,,45.0,Vehicle - Pedalcyclist,7825,0,N,POINT (1274947.515318349 261819.6970241517),3745.0,1.1510157684864594e-05,Clear or Partly Cloudy
175403,227067,227407,3784751,Matched,Block,,1ST AVE BETWEEN PIKE ST AND PINE ST,,,1,Property Damage Only Collision,Cycles,2,0,1,1,0,0,0,2016-08-12T00:00:00.000Z,8/12/2016 1:24:00 PM,Mid-Block (not related to intersection),18,"MOTOR VEHICLE STRUCK PEDALCYCLIST, FRONT END AT ANGLE",Y,N,Clear or Partly Cloudy,Dry,Daylight,,,,45.0,Vehicle - Pedalcyclist,36658,0,N,POINT (1268673.529263914 225900.3447313756),1.0,9.009112979904896e-06,Clear or Partly Cloudy
175441,225563,225883,E573012,Matched,Intersection,30013.0,M L KING JR WAY AND E PIKE ST,NEI,"Not Enough Information, or Insufficient Location Information",2b,Serious Injury Collision,Cycles,2,0,1,1,1,1,0,2016-08-11T00:00:00.000Z,8/11/2016 10:24:00 AM,At Intersection (intersection related),0,NOT ENOUGH INFORMATION / NOT APPLICABLE,,N,Clear or Partly Cloudy,Dry,Daylight,,,,45.0,Vehicle - Pedalcyclist,0,0,N,POINT (1279628.54047513 227441.0791969597),3638.0,0.0,Clear or Partly Cloudy
175519,227082,227422,3785151,Matched,Block,,TAYLOR AVE N BETWEEN ALOHA ST AND WARD PL,,,2,Injury Collision,Cycles,2,0,1,1,1,0,0,2016-08-11T00:00:00.000Z,8/11/2016 9:07:00 PM,Mid-Block (not related to intersection),21,"MOTOR VEHICLE STRUCK PEDALCYCLIST, REAR END",,N,Clear or Partly Cloudy,Dry,Dark - Street Lights On,,,Y,45.0,Vehicle - Pedalcyclist,11245,0,N,POINT (1267377.540398598 232477.6397781074),8927.0,2.0729793600815093e-05,Clear or Partly Cloudy
175538,226862,227202,3769586,Matched,Block,,8TH AVE NW BETWEEN NW 87TH ST AND NW 88TH ST,,,2,Injury Collision,Cycles,2,0,1,1,1,0,0,2016-08-19T00:00:00.000Z,8/19/2016 1:00:00 PM,Mid-Block (not related to intersection),51,PEDALCYCLIST STRUCK MOTOR VEHICLE FRONT END AT ANGLE,,N,Unknown,Unknown,Daylight,,,,45.0,Vehicle - Pedalcyclist,3425,0,N,POINT (1262979.458730087 256341.8743625432),575.0,3.1085839115462856e-05,
175562,224884,225184,3769451,Matched,Intersection,287145.0,BURKE GILMAN TRL AND NW 41ST ST,,,2,Injury Collision,Cycles,3,0,1,1,1,0,0,2016-07-30T00:00:00.000Z,7/30/2016 9:47:00 AM,At Intersection (intersection related),14,"MOTOR VEHICLE STRUCK MOTOR VEHICLE, REAR END",,N,Clear or Partly Cloudy,Dry,Daylight,,,,45.0,Vehicle - Pedalcyclist,0,525277,N,POINT (1263230.42487435 243379.3082052767),11615.0,0.0,Clear or Partly Cloudy
175568,224039,224319,E561210,Matched,Block,,8TH AVE BETWEEN STEWART ST AND VIRGINIA ST,,,2,Injury Collision,Cycles,1,0,1,1,1,0,0,2016-07-06T00:00:00.000Z,7/6/2016 4:13:00 PM,Mid-Block (not related to intersection),18,"MOTOR VEHICLE STRUCK PEDALCYCLIST, FRONT END AT ANGLE",,N,Clear or Partly Cloudy,Dry,Daylight,,,,45.0,Vehicle - Pedalcyclist,14025,0,N,POINT (1269831.486257106 228074.1610535979),13704.0,4.97993660618851e-10,Clear or Partly Cloudy
175573,224638,224938,E568901,Matched,Block,,1ST AVE BETWEEN CHERRY ST AND COLUMBIA ST,,,2,Injury Collision,Cycles,2,0,1,1,1,0,0,2016-07-19T00:00:00.000Z,7/19/2016 11:56:00 AM,Mid-Block (not related to intersection),18,"MOTOR VEHICLE STRUCK PEDALCYCLIST, FRONT END AT ANGLE",,N,Overcast,Dry,Daylight,,,,45.0,Vehicle - Pedalcyclist,36833,0,N,POINT (1270073.147377357 223535.979736954),20442.0,2.8216954770831585e-05,Overcast
175601,225567,225887,E573052,Matched,Block,,OCCIDENTAL AVE S BETWEEN S JACKSON ST AND S KING E ST,NEI,"Not Enough Information, or Insufficient Location Information",2,Injury Collision,Cycles,2,0,1,1,1,0,0,2016-08-12T00:00:00.000Z,8/12/2016 2:45:00 PM,,0,NOT ENOUGH INFORMATION / NOT APPLICABLE,,N,Clear or Partly Cloudy,Dry,Daylight,,,,45.0,Vehicle - Pedalcyclist,0,0,N,POINT (1270468.481649756 222009.4194153994),9794.0,1.3918012881538267e-05,Clear or Partly Cloudy
175625,226873,227213,3769883,Matched,Block,,20TH AVE NE BETWEEN NE 50TH ST AND NE 52ND ST,,,2,Injury Collision,Cycles,2,0,1,1,1,0,0,2016-08-29T00:00:00.000Z,8/29/2016 5:43:00 PM,Driveway Junction,18,"MOTOR VEHICLE STRUCK PEDALCYCLIST, FRONT END AT ANGLE",Y,N,Clear or Partly Cloudy,Dry,Daylight,,,,45.0,Vehicle - Pedalcyclist,7949,0,N,POINT (1277443.244984895 246278.8139362484),10858.0,1.2684796858502314e-05,Clear or Partly Cloudy
175639,226459,226799,3769680,Matched,Block,,5TH AVE NE BETWEEN NE 106TH ST AND NE NORTHGATE WAY,,,2,Injury Collision,Cycles,2,0,1,1,1,0,0,2016-07-08T00:00:00.000Z,7/8/2016 2:51:00 PM,Mid-Block (not related to intersection),18,"MOTOR VEHICLE STRUCK PEDALCYCLIST, FRONT END AT ANGLE",,N,Clear or Partly Cloudy,Dry,Daylight,,,,45.0,Vehicle - Pedalcyclist,7218,0,N,POINT (1273614.482036978 261603.5375999361),5882.0,2.550453307138085e-05,Clear or Partly Cloudy
175643,226665,227005,E580482,Matched,Block,,GREENWOOD AVE N BETWEEN N 85TH ST AND N 87TH ST,,,2,Injury Collision,Cycles,2,0,1,1,1,0,0,2016-08-30T00:00:00.000Z,8/30/2016 12:40:00 PM,Mid-Block (not related to intersection),23,"MOTOR VEHICLE STRUCK PEDALCYCLIST, LEFT SIDE SIDESWIPE",,N,Clear or Partly Cloudy,Dry,Daylight,,,,45.0,Vehicle - Pedalcyclist,4644,0,N,POINT (1265606.582636774 255946.2417861372),13332.0,3.186865805434691e-05,Clear or Partly Cloudy
175655,227098,227438,E580404,Matched,Block,,DEXTER AVE N BETWEEN PROSPECT ST AND HIGHLAND DR,NEI,"Not Enough Information, or Insufficient Location Information",2,Injury Collision,Cycles,2,1,1,0,1,0,0,2016-08-24T00:00:00.000Z,8/24/2016 8:12:00 AM,,0,NOT ENOUGH INFORMATION / NOT APPLICABLE,Y,N,Clear or Partly Cloudy,Dry,Daylight,,,,45.0,Vehicle - Pedalcyclist,0,0,N,POINT (1268362.522095606 233198.6153948456),11638.0,3.3647344968827175e-06,Clear or Partly Cloudy
175693,225148,225448,E572001,Matched,Block,,LAKE CITY WAY NE BETWEEN NE 89TH ST AND NE 90TH ST,,,2,Injury Collision,Cycles,2,0,1,1,1,0,0,2016-08-07T00:00:00.000Z,8/7/2016 12:51:00 PM,Mid-Block (not related to intersection),11,"MOTOR VEHICLE STRUCK MOTOR VEHICLE, FRONT END AT ANGLE",,N,Clear or Partly Cloudy,Dry,Daylight,,,,45.0,Vehicle - Pedalcyclist,18045,0,N,POINT (1277890.111289352 256425.8266186416),12601.0,2.774181742059031e-05,Clear or Partly Cloudy
175707,224922,225222,3769516,Matched,Intersection,25525.0,MERIDIAN AVE N AND N 50TH ST,,,1,Property Damage Only Collision,Cycles,2,0,1,1,0,0,0,2016-07-26T00:00:00.000Z,7/26/2016 5:21:00 PM,At Intersection (intersection related),18,"MOTOR VEHICLE STRUCK PEDALCYCLIST, FRONT END AT ANGLE",,N,Clear or Partly Cloudy,Dry,Daylight,,,,45.0,Vehicle - Pedalcyclist,0,523355,N,POINT (1270733.973810032 246188.4302561581),8861.0,0.0,Clear or Partly Cloudy
175716,224650,224950,E568511,Matched,Intersection,30403.0,12TH AVE AND E FIR ST,,,2,Injury Collision,Cycles,2,0,1,1,1,0,0,2016-07-26T00:00:00.000Z,7/26/2016 4:27:00 PM,At Intersection (intersection related),18,"MOTOR VEHICLE STRUCK PEDALCYCLIST, FRONT END AT ANGLE",,N,Clear or Partly Cloudy,Dry,Daylight,,,,45.0,Vehicle - Pedalcyclist,10566,0,N,POINT (1274468.18949385 223368.6972407848),1080.0,0.0,Clear or Partly Cloudy
175769,226674,227014,E579904,Matched,Intersection,29671.0,5TH AVE AND WALL ST,,,2,Injury Collision,Cycles,2,1,1,0,1,0,0,2016-08-31T00:00:00.000Z,8/31/2016 11:31:00 AM,At Intersection (intersection related),64,PEDALCYCLIST STRUCK PEDESTRIAN,,N,Overcast,Dry,Daylight,Y,,,45.0,Vehicle - Pedalcyclist,23703,523884,N,POINT (1267536.229166761 228855.6965423971),6742.0,0.0,Overcast
175773,227105,227445,3785263,Matched,Block,,DEXTER AVE N BETWEEN WARD ST AND PROSPECT ST,,,2b,Serious Injury Collision,Cycles,2,0,1,1,1,1,0,2016-08-30T00:00:00.000Z,8/30/2016 5:52:00 PM,Mid-Block (not related to intersection),18,"MOTOR VEHICLE STRUCK PEDALCYCLIST, FRONT END AT ANGLE",,N,Clear or Partly Cloudy,Dry,Daylight,Y,,,45.0,Vehicle - Pedalcyclist,12788,0,N,,,,Clear or Partly Cloudy
175781,227102,227442,3785202,Matched,Block,,DENNY WAY BETWEEN 3RD AVE AND BROAD ST,,,2,Injury Collision,Cycles,2,0,1,1,1,0,0,2016-08-20T00:00:00.000Z,8/20/2016 10:31:00 PM,Mid-Block (not related to intersection),14,"MOTOR VEHICLE STRUCK MOTOR VEHICLE, REAR END",Y,N,Clear or Partly Cloudy,Dry,Dark - Street Lights On,,,,45.0,Vehicle - Pedalcyclist,20146,0,N,POINT (1266177.511469364 229330.5997108966),3479.0,7.448000870376134e-09,Clear or Partly Cloudy
175794,226471,226811,3783002,Matched,Intersection,29973.0,6TH AVE AND JAMES ST,,,1,Property Damage Only Collision,Cycles,2,0,1,1,0,0,0,2016-07-09T00:00:00.000Z,7/9/2016 10:48:00 PM,At Intersection (intersection related),18,"MOTOR VEHICLE STRUCK PEDALCYCLIST, FRONT END AT ANGLE",,N,Clear or Partly Cloudy,Dry,Dark - Street Lights On,,,,45.0,Vehicle - Pedalcyclist,24834,0,N,POINT (1271692.215347007 223960.6672893912),777.0,0.0,Clear or Partly Cloudy
175799,226883,227223,3771358,Matched,Block,,BROADWAY BETWEEN MARION ST AND MADISON ST,,,1,Property Damage Only Collision,Cycles,2,0,1,1,0,0,0,2016-08-14T00:00:00.000Z,8/14/2016 6:54:00 PM,Driveway Junction,18,"MOTOR VEHICLE STRUCK PEDALCYCLIST, FRONT END AT ANGLE",,N,Clear or Partly Cloudy,Dry,Daylight,,,,45.0,Vehicle - Pedalcyclist,41360,0,N,POINT (1273543.430452913 226301.2599957883),3410.0,2.9984082715154194e-05,Clear or Partly Cloudy
175872,225381,225701,3784701,Matched,Block,,WESTLAKE AVE N BETWEEN GALER S ST AND 8TH N AVE N,,,2,Injury Collision,Cycles,2,0,1,1,1,0,0,2016-07-27T00:00:00.000Z,7/27/2016 2:45:00 PM,Mid-Block (not related to intersection),18,"MOTOR VEHICLE STRUCK PEDALCYCLIST, FRONT END AT ANGLE",,N,Clear or Partly Cloudy,Dry,Daylight,Y,,,45.0,Vehicle - Pedalcyclist,0,0,N,POINT (1268726.381103978 234325.3512040079),16101.0,6.049037705491764e-09,Clear or Partly Cloudy
175891,226925,227265,E582480,Matched,Intersection,24227.0,GREEN LAKE DR N AND STONE AVE N,,,2,Injury Collision,Cycles,2,0,1,1,1,0,0,2016-09-05T00:00:00.000Z,9/5/2016 4:37:00 PM,At Intersection (intersection related),21,"MOTOR VEHICLE STRUCK PEDALCYCLIST, REAR END",Y,N,Overcast,Dry,Daylight,,,,45.0,Vehicle - Pedalcyclist,10486,0,N,POINT (1268902.422832146 254477.1836726367),747.0,0.0,Overcast
175893,226498,226838,3740267,Matched,Intersection,28885.0,3RD AVE N AND ROY ST,,,2,Injury Collision,Cycles,5,0,1,1,1,0,0,2016-07-29T00:00:00.000Z,7/29/2016 5:27:00 PM,At Intersection (intersection related),18,"MOTOR VEHICLE STRUCK PEDALCYCLIST, FRONT END AT ANGLE",Y,N,Clear or Partly Cloudy,Dry,Daylight,Y,,,45.0,Vehicle - Pedalcyclist,12407,0,N,POINT (1266073.315117255 231833.0710094571),5453.0,0.0,Clear or Partly Cloudy
175903,226920,227260,E581791,Matched,Intersection,36647.0,30TH AVE NE AND LAKE CITY N WAY NE,,,1,Property Damage Only Collision,Cycles,2,0,1,1,0,0,0,2016-09-02T00:00:00.000Z,9/2/2016 5:57:00 AM,At Intersection (intersection related),23,"MOTOR VEHICLE STRUCK PEDALCYCLIST, LEFT SIDE SIDESWIPE",,N,Overcast,Dry,Dawn,,,,45.0,Vehicle - Pedalcyclist,0,521370,N,POINT (1280341.552699864 265195.9113636166),6451.0,0.0,Overcast
175931,224318,224598,3780862,Matched,Block,,SW HARBOR LN BETWEEN HARBOR AVE SW AND DEAD END,,,2,Injury Collision,Cycles,3,0,1,2,1,0,0,2016-07-21T00:00:00.000Z,7/21/2016 6:25:00 AM,Mid-Block (not related to intersection),21,"MOTOR VEHICLE STRUCK PEDALCYCLIST, REAR END",,N,Clear or Partly Cloudy,Dry,Daylight,,,,45.0,Vehicle - Pedalcyclist,4219,0,N,POINT (1260576.095527634 214226.4547354281),18453.0,5.7324638740919765e-06,Clear or Partly Cloudy
175968,225389,225709,3784903,Matched,Block,,6TH AVE BETWEEN OLIVE WAY AND STEWART ST,,,2b,Serious Injury Collision,Cycles,2,0,1,1,1,1,0,2016-07-26T00:00:00.000Z,7/26/2016 2:49:00 PM,Mid-Block (not related to intersection),18,"MOTOR VEHICLE STRUCK PEDALCYCLIST, FRONT END AT ANGLE",,N,Clear or Partly Cloudy,Dry,Daylight,,,,45.0,Vehicle - Pedalcyclist,25428,0,N,POINT (1269644.176560909 227362.5130528808),8688.0,1.7067578941517776e-10,Clear or Partly Cloudy
175991,225626,225966,E573739,Matched,Block,,NE NORTHGATE WAY BETWEEN 8TH AVE NE AND ROOSEVELT WAY NE,,,2,Injury Collision,Cycles,2,0,1,1,1,0,0,2016-08-05T00:00:00.000Z,8/5/2016 9:20:00 AM,Driveway Junction,51,PEDALCYCLIST STRUCK MOTOR VEHICLE FRONT END AT ANGLE,Y,N,Clear or Partly Cloudy,Dry,Daylight,,,,45.0,Vehicle - Pedalcyclist,0,0,N,POINT (1274615.234998003 261995.6507523358),20134.0,7.168468939319858e-06,Clear or Partly Cloudy
176010,226068,226408,3769562,Matched,Intersection,24267.0,GREENWOOD AVE N AND N 84TH ST,,,2,Injury Collision,Cycles,2,0,1,1,1,0,0,2016-08-11T00:00:00.000Z,8/11/2016 3:44:00 PM,At Intersection (intersection related),11,"MOTOR VEHICLE STRUCK MOTOR VEHICLE, FRONT END AT ANGLE",,N,Clear or Partly Cloudy,Dry,Daylight,,,,45.0,Vehicle - Pedalcyclist,0,24267,N,POINT (1265595.750956774 255337.8454335183),753.0,0.0,Clear or Partly Cloudy
176061,227574,227914,E587059,Matched,Block,,NE 125TH ST BETWEEN ROOSEVELT N WAY NE AND NE 125TH SR ST,,,2,Injury Collision,Cycles,1,0,1,1,1,0,0,2016-09-21T00:00:00.000Z,9/21/2016 8:00:00 AM,Mid-Block (but intersection related),18,"MOTOR VEHICLE STRUCK PEDALCYCLIST, FRONT END AT ANGLE",,N,Clear or Partly Cloudy,Dry,Daylight,,,,45.0,Vehicle - Pedalcyclist,11175,0,N,POINT (1275012.738742411 266033.7418924719),9108.0,1.870455943372727e-05,Clear or Partly Cloudy
176063,227573,227913,3769627,Matched,Intersection,26977.0,FREMONT AVE N AND N 41ST ST,,,2,Injury Collision,Cycles,4,0,1,1,1,0,0,2016-09-06T00:00:00.000Z,9/6/2016 3:58:00 PM,At Intersection (intersection related),18,"MOTOR VEHICLE STRUCK PEDALCYCLIST, FRONT END AT ANGLE",Y,N,Clear or Partly Cloudy,Dry,Daylight,,,,45.0,Vehicle - Pedalcyclist,8394,0,N,POINT (1266675.428909868 243213.2996291071),4016.0,0.0,Clear or Partly Cloudy
176088,224712,225012,E564292,Matched,Intersection,287054.0,ELLIOTT BAY TRL AND PIER 91 ACCESS RD,,,2,Injury Collision,Cycles,1,0,1,1,1,0,0,2016-07-05T00:00:00.000Z,7/5/2016 2:30:00 PM,At Intersection (intersection related),18,"MOTOR VEHICLE STRUCK PEDALCYCLIST, FRONT END AT ANGLE",,N,Clear or Partly Cloudy,Dry,Daylight,Y,,,45.0,Vehicle - Pedalcyclist,0,642419,N,,,,Clear or Partly Cloudy
176107,225398,225718,E569711,Matched,Block,,15TH AVE NE BETWEEN NE 42ND ST AND NE 43RD ST,NEI,"Not Enough Information, or Insufficient Location Information",2,Injury Collision,Cycles,2,0,1,1,1,0,0,2016-08-02T00:00:00.000Z,8/2/2016 3:55:00 PM,,0,NOT ENOUGH INFORMATION / NOT APPLICABLE,,N,Clear or Partly Cloudy,Dry,Daylight,,,,45.0,Vehicle - Pedalcyclist,21337,0,N,POINT (1276029.831287459 243898.441389814),17655.0,1.2156376741700304e-05,Clear or Partly Cloudy
176117,224088,224368,3785131,Matched,Intersection,29894.0,6TH AVE AND PIKE ST,,,2,Injury Collision,Cycles,2,0,1,1,1,0,0,2016-07-14T00:00:00.000Z,7/14/2016 12:22:00 PM,At Intersection (intersection related),11,"MOTOR VEHICLE STRUCK MOTOR VEHICLE, FRONT END AT ANGLE",,N,Clear or Partly Cloudy,Dry,Daylight,,,,45.0,Vehicle - Pedalcyclist,21852,0,N,POINT (1270166.981681451 226537.3270040303),16633.0,0.0,Clear or Partly Cloudy
176122,224087,224367,3785130,Matched,Block,,STEWART ST BETWEEN 9TH AVE AND TERRY AVE,,,2,Injury Collision,Cycles,3,0,1,1,1,0,0,2016-07-13T00:00:00.000Z,7/13/2016 12:20:00 PM,Mid-Block (not related to intersection),11,"MOTOR VEHICLE STRUCK MOTOR VEHICLE, FRONT END AT ANGLE",Y,N,Clear or Partly Cloudy,Dry,Daylight,,,,45.0,Vehicle - Pedalcyclist,13684,0,N,POINT (1270313.883377597 228287.9293738157),10390.0,3.808610430989388e-05,Clear or Partly Cloudy
176152,226525,226865,3771365,Matched,Intersection,30688.0,29TH AVE S AND S IRVING ST,,,2,Injury Collision,Cycles,2,0,1,1,1,0,0,2016-08-22T00:00:00.000Z,8/22/2016 7:54:00 PM,At Intersection (intersection related),18,"MOTOR VEHICLE STRUCK PEDALCYCLIST, FRONT END AT ANGLE",,N,Clear or Partly Cloudy,Dry,Dusk,,,,45.0,Vehicle - Pedalcyclist,0,0,N,POINT (1279648.287803158 219105.1529164165),14477.0,0.0,Clear or Partly Cloudy
176157,226272,226612,E577614,Matched,Intersection,37305.0,WALLINGFORD AVE N AND N 97TH ST,,,2,Injury Collision,Cycles,2,0,1,1,1,0,0,2016-08-08T00:00:00.000Z,8/8/2016 9:30:00 AM,At Intersection (intersection related),18,"MOTOR VEHICLE STRUCK PEDALCYCLIST, FRONT END AT ANGLE",,N,Overcast,Dry,Daylight,,,,45.0,Vehicle - Pedalcyclist,0,0,N,POINT (1270283.991601571 258805.3790050745),8943.0,0.0,Overcast
176171,227134,227474,3693265,Matched,Intersection,34876.0,25TH AVE SW AND SW BARTON ST,,,2,Injury Collision,Cycles,2,0,1,1,1,0,0,2016-09-03T00:00:00.000Z,9/3/2016 1:20:00 PM,At Intersection (intersection related),21,"MOTOR VEHICLE STRUCK PEDALCYCLIST, REAR END",,N,Clear or Partly Cloudy,Dry,Daylight,,,,45.0,Vehicle - Pedalcyclist,29560,0,N,POINT (1262093.778473184 193817.7286345214),7947.0,0.0,Clear or Partly Cloudy
176191,226538,226878,3771372,Matched,Intersection,29862.0,BELLEVUE AVE AND E PINE ST,,,2,Injury Collision,Cycles,2,0,1,1,1,0,0,2016-08-26T00:00:00.000Z,8/26/2016 10:58:00 PM,At Intersection (intersection related),51,PEDALCYCLIST STRUCK MOTOR VEHICLE FRONT END AT ANGLE,,Y,Clear or Partly Cloudy,Dry,Dark - Street Lights On,,,,45.0,Vehicle - Pedalcyclist,10342,0,N,POINT (1272084.808499411 227986.9833255112),633.0,0.0,Clear or Partly Cloudy
176204,226534,226874,3771370,Matched,Intersection,29292.0,M L KING JR WAY E AND E MADISON ST,,,2,Injury Collision,Cycles,3,0,1,1,1,0,0,2016-08-25T00:00:00.000Z,8/25/2016 7:01:00 PM,At Intersection (intersection related),51,PEDALCYCLIST STRUCK MOTOR VEHICLE FRONT END AT ANGLE,,N,Clear or Partly Cloudy,Dry,Daylight,,,,45.0,Vehicle - Pedalcyclist,0,522278,N,POINT (1279632.640827134 230796.7868483961),6879.0,0.0,Clear or Partly Cloudy
176235,223860,224140,E564590,Matched,Block,,6TH AVE S BETWEEN S JACKSON ST AND S KING ST,,,2,Injury Collision,Cycles,0,0,1,1,1,0,0,2016-07-13T00:00:00.000Z,7/13/2016 6:30:00 PM,Mid-Block (not related to intersection),51,PEDALCYCLIST STRUCK MOTOR VEHICLE FRONT END AT ANGLE,,N,Clear or Partly Cloudy,Dry,Daylight,,,,45.0,Vehicle - Pedalcyclist,5775,0,N,POINT (1272077.442227408 221987.9812073708),8693.0,1.104586921228295e-05,Clear or Partly Cloudy
176336,224733,225033,2617392,Matched,Intersection,29051.0,HARVARD AVE E AND E OLIVE WAY,,,2,Injury Collision,Cycles,2,0,1,1,1,0,0,2016-07-29T00:00:00.000Z,7/29/2016 8:00:00 AM,At Intersection (intersection related),18,"MOTOR VEHICLE STRUCK PEDALCYCLIST, FRONT END AT ANGLE",,N,Clear or Partly Cloudy,Dry,Daylight,,,,45.0,Vehicle - Pedalcyclist,23225,0,N,POINT (1273251.7376526 229671.8081592321),760.0,0.0,Clear or Partly Cloudy
176342,223882,224162,3563623,Matched,Block,,DELRIDGE WAY SW BETWEEN CROFT PL SW AND SW MYRTLE ST,,,2,Injury Collision,Cycles,2,0,1,1,1,0,0,2016-07-21T00:00:00.000Z,7/21/2016 7:16:00 AM,Mid-Block (not related to intersection),51,PEDALCYCLIST STRUCK MOTOR VEHICLE FRONT END AT ANGLE,,N,Clear or Partly Cloudy,Dry,Daylight,Y,,,45.0,Vehicle - Pedalcyclist,24229,0,N,POINT (1263144.44625026 200663.7828495353),6284.0,6.538642576640473e-06,Clear or Partly Cloudy
176356,224103,224383,3780471,Matched,Intersection,31166.0,46TH AVE SW AND SW LANDER ST,,,2,Injury Collision,Cycles,2,0,1,1,1,0,0,2016-07-16T00:00:00.000Z,7/16/2016 11:40:00 AM,At Intersection (intersection related),51,PEDALCYCLIST STRUCK MOTOR VEHICLE FRONT END AT ANGLE,Y,N,Clear or Partly Cloudy,Dry,Dawn,,,,45.0,Vehicle - Pedalcyclist,0,0,N,POINT (1256067.655459017 215216.149136439),2021.0,0.0,Clear or Partly Cloudy
176385,225234,225534,E570440,Matched,Block,,STEWART ST BETWEEN DENNY WAY AND YALE AVE N,,,2,Injury Collision,Cycles,5,0,1,1,1,0,0,2016-07-27T00:00:00.000Z,7/27/2016 8:01:00 PM,Mid-Block (but intersection related),18,"MOTOR VEHICLE STRUCK PEDALCYCLIST, FRONT END AT ANGLE",Y,N,Clear or Partly Cloudy,Dry,Daylight,,,,45.0,Vehicle - Pedalcyclist,23730,0,N,POINT (1271180.827314481 229241.1565108001),19928.0,1.9709339186136613e-05,Clear or Partly Cloudy
176391,225416,225736,3785032,Matched,Intersection,27955.0,15TH AVE W AND W HOWE ST,,,2,Injury Collision,Cycles,2,0,1,1,1,0,0,2016-07-29T00:00:00.000Z,7/29/2016 2:00:00 PM,At Intersection (intersection related),18,"MOTOR VEHICLE STRUCK PEDALCYCLIST, FRONT END AT ANGLE",Y,N,Clear or Partly Cloudy,Dry,Daylight,,,,45.0,Vehicle - Pedalcyclist,0,638921,N,POINT (1260070.955815107 235788.855973497),2408.0,0.0,Clear or Partly Cloudy
176428,226302,226642,E578736,Matched,Block,,BROADWAY BETWEEN E COLUMBIA ST AND BOYLSTON AVE,,,2,Injury Collision,Cycles,1,0,1,0,1,0,0,2016-08-22T00:00:00.000Z,8/22/2016 3:49:00 PM,Mid-Block (not related to intersection),66,PEDALCYCLIST STRUCK OBJECT IN ROAD,,N,Clear or Partly Cloudy,Dry,Daylight,,,,45.0,Vehicle - Pedalcyclist,6902,0,N,POINT (1273535.054836899 225839.1335313171),649.0,2.38536511402698e-05,Clear or Partly Cloudy
176486,223897,224177,3695090,Matched,Intersection,37511.0,12TH AVE NE AND NE 95TH ST,,,2,Injury Collision,Cycles,2,0,1,1,1,0,0,2016-07-20T00:00:00.000Z,7/20/2016 9:11:00 AM,At Intersection (intersection related),51,PEDALCYCLIST STRUCK MOTOR VEHICLE FRONT END AT ANGLE,Y,N,Clear or Partly Cloudy,Dry,Daylight,,,,45.0,Vehicle - Pedalcyclist,0,0,N,POINT (1275616.433207035 257987.4108762294),11372.0,0.0,Clear or Partly Cloudy