OBJECTID,INCKEY,COLDETKEY,REPORTNO,STATUS,ADDRTYPE,INTKEY,LOCATION,EXCEPTRSNC,EXCEPTRSND,SEVERITYCO,SEVERITYDE,COLLISIONT,PERSONCOUN,PEDCOUNT,PEDCYLCOUN,VEHCOUNT,INJURIES,SERIOUSINJ,FATALITIES,INCDATE,INCDTTM,JUNCTIONTY,SDOT_COLCO,SDOT_COLDE,INATTENTIO,UNDERINFL,WEATHER,ROADCOND,LIGHTCOND,PEDROWNOTG,SDOTCOLNUM,SPEEDING,ST_COLCODE,ST_COLDESC,SEGLANEKEY,CROSSWALKK,HITPARKEDC,geometry,near_str_index,min_length,weather_group
177819,231345,231745,3642586,Matched,Intersection,29860.0,SUMMIT AVE AND E PINE ST,,,2,Injury Collision,Cycles,2,0,1,1,1,0,0,2016-10-23T00:00:00.000Z,10/23/2016 10:08:00 AM,At Intersection (intersection related),51,PEDALCYCLIST STRUCK MOTOR VEHICLE FRONT END AT ANGLE,,N,Clear or Partly Cloudy,Wet,Daylight,,,,45.0,Vehicle - Pedalcyclist,10354,0,N,POINT (1272399.309875742 227981.0989095122),1148.0,0.0,Clear or Partly Cloudy
177824,227729,228069,3769807,Matched,Block,,N 80TH ST BETWEEN DAYTON AVE N AND FREMONT AVE N,,,2,Injury Collision,Cycles,3,0,1,1,1,0,0,2016-09-10T00:00:00.000Z,9/10/2016 9:45:00 AM,Mid-Block (not related to intersection),18,"MOTOR VEHICLE STRUCK PEDALCYCLIST, FRONT END AT ANGLE",Y,N,Clear or Partly Cloudy,Dry,Daylight,,,,45.0,Vehicle - Pedalcyclist,27302,0,N,POINT (1266571.869229764 254261.4646964222),17177.0,2.0363063677599216e-05,Clear or Partly Cloudy
177831,228095,228435,3754545,Matched,Block,,S HENDERSON ST BETWEEN RAINIER AVE S AND 53RD AVE S,,,1,Property Damage Only Collision,Cycles,2,0,1,1,0,0,0,2016-09-14T00:00:00.000Z,9/14/2016 7:42:00 AM,Driveway Junction,18,"MOTOR VEHICLE STRUCK PEDALCYCLIST, FRONT END AT ANGLE",,N,Clear or Partly Cloudy,Dry,Daylight,,,,45.0,Vehicle - Pedalcyclist,0,0,N,POINT (1285921.607553586 194190.0465869009),7726.0,2.524294348350401e-05,Clear or Partly Cloudy
177833,228389,228729,3787337,Matched,Block,,1ST AVE NE BETWEEN NE 95TH ST AND NE 100TH ST,,,3,Fatality Collision,Cycles,2,0,1,1,0,0,1,2016-09-21T00:00:00.000Z,9/21/2016 4:20:00 PM,Mid-Block (not related to intersection),18,"MOTOR VEHICLE STRUCK PEDALCYCLIST, FRONT END AT ANGLE",,Y,Clear or Partly Cloudy,Dry,Daylight,,,,45.0,Vehicle - Pedalcyclist,27697,0,N,POINT (1272269.670259595 258749.1871330142),4954.0,2.3200500356565454e-05,Clear or Partly Cloudy
177859,229257,229617,E593247,Matched,Intersection,30733.0,23RD AVE AND E YESLER WAY,,,2,Injury Collision,Cycles,1,0,1,1,1,0,0,2016-09-13T00:00:00.000Z,9/13/2016 6:10:00 PM,At Intersection (intersection related),18,"MOTOR VEHICLE STRUCK PEDALCYCLIST, FRONT END AT ANGLE",,N,Clear or Partly Cloudy,Dry,Daylight,,,,45.0,Vehicle - Pedalcyclist,10050,0,N,POINT (1278023.573305488 222928.8662003279),6963.0,0.0,Clear or Partly Cloudy
177877,229881,230261,3762853,Matched,Intersection,287172.0,BURKE GILMAN TRL AND NE 70TH ST,,,1,Property Damage Only Collision,Cycles,2,0,1,1,0,0,0,2016-10-29T00:00:00.000Z,10/29/2016 5:45:00 PM,At Intersection (intersection related),18,"MOTOR VEHICLE STRUCK PEDALCYCLIST, FRONT END AT ANGLE",,N,Other,Unknown,Dusk,,,,45.0,Vehicle - Pedalcyclist,0,524581,N,POINT (1287683.49088338 251095.8747411817),9161.0,0.0,
177881,228885,229245,E592541,Matched,Intersection,35272.0,YUKON AVE S AND S HENDERSON ST,,,2,Injury Collision,Cycles,2,0,1,1,1,0,0,2016-10-06T00:00:00.000Z,10/6/2016 2:39:00 PM,At Intersection (intersection related),18,"MOTOR VEHICLE STRUCK PEDALCYCLIST, FRONT END AT ANGLE",,N,Overcast,Dry,Daylight,,,,45.0,Vehicle - Pedalcyclist,0,35272,N,POINT (1283730.878271341 194235.2095949501),1055.0,0.0,Overcast
177895,230249,230649,E597799,Matched,Intersection,27149.0,15TH AVE NE AND NE PACIFIC ST,,,2,Injury Collision,Cycles,2,0,1,1,1,0,0,2016-10-18T00:00:00.000Z,10/18/2016 10:45:00 AM,At Intersection (intersection related),18,"MOTOR VEHICLE STRUCK PEDALCYCLIST, FRONT END AT ANGLE",Y,N,Clear or Partly Cloudy,Dry,Daylight,Y,,,45.0,Vehicle - Pedalcyclist,0,520838,N,POINT (1275885.728567302 241688.8779955506),1534.0,0.0,Clear or Partly Cloudy
177901,230742,231142,3289317,Matched,Intersection,30503.0,2ND AV ET S AND S MAIN ST,,,2b,Serious Injury Collision,Cycles,2,0,1,1,1,1,0,2016-11-03T00:00:00.000Z,11/3/2016 6:54:00 PM,At Intersection (intersection related),18,"MOTOR VEHICLE STRUCK PEDALCYCLIST, FRONT END AT ANGLE",Y,N,Clear or Partly Cloudy,Dry,Dark - Street Lights On,,,,45.0,Vehicle - Pedalcyclist,35815,0,N,POINT (1271104.247090414 222450.7687918395),1830.0,0.0,Clear or Partly Cloudy
177927,227738,228078,3782810,Matched,Block,,15TH AVE W BETWEEN W BERTONA ST AND W RUFFNER ST,,,2,Injury Collision,Cycles,1,0,1,0,1,0,0,2016-09-09T00:00:00.000Z,9/9/2016 9:10:00 PM,Mid-Block (not related to intersection),26,MOTOR VEHICLE STRUCK OBJECT IN ROAD,,N,Clear or Partly Cloudy,Dry,Daylight,,,,45.0,Vehicle - Pedalcyclist,19330,0,N,POINT (1260153.760167196 241369.7609392107),11674.0,4.225970206731205e-10,Clear or Partly Cloudy
177959,228397,228737,E590400,Matched,Block,,RAINIER AVE S BETWEEN S COLLEGE N ST AND S COLLEGE S ST,,,2,Injury Collision,Cycles,1,0,1,1,1,0,0,2016-09-29T00:00:00.000Z,9/29/2016 6:27:00 PM,Driveway Junction,18,"MOTOR VEHICLE STRUCK PEDALCYCLIST, FRONT END AT ANGLE",,N,Clear or Partly Cloudy,Dry,Daylight,Y,,,45.0,Vehicle - Pedalcyclist,0,0,N,POINT (1278059.821625531 216101.0194093436),8892.0,3.289567055124462e-09,Clear or Partly Cloudy
177974,228582,228942,3769594,Matched,Intersection,37182.0,6TH AVE NW AND NW 85TH ST,,,2,Injury Collision,Cycles,3,0,1,1,1,0,0,2016-09-19T00:00:00.000Z,9/19/2016 3:20:00 PM,At Intersection (intersection related),18,"MOTOR VEHICLE STRUCK PEDALCYCLIST, FRONT END AT ANGLE",,N,Clear or Partly Cloudy,Dry,Daylight,,,Y,45.0,Vehicle - Pedalcyclist,0,37182,N,POINT (1263626.973226756 255669.9163458645),539.0,0.0,Clear or Partly Cloudy
177998,229262,229622,E598023,Matched,Intersection,26698.0,3RD AVE W AND W CREMONA ST,,,2,Injury Collision,Cycles,1,0,1,1,1,0,0,2016-09-30T00:00:00.000Z,9/30/2016 1:26:00 PM,At Intersection (intersection related),18,"MOTOR VEHICLE STRUCK PEDALCYCLIST, FRONT END AT ANGLE",,N,Clear or Partly Cloudy,Dry,Daylight,,,,45.0,Vehicle - Pedalcyclist,30261,0,N,POINT (1263929.734187067 240670.8356264979),2740.0,0.0,Clear or Partly Cloudy
181068,235443,235883,3762740,Matched,Intersection,25168.0,20TH AVE NW AND BALLARD AVE NW,,,2,Injury Collision,Cycles,2,0,1,1,1,0,0,2017-02-11T00:00:00.000Z,2/11/2017 10:17:00 PM,At Intersection (intersection related),26,MOTOR VEHICLE STRUCK OBJECT IN ROAD,Y,Y,Clear or Partly Cloudy,Dry,Dark - Street Lights On,,,,45.0,Vehicle - Pedalcyclist,26025,0,N,POINT (1258809.976101816 246596.0838885754),2524.0,0.0,Clear or Partly Cloudy
181082,236705,237138,3773470,Matched,Intersection,29814.0,BOREN AVE AND JAMES ST,,,2,Injury Collision,Cycles,2,0,1,1,1,0,0,2017-03-09T00:00:00.000Z,3/9/2017 7:40:00 PM,At Intersection (intersection related),18,"MOTOR VEHICLE STRUCK PEDALCYCLIST, FRONT END AT ANGLE",,N,Raining,Wet,Dark - Street Lights On,,,,45.0,Vehicle - Pedalcyclist,0,523285,N,POINT (1273077.236020431 224781.0479622334),10331.0,0.0,Raining
181125,238106,238546,E655707,Matched,Intersection,24582.0,WOODLAWN AVE NE AND NE 71ST ST,,,2,Injury Collision,Cycles,0,0,1,1,1,0,0,2017-01-03T00:00:00.000Z,1/3/2017 3:00:00 PM,At Intersection (intersection related),18,"MOTOR VEHICLE STRUCK PEDALCYCLIST, FRONT END AT ANGLE",,N,Clear or Partly Cloudy,Dry,Daylight,,,,45.0,Vehicle - Pedalcyclist,0,524584,N,POINT (1273099.649844453 251528.578741625),1466.0,0.0,Clear or Partly Cloudy
181184,238313,238753,E642444,Matched,Block,,8TH AVE NW BETWEEN NW 65TH ST AND NW 67TH ST,,,2,Injury Collision,Cycles,0,0,1,1,1,0,0,2017-02-14T00:00:00.000Z,2/14/2017 7:40:00 AM,Mid-Block (not related to intersection),18,"MOTOR VEHICLE STRUCK PEDALCYCLIST, FRONT END AT ANGLE",,N,Clear or Partly Cloudy,Dry,Daylight,,,,45.0,Vehicle - Pedalcyclist,2489,0,N,POINT (1262861.803241968 250663.5413007289),6060.0,2.259857776979547e-05,Clear or Partly Cloudy
181186,238312,238752,E642443,Matched,Intersection,24170.0,10TH AVE NW AND NW 73RD ST,,,2,Injury Collision,Cycles,0,0,1,1,1,0,0,2017-02-14T00:00:00.000Z,2/14/2017 8:20:00 AM,At Intersection (intersection related),18,"MOTOR VEHICLE STRUCK PEDALCYCLIST, FRONT END AT ANGLE",,N,Clear or Partly Cloudy,Dry,Daylight,,,,45.0,Vehicle - Pedalcyclist,0,0,N,POINT (1262066.233385146 252344.0434464514),4987.0,0.0,Clear or Partly Cloudy
181253,236711,237144,3694027,Matched,Intersection,24458.0,6TH AVE NE AND NE 70TH N ST,,,2,Injury Collision,Cycles,2,0,1,1,1,0,0,2017-03-10T00:00:00.000Z,3/10/2017 3:43:00 PM,At Intersection (intersection related),18,"MOTOR VEHICLE STRUCK PEDALCYCLIST, FRONT END AT ANGLE",Y,N,Overcast,Dry,Daylight,,,,45.0,Vehicle - Pedalcyclist,7443,0,N,POINT (1273787.785013154 251665.3464857638),3204.0,0.0,Overcast
181261,236477,236917,3704220,Matched,Intersection,29790.0,BROADWAY AND E COLUMBIA ST,,,2,Injury Collision,Cycles,2,0,1,1,1,0,0,2017-03-06T00:00:00.000Z,3/6/2017 9:00:00 AM,At Intersection (intersection related),18,"MOTOR VEHICLE STRUCK PEDALCYCLIST, FRONT END AT ANGLE",Y,N,Raining,Wet,Daylight,Y,,,45.0,Vehicle - Pedalcyclist,6919,0,N,POINT (1273533.951028898 225778.429339245),649.0,0.0,Raining
181315,235461,235901,3771988,Matched,Intersection,29983.0,M L KING JR WAY AND E HOWELL ST,,,2,Injury Collision,Cycles,2,1,1,0,2,0,0,2017-02-13T00:00:00.000Z,2/13/2017 8:08:00 AM,At Intersection (intersection related),64,PEDALCYCLIST STRUCK PEDESTRIAN,Y,N,Clear or Partly Cloudy,Dry,Daylight,Y,,,45.0,Vehicle - Pedalcyclist,35399,29983,N,POINT (1279662.637883171 228718.6338862628),6492.0,0.0,Clear or Partly Cloudy
181355,236483,236923,3773509,Matched,Intersection,30576.0,30TH AVE AND E YESLER WAY,,,2,Injury Collision,Cycles,2,0,1,1,1,0,0,2017-03-02T00:00:00.000Z,3/2/2017 7:25:00 PM,At Intersection (intersection related),18,"MOTOR VEHICLE STRUCK PEDALCYCLIST, FRONT END AT ANGLE",,N,Unknown,Wet,Dark - Street Lights On,,,,45.0,Vehicle - Pedalcyclist,0,0,N,POINT (1280145.59826766 222882.0781042874),15147.0,0.0,
181490,235462,235902,3773451,Matched,Intersection,29863.0,MELROSE AVE AND PINE ST,,,2,Injury Collision,Cycles,3,0,1,1,1,0,0,2017-02-14T00:00:00.000Z,2/14/2017 7:51:00 PM,At Intersection (intersection related),11,"MOTOR VEHICLE STRUCK MOTOR VEHICLE, FRONT END AT ANGLE",,N,Raining,Wet,Dark - Street Lights On,,,,45.0,Vehicle - Pedalcyclist,10336,0,N,POINT (1271813.802035138 227999.6394535303),897.0,0.0,Raining
181524,236492,236932,3773531,Matched,Intersection,29922.0,BOREN AVE AND MARION ST,,,2b,Serious Injury Collision,Cycles,3,0,1,1,1,1,0,2017-03-09T00:00:00.000Z,3/9/2017 6:17:00 AM,At Intersection (intersection related),51,PEDALCYCLIST STRUCK MOTOR VEHICLE FRONT END AT ANGLE,,N,Overcast,Wet,Dawn,,,,45.0,Vehicle - Pedalcyclist,0,522230,N,POINT (1272609.620787948 225571.2106510401),3654.0,0.0,Overcast
181527,236491,236931,3748205,Matched,Intersection,24245.0,STROUD AVE N AND EAST GREEN LAKE DR N,,,2b,Serious Injury Collision,Cycles,3,0,1,1,1,1,0,2017-03-08T00:00:00.000Z,3/8/2017 7:30:00 AM,At Intersection (intersection related),18,"MOTOR VEHICLE STRUCK PEDALCYCLIST, FRONT END AT ANGLE",,N,Clear or Partly Cloudy,Dry,Daylight,,,,45.0,Vehicle - Pedalcyclist,7361,0,N,POINT (1270260.463409543 253635.7472557724),11177.0,0.0,Clear or Partly Cloudy
181561,237982,238422,E635213,Matched,Intersection,25588.0,PHINNEY AVE N AND N 63RD ST,,,2,Injury Collision,Cycles,0,0,1,1,1,0,0,2017-01-19T00:00:00.000Z,1/19/2017 6:35:00 PM,At Intersection (intersection related),18,"MOTOR VEHICLE STRUCK PEDALCYCLIST, FRONT END AT ANGLE",,N,Overcast,Wet,Dark - Street Lights On,,,,45.0,Vehicle - Pedalcyclist,12158,0,N,POINT (1265717.072684899 249765.4345478117),888.0,0.0,Overcast
181868,235540,235980,3781020,Matched,Intersection,32828.0,FAUNTLEROY WAY SW AND SW RAYMOND ST,,,2b,Serious Injury Collision,Cycles,2,0,1,1,1,1,0,2017-01-27T00:00:00.000Z,1/27/2017 6:54:00 AM,At Intersection (intersection related),18,"MOTOR VEHICLE STRUCK PEDALCYCLIST, FRONT END AT ANGLE",Y,N,Clear or Partly Cloudy,Dry,Dark - Street Lights On,,,,45.0,Vehicle - Pedalcyclist,2079,0,N,POINT (1257716.280100703 203907.5408688635),4732.0,0.0,Clear or Partly Cloudy
180005,233490,233890,E622996,Matched,Block,,E PIKE ST BETWEEN BROADWAY AND 10TH AVE,,,2b,Serious Injury Collision,Cycles,2,0,1,1,1,1,0,2016-12-08T00:00:00.000Z,12/8/2016 1:11:00 PM,Mid-Block (not related to intersection),21,"MOTOR VEHICLE STRUCK PEDALCYCLIST, REAR END",Y,N,Clear or Partly Cloudy,Dry,Daylight,,,Y,45.0,Vehicle - Pedalcyclist,31226,0,N,POINT (1273726.678581089 227540.1029410511),6915.0,7.450292674380054e-09,Clear or Partly Cloudy
180062,234674,235074,3762462,Matched,Block,,N NORTHLAKE WAY BETWEEN MERIDIAN AVE N AND CORLISS AVE N,,,2,Injury Collision,Cycles,2,0,1,1,1,0,0,2016-12-16T00:00:00.000Z,12/16/2016 6:05:00 PM,Mid-Block (but intersection related),51,PEDALCYCLIST STRUCK MOTOR VEHICLE FRONT END AT ANGLE,,N,Clear or Partly Cloudy,Dry,Dark - Street Lights On,,,,45.0,Vehicle - Pedalcyclist,0,664366,N,POINT (1270916.775282219 240077.715625897),22585.0,3.591360688882168e-05,Clear or Partly Cloudy
180092,234924,235324,3772003,Matched,Intersection,29959.0,9TH AVE AND JAMES ST,,,2,Injury Collision,Cycles,2,0,1,1,1,0,0,2017-02-01T00:00:00.000Z,2/1/2017 8:10:00 PM,At Intersection (intersection related),11,"MOTOR VEHICLE STRUCK MOTOR VEHICLE, FRONT END AT ANGLE",,N,Clear or Partly Cloudy,Dry,Dark - Street Lights On,,,,45.0,Vehicle - Pedalcyclist,0,522296,N,POINT (1272523.242035866 224452.9245698899),3285.0,0.0,Clear or Partly Cloudy
180140,232150,232550,E612858,Matched,Block,,2ND AVE BETWEEN UNION ST AND PIKE ST,,,2,Injury Collision,Cycles,2,0,1,1,1,0,0,2016-11-15T00:00:00.000Z,11/15/2016 7:25:00 PM,Driveway Junction,18,"MOTOR VEHICLE STRUCK PEDALCYCLIST, FRONT END AT ANGLE",,N,Raining,Wet,Dark - Street Lights On,,,,45.0,Vehicle - Pedalcyclist,42160,0,N,POINT (1269167.241392419 225698.1291791648),135.0,1.0206619767903732e-08,Raining
180149,233326,233726,E620917,Matched,Intersection,29757.0,BROADWAY AND E UNION ST,,,2,Injury Collision,Cycles,2,0,1,1,1,0,0,2016-12-12T00:00:00.000Z,12/12/2016 5:32:00 PM,At Intersection (intersection related),18,"MOTOR VEHICLE STRUCK PEDALCYCLIST, FRONT END AT ANGLE",,N,Clear or Partly Cloudy,Dry,Dark - Street Lights On,,,,45.0,Vehicle - Pedalcyclist,9241,0,N,POINT (1273558.806836918 227135.8089246452),6210.0,0.0,Clear or Partly Cloudy
180177,233501,233901,3756181,Matched,Intersection,33331.0,15TH AVE S AND S DAWSON ST,,,2,Injury Collision,Cycles,2,0,1,1,1,0,0,2017-01-13T00:00:00.000Z,1/13/2017 3:12:00 PM,At Intersection (intersection related),18,"MOTOR VEHICLE STRUCK PEDALCYCLIST, FRONT END AT ANGLE",,N,Clear or Partly Cloudy,Dry,Daylight,,,,45.0,Vehicle - Pedalcyclist,2167,0,N,POINT (1274958.286902353 206190.4185671955),7659.0,0.0,Clear or Partly Cloudy
180198,233493,233893,3753857,Matched,Block,,S GRAHAM ST BETWEEN 33RD AVE S AND M L KING JR WR WAY S,,,3,Fatality Collision,Cycles,2,0,1,1,0,0,1,2017-01-13T00:00:00.000Z,1/13/2017 3:07:00 PM,Mid-Block (not related to intersection),18,"MOTOR VEHICLE STRUCK PEDALCYCLIST, FRONT END AT ANGLE",,N,Clear or Partly Cloudy,Dry,Daylight,,,,45.0,Vehicle - Pedalcyclist,20123,0,N,POINT (1281187.387068734 202590.9781155139),1762.0,2.877376492732509e-05,Clear or Partly Cloudy
180257,233338,233738,E623003,Matched,Intersection,29757.0,BROADWAY AND E UNION ST,,,2,Injury Collision,Cycles,2,0,1,1,1,0,0,2016-12-17T00:00:00.000Z,12/17/2016 5:31:00 PM,At Intersection (intersection related),18,"MOTOR VEHICLE STRUCK PEDALCYCLIST, FRONT END AT ANGLE",Y,N,Clear or Partly Cloudy,Dry,Dark - Street Lights On,,,,45.0,Vehicle - Pedalcyclist,41380,0,N,POINT (1273558.806836918 227135.8089246452),6210.0,0.0,Clear or Partly Cloudy
180417,233344,233744,E621186,Matched,Block,,RAINIER AVE S BETWEEN 21ST S AVE S AND S GRAND ST,,,2,Injury Collision,Cycles,2,0,1,1,1,0,0,2016-12-14T00:00:00.000Z,12/14/2016 7:04:00 AM,Mid-Block (not related to intersection),18,"MOTOR VEHICLE STRUCK PEDALCYCLIST, FRONT END AT ANGLE",,N,Clear or Partly Cloudy,Dry,Dawn,,,,45.0,Vehicle - Pedalcyclist,19959,0,N,POINT (1277303.451576754 217646.5278909206),11981.0,0.0,Clear or Partly Cloudy
180465,234120,234520,3771956,Matched,Intersection,27153.0,EASTLAKE AVE E AND FUHRMAN AVE E,NEI,"Not Enough Information, or Insufficient Location Information",2,Injury Collision,Cycles,2,0,1,1,1,0,0,2017-01-20T00:00:00.000Z,1/20/2017 4:50:00 PM,At Intersection (intersection related),0,NOT ENOUGH INFORMATION / NOT APPLICABLE,,N,Clear or Partly Cloudy,Dry,Daylight,Y,,,45.0,Vehicle - Pedalcyclist,10184,0,N,POINT (1273704.647989064 241221.0042030662),995.0,0.0,Clear or Partly Cloudy
180492,232334,232734,3579110,Matched,Block,,1ST AVE S BETWEEN S FIDALGO ST AND EAST MARGINAL WAY S,,,2,Injury Collision,Cycles,2,0,1,1,1,0,0,2016-12-05T00:00:00.000Z,12/5/2016 8:04:00 AM,Driveway Junction,18,"MOTOR VEHICLE STRUCK PEDALCYCLIST, FRONT END AT ANGLE",,N,Snowing,Snow/Slush,Daylight,,,,45.0,Vehicle - Pedalcyclist,1506,0,N,POINT (1269789.682993069 204011.4613169581),21944.0,1.3114357217041686e-05,Raining
180541,233168,233568,E612676,Matched,Block,,ALASKAN WAY BETWEEN WALL ST AND VINE ST,,,2,Injury Collision,Cycles,2,0,1,1,1,0,0,2016-11-07T00:00:00.000Z,11/7/2016 10:08:00 AM,Mid-Block (not related to intersection),24,MOTOR VEHCILE STRUCK PEDESTRIAN,,N,Overcast,Dry,Daylight,,,,45.0,Vehicle - Pedalcyclist,0,0,N,POINT (1265935.233197108 227325.1042848378),11888.0,1.0844115121314477e-09,Overcast
180684,232561,232961,3762321,Matched,Block,,NE 45TH ST BETWEEN 1ST AVE NE AND 2ND AVE NE,,,2,Injury Collision,Cycles,2,0,1,1,1,0,0,2016-12-02T00:00:00.000Z,12/2/2016 5:55:00 PM,Mid-Block (not related to intersection),18,"MOTOR VEHICLE STRUCK PEDALCYCLIST, FRONT END AT ANGLE",,N,Overcast,Wet,Dusk,Y,,,45.0,Vehicle - Pedalcyclist,6532,0,N,POINT (1272176.522995502 244818.3334227502),18208.0,3.0169654243669977e-05,Overcast
180696,233559,233959,3784781,Matched,Block,,NE 65TH ST BETWEEN 9TH AVE NE AND ROOSEVELT WAY NE,,,2,Injury Collision,Cycles,2,0,1,1,1,0,0,2017-01-14T00:00:00.000Z,1/14/2017 8:30:00 AM,Mid-Block (not related to intersection),18,"MOTOR VEHICLE STRUCK PEDALCYCLIST, FRONT END AT ANGLE",,N,Clear or Partly Cloudy,Dry,Daylight,,,,45.0,Vehicle - Pedalcyclist,17261,0,N,POINT (1274674.498742059 250051.9645961076),16482.0,0.0,Clear or Partly Cloudy
180829,233986,234386,3784760,Matched,Block,,EASTLAKE AVE E BETWEEN DENNY LOWER WAY AND STEWART ST,,,2,Injury Collision,Cycles,2,0,1,1,1,0,0,2017-01-04T00:00:00.000Z,1/4/2017 5:34:00 PM,Mid-Block (not related to intersection),18,"MOTOR VEHICLE STRUCK PEDALCYCLIST, FRONT END AT ANGLE",,N,Overcast,Dry,Dusk,,,,45.0,Vehicle - Pedalcyclist,10162,0,N,POINT (1271538.581618845 229422.8464949876),3500.0,2.883593534889937e-05,Overcast
180966,236264,236704,3699575,Matched,Intersection,33100.0,AIRPORT WAY S AND S LUCILE ST,,,2,Injury Collision,Cycles,2,0,1,1,1,0,0,2017-03-02T00:00:00.000Z,3/2/2017 4:25:00 PM,At Intersection (intersection related),18,"MOTOR VEHICLE STRUCK PEDALCYCLIST, FRONT END AT ANGLE",,N,Raining,Wet,Daylight,Y,,,45.0,Vehicle - Pedalcyclist,0,522395,N,POINT (1273078.798132434 205396.5287743807),1827.0,0.0,Raining
180997,236938,237378,3693507,Matched,Intersection,35427.0,RAINIER AVE S AND S CLOVERDALE ST,,,2,Injury Collision,Cycles,2,0,1,1,1,0,0,2017-03-16T00:00:00.000Z,3/16/2017 7:58:00 AM,At Intersection (intersection related),18,"MOTOR VEHICLE STRUCK PEDALCYCLIST, FRONT END AT ANGLE",,N,Clear or Partly Cloudy,Dry,Daylight,Y,,,45.0,Vehicle - Pedalcyclist,0,523391,N,POINT (1285490.46867314 195244.5082839876),6618.0,0.0,Clear or Partly Cloudy
179011,232845,233245,3771614,Matched,Block,,20TH AVE BETWEEN E YESLER WAY AND E FIR ST,,,1,Property Damage Only Collision,Cycles,2,0,1,1,0,0,0,2016-12-28T00:00:00.000Z,12/28/2016 2:34:00 PM,Driveway Junction,18,"MOTOR VEHICLE STRUCK PEDALCYCLIST, FRONT END AT ANGLE",,N,Overcast,Dry,Daylight,,,,45.0,Vehicle - Pedalcyclist,0,0,N,POINT (1277037.514168486 223132.4490485489),22036.0,1.5332340885944425e-10,Overcast
179020,232424,232824,3731663,Matched,Intersection,27039.0,FREMONT AVE N AND N 34TH ST,,,2,Injury Collision,Cycles,2,0,1,1,1,0,0,2016-12-04T00:00:00.000Z,12/4/2016 8:33:00 PM,At Intersection (intersection related),18,"MOTOR VEHICLE STRUCK PEDALCYCLIST, FRONT END AT ANGLE",,Y,Clear or Partly Cloudy,Dry,Dark - Street Lights On,Y,,,45.0,Vehicle - Pedalcyclist,0,522963,N,POINT (1266674.116909876 240632.7658664584),1223.0,0.0,Clear or Partly Cloudy
179049,232601,233001,3342444,Matched,Intersection,32969.0,21ST AVE SW AND SW GRAHAM ST,,,2,Injury Collision,Cycles,2,0,1,1,1,0,0,2016-12-26T00:00:00.000Z,12/26/2016 12:31:00 PM,At Intersection (intersection related),18,"MOTOR VEHICLE STRUCK PEDALCYCLIST, FRONT END AT ANGLE",,N,Clear or Partly Cloudy,Dry,Daylight,,,,45.0,Vehicle - Pedalcyclist,0,0,N,POINT (1263470.901546597 203095.9781160206),2160.0,0.0,Clear or Partly Cloudy
179068,233601,234001,E631988,Matched,Block,,SW AVALON WAY BETWEEN 35TH AVE SW AND 36TH AVE SW,,,2b,Serious Injury Collision,Cycles,2,0,1,1,1,1,0,2016-12-14T00:00:00.000Z,12/14/2016 7:45:00 PM,Mid-Block (not related to intersection),18,"MOTOR VEHICLE STRUCK PEDALCYCLIST, FRONT END AT ANGLE",,N,Clear or Partly Cloudy,Dry,Dark - Street Lights On,,,,45.0,Vehicle - Pedalcyclist,0,0,N,POINT (1259377.658598393 209579.5628906637),7944.0,1.5738082720259015e-05,Clear or Partly Cloudy
179083,233043,233443,E616424,Matched,Intersection,27228.0,4TH AVE NE AND NE 40TH ST,,,2,Injury Collision,Cycles,2,0,1,1,1,0,0,2016-12-01T00:00:00.000Z,12/1/2016 4:08:00 PM,At Intersection (intersection related),18,"MOTOR VEHICLE STRUCK PEDALCYCLIST, FRONT END AT ANGLE",,N,Clear or Partly Cloudy,Dry,Dusk,,,,45.0,Vehicle - Pedalcyclist,0,0,N,POINT (1272922.147892267 242677.3748925626),401.0,0.0,Clear or Partly Cloudy
179092,233040,233440,E616422,Matched,Block,,12TH AVE NE BETWEEN NE 50TH ST AND NE 52ND ST,,,2,Injury Collision,Cycles,2,0,1,1,1,0,0,2016-12-02T00:00:00.000Z,12/2/2016 3:00:00 PM,Mid-Block (but intersection related),18,"MOTOR VEHICLE STRUCK PEDALCYCLIST, FRONT END AT ANGLE",Y,N,Raining,Wet,Daylight,,,,45.0,Vehicle - Pedalcyclist,0,0,N,POINT (1275293.732662693 246335.1078242958),2326.0,4.313014869561843e-06,Raining
179110,231629,232029,E614836,Matched,Block,,12TH AVE BETWEEN E CHERRY ST AND E COLUMBIA ST,,,2b,Serious Injury Collision,Cycles,2,0,1,1,1,1,0,2016-11-29T00:00:00.000Z,11/29/2016 5:17:00 PM,Mid-Block (not related to intersection),18,"MOTOR VEHICLE STRUCK PEDALCYCLIST, FRONT END AT ANGLE",Y,N,Clear or Partly Cloudy,Dry,Dark - Street Lights On,,,,45.0,Vehicle - Pedalcyclist,10685,0,N,POINT (1274510.530229896 225541.1101710051),5015.0,0.0,Clear or Partly Cloudy
179135,234198,234598,E629344,Matched,Block,,FREMONT AVE N BETWEEN XW N40 AND N 41ST ST,,,1,Property Damage Only Collision,Cycles,2,0,1,1,0,0,0,2017-01-04T00:00:00.000Z,1/4/2017 7:52:00 AM,Mid-Block (not related to intersection),18,"MOTOR VEHICLE STRUCK PEDALCYCLIST, FRONT END AT ANGLE",,N,Clear or Partly Cloudy,Dry,Daylight,Y,,,45.0,Vehicle - Pedalcyclist,10490,0,N,POINT (1266673.555501878 242983.9267008752),11089.0,7.38948133517978e-09,Clear or Partly Cloudy