OBJECTID,INCKEY,COLDETKEY,REPORTNO,STATUS,ADDRTYPE,INTKEY,LOCATION,EXCEPTRSNC,EXCEPTRSND,SEVERITYCO,SEVERITYDE,COLLISIONT,PERSONCOUN,PEDCOUNT,PEDCYLCOUN,VEHCOUNT,INJURIES,SERIOUSINJ,FATALITIES,INCDATE,INCDTTM,JUNCTIONTY,SDOT_COLCO,SDOT_COLDE,INATTENTIO,UNDERINFL,WEATHER,ROADCOND,LIGHTCOND,PEDROWNOTG,SDOTCOLNUM,SPEEDING,ST_COLCODE,ST_COLDESC,SEGLANEKEY,CROSSWALKK,HITPARKEDC,geometry,near_str_index,min_length,weather_group
182432,235366,235806,3747589,Matched,Intersection,25064.0,32ND AVE NW AND NW MARKET ST,,,2b,Serious Injury Collision,Cycles,3,0,1,1,1,1,0,2017-02-12T00:00:00.000Z,2/12/2017 1:31:00 PM,At Intersection (intersection related),11,"MOTOR VEHICLE STRUCK MOTOR VEHICLE, FRONT END AT ANGLE",,N,Clear or Partly Cloudy,Dry,Daylight,,,,45.0,Vehicle - Pedalcyclist,1622,0,N,POINT (1254846.036257759 247814.1060338169),2800.0,0.0,Clear or Partly Cloudy
182571,235185,235601,3708220,Matched,Intersection,27182.0,2ND AVE NE AND NE 45TH ST,,,2,Injury Collision,Cycles,2,0,1,1,1,0,0,2017-01-31T00:00:00.000Z,1/31/2017 6:55:00 AM,At Intersection (intersection related),18,"MOTOR VEHICLE STRUCK PEDALCYCLIST, FRONT END AT ANGLE",,N,Clear or Partly Cloudy,Dry,Dark - Street Lights On,Y,,,45.0,Vehicle - Pedalcyclist,45800,0,N,POINT (1272301.489459634 244814.9838547409),5213.0,0.0,Clear or Partly Cloudy
182591,235186,235617,3730693,Matched,Block,,S DEARBORN ST BETWEEN 7TH AVE S AND 8TH AVE S,,,2,Injury Collision,Cycles,2,0,1,1,1,0,0,2017-01-26T00:00:00.000Z,1/26/2017 2:53:00 PM,Mid-Block (not related to intersection),18,"MOTOR VEHICLE STRUCK PEDALCYCLIST, FRONT END AT ANGLE",Y,N,Clear or Partly Cloudy,Dry,Daylight,,,,45.0,Vehicle - Pedalcyclist,5842,0,N,POINT (1272858.619828209 220899.3477982581),13978.0,1.948371687125159e-05,Clear or Partly Cloudy
182638,236219,236659,3762568,Matched,Intersection,287171.0,BURKE GILMAN TRL AND NE 65TH ST,,,2,Injury Collision,Cycles,2,0,1,1,1,0,0,2017-03-02T00:00:00.000Z,3/2/2017 2:15:00 PM,At Intersection (intersection related),18,"MOTOR VEHICLE STRUCK PEDALCYCLIST, FRONT END AT ANGLE",Y,N,Clear or Partly Cloudy,Dry,Daylight,,,,45.0,Vehicle - Pedalcyclist,0,524265,N,POINT (1287350.799683049 249775.8573318273),11616.0,0.0,Clear or Partly Cloudy
182684,236840,237280,3703803,Matched,Intersection,29969.0,2ND AVE AND COLUMBIA ST,,,2,Injury Collision,Cycles,2,0,1,1,1,0,0,2017-03-14T00:00:00.000Z,3/14/2017 8:46:00 AM,At Intersection (intersection related),18,"MOTOR VEHICLE STRUCK PEDALCYCLIST, FRONT END AT ANGLE",,N,Overcast,Wet,Daylight,,,,45.0,Vehicle - Pedalcyclist,42244,0,N,POINT (1270271.923249558 223832.0001532584),5206.0,0.0,Overcast
182788,236226,236666,3773493,Matched,Block,,E MADISON ST BETWEEN 29TH W AVE E AND 29TH E AVE E,,,2,Injury Collision,Cycles,2,0,1,1,1,0,0,2017-03-05T00:00:00.000Z,3/5/2017 11:45:00 AM,Driveway Junction,18,"MOTOR VEHICLE STRUCK PEDALCYCLIST, FRONT END AT ANGLE",,N,Clear or Partly Cloudy,Dry,Daylight,,,,45.0,Vehicle - Pedalcyclist,0,0,N,POINT (1279915.685755432 231070.2476486713),11229.0,3.35878401306119e-05,Clear or Partly Cloudy
182810,237862,238302,3740405,Matched,Block,,WESTLAKE AVE N BETWEEN REPUBLICAN ST AND MERCER SR ST,,,2,Injury Collision,Cycles,2,0,1,1,1,0,0,2017-03-30T00:00:00.000Z,3/30/2017 5:39:00 PM,Driveway Junction,18,"MOTOR VEHICLE STRUCK PEDALCYCLIST, FRONT END AT ANGLE",,N,Clear or Partly Cloudy,Dry,Daylight,Y,,,45.0,Vehicle - Pedalcyclist,0,0,N,POINT (1269277.042992532 231202.1090888083),6765.0,0.0,Clear or Partly Cloudy
182823,238072,238512,E637047,Matched,Intersection,27039.0,FREMONT AVE N AND N 34TH ST,,,2,Injury Collision,Cycles,0,0,1,1,1,0,0,2017-01-31T00:00:00.000Z,1/31/2017 8:37:00 AM,At Intersection (intersection related),18,"MOTOR VEHICLE STRUCK PEDALCYCLIST, FRONT END AT ANGLE",,N,Clear or Partly Cloudy,Dry,Daylight,,,,45.0,Vehicle - Pedalcyclist,8240,0,N,POINT (1266674.116909876 240632.7658664584),1223.0,0.0,Clear or Partly Cloudy
182851,237864,238304,E656713,Matched,Block,,ALASKAN WAY BETWEEN SPRING ST AND SENECA ST,,,2,Injury Collision,Cycles,3,0,1,1,1,0,0,2017-03-30T00:00:00.000Z,3/30/2017 12:16:00 PM,Driveway Junction,18,"MOTOR VEHICLE STRUCK PEDALCYCLIST, FRONT END AT ANGLE",Y,N,Clear or Partly Cloudy,Dry,Daylight,,,,45.0,Vehicle - Pedalcyclist,0,0,N,POINT (1268896.759216145 224260.2855937034),22949.0,4.0136467505055615e-09,Clear or Partly Cloudy
182955,238074,238514,E637054,Matched,Block,,24TH AVE NW BETWEEN NW 65TH ST AND NW 67TH ST,,,2,Injury Collision,Cycles,0,0,1,1,1,0,0,2017-01-25T00:00:00.000Z,1/25/2017 8:25:00 AM,Driveway Junction,18,"MOTOR VEHICLE STRUCK PEDALCYCLIST, FRONT END AT ANGLE",,N,Overcast,Dry,Daylight,,,,45.0,Vehicle - Pedalcyclist,3600,0,N,POINT (1257556.572836533 250750.0636048168),200.0,1.6475366481285298e-05,Overcast
182983,237365,237805,3701649,Matched,Intersection,26915.0,DENSMORE AVE N AND N NORTHLAKE WAY,,,2,Injury Collision,Cycles,2,0,1,1,1,0,0,2017-03-24T00:00:00.000Z,3/24/2017 5:17:00 PM,At Intersection (intersection related),18,"MOTOR VEHICLE STRUCK PEDALCYCLIST, FRONT END AT ANGLE",,N,Raining,Wet,Daylight,,,,45.0,Vehicle - Pedalcyclist,0,664365,N,POINT (1269659.243056923 239587.2022173852),4089.0,0.0,Raining
184059,239922,240362,3747855,Matched,Intersection,27231.0,1ST AVE NE AND NE 40TH ST,,,2,Injury Collision,Cycles,2,0,1,1,1,0,0,2017-04-26T00:00:00.000Z,4/26/2017 7:19:00 AM,At Intersection (intersection related),51,PEDALCYCLIST STRUCK MOTOR VEHICLE FRONT END AT ANGLE,,N,Clear or Partly Cloudy,Dry,Daylight,,,,45.0,Vehicle - Pedalcyclist,26499,0,N,POINT (1272105.701939434 242701.012396574),4015.0,0.0,Clear or Partly Cloudy
184132,238571,239011,3753183,Matched,Block,,8TH AVE BETWEEN VIRGINIA ST AND WESTLAKE AVE,,,2,Injury Collision,Cycles,2,0,1,1,1,0,0,2017-04-10T00:00:00.000Z,4/10/2017 8:10:00 AM,Driveway Junction,18,"MOTOR VEHICLE STRUCK PEDALCYCLIST, FRONT END AT ANGLE",,N,Clear or Partly Cloudy,Dry,Daylight,,,,45.0,Vehicle - Pedalcyclist,14037,0,N,POINT (1269516.607152775 228360.8135979027),10261.0,5.5075608725783425e-09,Clear or Partly Cloudy
184134,239117,239557,3746200,Matched,Block,,WESTERN AVE BETWEEN UNION ST AND PIKE ST,,,2,Injury Collision,Cycles,2,0,1,1,1,0,0,2017-04-13T00:00:00.000Z,4/13/2017 5:18:00 PM,Driveway Junction,18,"MOTOR VEHICLE STRUCK PEDALCYCLIST, FRONT END AT ANGLE",,N,Clear or Partly Cloudy,Dry,Daylight,Y,,,45.0,Vehicle - Pedalcyclist,13038,0,N,POINT (1268613.002415851 225370.2989068329),11196.0,1.0205433644179254e-08,Clear or Partly Cloudy
184138,242036,242496,E661649,Matched,Block,,BROOKLYN AVE NE BETWEEN NE PACIFIC ST AND NE 40TH ST,,,2,Injury Collision,Cycles,2,0,1,1,1,0,0,2017-04-04T00:00:00.000Z,4/4/2017 1:14:00 PM,Mid-Block (not related to intersection),18,"MOTOR VEHICLE STRUCK PEDALCYCLIST, FRONT END AT ANGLE",,N,Overcast,Dry,Daylight,Y,,,45.0,Vehicle - Pedalcyclist,0,525567,N,POINT (1275403.365302816 242247.5613881201),21781.0,1.2572490569969435e-05,Overcast
184200,240207,240647,E656173,Matched,Intersection,33029.0,1ST AVE S AND S BRANDON ST,,,2,Injury Collision,Cycles,0,0,1,1,1,0,0,2017-03-17T00:00:00.000Z,3/17/2017 4:50:00 AM,At Intersection (intersection related),18,"MOTOR VEHICLE STRUCK PEDALCYCLIST, FRONT END AT ANGLE",,N,Clear or Partly Cloudy,Dry,Dark - Street Lights On,,,,45.0,Vehicle - Pedalcyclist,1414,0,N,POINT (1269822.985777095 205757.1529027522),14463.0,0.0,Clear or Partly Cloudy
184238,241611,242051,3773653,Matched,Intersection,29018.0,10TH AVE E AND E REPUBLICAN ST,,,2,Injury Collision,Cycles,2,0,1,1,1,0,0,2017-05-23T00:00:00.000Z,5/23/2017 5:25:00 PM,At Intersection (intersection related),18,"MOTOR VEHICLE STRUCK PEDALCYCLIST, FRONT END AT ANGLE",,N,Clear or Partly Cloudy,Dry,Daylight,Y,,,45.0,Vehicle - Pedalcyclist,0,0,N,POINT (1273841.440309212 230837.8333764374),3941.0,0.0,Clear or Partly Cloudy
184291,242049,242509,E661668,Matched,Block,,ROOSEVELT WAY NE BETWEEN NE 42ND N ST AND NE 43RD S ST,,,2,Injury Collision,Cycles,2,0,1,1,1,0,0,2017-04-04T00:00:00.000Z,4/4/2017 8:54:00 AM,Mid-Block (not related to intersection),18,"MOTOR VEHICLE STRUCK PEDALCYCLIST, FRONT END AT ANGLE",,N,Clear or Partly Cloudy,Dry,Daylight,,,,45.0,Vehicle - Pedalcyclist,45532,0,N,POINT (1274621.021750003 243878.6222537905),19030.0,1.4612336307282194e-05,Clear or Partly Cloudy
184351,240658,241098,E655079,Matched,Intersection,32737.0,RAINIER AVE S AND S ALASKA ST,,,1,Property Damage Only Collision,Cycles,0,0,1,1,0,0,0,2017-03-05T00:00:00.000Z,3/5/2017 8:55:00 PM,At Intersection (intersection related),18,"MOTOR VEHICLE STRUCK PEDALCYCLIST, FRONT END AT ANGLE",,N,Clear or Partly Cloudy,Dry,Dark - Street Lights On,,,,45.0,Vehicle - Pedalcyclist,0,524851,N,POINT (1281518.559549078 207933.7529689819),1676.0,0.0,Clear or Partly Cloudy
184363,241067,241507,E668882,Matched,Intersection,25533.0,MIDVALE AVE N AND N 50TH ST,,,2,Injury Collision,Cycles,2,0,1,1,1,0,0,2017-05-05T00:00:00.000Z,5/5/2017 8:50:00 AM,At Intersection (intersection related),18,"MOTOR VEHICLE STRUCK PEDALCYCLIST, FRONT END AT ANGLE",,N,Clear or Partly Cloudy,Dry,Daylight,,,,45.0,Vehicle - Pedalcyclist,9757,0,N,POINT (1268265.885999501 246224.5536481887),14902.0,0.0,Clear or Partly Cloudy
184370,241844,242284,E659969,Matched,Intersection,29968.0,2ND AVE AND MARION ST,,,2,Injury Collision,Cycles,2,0,1,1,1,0,0,2017-04-06T00:00:00.000Z,4/6/2017 2:29:00 PM,At Intersection (intersection related),18,"MOTOR VEHICLE STRUCK PEDALCYCLIST, FRONT END AT ANGLE",,N,Clear or Partly Cloudy,Dry,Daylight,,,,45.0,Vehicle - Pedalcyclist,42238,0,N,POINT (1270116.020785391 224095.4131455272),2489.0,0.0,Clear or Partly Cloudy
184413,241845,242285,E660020,Matched,Block,,12TH AVE BETWEEN E PIKE ST AND E PINE ST,,,2,Injury Collision,Cycles,4,0,1,1,1,0,0,2017-04-04T00:00:00.000Z,4/4/2017 5:45:00 PM,Mid-Block (not related to intersection),14,"MOTOR VEHICLE STRUCK MOTOR VEHICLE, REAR END",,N,Clear or Partly Cloudy,Dry,Daylight,,,,45.0,Vehicle - Pedalcyclist,10802,0,N,POINT (1274536.955509916 227744.1176612675),15662.0,4.397364332129107e-06,Clear or Partly Cloudy
184453,239783,240223,3740347,Matched,Block,,BLANCHARD ST BETWEEN 6TH AVE AND 7TH AVE,,,1,Property Damage Only Collision,Cycles,2,0,1,1,0,0,0,2017-04-26T00:00:00.000Z,4/26/2017 12:45:00 PM,Driveway Junction,18,"MOTOR VEHICLE STRUCK PEDALCYCLIST, FRONT END AT ANGLE",,N,Raining,Wet,Daylight,,,,45.0,Vehicle - Pedalcyclist,0,0,N,POINT (1268718.287215963 228433.1391659677),6186.0,1.9636995262046767e-05,Raining
184710,242070,242530,E663380,Matched,Block,,SEWARD PARK AVE S BETWEEN S BRIGHTON ST AND S WILLOW ST,,,2,Injury Collision,Cycles,2,0,1,1,1,0,0,2017-04-18T00:00:00.000Z,4/18/2017 5:23:00 PM,Mid-Block (not related to intersection),18,"MOTOR VEHICLE STRUCK PEDALCYCLIST, FRONT END AT ANGLE",,N,Clear or Partly Cloudy,Dry,Daylight,Y,,,45.0,Vehicle - Pedalcyclist,0,0,N,POINT (1286690.649410367 200679.0311695486),954.0,1.0157299268435064e-05,Clear or Partly Cloudy
184723,240015,240455,3730698,Matched,Block,,N 45TH ST BETWEEN EASTERN AVE N AND 1ST AVE NE,,,2,Injury Collision,Cycles,2,0,1,1,1,0,0,2017-04-27T00:00:00.000Z,4/27/2017 7:10:00 PM,Driveway Junction,18,"MOTOR VEHICLE STRUCK PEDALCYCLIST, FRONT END AT ANGLE",,N,Clear or Partly Cloudy,Dry,Daylight,,,,45.0,Vehicle - Pedalcyclist,0,0,N,POINT (1271965.276083291 244823.9774547517),10477.0,2.104616693182615e-05,Clear or Partly Cloudy
184786,241359,241799,3753505,Matched,Intersection,28762.0,BOREN AVE N AND MERCER SR ST,,,2,Injury Collision,Cycles,2,0,1,1,1,0,0,2017-05-18T00:00:00.000Z,5/18/2017 7:11:00 PM,At Intersection (intersection related),51,PEDALCYCLIST STRUCK MOTOR VEHICLE FRONT END AT ANGLE,,N,Clear or Partly Cloudy,Dry,Daylight,,,,45.0,Vehicle - Pedalcyclist,0,28762,N,POINT (1269926.182961196 231430.9392970353),3663.0,0.0,Clear or Partly Cloudy
184844,238622,239062,E659064,Matched,Intersection,287158.0,BROOKLYN AVE NE AND BURKE GILMAN TRL,,,2,Injury Collision,Cycles,2,0,1,1,1,0,0,2017-04-06T00:00:00.000Z,4/6/2017 10:17:00 AM,At Intersection (intersection related),18,"MOTOR VEHICLE STRUCK PEDALCYCLIST, FRONT END AT ANGLE",,N,Raining,Wet,Daylight,,,,45.0,Vehicle - Pedalcyclist,0,525567,N,POINT (1275399.661622807 242148.1143480092),2203.0,0.0,Raining
184846,241878,242318,E661287,Matched,Block,,15TH AVE E BETWEEN E GARFIELD ST AND E OLIN S PL,,,2,Injury Collision,Cycles,2,0,1,1,1,0,0,2017-03-31T00:00:00.000Z,3/31/2017 1:00:00 PM,Mid-Block (not related to intersection),18,"MOTOR VEHICLE STRUCK PEDALCYCLIST, FRONT END AT ANGLE",,N,Clear or Partly Cloudy,Dry,Daylight,,,,45.0,Vehicle - Pedalcyclist,0,0,N,POINT (1275665.827063084 234895.8960365951),5094.0,2.162982212208945e-05,Clear or Partly Cloudy
184889,240727,241167,3734118,Matched,Intersection,25419.0,8TH AVE NW AND NW MARKET ST,,,2,Injury Collision,Cycles,2,0,1,1,1,0,0,2017-05-03T00:00:00.000Z,5/3/2017 4:34:00 PM,At Intersection (intersection related),18,"MOTOR VEHICLE STRUCK PEDALCYCLIST, FRONT END AT ANGLE",,N,Clear or Partly Cloudy,Dry,Daylight,,,,45.0,Vehicle - Pedalcyclist,2397,0,N,POINT (1262763.608617872 247665.3825776577),3263.0,0.0,Clear or Partly Cloudy
184899,240723,241163,3703954,Matched,Intersection,28329.0,EASTLAKE AVE E AND E BLAINE ST,,,2,Injury Collision,Cycles,2,0,1,1,1,0,0,2017-05-08T00:00:00.000Z,5/8/2017 1:45:00 PM,At Intersection (intersection related),18,"MOTOR VEHICLE STRUCK PEDALCYCLIST, FRONT END AT ANGLE",Y,N,Clear or Partly Cloudy,Dry,Daylight,Y,,,45.0,Vehicle - Pedalcyclist,24779,0,N,POINT (1272615.402035952 235144.8644208461),3856.0,0.0,Clear or Partly Cloudy
184916,241418,241858,E673288,Matched,Intersection,27149.0,15TH AVE NE AND NE PACIFIC ST,,,2,Injury Collision,Cycles,2,0,1,1,1,0,0,2017-05-19T00:00:00.000Z,5/19/2017 8:13:00 AM,At Intersection (intersection related),18,"MOTOR VEHICLE STRUCK PEDALCYCLIST, FRONT END AT ANGLE",Y,N,Clear or Partly Cloudy,Dry,Daylight,,,,45.0,Vehicle - Pedalcyclist,0,520838,N,POINT (1275885.728567302 241688.8779955506),1534.0,0.0,Clear or Partly Cloudy
184933,242094,242554,E672488,Matched,Intersection,29741.0,13TH AVE AND E PINE ST,,,2,Injury Collision,Cycles,2,0,1,1,1,0,0,2017-05-17T00:00:00.000Z,5/17/2017 8:10:00 AM,At Intersection (intersection related),18,"MOTOR VEHICLE STRUCK PEDALCYCLIST, FRONT END AT ANGLE",,N,Clear or Partly Cloudy,Dry,Daylight,,,,45.0,Vehicle - Pedalcyclist,10430,0,N,POINT (1274860.796214253 227953.2678694725),3935.0,0.0,Clear or Partly Cloudy
183061,236903,237343,E651608,Matched,Block,,EASTLAKE AVE E BETWEEN E EDGAR ST AND E HAMLIN ST,,,2,Injury Collision,Cycles,0,0,1,1,1,0,0,2017-03-13T00:00:00.000Z,3/13/2017 9:06:00 AM,Mid-Block (not related to intersection),18,"MOTOR VEHICLE STRUCK PEDALCYCLIST, FRONT END AT ANGLE",,N,Raining,Wet,Daylight,,,,45.0,Vehicle - Pedalcyclist,24701,0,N,POINT (1272523.567795858 238864.7439126521),17419.0,4.238964675240824e-06,Raining
183157,235836,236276,3769800,Matched,Intersection,25545.0,STONE WAY N AND N 49TH ST,,,2,Injury Collision,Cycles,2,0,1,1,1,0,0,2017-02-24T00:00:00.000Z,2/24/2017 7:20:00 AM,At Intersection (intersection related),18,"MOTOR VEHICLE STRUCK PEDALCYCLIST, FRONT END AT ANGLE",Y,N,Clear or Partly Cloudy,Dry,Daylight,,,,45.0,Vehicle - Pedalcyclist,40710,0,N,POINT (1269011.817264259 245949.9749599099),1263.0,0.0,Clear or Partly Cloudy
183187,239677,240117,3771515,Matched,Block,,E PIKE ST BETWEEN BROADWAY AND 10TH AVE,,,2,Injury Collision,Cycles,2,0,1,1,1,0,0,2017-04-25T00:00:00.000Z,4/25/2017 5:38:00 PM,Mid-Block (but intersection related),21,"MOTOR VEHICLE STRUCK PEDALCYCLIST, REAR END",,N,Clear or Partly Cloudy,Dry,Daylight,,,,45.0,Vehicle - Pedalcyclist,31215,0,N,POINT (1273726.678581089 227540.1029410511),6915.0,7.450292674380054e-09,Clear or Partly Cloudy
183200,235434,235874,3769621,Matched,Block,,LINDEN AVE N BETWEEN N 141ST ST AND N 143RD ST,,,2,Injury Collision,Cycles,2,0,1,1,1,0,0,2017-01-30T00:00:00.000Z,1/30/2017 4:12:00 PM,Driveway Junction,18,"MOTOR VEHICLE STRUCK PEDALCYCLIST, FRONT END AT ANGLE",,N,Overcast,Dry,Dusk,,,,45.0,Vehicle - Pedalcyclist,15292,0,N,POINT (1267750.181166977 270560.0302811116),817.0,6.1261756916891425e-06,Overcast
183220,240094,240534,3762672,Matched,Intersection,287158.0,BROOKLYN AVE NE AND BURKE GILMAN TRL,,,2,Injury Collision,Cycles,2,0,1,1,1,0,0,2017-02-27T00:00:00.000Z,2/27/2017 4:14:00 PM,At Intersection (intersection related),18,"MOTOR VEHICLE STRUCK PEDALCYCLIST, FRONT END AT ANGLE",,N,Raining,Wet,Daylight,,,,45.0,Vehicle - Pedalcyclist,0,525567,N,POINT (1275399.661622807 242148.1143480092),2203.0,0.0,Raining
183254,241159,241599,E667973,Matched,Intersection,29613.0,2ND AVE AND SPRING ST,,,1,Property Damage Only Collision,Cycles,2,0,1,1,0,0,0,2017-05-04T00:00:00.000Z,5/4/2017 5:19:00 PM,At Intersection (intersection related),18,"MOTOR VEHICLE STRUCK PEDALCYCLIST, FRONT END AT ANGLE",,N,Raining,Wet,Daylight,,,,45.0,Vehicle - Pedalcyclist,42214,0,N,POINT (1269804.427313074 224621.804442063),3767.0,0.0,Raining
183270,241145,241585,3769624,Matched,Intersection,25442.0,8TH AVE NW AND NW 51ST ST,,,2,Injury Collision,Cycles,2,0,1,1,1,0,0,2017-05-15T00:00:00.000Z,5/15/2017 6:04:00 PM,At Intersection (intersection related),18,"MOTOR VEHICLE STRUCK PEDALCYCLIST, FRONT END AT ANGLE",,N,Raining,Wet,Daylight,Y,,,45.0,Vehicle - Pedalcyclist,2322,0,N,POINT (1262740.160297841 246585.2451045513),7465.0,0.0,Raining
183296,241160,241600,3703985,Matched,Intersection,487375.0,M L KING JR ER WAY S AND S TRENTON ST,,,2,Injury Collision,Cycles,2,0,1,1,1,0,0,2017-05-17T00:00:00.000Z,5/17/2017 7:50:00 AM,At Intersection (intersection related),18,"MOTOR VEHICLE STRUCK PEDALCYCLIST, FRONT END AT ANGLE",,N,Clear or Partly Cloudy,Dry,Daylight,,,,45.0,Vehicle - Pedalcyclist,21124,0,N,POINT (1283323.687486917 194589.3466833085),8261.0,0.0,Clear or Partly Cloudy
183397,241737,242177,E676488,Matched,Intersection,27130.0,ROOSEVELT WAY NE AND NE 40TH ALLEY ST,,,2,Injury Collision,Cycles,2,0,1,1,1,0,0,2017-05-31T00:00:00.000Z,5/31/2017 9:13:00 AM,At Intersection (intersection related),18,"MOTOR VEHICLE STRUCK PEDALCYCLIST, FRONT END AT ANGLE",,N,Clear or Partly Cloudy,Dry,Daylight,,,,45.0,Vehicle - Pedalcyclist,45488,0,N,POINT (1274585.836853966 242927.3043648154),3740.0,0.0,Clear or Partly Cloudy
183422,241742,242182,E677152,Matched,Intersection,23882.0,15TH AVE NW AND NW 80TH ST,,,2,Injury Collision,Cycles,2,0,1,1,1,0,0,2017-05-31T00:00:00.000Z,5/31/2017 6:21:00 PM,At Intersection (intersection related),18,"MOTOR VEHICLE STRUCK PEDALCYCLIST, FRONT END AT ANGLE",,N,Clear or Partly Cloudy,Dry,Daylight,Y,,,45.0,Vehicle - Pedalcyclist,0,521279,N,POINT (1260282.027047321 254364.0841525197),8432.0,0.0,Clear or Partly Cloudy
183430,238681,239121,3732573,Matched,Intersection,29167.0,STEWART ST AND YALE AVE N,,,2,Injury Collision,Cycles,2,0,1,1,1,0,0,2017-04-12T00:00:00.000Z,4/12/2017 6:15:00 AM,At Intersection (intersection related),18,"MOTOR VEHICLE STRUCK PEDALCYCLIST, FRONT END AT ANGLE",Y,N,Raining,Wet,Dawn,,,,45.0,Vehicle - Pedalcyclist,23735,0,N,POINT (1271219.88459453 229284.1168948412),966.0,0.0,Raining
183456,238682,239122,E660695,Matched,Block,,M L KING JR WAY BETWEEN E PINE ST AND E OLIVE ST,,,2,Injury Collision,Cycles,2,0,1,1,1,0,0,2017-04-11T00:00:00.000Z,4/11/2017 11:48:00 AM,Mid-Block (not related to intersection),18,"MOTOR VEHICLE STRUCK PEDALCYCLIST, FRONT END AT ANGLE",,N,Clear or Partly Cloudy,Dry,Daylight,,,,45.0,Vehicle - Pedalcyclist,35407,0,N,POINT (1279645.574587151 228079.3008936048),17163.0,2.5663481719215673e-05,Clear or Partly Cloudy
183506,240782,241222,3735417,Matched,Intersection,32737.0,RAINIER AVE S AND S ALASKA ST,,,1,Property Damage Only Collision,Cycles,2,0,1,1,0,0,0,2017-05-02T00:00:00.000Z,5/2/2017 6:38:00 PM,At Intersection (intersection related),18,"MOTOR VEHICLE STRUCK PEDALCYCLIST, FRONT END AT ANGLE",,N,Raining,Wet,Daylight,,,,45.0,Vehicle - Pedalcyclist,0,0,N,POINT (1281518.559549078 207933.7529689819),1676.0,0.0,Raining
183534,241016,241456,3756576,Matched,Block,,EAST MARGINAL WAY S BETWEEN S SPOKANE NR ST AND S SPOKANE SR ST,,,2,Injury Collision,Cycles,2,0,1,1,1,0,0,2017-05-13T00:00:00.000Z,5/13/2017 6:58:00 AM,Mid-Block (not related to intersection),21,"MOTOR VEHICLE STRUCK PEDALCYCLIST, REAR END",,N,Clear or Partly Cloudy,Dry,Dawn,,,,45.0,Vehicle - Pedalcyclist,0,0,N,POINT (1268599.081903845 212110.2385412604),8992.0,9.885174311075644e-06,Clear or Partly Cloudy
183552,241548,241988,3732034,Matched,Block,,HARBOR AVE SW BETWEEN SW MARYLAND PL AND CALIFORNIA WAY SW,,,2,Injury Collision,Cycles,2,0,1,1,1,0,0,2017-05-20T00:00:00.000Z,5/20/2017 1:53:00 PM,Mid-Block (not related to intersection),18,"MOTOR VEHICLE STRUCK PEDALCYCLIST, FRONT END AT ANGLE",Y,N,Clear or Partly Cloudy,Dry,Daylight,,,,45.0,Vehicle - Pedalcyclist,4106,0,N,POINT (1258205.826917201 219540.360020861),6404.0,2.0954053904114126e-05,Clear or Partly Cloudy
183658,241578,242018,3753507,Matched,Intersection,28294.0,EASTLAKE AVE E AND E EDGAR ST,,,2,Injury Collision,Cycles,2,0,1,1,1,0,0,2017-05-20T00:00:00.000Z,5/20/2017 6:15:00 PM,At Intersection (but not related to intersection),18,"MOTOR VEHICLE STRUCK PEDALCYCLIST, FRONT END AT ANGLE",,N,Clear or Partly Cloudy,Dry,Daylight,Y,,,45.0,Vehicle - Pedalcyclist,24696,0,N,POINT (1272519.139635861 238659.0959764421),6828.0,0.0,Clear or Partly Cloudy
183672,241559,241999,3746486,Matched,Block,,ELLIOTT AVE W BETWEEN W HARRISON ST AND 6TH AVE W,,,2,Injury Collision,Cycles,2,0,1,1,1,0,0,2017-05-23T00:00:00.000Z,5/23/2017 4:21:00 PM,Mid-Block (not related to intersection),11,"MOTOR VEHICLE STRUCK MOTOR VEHICLE, FRONT END AT ANGLE",Y,N,Clear or Partly Cloudy,Dry,Daylight,,,,45.0,Vehicle - Pedalcyclist,19202,0,N,POINT (1263061.165610179 230971.8093125671),17911.0,1.0383138592361693e-05,Clear or Partly Cloudy
183680,241577,242017,3748222,Matched,Block,,ROOSEVELT WAY NE BETWEEN NE 42ND S ST AND NE 42ND N ST,,,2,Injury Collision,Cycles,2,0,1,1,1,0,0,2017-05-25T00:00:00.000Z,5/25/2017 10:00:00 AM,Mid-Block (not related to intersection),18,"MOTOR VEHICLE STRUCK PEDALCYCLIST, FRONT END AT ANGLE",,N,Clear or Partly Cloudy,Dry,Daylight,Y,,,45.0,Vehicle - Pedalcyclist,45514,0,N,POINT (1274608.015925989 243525.6699334234),15971.0,2.6929028394455945e-05,Clear or Partly Cloudy
183703,238541,238981,3694060,Matched,Intersection,25409.0,8TH AVE NW AND NW 57TH ST,,,2,Injury Collision,Cycles,2,0,1,1,1,0,0,2017-04-03T00:00:00.000Z,4/3/2017 8:47:00 AM,At Intersection (intersection related),18,"MOTOR VEHICLE STRUCK PEDALCYCLIST, FRONT END AT ANGLE",Y,N,Clear or Partly Cloudy,Dry,Daylight,,,,45.0,Vehicle - Pedalcyclist,2433,0,N,POINT (1262775.431721881 248214.9021942317),10265.0,0.0,Clear or Partly Cloudy