OBJECTID,INCKEY,COLDETKEY,REPORTNO,STATUS,ADDRTYPE,INTKEY,LOCATION,EXCEPTRSNC,EXCEPTRSND,SEVERITYCO,SEVERITYDE,COLLISIONT,PERSONCOUN,PEDCOUNT,PEDCYLCOUN,VEHCOUNT,INJURIES,SERIOUSINJ,FATALITIES,INCDATE,INCDTTM,JUNCTIONTY,SDOT_COLCO,SDOT_COLDE,INATTENTIO,UNDERINFL,WEATHER,ROADCOND,LIGHTCOND,PEDROWNOTG,SDOTCOLNUM,SPEEDING,ST_COLCODE,ST_COLDESC,SEGLANEKEY,CROSSWALKK,HITPARKEDC,geometry,near_str_index,min_length,weather_group
183717,241781,242221,E671115,Matched,Block,,SW BRADFORD ST BETWEEN 42ND AVE SW AND CALIFORNIA AVE SW,,,2,Injury Collision,Cycles,2,0,1,1,1,0,0,2017-05-14T00:00:00.000Z,5/14/2017 6:45:00 PM,Driveway Junction,18,"MOTOR VEHICLE STRUCK PEDALCYCLIST, FRONT END AT ANGLE",,N,Clear or Partly Cloudy,Dry,Daylight,,,,45.0,Vehicle - Pedalcyclist,0,0,N,POINT (1257123.19178009 211523.1322366595),1952.0,1.915534052142147e-05,Clear or Partly Cloudy
183812,241034,241474,3744723,Matched,Block,,DELRIDGE WAY SW BETWEEN CROFT PL SW AND SW MYRTLE ST,,,2,Injury Collision,Cycles,2,0,1,1,1,0,0,2017-05-15T00:00:00.000Z,5/15/2017 4:24:00 PM,Mid-Block (not related to intersection),18,"MOTOR VEHICLE STRUCK PEDALCYCLIST, FRONT END AT ANGLE",,N,Raining,Wet,Daylight,,,,45.0,Vehicle - Pedalcyclist,24227,0,N,POINT (1263144.44625026 200663.7828495353),6284.0,6.538642576640473e-06,Raining
185033,240909,241349,3753476,Matched,Intersection,29583.0,VIRGINIA ST AND WESTERN AVE,,,2,Injury Collision,Cycles,2,0,1,1,1,0,0,2017-05-09T00:00:00.000Z,5/9/2017 5:34:00 PM,At Intersection (intersection related),18,"MOTOR VEHICLE STRUCK PEDALCYCLIST, FRONT END AT ANGLE",,N,Clear or Partly Cloudy,Dry,Daylight,,,,45.0,Vehicle - Pedalcyclist,0,523759,N,POINT (1267898.953775123 226281.8666517735),13478.0,0.0,Clear or Partly Cloudy
185081,241432,241872,E674144,Matched,Block,,S THISTLE ST BETWEEN 39TH AVE S AND 42ND AVE S,,,2,Injury Collision,Cycles,2,0,1,1,1,0,0,2017-05-21T00:00:00.000Z,5/21/2017 2:30:00 PM,Mid-Block (but intersection related),51,PEDALCYCLIST STRUCK MOTOR VEHICLE FRONT END AT ANGLE,,N,Clear or Partly Cloudy,Dry,Daylight,,,,45.0,Vehicle - Pedalcyclist,0,35245,N,POINT (1282467.739134043 195920.3207646757),9371.0,3.1413830254279687e-05,Clear or Partly Cloudy
185086,241924,242364,E671560,Matched,Intersection,28803.0,FAIRVIEW AVE N AND JOHN ST,,,2,Injury Collision,Cycles,2,0,1,1,1,0,0,2017-05-12T00:00:00.000Z,5/12/2017 1:11:00 PM,At Intersection (intersection related),18,"MOTOR VEHICLE STRUCK PEDALCYCLIST, FRONT END AT ANGLE",,N,Clear or Partly Cloudy,Dry,Daylight,,,,45.0,Vehicle - Pedalcyclist,0,522952,N,POINT (1270277.627953559 229644.4371512085),3519.0,0.0,Clear or Partly Cloudy
185200,241135,241575,3755223,Matched,Block,,LAKESIDE AVE S BETWEEN E YESLER WAY AND S LESCHI PL,,,2,Injury Collision,Cycles,3,0,1,1,1,0,0,2017-05-16T00:00:00.000Z,5/16/2017 11:10:00 AM,Mid-Block (not related to intersection),18,"MOTOR VEHICLE STRUCK PEDALCYCLIST, FRONT END AT ANGLE",,N,Clear or Partly Cloudy,Dry,Daylight,Y,,,45.0,Vehicle - Pedalcyclist,35089,0,N,POINT (1282117.275005683 222472.2930158675),11113.0,2.091763646502596e-05,Clear or Partly Cloudy
185223,240937,241377,3501763,Matched,Block,,NW 82ND ST BETWEEN 1ST AVE NW AND 3RD AVE NW,,,2,Injury Collision,Cycles,2,0,1,1,1,0,0,2017-05-09T00:00:00.000Z,5/9/2017 5:39:00 PM,Driveway Junction,18,"MOTOR VEHICLE STRUCK PEDALCYCLIST, FRONT END AT ANGLE",,N,Clear or Partly Cloudy,Dry,Daylight,,,,45.0,Vehicle - Pedalcyclist,0,0,N,POINT (1264597.686827749 254828.8405050039),10594.0,0.0,Clear or Partly Cloudy
185260,239637,240077,3773574,Matched,Intersection,30423.0,12TH AVE S AND S MAIN ST,,,2,Injury Collision,Cycles,2,0,1,1,1,0,0,2017-04-24T00:00:00.000Z,4/24/2017 8:26:00 AM,At Intersection (intersection related),18,"MOTOR VEHICLE STRUCK PEDALCYCLIST, FRONT END AT ANGLE",Y,N,Overcast,Wet,Daylight,,,,45.0,Vehicle - Pedalcyclist,34821,0,N,POINT (1274338.905909717 222396.5940717906),7794.0,0.0,Overcast
185286,240752,241192,3756503,Matched,Block,,3RD AVE S BETWEEN S ROYAL BROUGHAM WAY BR AND S HOLGATE ST,,,2,Injury Collision,Cycles,3,0,1,1,1,0,0,2017-05-08T00:00:00.000Z,5/8/2017 7:47:00 PM,Mid-Block (not related to intersection),51,PEDALCYCLIST STRUCK MOTOR VEHICLE FRONT END AT ANGLE,,N,Clear or Partly Cloudy,Dry,Daylight,,,,45.0,Vehicle - Pedalcyclist,0,0,N,POINT (1271113.070706412 218411.2692677081),9540.0,1.7179225530141393e-05,Clear or Partly Cloudy
185332,240940,241380,3591295,Matched,Intersection,35794.0,LINDEN AVE N AND N 141ST ST,,,1,Property Damage Only Collision,Cycles,2,0,1,1,0,0,0,2017-05-09T00:00:00.000Z,5/9/2017 4:32:00 PM,At Intersection (intersection related),18,"MOTOR VEHICLE STRUCK PEDALCYCLIST, FRONT END AT ANGLE",,N,Clear or Partly Cloudy,Dry,Daylight,Y,,,45.0,Vehicle - Pedalcyclist,15292,0,N,POINT (1267747.506222963 270327.6031448692),817.0,0.0,Clear or Partly Cloudy
185361,242157,242617,E681091,Matched,Intersection,24798.0,19TH AVE NE AND NE 65TH ST,,,2b,Serious Injury Collision,Cycles,2,0,1,1,1,1,0,2017-06-11T00:00:00.000Z,6/11/2017 4:25:00 PM,At Intersection (intersection related),18,"MOTOR VEHICLE STRUCK PEDALCYCLIST, FRONT END AT ANGLE",Y,N,Clear or Partly Cloudy,Dry,Daylight,,,,45.0,Vehicle - Pedalcyclist,29705,0,N,POINT (1277233.146680683 249982.5135880411),7304.0,0.0,Clear or Partly Cloudy
185418,243072,243552,3753279,Matched,Intersection,587907.0,15TH AVE W AND GILMAN DR W,,,2,Injury Collision,Cycles,2,0,1,1,1,0,0,2017-06-21T00:00:00.000Z,6/21/2017 7:00:00 PM,At Intersection (intersection related),18,"MOTOR VEHICLE STRUCK PEDALCYCLIST, FRONT END AT ANGLE",Y,N,Clear or Partly Cloudy,Dry,Daylight,Y,,,45.0,Vehicle - Pedalcyclist,16095,0,N,POINT (1260111.151143149 238157.912743926),12243.0,0.0,Clear or Partly Cloudy
185436,243885,244425,E680451,Matched,Intersection,30748.0,16TH AVE S AND S JACKSON ST,,,2,Injury Collision,Cycles,2,0,1,1,1,0,0,2017-06-06T00:00:00.000Z,6/6/2017 8:40:00 AM,At Intersection (intersection related),18,"MOTOR VEHICLE STRUCK PEDALCYCLIST, FRONT END AT ANGLE",,N,Clear or Partly Cloudy,Dry,Daylight,,,,45.0,Vehicle - Pedalcyclist,11025,0,N,POINT (1275727.637047142 222081.6597994715),1804.0,0.0,Clear or Partly Cloudy
185458,245606,246206,E688290,Matched,Intersection,27039.0,FREMONT AVE N AND N 34TH ST,,,2,Injury Collision,Cycles,2,0,1,1,1,0,0,2017-06-28T00:00:00.000Z,6/28/2017 7:50:00 AM,At Intersection (intersection related),18,"MOTOR VEHICLE STRUCK PEDALCYCLIST, FRONT END AT ANGLE",Y,N,Clear or Partly Cloudy,Dry,Daylight,,,,45.0,Vehicle - Pedalcyclist,0,522963,N,POINT (1266674.116909876 240632.7658664584),1223.0,0.0,Clear or Partly Cloudy
185468,244438,245020,E690956,Matched,Intersection,31579.0,23RD AVE S AND S COLLEGE ST,,,2,Injury Collision,Cycles,2,0,1,1,1,0,0,2017-07-13T00:00:00.000Z,7/13/2017 4:54:00 PM,At Intersection (intersection related),18,"MOTOR VEHICLE STRUCK PEDALCYCLIST, FRONT END AT ANGLE",,N,Clear or Partly Cloudy,Dry,Daylight,,,,45.0,Vehicle - Pedalcyclist,38205,0,N,POINT (1277741.39986521 216104.0170413405),2588.0,0.0,Clear or Partly Cloudy
185494,245855,246455,3704070,Matched,Intersection,29701.0,1ST AVE AND BELL ST,,,1,Property Damage Only Collision,Cycles,2,0,1,1,0,0,0,2017-07-19T00:00:00.000Z,7/19/2017 4:06:00 PM,At Intersection (intersection related),18,"MOTOR VEHICLE STRUCK PEDALCYCLIST, FRONT END AT ANGLE",,N,Clear or Partly Cloudy,Dry,Daylight,,,,45.0,Vehicle - Pedalcyclist,0,521118,N,POINT (1267211.477294415 227409.8093089163),632.0,0.0,Clear or Partly Cloudy
185505,242846,243326,E681094,Matched,Intersection,25439.0,14TH AVE NW AND NW 51ST ST,,,2,Injury Collision,Cycles,3,0,1,1,1,0,0,2017-06-11T00:00:00.000Z,6/11/2017 3:00:00 PM,At Intersection (intersection related),18,"MOTOR VEHICLE STRUCK PEDALCYCLIST, FRONT END AT ANGLE",,N,Clear or Partly Cloudy,Dry,Daylight,,,,45.0,Vehicle - Pedalcyclist,26676,0,N,POINT (1260915.751975968 246625.2812006027),5076.0,0.0,Clear or Partly Cloudy
185524,245837,246437,3694339,Matched,Intersection,24229.0,GREEN LAKE DR N AND N 80TH ST,,,2,Injury Collision,Cycles,2,0,1,1,1,0,0,2017-07-11T00:00:00.000Z,7/11/2017 7:30:00 PM,At Intersection (intersection related),18,"MOTOR VEHICLE STRUCK PEDALCYCLIST, FRONT END AT ANGLE",,N,Clear or Partly Cloudy,Dry,Daylight,Y,,,45.0,Vehicle - Pedalcyclist,10150,0,N,POINT (1269230.605360493 254205.4545203596),747.0,0.0,Clear or Partly Cloudy
185535,245856,246456,3704099,Matched,Intersection,30374.0,ALASKAN E RDWY WAY S AND S WASHINGTON ST,,,2b,Serious Injury Collision,Cycles,2,0,1,1,1,1,0,2017-07-14T00:00:00.000Z,7/14/2017 9:49:00 AM,At Intersection (intersection related),18,"MOTOR VEHICLE STRUCK PEDALCYCLIST, FRONT END AT ANGLE",,N,Clear or Partly Cloudy,Dry,Daylight,,,,45.0,Vehicle - Pedalcyclist,0,522619,N,POINT (1269832.008497104 222801.9324402064),1910.0,0.0,Clear or Partly Cloudy
185536,245609,246209,E688292,Matched,Intersection,28049.0,FLORENTIA ST AND WARREN AVE N,,,2,Injury Collision,Cycles,2,0,1,1,1,0,0,2017-06-27T00:00:00.000Z,6/27/2017 3:50:00 PM,At Intersection (intersection related),18,"MOTOR VEHICLE STRUCK PEDALCYCLIST, FRONT END AT ANGLE",,N,Clear or Partly Cloudy,Dry,Daylight,,,,45.0,Vehicle - Pedalcyclist,34773,0,N,POINT (1265482.736172646 239670.6336414814),3530.0,0.0,Clear or Partly Cloudy
185566,244463,245043,E691201,Matched,Intersection,24388.0,ROOSEVELT WAY NE AND NE 82ND S ST,,,2,Injury Collision,Cycles,2,0,1,1,1,0,0,2017-07-13T00:00:00.000Z,7/13/2017 10:48:00 AM,At Intersection (intersection related),18,"MOTOR VEHICLE STRUCK PEDALCYCLIST, FRONT END AT ANGLE",,N,Clear or Partly Cloudy,Dry,Daylight,,,,45.0,Vehicle - Pedalcyclist,16603,0,N,POINT (1274873.225014269 254558.6208567172),938.0,0.0,Clear or Partly Cloudy
185596,245612,246212,E688295,Matched,Intersection,29058.0,E JOHN ST AND E JOHN SR ST,,,2,Injury Collision,Cycles,2,0,1,1,1,0,0,2017-06-30T00:00:00.000Z,6/30/2017 12:19:00 PM,At Intersection (intersection related),18,"MOTOR VEHICLE STRUCK PEDALCYCLIST, FRONT END AT ANGLE",,N,Clear or Partly Cloudy,Dry,Daylight,,,,45.0,Vehicle - Pedalcyclist,0,0,N,POINT (1275397.946166798 229653.8013752252),6864.0,0.0,Clear or Partly Cloudy
185598,245991,246591,3694577,Matched,Intersection,25669.0,EVANSTON AVE N AND N 48TH ST,,,2,Injury Collision,Cycles,0,0,1,1,1,0,0,2017-08-17T00:00:00.000Z,8/17/2017 9:13:00 AM,At Intersection (intersection related),18,"MOTOR VEHICLE STRUCK PEDALCYCLIST, FRONT END AT ANGLE",,N,Clear or Partly Cloudy,Dry,Daylight,,,,45.0,Vehicle - Pedalcyclist,0,0,N,POINT (1266349.621037543 245746.9380317032),3511.0,0.0,Clear or Partly Cloudy
185600,245866,246466,3740150,Matched,Intersection,28760.0,FAIRVIEW AVE N AND MERCER ST,,,2,Injury Collision,Cycles,2,0,1,1,1,0,0,2017-07-26T00:00:00.000Z,7/26/2017 7:46:00 AM,At Intersection (intersection related),51,PEDALCYCLIST STRUCK MOTOR VEHICLE FRONT END AT ANGLE,Y,N,Clear or Partly Cloudy,Dry,Daylight,,,,45.0,Vehicle - Pedalcyclist,0,523123,N,POINT (1270306.740145594 231478.6133450866),11084.0,0.0,Clear or Partly Cloudy
185603,245865,246465,3740149,Matched,Intersection,28731.0,DEXTER AVE N AND ALOHA ST,,,2,Injury Collision,Cycles,2,0,1,1,1,0,0,2017-07-24T00:00:00.000Z,7/24/2017 5:56:00 PM,At Intersection (intersection related),51,PEDALCYCLIST STRUCK MOTOR VEHICLE FRONT END AT ANGLE,,N,Clear or Partly Cloudy,Dry,Daylight,,,,45.0,Vehicle - Pedalcyclist,43005,0,N,POINT (1268342.286383584 232408.9135700464),604.0,0.0,Clear or Partly Cloudy
185605,245864,246464,3740148,Matched,Intersection,28681.0,ELLIOTT AVE W AND W GALER ST FLYOVER,,,2,Injury Collision,Cycles,3,0,1,1,1,0,0,2017-07-23T00:00:00.000Z,7/23/2017 5:46:00 PM,At Intersection (intersection related),51,PEDALCYCLIST STRUCK MOTOR VEHICLE FRONT END AT ANGLE,Y,N,Clear or Partly Cloudy,Dry,Daylight,Y,,,45.0,Vehicle - Pedalcyclist,19277,0,N,POINT (1260401.805607453 234147.7006438226),17216.0,0.0,Clear or Partly Cloudy
185652,242848,243328,E674651,Matched,Intersection,36602.0,30TH AVE NE AND NE 125TH ST,,,2,Injury Collision,Cycles,2,0,1,1,1,0,0,2017-05-23T00:00:00.000Z,5/23/2017 7:05:00 AM,At Intersection (intersection related),18,"MOTOR VEHICLE STRUCK PEDALCYCLIST, FRONT END AT ANGLE",,N,Clear or Partly Cloudy,Dry,Daylight,,,,45.0,Vehicle - Pedalcyclist,0,521371,N,POINT (1280325.224251851 265795.6750762314),7191.0,0.0,Clear or Partly Cloudy
185660,243126,243626,E676163,Matched,Block,,1ST AVE S BETWEEN S ATLANTIC ST AND S MASSACHUSETTS ST,,,2,Injury Collision,Cycles,2,0,1,1,1,0,0,2017-05-28T00:00:00.000Z,5/28/2017 9:38:00 AM,Mid-Block (not related to intersection),18,"MOTOR VEHICLE STRUCK PEDALCYCLIST, FRONT END AT ANGLE",,N,Clear or Partly Cloudy,Dry,Daylight,,,,45.0,Vehicle - Pedalcyclist,5253,0,N,POINT (1270077.430065364 218559.9049798548),20439.0,6.61431805886633e-06,Clear or Partly Cloudy
185825,244221,244781,3773600,Matched,Block,,S DEARBORN ST BETWEEN 13TH AVE S AND CORWIN PL S,,,2,Injury Collision,Cycles,2,0,1,1,1,0,0,2017-06-13T00:00:00.000Z,6/13/2017 12:33:00 PM,Mid-Block (not related to intersection),18,"MOTOR VEHICLE STRUCK PEDALCYCLIST, FRONT END AT ANGLE",Y,N,Clear or Partly Cloudy,Dry,Daylight,,,,45.0,Vehicle - Pedalcyclist,5918,0,N,POINT (1274858.676278248 220855.7010782063),22612.0,3.714322553072113e-06,Clear or Partly Cloudy
185836,243928,244468,E682803,Matched,Intersection,36555.0,MERIDIAN AVE N AND N 117TH ST,,,2,Injury Collision,Cycles,4,0,1,1,1,0,0,2017-05-07T00:00:00.000Z,5/7/2017 4:43:00 PM,At Intersection (intersection related),18,"MOTOR VEHICLE STRUCK PEDALCYCLIST, FRONT END AT ANGLE",,N,Clear or Partly Cloudy,Dry,Daylight,,,,45.0,Vehicle - Pedalcyclist,0,0,N,POINT (1270992.743730292 264085.5072664768),6985.0,0.0,Clear or Partly Cloudy
185864,244760,245340,3773908,Matched,Block,,12TH AVE BETWEEN E MADISON ST AND E PIKE ST,,,2b,Serious Injury Collision,Cycles,5,0,1,2,1,1,0,2017-07-31T00:00:00.000Z,7/31/2017 6:39:00 PM,Mid-Block (not related to intersection),51,PEDALCYCLIST STRUCK MOTOR VEHICLE FRONT END AT ANGLE,,N,Clear or Partly Cloudy,Dry,Daylight,,,,45.0,Vehicle - Pedalcyclist,10789,0,N,POINT (1274543.503669932 227311.3066528141),39.0,2.808636349384009e-10,Clear or Partly Cloudy
185877,242873,243353,3737483,Matched,Intersection,25569.0,INTERLAKE AVE N AND N 46TH ST,,,2,Injury Collision,Cycles,2,0,1,1,1,0,0,2017-06-07T00:00:00.000Z,6/7/2017 8:25:00 PM,At Intersection (intersection related),18,"MOTOR VEHICLE STRUCK PEDALCYCLIST, FRONT END AT ANGLE",,N,Clear or Partly Cloudy,Dry,Daylight,,,,45.0,Vehicle - Pedalcyclist,0,0,N,POINT (1269004.500784263 245160.5352150947),4030.0,0.0,Clear or Partly Cloudy
185919,245423,246023,E684591,Matched,Block,,WEST GREEN LAKE WAY N BETWEEN GREEN LAKE TURN RD AND N 63RD ST,,,2,Injury Collision,Cycles,3,0,1,1,1,0,0,2017-06-21T00:00:00.000Z,6/21/2017 6:02:00 PM,Mid-Block (not related to intersection),18,"MOTOR VEHICLE STRUCK PEDALCYCLIST, FRONT END AT ANGLE",,N,Clear or Partly Cloudy,Dry,Daylight,,,,45.0,Vehicle - Pedalcyclist,10109,0,N,POINT (1268324.786223561 248604.0256506205),4797.0,2.0525931683325152e-05,Clear or Partly Cloudy
185968,243442,243942,3695642,Matched,Intersection,36676.0,30TH AVE NE AND NE 107TH ST,,,2,Injury Collision,Cycles,2,0,1,1,1,0,0,2017-05-05T00:00:00.000Z,5/5/2017 8:42:00 AM,At Intersection (intersection related),18,"MOTOR VEHICLE STRUCK PEDALCYCLIST, FRONT END AT ANGLE",Y,N,Raining,Wet,Daylight,Y,,,45.0,Vehicle - Pedalcyclist,33479,0,N,POINT (1280257.714235783 261200.7279995233),1335.0,0.0,Raining
185971,244499,245079,E689439,Matched,Intersection,30837.0,LAKE WASHINGTON BLVD S AND LAKESIDE AVE S,,,1,Property Damage Only Collision,Cycles,4,0,1,1,0,0,0,2017-07-08T00:00:00.000Z,7/8/2017 4:55:00 PM,At Intersection (intersection related),21,"MOTOR VEHICLE STRUCK PEDALCYCLIST, REAR END",Y,N,Clear or Partly Cloudy,Dry,Daylight,,,,45.0,Vehicle - Pedalcyclist,40983,0,N,POINT (1281569.060669124 216981.6964022368),17023.0,0.0,Clear or Partly Cloudy
185987,245434,246034,E685366,Matched,Intersection,30410.0,12TH AVE AND E YESLER WAY,,,2,Injury Collision,Cycles,2,0,1,1,1,0,0,2017-06-23T00:00:00.000Z,6/23/2017 4:35:00 PM,At Intersection (intersection related),18,"MOTOR VEHICLE STRUCK PEDALCYCLIST, FRONT END AT ANGLE",,N,Clear or Partly Cloudy,Dry,Daylight,,,,45.0,Vehicle - Pedalcyclist,42680,0,N,POINT (1274461.188917845 223006.7211764157),8412.0,0.0,Clear or Partly Cloudy
186006,245643,246243,E689021,Matched,Intersection,31452.0,25TH AVE S AND S WALKER ST,,,2,Injury Collision,Cycles,2,0,1,1,1,0,0,2017-07-06T00:00:00.000Z,7/6/2017 12:16:00 PM,At Intersection (intersection related),18,"MOTOR VEHICLE STRUCK PEDALCYCLIST, FRONT END AT ANGLE",,N,Clear or Partly Cloudy,Dry,Daylight,,,,45.0,Vehicle - Pedalcyclist,0,31452,N,POINT (1278392.850233868 216347.5370415896),2632.0,0.0,Clear or Partly Cloudy
186016,242722,243202,3773647,Matched,Intersection,29863.0,MELROSE AVE AND PINE ST,,,2,Injury Collision,Cycles,2,0,1,1,1,0,0,2017-06-02T00:00:00.000Z,6/2/2017 5:00:00 PM,At Intersection (but not related to intersection),18,"MOTOR VEHICLE STRUCK PEDALCYCLIST, FRONT END AT ANGLE",Y,N,Clear or Partly Cloudy,Dry,Daylight,Y,,,45.0,Vehicle - Pedalcyclist,10336,0,N,POINT (1271813.802035138 227999.6394535303),897.0,0.0,Clear or Partly Cloudy
186032,242407,242887,3753508,Matched,Block,,7TH AVE BETWEEN BLANCHARD ST AND BELL ST,,,1,Property Damage Only Collision,Cycles,2,0,1,1,0,0,0,2017-05-25T00:00:00.000Z,5/25/2017 7:07:00 PM,Mid-Block (not related to intersection),21,"MOTOR VEHICLE STRUCK PEDALCYCLIST, REAR END",,N,Clear or Partly Cloudy,Dry,Daylight,,,,45.0,Vehicle - Pedalcyclist,43451,0,N,POINT (1268669.620527908 228695.9162542373),6027.0,3.326320477277453e-05,Clear or Partly Cloudy
186035,242898,243378,E681232,Matched,Block,,30TH AVE BETWEEN E CHERRY ST AND E ARLINGTON PL,,,2,Injury Collision,Cycles,2,0,1,1,1,0,0,2017-06-09T00:00:00.000Z,6/9/2017 4:08:00 PM,Driveway Junction,18,"MOTOR VEHICLE STRUCK PEDALCYCLIST, FRONT END AT ANGLE",,N,Clear or Partly Cloudy,Dry,Daylight,,,,45.0,Vehicle - Pedalcyclist,0,0,N,POINT (1280211.514427736 225282.6989067495),14640.0,8.576346005846698e-06,Clear or Partly Cloudy
186038,242897,243377,E681103,Matched,Intersection,25451.0,8TH AVE NW AND NW 49TH ST,,,2,Injury Collision,Cycles,2,0,1,1,1,0,0,2017-06-11T00:00:00.000Z,6/11/2017 5:54:00 PM,At Intersection (intersection related),18,"MOTOR VEHICLE STRUCK PEDALCYCLIST, FRONT END AT ANGLE",Y,Y,Clear or Partly Cloudy,Dry,Daylight,,,,45.0,Vehicle - Pedalcyclist,2308,0,N,POINT (1262729.772585839 246107.2152800709),572.0,0.0,Clear or Partly Cloudy
186075,243960,244500,E685368,Matched,Intersection,30742.0,18TH AVE S AND S MAIN ST,,,2,Injury Collision,Cycles,2,0,1,1,1,0,0,2017-05-29T00:00:00.000Z,5/29/2017 9:22:00 PM,At Intersection (intersection related),18,"MOTOR VEHICLE STRUCK PEDALCYCLIST, FRONT END AT ANGLE",Y,N,Clear or Partly Cloudy,Dry,Dark - Street Lights On,,,,45.0,Vehicle - Pedalcyclist,0,0,N,POINT (1276377.237815812 222352.3856877387),121.0,0.0,Clear or Partly Cloudy
186103,244810,245397,3694329,Matched,Intersection,35763.0,ASHWORTH AVE N AND N 130TH ST,,,2,Injury Collision,Cycles,3,0,1,1,1,0,0,2017-07-02T00:00:00.000Z,7/2/2017 5:46:00 PM,At Intersection (but not related to intersection),18,"MOTOR VEHICLE STRUCK PEDALCYCLIST, FRONT END AT ANGLE",,N,Clear or Partly Cloudy,Dry,Daylight,,,,45.0,Vehicle - Pedalcyclist,0,35763,N,POINT (1269704.544560969 267432.5452219099),1208.0,0.0,Clear or Partly Cloudy
186109,244813,245400,3376165,Matched,Intersection,25661.0,PHINNEY AVE N AND N 50TH E ST,,,2,Injury Collision,Cycles,2,0,1,1,1,0,0,2017-07-14T00:00:00.000Z,7/14/2017 5:29:00 PM,At Intersection (intersection related),18,"MOTOR VEHICLE STRUCK PEDALCYCLIST, FRONT END AT ANGLE",,N,Clear or Partly Cloudy,Dry,Daylight,Y,,,45.0,Vehicle - Pedalcyclist,28288,0,N,POINT (1265747.218988925 246280.3613922447),20389.0,0.0,Clear or Partly Cloudy
186111,244808,245388,3295777,Matched,Block,,ALASKAN WAY BETWEEN SPRING ST AND SENECA ST,,,1,Property Damage Only Collision,Cycles,3,0,1,1,0,0,0,2017-07-07T00:00:00.000Z,7/7/2017 3:55:00 PM,Mid-Block (not related to intersection),18,"MOTOR VEHICLE STRUCK PEDALCYCLIST, FRONT END AT ANGLE",,N,Clear or Partly Cloudy,Dry,Daylight,,,,45.0,Vehicle - Pedalcyclist,20993,0,N,POINT (1268896.759216145 224260.2855937034),22949.0,4.0136467505055615e-09,Clear or Partly Cloudy
186122,244809,245389,E695941,Matched,Intersection,28799.0,9TH AVE N AND JOHN ST,,,2,Injury Collision,Cycles,2,0,1,1,1,0,0,2017-07-27T00:00:00.000Z,7/27/2017 9:03:00 AM,At Intersection (intersection related),18,"MOTOR VEHICLE STRUCK PEDALCYCLIST, FRONT END AT ANGLE",,N,Other,Wet,Daylight,,,,45.0,Vehicle - Pedalcyclist,15948,0,N,POINT (1268917.478192165 229687.6829752624),3289.0,0.0,
186133,245250,245850,E681552,Matched,Intersection,28974.0,12TH AVE E AND E ALOHA ST,,,2,Injury Collision,Cycles,2,0,1,1,1,0,0,2017-06-09T00:00:00.000Z,6/9/2017 2:04:00 PM,At Intersection (intersection related),18,"MOTOR VEHICLE STRUCK PEDALCYCLIST, FRONT END AT ANGLE",,N,Clear or Partly Cloudy,Dry,Daylight,,,,45.0,Vehicle - Pedalcyclist,0,521068,N,POINT (1274629.79896602 232062.9510736912),1059.0,0.0,Clear or Partly Cloudy
186142,245652,246252,E689438,Matched,Block,,RAINIER AVE S BETWEEN 25TH AVE S AND S BAYVIEW ST,,,2,Injury Collision,Cycles,2,0,1,1,1,0,0,2017-07-07T00:00:00.000Z,7/7/2017 4:38:00 PM,Mid-Block (not related to intersection),54,PEDALCYCLIST STRUCK MOTOR VEHICLE REAR END,,N,Clear or Partly Cloudy,Dry,Daylight,,,,45.0,Vehicle - Pedalcyclist,20013,0,N,POINT (1278393.102649868 215424.9173926562),14347.0,3.294750708313803e-09,Clear or Partly Cloudy
186147,245657,246257,E689466,Matched,Intersection,24611.0,WOODLAWN AVE NE AND NE RAVENNA WB BV,,,2,Injury Collision,Cycles,2,0,1,1,1,0,0,2017-06-26T00:00:00.000Z,6/26/2017 11:51:00 AM,At Intersection (intersection related),18,"MOTOR VEHICLE STRUCK PEDALCYCLIST, FRONT END AT ANGLE",,N,Clear or Partly Cloudy,Dry,Daylight,Y,,,45.0,Vehicle - Pedalcyclist,0,524023,N,POINT (1273023.108148366 251248.747701332),1459.0,0.0,Clear or Partly Cloudy
186151,244983,245583,3773767,Matched,Block,,10TH AVE E BETWEEN E HOWE ST AND E NEWTON ST,,,2,Injury Collision,Cycles,3,0,1,1,1,0,0,2017-07-02T00:00:00.000Z,7/2/2017 3:13:00 PM,Mid-Block (not related to intersection),18,"MOTOR VEHICLE STRUCK PEDALCYCLIST, FRONT END AT ANGLE",Y,N,Clear or Partly Cloudy,Dry,Daylight,,,,45.0,Vehicle - Pedalcyclist,6111,0,N,POINT (1273892.356405258 235745.843813464),10794.0,1.91049251547344e-05,Clear or Partly Cloudy
186187,243171,243671,3695644,Matched,Intersection,26673.0,LEARY WAY NW AND NW 39TH ST,,,2,Injury Collision,Cycles,2,0,1,1,1,0,0,2017-06-10T00:00:00.000Z,6/10/2017 7:41:00 PM,At Intersection (intersection related),18,"MOTOR VEHICLE STRUCK PEDALCYCLIST, FRONT END AT ANGLE",Y,N,Clear or Partly Cloudy,Dry,Daylight,,,,45.0,Vehicle - Pedalcyclist,0,523085,N,POINT (1264164.958763301 242344.6294202209),3623.0,0.0,Clear or Partly Cloudy
186246,244526,245106,3753519,Matched,Intersection,28294.0,EASTLAKE AVE E AND E EDGAR ST,,,2,Injury Collision,Cycles,2,0,1,1,1,0,0,2017-06-15T00:00:00.000Z,6/15/2017 5:02:00 PM,At Intersection (intersection related),18,"MOTOR VEHICLE STRUCK PEDALCYCLIST, FRONT END AT ANGLE",,N,Raining,Wet,Dusk,,,,45.0,Vehicle - Pedalcyclist,24696,0,N,POINT (1272519.139635861 238659.0959764421),6828.0,0.0,Raining