OBJECTID,INCKEY,COLDETKEY,REPORTNO,STATUS,ADDRTYPE,INTKEY,LOCATION,EXCEPTRSNC,EXCEPTRSND,SEVERITYCO,SEVERITYDE,COLLISIONT,PERSONCOUN,PEDCOUNT,PEDCYLCOUN,VEHCOUNT,INJURIES,SERIOUSINJ,FATALITIES,INCDATE,INCDTTM,JUNCTIONTY,SDOT_COLCO,SDOT_COLDE,INATTENTIO,UNDERINFL,WEATHER,ROADCOND,LIGHTCOND,PEDROWNOTG,SDOTCOLNUM,SPEEDING,ST_COLCODE,ST_COLDESC,SEGLANEKEY,CROSSWALKK,HITPARKEDC,geometry,near_str_index,min_length,weather_group
186263,244992,245592,3773808,Matched,Intersection,29744.0,HARVARD AVE AND E PIKE ST,,,2,Injury Collision,Cycles,2,0,1,1,1,0,0,2017-07-02T00:00:00.000Z,7/2/2017 12:26:00 AM,At Intersection (intersection related),51,PEDALCYCLIST STRUCK MOTOR VEHICLE FRONT END AT ANGLE,,N,Clear or Partly Cloudy,Dry,Dark - Street Lights On,,,,45.0,Vehicle - Pedalcyclist,31201,0,N,POINT (1273234.02603659 227544.4404770583),1144.0,0.0,Clear or Partly Cloudy
186298,245952,246552,3753529,Matched,Intersection,29627.0,ALASKAN E RDWY WAY AND UNIVERSITY ST,,,2,Injury Collision,Cycles,2,0,1,1,2,0,0,2017-07-28T00:00:00.000Z,7/28/2017 5:18:00 PM,At Intersection (intersection related),51,PEDALCYCLIST STRUCK MOTOR VEHICLE FRONT END AT ANGLE,,N,Clear or Partly Cloudy,Dry,Daylight,,,,45.0,Vehicle - Pedalcyclist,0,0,N,POINT (1268756.248879999 224712.5090821534),6720.0,0.0,Clear or Partly Cloudy
186308,245668,246268,E690125,Matched,Intersection,37358.0,INTERLAKE AVE N AND N 88TH ST,,,2,Injury Collision,Cycles,3,0,1,2,1,0,0,2017-07-06T00:00:00.000Z,7/6/2017 6:41:00 PM,At Intersection (intersection related),18,"MOTOR VEHICLE STRUCK PEDALCYCLIST, FRONT END AT ANGLE",Y,N,Clear or Partly Cloudy,Dry,Daylight,,,,45.0,Vehicle - Pedalcyclist,0,0,N,POINT (1269322.585904583 256180.798394382),14405.0,0.0,Clear or Partly Cloudy
186329,243688,244208,E679471,Matched,Intersection,32333.0,1ST AVE S AND S HORTON ST,,,2,Injury Collision,Cycles,2,0,1,1,1,0,0,2017-05-24T00:00:00.000Z,5/24/2017 9:28:00 AM,At Intersection (intersection related),18,"MOTOR VEHICLE STRUCK PEDALCYCLIST, FRONT END AT ANGLE",,N,Clear or Partly Cloudy,Dry,Daylight,,,,45.0,Vehicle - Pedalcyclist,0,525175,N,POINT (1269969.659441248 213131.0214543045),4973.0,0.0,Clear or Partly Cloudy
186331,242957,243437,E681253,Matched,Intersection,29860.0,SUMMIT AVE AND E PINE ST,,,2,Injury Collision,Cycles,3,0,1,1,1,0,0,2017-05-24T00:00:00.000Z,5/24/2017 4:24:00 PM,At Intersection (intersection related),18,"MOTOR VEHICLE STRUCK PEDALCYCLIST, FRONT END AT ANGLE",,N,Overcast,Dry,Daylight,,,,45.0,Vehicle - Pedalcyclist,10354,0,N,POINT (1272399.309875742 227981.0989095122),1148.0,0.0,Overcast
186360,244538,245118,3769742,Matched,Intersection,24151.0,8TH AVE NW AND NW 75TH ST,,,2,Injury Collision,Cycles,2,0,1,1,1,0,0,2017-06-18T00:00:00.000Z,6/18/2017 12:56:00 PM,At Intersection (intersection related),18,"MOTOR VEHICLE STRUCK PEDALCYCLIST, FRONT END AT ANGLE",,N,Clear or Partly Cloudy,Wet,Daylight,Y,,,45.0,Vehicle - Pedalcyclist,0,521398,N,POINT (1262911.025194019 252992.5848871171),573.0,0.0,Clear or Partly Cloudy
186373,244040,244597,3739935,Matched,Block,,W EMERSON ST BETWEEN EMERSON TURN RD AND SHIP CANAL TRL,,,2b,Serious Injury Collision,Cycles,2,0,1,1,1,1,0,2017-07-11T00:00:00.000Z,7/11/2017 6:05:00 PM,Mid-Block (not related to intersection),18,"MOTOR VEHICLE STRUCK PEDALCYCLIST, FRONT END AT ANGLE",,N,Clear or Partly Cloudy,Dry,Daylight,,,,45.0,Vehicle - Pedalcyclist,29679,0,N,POINT (1259516.169702545 242379.9834682494),20364.0,2.611202676288744e-05,Clear or Partly Cloudy
186408,245507,246107,E685917,Matched,Intersection,24214.0,8TH AVE NW AND NW 65TH ST,,,2,Injury Collision,Cycles,2,0,1,1,1,0,0,2017-06-23T00:00:00.000Z,6/23/2017 11:05:00 AM,At Intersection (intersection related),18,"MOTOR VEHICLE STRUCK PEDALCYCLIST, FRONT END AT ANGLE",,N,Clear or Partly Cloudy,Dry,Daylight,,,,45.0,Vehicle - Pedalcyclist,2479,0,N,POINT (1262854.94301796 250338.5430283993),6060.0,0.0,Clear or Partly Cloudy
186420,245973,246573,3764554,Matched,Intersection,32337.0,4TH AVE S AND S HINDS ST,,,2,Injury Collision,Cycles,2,0,1,1,1,0,0,2017-07-21T00:00:00.000Z,7/21/2017 7:00:00 PM,At Intersection (intersection related),18,"MOTOR VEHICLE STRUCK PEDALCYCLIST, FRONT END AT ANGLE",Y,Y,Clear or Partly Cloudy,Dry,Daylight,,,,45.0,Vehicle - Pedalcyclist,0,32337,N,POINT (1271234.145842537 212855.7377420217),406.0,0.0,Clear or Partly Cloudy
186438,242752,243232,3755063,Matched,Block,,40TH AVE NE BETWEEN NE 52ND PL AND NE 55TH ST,,,2,Injury Collision,Cycles,2,0,1,1,1,0,0,2017-06-05T00:00:00.000Z,6/5/2017 1:33:00 PM,Mid-Block (not related to intersection),14,"MOTOR VEHICLE STRUCK MOTOR VEHICLE, REAR END",,N,Clear or Partly Cloudy,Dry,Daylight,,,,45.0,Vehicle - Pedalcyclist,0,521972,N,POINT (1282801.570750386 247034.7936490178),12437.0,0.0,Clear or Partly Cloudy
186453,243190,243690,E676563,Matched,Intersection,32204.0,11TH CR AVE SW AND SW SPOKANE ST,,,2,Injury Collision,Cycles,2,0,1,1,1,0,0,2017-05-25T00:00:00.000Z,5/25/2017 2:10:00 PM,At Intersection (intersection related),18,"MOTOR VEHICLE STRUCK PEDALCYCLIST, FRONT END AT ANGLE",,N,Clear or Partly Cloudy,Dry,Daylight,,,,45.0,Vehicle - Pedalcyclist,0,525438,N,POINT (1266345.98660554 212117.5517572612),2049.0,0.0,Clear or Partly Cloudy
186465,243698,244218,E679644,Matched,Intersection,287158.0,BROOKLYN AVE NE AND BURKE GILMAN TRL,,,2,Injury Collision,Cycles,2,0,1,1,1,0,0,2017-06-09T00:00:00.000Z,6/9/2017 3:45:00 PM,At Intersection (intersection related),18,"MOTOR VEHICLE STRUCK PEDALCYCLIST, FRONT END AT ANGLE",,N,Clear or Partly Cloudy,Dry,Daylight,,,,45.0,Vehicle - Pedalcyclist,0,525567,N,POINT (1275399.661622807 242148.1143480092),2203.0,0.0,Clear or Partly Cloudy
186517,245277,245877,3694188,Matched,Block,,N NORTHLAKE WAY BETWEEN DENSMORE AVE N AND BURKE AVE N,,,2,Injury Collision,Cycles,2,0,1,1,1,0,0,2017-08-05T00:00:00.000Z,8/5/2017 12:50:00 PM,Mid-Block (not related to intersection),51,PEDALCYCLIST STRUCK MOTOR VEHICLE FRONT END AT ANGLE,Y,N,Clear or Partly Cloudy,Dry,Daylight,,,,45.0,Vehicle - Pedalcyclist,0,0,N,POINT (1269952.849841222 239579.4049053788),7139.0,4.704239360237751e-06,Clear or Partly Cloudy
186548,245678,246278,E690568,Matched,Intersection,28403.0,24TH AVE E AND E MILLER ST,,,2b,Serious Injury Collision,Cycles,2,0,1,1,1,1,0,2017-07-07T00:00:00.000Z,7/7/2017 5:49:00 PM,At Intersection (intersection related),18,"MOTOR VEHICLE STRUCK PEDALCYCLIST, FRONT END AT ANGLE",,N,Clear or Partly Cloudy,Dry,Daylight,,,,45.0,Vehicle - Pedalcyclist,22302,0,N,POINT (1278371.477049842 237534.0033672899),2600.0,0.0,Clear or Partly Cloudy
186553,245990,246590,3694576,Matched,Intersection,27149.0,15TH AVE NE AND NE PACIFIC ST,,,1,Property Damage Only Collision,Cycles,0,0,1,1,0,0,0,2017-08-15T00:00:00.000Z,8/15/2017 8:19:00 PM,At Intersection (intersection related),18,"MOTOR VEHICLE STRUCK PEDALCYCLIST, FRONT END AT ANGLE",,N,Clear or Partly Cloudy,Dry,Dusk,,,,45.0,Vehicle - Pedalcyclist,0,520838,N,POINT (1275885.728567302 241688.8779955506),1534.0,0.0,Clear or Partly Cloudy
186623,244315,244875,E683910,Matched,Intersection,30726.0,16TH AVE AND E YESLER WAY,,,2,Injury Collision,Cycles,3,0,1,1,1,0,0,2017-06-22T00:00:00.000Z,6/22/2017 7:51:00 AM,At Intersection (intersection related),18,"MOTOR VEHICLE STRUCK PEDALCYCLIST, FRONT END AT ANGLE",,N,Clear or Partly Cloudy,Dry,Daylight,,,,45.0,Vehicle - Pedalcyclist,10019,0,N,POINT (1275746.921783164 222978.1083123833),3967.0,0.0,Clear or Partly Cloudy
186624,244851,245451,E693902,Matched,Block,,BALLARD AVE NW BETWEEN 22ND AVE NW AND NW MARKET ST,,,2,Injury Collision,Cycles,2,0,1,1,1,0,0,2017-07-21T00:00:00.000Z,7/21/2017 4:51:00 PM,Mid-Block (not related to intersection),54,PEDALCYCLIST STRUCK MOTOR VEHICLE REAR END,,N,Clear or Partly Cloudy,Dry,Daylight,,,,45.0,Vehicle - Pedalcyclist,26294,0,N,POINT (1257980.356452972 247574.2637935728),23024.0,8.146367729517067e-06,Clear or Partly Cloudy
186658,246033,246613,3746706,Matched,Intersection,29678.0,BROAD ST AND WESTERN AVE,,,2,Injury Collision,Cycles,3,0,1,1,1,0,0,2017-08-09T00:00:00.000Z,8/9/2017 5:35:00 PM,At Intersection (intersection related),18,"MOTOR VEHICLE STRUCK PEDALCYCLIST, FRONT END AT ANGLE",,N,Clear or Partly Cloudy,Dry,Daylight,Y,,,45.0,Vehicle - Pedalcyclist,15772,0,N,POINT (1265542.31786871 228492.6596140265),6764.0,0.0,Clear or Partly Cloudy
186684,245532,246132,E686745,Matched,Intersection,26937.0,DAYTON AVE N AND N 44TH ST,,,2,Injury Collision,Cycles,2,0,1,1,1,0,0,2017-04-27T00:00:00.000Z,4/27/2017 6:38:00 PM,At Intersection (intersection related),18,"MOTOR VEHICLE STRUCK PEDALCYCLIST, FRONT END AT ANGLE",,N,Overcast,Dry,Dusk,,,,45.0,Vehicle - Pedalcyclist,0,0,N,POINT (1266179.814445361 244520.3032784462),683.0,0.0,Overcast
186688,242995,243475,3704054,Matched,Intersection,29697.0,ELLIOTT AVE AND WALL ST,,,2,Injury Collision,Cycles,4,0,1,1,1,0,0,2017-06-25T00:00:00.000Z,6/25/2017 5:07:00 PM,At Intersection (intersection related),51,PEDALCYCLIST STRUCK MOTOR VEHICLE FRONT END AT ANGLE,,N,Clear or Partly Cloudy,Dry,Daylight,,,,45.0,Vehicle - Pedalcyclist,0,523791,N,POINT (1266236.692013428 227426.0105249435),707.0,0.0,Clear or Partly Cloudy
186701,242284,242764,E680412,Matched,Intersection,35274.0,RENTON AVE S AND S HENDERSON ST,,,1,Property Damage Only Collision,Cycles,2,0,1,1,0,0,0,2017-06-10T00:00:00.000Z,6/10/2017 7:07:00 PM,At Intersection (intersection related),18,"MOTOR VEHICLE STRUCK PEDALCYCLIST, FRONT END AT ANGLE",,N,Clear or Partly Cloudy,Dry,Daylight,,,,45.0,Vehicle - Pedalcyclist,0,523202,N,POINT (1283885.015359491 194231.6929229498),11160.0,0.0,Clear or Partly Cloudy
186717,246035,246615,3746753,Matched,Intersection,26472.0,20TH AVE W AND W DRAVUS ST,,,2,Injury Collision,Cycles,2,0,1,1,1,0,0,2017-08-01T00:00:00.000Z,8/1/2017 1:38:00 PM,At Intersection (intersection related),18,"MOTOR VEHICLE STRUCK PEDALCYCLIST, FRONT END AT ANGLE",,N,Clear or Partly Cloudy,Dry,Daylight,,,,45.0,Vehicle - Pedalcyclist,15613,0,N,POINT (1258722.299941733 240378.1946022063),2093.0,0.0,Clear or Partly Cloudy
186736,243222,243722,3694286,Matched,Intersection,36339.0,AURORA AVE N AND N 117TH PL,,,2,Injury Collision,Cycles,0,0,1,1,1,0,0,2017-06-27T00:00:00.000Z,6/27/2017 11:38:00 PM,At Intersection (intersection related),18,"MOTOR VEHICLE STRUCK PEDALCYCLIST, FRONT END AT ANGLE",,N,Clear or Partly Cloudy,Dry,Dark - Street Lights On,,,,45.0,Vehicle - Pedalcyclist,0,614262,N,POINT (1268347.37975958 264382.4603547752),18893.0,0.0,Clear or Partly Cloudy
186749,242998,243478,E676100,Matched,Block,,NW MARKET ST BETWEEN LEARY AVE NW AND BALLARD AVE NW,,,1,Property Damage Only Collision,Cycles,2,0,1,1,0,0,0,2017-05-25T00:00:00.000Z,5/25/2017 10:46:00 AM,Mid-Block (but intersection related),21,"MOTOR VEHICLE STRUCK PEDALCYCLIST, REAR END",Y,N,Clear or Partly Cloudy,Dry,Daylight,,,,45.0,Vehicle - Pedalcyclist,25818,0,N,POINT (1257990.006692976 247770.4896497726),20714.0,0.0,Clear or Partly Cloudy
186751,243498,244018,3773654,Matched,Intersection,30732.0,22ND AVE AND E YESLER WAY,,,1,Property Damage Only Collision,Cycles,2,0,1,1,0,0,0,2017-05-24T00:00:00.000Z,5/24/2017 5:13:00 PM,At Intersection (intersection related),11,"MOTOR VEHICLE STRUCK MOTOR VEHICLE, FRONT END AT ANGLE",,N,Clear or Partly Cloudy,Dry,Daylight,,,,45.0,Vehicle - Pedalcyclist,0,0,N,POINT (1277678.22623314 222936.1837043464),10456.0,0.0,Clear or Partly Cloudy
186769,244855,245455,E696032,Matched,Block,,10TH AVE E BETWEEN E MERCER ST AND E ROY E ST,,,2,Injury Collision,Cycles,2,0,1,1,1,0,0,2017-07-27T00:00:00.000Z,7/27/2017 11:29:00 AM,Driveway Junction,18,"MOTOR VEHICLE STRUCK PEDALCYCLIST, FRONT END AT ANGLE",,N,Overcast,Dry,Daylight,,,,45.0,Vehicle - Pedalcyclist,0,0,N,POINT (1273859.708021224 231454.5458890647),15519.0,6.239044659293649e-06,Overcast
186770,244854,245454,3694336,Matched,Intersection,25132.0,24TH AVE NW AND NW 58TH ST,,,1,Property Damage Only Collision,Cycles,4,0,1,1,0,0,0,2017-07-08T00:00:00.000Z,7/8/2017 10:17:00 AM,At Intersection (intersection related),18,"MOTOR VEHICLE STRUCK PEDALCYCLIST, FRONT END AT ANGLE",Y,N,Clear or Partly Cloudy,Dry,Daylight,,,,45.0,Vehicle - Pedalcyclist,2105,0,N,POINT (1257506.266148478 248596.4105466157),7478.0,0.0,Clear or Partly Cloudy
186794,245875,246475,3744379,Matched,Intersection,34153.0,HIGHLAND PARK WAY SW AND SW HOLDEN N ST,,,2,Injury Collision,Cycles,2,0,1,1,1,0,0,2017-07-13T00:00:00.000Z,7/13/2017 3:41:00 PM,At Intersection (intersection related),51,PEDALCYCLIST STRUCK MOTOR VEHICLE FRONT END AT ANGLE,Y,N,Clear or Partly Cloudy,Dry,Daylight,,,,45.0,Vehicle - Pedalcyclist,29882,0,N,POINT (1266505.160493702 198493.2194553167),15047.0,0.0,Clear or Partly Cloudy
186815,245054,245654,E696983,Matched,Block,,NW MARKET ST BETWEEN 28TH AVE NW AND NW 54TH ST,,,2,Injury Collision,Cycles,6,0,1,1,1,0,0,2017-07-31T00:00:00.000Z,7/31/2017 12:52:00 PM,Mid-Block (not related to intersection),18,"MOTOR VEHICLE STRUCK PEDALCYCLIST, FRONT END AT ANGLE",Y,N,Clear or Partly Cloudy,Dry,Daylight,,,,45.0,Vehicle - Pedalcyclist,25937,0,N,POINT (1255987.824546933 247800.8483058065),12849.0,7.554727456820502e-09,Clear or Partly Cloudy
186838,242774,243254,3769313,Matched,Block,,LINDEN AVE N BETWEEN N 130TH ST AND N 135TH ST,,,2,Injury Collision,Cycles,2,0,1,1,1,0,0,2017-06-06T00:00:00.000Z,6/6/2017 4:39:00 PM,Mid-Block (not related to intersection),14,"MOTOR VEHICLE STRUCK MOTOR VEHICLE, REAR END",,N,Clear or Partly Cloudy,Dry,Daylight,,,,45.0,Vehicle - Pedalcyclist,40833,0,N,POINT (1267662.791086882 268139.4151106328),20586.0,2.602739777230382e-06,Clear or Partly Cloudy
186841,245883,246483,3747967,Matched,Intersection,27284.0,CORLISS AVE N AND N NORTHLAKE WAY,,,2,Injury Collision,Cycles,2,0,1,1,1,0,0,2017-07-21T00:00:00.000Z,7/21/2017 4:05:00 PM,At Intersection (intersection related),51,PEDALCYCLIST STRUCK MOTOR VEHICLE FRONT END AT ANGLE,,N,Overcast,Dry,Daylight,,,,45.0,Vehicle - Pedalcyclist,28985,0,N,POINT (1271215.333682522 240658.9459624887),12061.0,0.0,Overcast
186843,245882,246482,3746751,Matched,Intersection,28913.0,MERCER ST AND TAYLOR AVE N,,,1,Property Damage Only Collision,Cycles,2,0,1,1,0,0,0,2017-07-28T00:00:00.000Z,7/28/2017 9:23:00 PM,At Intersection (intersection related),18,"MOTOR VEHICLE STRUCK PEDALCYCLIST, FRONT END AT ANGLE",,N,Clear or Partly Cloudy,Dry,Dark - Street Lights On,,,,45.0,Vehicle - Pedalcyclist,43201,0,N,POINT (1267352.501806572 231486.9510730952),6529.0,0.0,Clear or Partly Cloudy
186852,245878,246478,3746207,Matched,Intersection,29966.0,4TH AVE AND COLUMBIA ST,,,2,Injury Collision,Cycles,2,0,1,1,1,0,0,2017-07-11T00:00:00.000Z,7/11/2017 6:03:00 PM,At Intersection (intersection related),51,PEDALCYCLIST STRUCK MOTOR VEHICLE FRONT END AT ANGLE,,N,Clear or Partly Cloudy,Dry,Daylight,,,Y,45.0,Vehicle - Pedalcyclist,12651,0,N,POINT (1270826.14917013 224160.0462335944),11803.0,0.0,Clear or Partly Cloudy
186870,243239,243739,3773784,Matched,Block,,10TH AVE E BETWEEN E ROY W ST AND E ALOHA ST,,,2,Injury Collision,Cycles,2,0,1,1,1,0,0,2017-06-27T00:00:00.000Z,6/27/2017 6:40:00 AM,Mid-Block (not related to intersection),22,"MOTOR VEHICLE STRUCK PEDALCYCLIST, RIGHT SIDE SIDESWIPE",,N,Clear or Partly Cloudy,Dry,Daylight,Y,,,45.0,Vehicle - Pedalcyclist,6191,0,N,POINT (1273784.705397159 231940.3861455619),4984.0,1.3544046334140847e-05,Clear or Partly Cloudy
186880,243229,243729,3756585,Matched,Intersection,31581.0,RAINIER AVE S AND S COLLEGE N ST,,,2,Injury Collision,Cycles,3,0,1,1,1,0,0,2017-06-27T00:00:00.000Z,6/27/2017 9:24:00 PM,At Intersection (intersection related),18,"MOTOR VEHICLE STRUCK PEDALCYCLIST, FRONT END AT ANGLE",,N,Clear or Partly Cloudy,Dry,Dusk,Y,,,45.0,Vehicle - Pedalcyclist,19994,0,N,POINT (1278025.18226549 216171.4133934081),8892.0,0.0,Clear or Partly Cloudy
186885,243815,244353,E674445,Matched,Intersection,589793.0,9TH AVE N AND MERCER NR ST,,,2b,Serious Injury Collision,Cycles,2,0,2,0,1,1,0,2017-05-17T00:00:00.000Z,5/17/2017 1:53:00 PM,At Intersection (intersection related),18,"MOTOR VEHICLE STRUCK PEDALCYCLIST, FRONT END AT ANGLE",Y,N,Clear or Partly Cloudy,Dry,Daylight,,,,45.0,Vehicle - Pedalcyclist,44426,0,N,POINT (1268962.123568222 231502.3666251153),4920.0,0.0,Clear or Partly Cloudy
186888,243011,243491,3753281,Matched,Intersection,30542.0,6TH AVE S AND S DEARBORN ST,,,1,Property Damage Only Collision,Cycles,2,0,1,1,0,0,0,2017-06-21T00:00:00.000Z,6/21/2017 8:15:00 PM,At Intersection (intersection related),18,"MOTOR VEHICLE STRUCK PEDALCYCLIST, FRONT END AT ANGLE",Y,N,Overcast,Dry,Daylight,Y,,,45.0,Vehicle - Pedalcyclist,5806,0,N,POINT (1272053.794867381 220916.7845342755),4454.0,0.0,Overcast
186941,245893,246493,3773812,Matched,Intersection,35508.0,LAKE WASHINGTON BLVD S AND S JACKSON ST,,,1,Property Damage Only Collision,Cycles,2,0,1,1,0,0,0,2017-07-08T00:00:00.000Z,7/8/2017 5:33:00 PM,At Intersection (intersection related),51,PEDALCYCLIST STRUCK MOTOR VEHICLE FRONT END AT ANGLE,,N,Clear or Partly Cloudy,Dry,Daylight,,,,45.0,Vehicle - Pedalcyclist,35010,0,N,POINT (1281390.396732941 221947.8491113335),11957.0,0.0,Clear or Partly Cloudy
186969,245553,246153,E686939,Matched,Intersection,35910.0,MERIDIAN AVE N AND N 145TH ST,,,2,Injury Collision,Angles,5,0,1,3,1,0,0,2017-06-21T00:00:00.000Z,6/21/2017 5:21:00 PM,At Intersection (intersection related),11,"MOTOR VEHICLE STRUCK MOTOR VEHICLE, FRONT END AT ANGLE",,N,Clear or Partly Cloudy,Dry,Daylight,,,,10.0,Entering at angle,0,0,N,POINT (1271088.264498398 271391.9538659602),12725.0,0.0,Clear or Partly Cloudy
187010,243240,243740,3773785,Matched,Block,,EASTLAKE AVE E BETWEEN HARVARD AVE E AND FUHRMAN AVE E,,,2,Injury Collision,Cycles,3,0,1,1,1,0,0,2017-06-27T00:00:00.000Z,6/27/2017 8:37:00 AM,Mid-Block (not related to intersection),18,"MOTOR VEHICLE STRUCK PEDALCYCLIST, FRONT END AT ANGLE",Y,N,Clear or Partly Cloudy,Dry,Daylight,Y,,,45.0,Vehicle - Pedalcyclist,6064,0,N,POINT (1273599.974708959 241029.8313388675),6317.0,1.4142158170737939e-05,Clear or Partly Cloudy
187036,244873,245473,3704095,Matched,Block,,13TH AVE W BETWEEN W NICKERSON ST AND SHIP CANAL TRL,,,2,Injury Collision,Cycles,2,0,1,1,1,0,0,2017-07-06T00:00:00.000Z,7/6/2017 8:27:00 AM,Mid-Block (not related to intersection),18,"MOTOR VEHICLE STRUCK PEDALCYCLIST, FRONT END AT ANGLE",Y,N,Clear or Partly Cloudy,Dry,Daylight,,,,45.0,Vehicle - Pedalcyclist,0,642408,N,POINT (1260847.772199899 243022.197676912),12277.0,8.526425296049874e-06,Clear or Partly Cloudy
187074,245333,245933,E682399,Matched,Intersection,30509.0,4TH AVE S AND S JACKSON ST,,,2,Injury Collision,Cycles,2,0,1,1,1,0,0,2017-06-14T00:00:00.000Z,6/14/2017 10:48:00 AM,At Intersection (but not related to intersection),11,"MOTOR VEHICLE STRUCK MOTOR VEHICLE, FRONT END AT ANGLE",,N,Unknown,Unknown,Unknown,,,,45.0,Vehicle - Pedalcyclist,35682,0,N,POINT (1271437.769010752 222154.4498155415),4520.0,0.0,
187116,242645,243125,3704076,Matched,Intersection,28884.0,2ND AVE N AND ROY ST,,,2,Injury Collision,Cycles,3,0,1,1,1,0,0,2017-06-01T00:00:00.000Z,6/1/2017 5:49:00 PM,At Intersection (intersection related),18,"MOTOR VEHICLE STRUCK PEDALCYCLIST, FRONT END AT ANGLE",,N,Clear or Partly Cloudy,Dry,Daylight,Y,,,45.0,Vehicle - Pedalcyclist,12402,0,N,POINT (1265751.685676932 231841.1915854663),943.0,0.0,Clear or Partly Cloudy
187124,245946,246546,3789015,Matched,Intersection,29627.0,ALASKAN E RDWY WAY AND UNIVERSITY ST,,,2,Injury Collision,Cycles,2,0,1,1,1,0,0,2017-07-21T00:00:00.000Z,7/21/2017 12:13:00 PM,At Intersection (intersection related),18,"MOTOR VEHICLE STRUCK PEDALCYCLIST, FRONT END AT ANGLE",,N,Clear or Partly Cloudy,Dry,Daylight,,,,45.0,Vehicle - Pedalcyclist,0,0,N,POINT (1268756.248879999 224712.5090821534),6720.0,0.0,Clear or Partly Cloudy
187127,242642,243122,3694245,Matched,Block,,N 45TH ST BETWEEN WOODLAWN W AVE N AND WOODLAWN E AVE N,,,2,Injury Collision,Cycles,3,0,1,1,1,0,0,2017-05-31T00:00:00.000Z,5/31/2017 8:05:00 PM,Mid-Block (not related to intersection),18,"MOTOR VEHICLE STRUCK PEDALCYCLIST, FRONT END AT ANGLE",Y,N,Clear or Partly Cloudy,Dry,Daylight,Y,,,45.0,Vehicle - Pedalcyclist,6463,0,N,POINT (1269440.811760709 244882.1745748073),7052.0,1.914384914016944e-05,Clear or Partly Cloudy
187134,243038,243518,3764409,Matched,Intersection,33579.0,RAINIER AVE S AND S HUDSON ST,,,2,Injury Collision,Cycles,2,0,1,1,1,0,0,2017-06-24T00:00:00.000Z,6/24/2017 2:55:00 PM,At Intersection (intersection related),24,MOTOR VEHCILE STRUCK PEDESTRIAN,,N,Clear or Partly Cloudy,Dry,Daylight,Y,,,45.0,Vehicle - Pedalcyclist,0,524819,N,POINT (1282084.838717654 206570.8007755876),3722.0,0.0,Clear or Partly Cloudy
187182,244880,245480,3739933,Matched,Intersection,589793.0,9TH AVE N AND MERCER NR ST,,,2,Injury Collision,Cycles,2,0,1,1,1,0,0,2017-07-07T00:00:00.000Z,7/7/2017 3:49:00 PM,At Intersection (but not related to intersection),18,"MOTOR VEHICLE STRUCK PEDALCYCLIST, FRONT END AT ANGLE",,N,Clear or Partly Cloudy,Dry,Daylight,,,,45.0,Vehicle - Pedalcyclist,0,522444,N,POINT (1268962.123568222 231502.3666251153),4920.0,0.0,Clear or Partly Cloudy
187195,245569,246169,3552111,Matched,Intersection,29826.0,12TH AVE AND E ALDER ST,,,2,Injury Collision,Cycles,2,0,1,1,1,0,0,2017-08-14T00:00:00.000Z,8/14/2017 8:26:00 AM,At Intersection (intersection related),18,"MOTOR VEHICLE STRUCK PEDALCYCLIST, FRONT END AT ANGLE",Y,N,Clear or Partly Cloudy,Dry,Daylight,,,,45.0,Vehicle - Pedalcyclist,10590,0,N,POINT (1274480.128053859 223979.3716734052),2319.0,0.0,Clear or Partly Cloudy
187217,242648,243128,3735072,Matched,Intersection,32333.0,1ST AVE S AND S HORTON ST,,,2,Injury Collision,Cycles,2,0,1,1,1,0,0,2017-05-31T00:00:00.000Z,5/31/2017 11:34:00 PM,At Intersection (intersection related),11,"MOTOR VEHICLE STRUCK MOTOR VEHICLE, FRONT END AT ANGLE",,N,Raining,Wet,Dark - Street Lights On,,,,45.0,Vehicle - Pedalcyclist,0,525175,N,POINT (1269969.659441248 213131.0214543045),4973.0,0.0,Raining
187287,244391,244951,E684322,Matched,Block,,STEWART ST BETWEEN 1ST AVE AND 2ND AVE,,,2,Injury Collision,Cycles,4,0,1,2,1,0,0,2017-06-22T00:00:00.000Z,6/22/2017 9:45:00 AM,Mid-Block (not related to intersection),51,PEDALCYCLIST STRUCK MOTOR VEHICLE FRONT END AT ANGLE,,N,Clear or Partly Cloudy,Dry,Daylight,,,,45.0,Vehicle - Pedalcyclist,13565,0,N,POINT (1268576.52094382 226377.5820438713),3770.0,1.908789332689597e-05,Clear or Partly Cloudy
187305,244890,245490,3744236,Matched,Block,,16TH AVE SW BETWEEN SW OTHELLO ST AND SW WEBSTER ST,,,2,Injury Collision,Cycles,2,0,1,1,1,0,0,2017-07-02T00:00:00.000Z,7/2/2017 10:21:00 AM,Mid-Block (not related to intersection),54,PEDALCYCLIST STRUCK MOTOR VEHICLE REAR END,Y,N,Clear or Partly Cloudy,Dry,Daylight,,,Y,45.0,Vehicle - Pedalcyclist,1627,0,N,POINT (1264560.582059711 199379.3133442253),8442.0,1.4289794547116787e-07,Clear or Partly Cloudy