OBJECTID,INCKEY,COLDETKEY,REPORTNO,STATUS,ADDRTYPE,INTKEY,LOCATION,EXCEPTRSNC,EXCEPTRSND,SEVERITYCO,SEVERITYDE,COLLISIONT,PERSONCOUN,PEDCOUNT,PEDCYLCOUN,VEHCOUNT,INJURIES,SERIOUSINJ,FATALITIES,INCDATE,INCDTTM,JUNCTIONTY,SDOT_COLCO,SDOT_COLDE,INATTENTIO,UNDERINFL,WEATHER,ROADCOND,LIGHTCOND,PEDROWNOTG,SDOTCOLNUM,SPEEDING,ST_COLCODE,ST_COLDESC,SEGLANEKEY,CROSSWALKK,HITPARKEDC,geometry,near_str_index,min_length,weather_group
187336,245384,245984,E684049,Matched,Block,,S HENDERSON ST BETWEEN RENTON AVE S AND 46TH AVE S,,,2,Injury Collision,Cycles,2,0,1,1,1,0,0,2017-06-17T00:00:00.000Z,6/17/2017 5:33:00 PM,Mid-Block (not related to intersection),18,"MOTOR VEHICLE STRUCK PEDALCYCLIST, FRONT END AT ANGLE",,N,Clear or Partly Cloudy,Dry,Daylight,,,,45.0,Vehicle - Pedalcyclist,0,0,N,POINT (1284151.934335768 194226.5154509395),18357.0,1.6235007999476274e-05,Clear or Partly Cloudy
187345,245978,246578,3787270,Matched,Intersection,25394.0,15TH AVE NW AND NW 60TH ST,,,2,Injury Collision,Cycles,0,0,1,1,1,0,0,2017-08-15T00:00:00.000Z,8/15/2017 2:25:00 PM,At Intersection (intersection related),18,"MOTOR VEHICLE STRUCK PEDALCYCLIST, FRONT END AT ANGLE",,N,Clear or Partly Cloudy,Dry,Daylight,,,,45.0,Vehicle - Pedalcyclist,0,524984,N,POINT (1260319.129639357 249066.4326910973),1586.0,0.0,Clear or Partly Cloudy
187416,243602,244122,E676643,Matched,Intersection,26628.0,8TH AVE NW AND NW 43RD S ST,,,2,Injury Collision,Cycles,2,0,1,1,1,0,0,2017-05-09T00:00:00.000Z,5/9/2017 8:05:00 AM,At Intersection (but not related to intersection),18,"MOTOR VEHICLE STRUCK PEDALCYCLIST, FRONT END AT ANGLE",Y,N,Clear or Partly Cloudy,Dry,Daylight,Y,,,45.0,Vehicle - Pedalcyclist,0,521319,N,POINT (1262709.284137815 244122.2870220393),8271.0,0.0,Clear or Partly Cloudy
187430,245395,245995,E684330,Matched,Block,,DEXTER AVE N BETWEEN HAYES ST AND HOWE ST,,,2,Injury Collision,Cycles,2,0,1,1,1,0,0,2017-06-21T00:00:00.000Z,6/21/2017 10:35:00 AM,Mid-Block (not related to intersection),18,"MOTOR VEHICLE STRUCK PEDALCYCLIST, FRONT END AT ANGLE",Y,N,Clear or Partly Cloudy,Dry,Daylight,,,,45.0,Vehicle - Pedalcyclist,12989,0,N,POINT (1268408.639919654 235271.560932979),15565.0,6.7242681277130444e-06,Clear or Partly Cloudy
187439,244420,244998,E690469,Matched,Intersection,35801.0,LINDEN AVE N AND N 137TH N ST,,,2,Injury Collision,Cycles,2,0,1,1,1,0,0,2017-07-11T00:00:00.000Z,7/11/2017 5:15:00 PM,At Intersection (intersection related),18,"MOTOR VEHICLE STRUCK PEDALCYCLIST, FRONT END AT ANGLE",,N,Clear or Partly Cloudy,Dry,Daylight,,,,45.0,Vehicle - Pedalcyclist,7617,0,N,POINT (1267737.596718967 269466.5164239854),816.0,0.0,Clear or Partly Cloudy
187477,246898,247498,E704716,Matched,Intersection,30355.0,2ND AVE AND CHERRY ST,,,2,Injury Collision,Cycles,0,0,1,1,1,0,0,2017-08-22T00:00:00.000Z,8/22/2017 2:25:00 PM,At Intersection (intersection related),18,"MOTOR VEHICLE STRUCK PEDALCYCLIST, FRONT END AT ANGLE",,N,Clear or Partly Cloudy,Dry,Daylight,,,,45.0,Vehicle - Pedalcyclist,42244,0,N,POINT (1270427.74891372 223568.6895609945),2488.0,0.0,Clear or Partly Cloudy
187480,246878,247478,E704429,Matched,Block,,MADRONA DR BETWEEN NEWPORT WAY AND GRAND AVE,,,2,Injury Collision,Cycles,0,0,1,1,1,0,0,2017-08-23T00:00:00.000Z,8/23/2017 4:41:00 PM,Driveway Junction,51,PEDALCYCLIST STRUCK MOTOR VEHICLE FRONT END AT ANGLE,,N,Clear or Partly Cloudy,Dry,Daylight,,,,45.0,Vehicle - Pedalcyclist,9863,0,N,POINT (1282741.628158331 227626.0653091371),17970.0,2.9005411127929275e-06,Clear or Partly Cloudy
187484,246862,247457,E704349,Matched,Block,,EASTLAKE AVE E BETWEEN E BLAINE ST AND E HOWE ST,,,2,Injury Collision,Cycles,0,0,1,1,2,0,0,2017-08-23T00:00:00.000Z,8/23/2017 8:40:00 AM,Mid-Block (not related to intersection),18,"MOTOR VEHICLE STRUCK PEDALCYCLIST, FRONT END AT ANGLE",,N,Clear or Partly Cloudy,Dry,Daylight,,,,45.0,Vehicle - Pedalcyclist,24781,0,N,POINT (1272573.382131919 235329.4137970358),6315.0,1.826381830891898e-05,Clear or Partly Cloudy
187491,245602,246202,E688287,Matched,Block,,DEXTER AVE N BETWEEN REPUBLICAN ST AND MERCER ST,,,2,Injury Collision,Cycles,3,0,1,1,1,0,0,2017-06-29T00:00:00.000Z,6/29/2017 3:47:00 PM,Mid-Block (but intersection related),11,"MOTOR VEHICLE STRUCK MOTOR VEHICLE, FRONT END AT ANGLE",,N,Clear or Partly Cloudy,Dry,Daylight,,,,45.0,Vehicle - Pedalcyclist,12649,0,N,POINT (1268311.922351554 231223.1936328262),11928.0,7.448147300580169e-09,Clear or Partly Cloudy
187492,245850,246450,3704059,Matched,Intersection,29881.0,7TH AVE AND PINE ST,,,2,Injury Collision,Cycles,4,0,1,1,1,0,0,2017-07-10T00:00:00.000Z,7/10/2017 12:25:00 AM,At Intersection (intersection related),51,PEDALCYCLIST STRUCK MOTOR VEHICLE FRONT END AT ANGLE,Y,N,Clear or Partly Cloudy,Dry,Dark - Street Lights On,,,,45.0,Vehicle - Pedalcyclist,0,522054,N,POINT (1270227.014961511 227068.0994845778),6591.0,0.0,Clear or Partly Cloudy
187529,247862,248442,E696082,Matched,Intersection,37326.0,AURORA AVE N AND N 94TH ST,,,1,Property Damage Only Collision,Cycles,2,0,1,1,0,0,0,2017-07-24T00:00:00.000Z,7/24/2017 12:27:00 PM,At Intersection (intersection related),18,"MOTOR VEHICLE STRUCK PEDALCYCLIST, FRONT END AT ANGLE",,N,Clear or Partly Cloudy,Dry,Daylight,,,,45.0,Vehicle - Pedalcyclist,0,37326,N,POINT (1268282.953519523 257928.7945561707),1310.0,0.0,Clear or Partly Cloudy
187533,247430,248010,E700356,Matched,Intersection,26607.0,8TH AVE NW AND LEARY WAY NW,,,2,Injury Collision,Cycles,3,0,1,2,1,0,0,2017-08-07T00:00:00.000Z,8/7/2017 8:10:00 AM,At Intersection (intersection related),18,"MOTOR VEHICLE STRUCK PEDALCYCLIST, FRONT END AT ANGLE",Y,N,Overcast,Dry,Daylight,,,,45.0,Vehicle - Pedalcyclist,2271,0,N,POINT (1262701.016361803 244685.3879506141),10264.0,0.0,Overcast
187553,247696,248276,E699551,Matched,Block,,WESTLAKE AVE BETWEEN LENORA ST AND BLANCHARD ST,,,2,Injury Collision,Cycles,2,0,1,1,1,0,0,2017-07-31T00:00:00.000Z,7/31/2017 6:34:00 AM,Mid-Block (not related to intersection),56,PEDALCYCLIST STRUCK MOTOR VEHICLE LEFT SIDE SIDESWIPE,,N,Clear or Partly Cloudy,Dry,Daylight,,,,45.0,Vehicle - Pedalcyclist,37217,0,N,POINT (1269303.789040565 228734.0190382749),1029.0,8.056711351935307e-06,Clear or Partly Cloudy
187560,248662,249242,3744341,Matched,Intersection,33957.0,18TH AVE SW AND SW MYRTLE ST,,,2,Injury Collision,Cycles,0,0,1,1,1,0,0,2017-09-22T00:00:00.000Z,9/22/2017 4:03:00 PM,At Intersection (intersection related),18,"MOTOR VEHICLE STRUCK PEDALCYCLIST, FRONT END AT ANGLE",,N,Clear or Partly Cloudy,Dry,Daylight,,,,45.0,Vehicle - Pedalcyclist,0,0,N,POINT (1264025.137195155 200385.6055052429),5189.0,0.0,Clear or Partly Cloudy
187627,246918,247518,3764705,Matched,Block,,S ADAMS ST BETWEEN 29TH AVE S AND M L KING JR WR WAY S,,,2,Injury Collision,Cycles,0,0,1,1,1,0,0,2017-08-28T00:00:00.000Z,8/28/2017 2:46:00 PM,Driveway Junction,18,"MOTOR VEHICLE STRUCK PEDALCYCLIST, FRONT END AT ANGLE",,N,Clear or Partly Cloudy,Dry,Daylight,,,,45.0,Vehicle - Pedalcyclist,0,0,N,POINT (1279150.170746654 209533.7129066139),23405.0,1.7888558811120958e-05,Clear or Partly Cloudy
187681,247499,248079,E700786,Matched,Block,,BROADWAY BETWEEN E UNION ST AND E PIKE ST,,,2,Injury Collision,Cycles,3,0,1,1,1,0,0,2017-07-09T00:00:00.000Z,7/9/2017 7:05:00 PM,Mid-Block (not related to intersection),18,"MOTOR VEHICLE STRUCK PEDALCYCLIST, FRONT END AT ANGLE",Y,N,Clear or Partly Cloudy,Dry,Daylight,,,,45.0,Vehicle - Pedalcyclist,41386,0,N,POINT (1273560.509492919 227338.6788128465),18912.0,6.252923551900635e-11,Clear or Partly Cloudy
187718,248668,249248,3772025,Matched,Intersection,29745.0,BROADWAY AND E PIKE ST,,,2,Injury Collision,Cycles,2,1,1,0,1,0,0,2017-09-21T00:00:00.000Z,9/21/2017 3:51:00 PM,At Intersection (intersection related),64,PEDALCYCLIST STRUCK PEDESTRIAN,,N,Clear or Partly Cloudy,Dry,Daylight,,,,45.0,Vehicle - Pedalcyclist,41392,522256,N,POINT (1273562.21214892 227541.5487010628),1144.0,0.0,Clear or Partly Cloudy
187744,246937,247537,E706951,Matched,Intersection,29981.0,30TH AVE AND E HOWELL ST,,,2b,Serious Injury Collision,Cycles,0,0,1,1,1,1,0,2017-08-31T00:00:00.000Z,8/31/2017 11:53:00 AM,At Intersection (intersection related),18,"MOTOR VEHICLE STRUCK PEDALCYCLIST, FRONT END AT ANGLE",,N,Clear or Partly Cloudy,Wet,Daylight,,,,45.0,Vehicle - Pedalcyclist,0,0,N,POINT (1280306.181947827 228701.303710252),2746.0,0.0,Clear or Partly Cloudy
187760,246699,247279,3773918,Matched,Intersection,30148.0,22ND AVE AND E UNION ST,,,2,Injury Collision,Cycles,0,0,1,1,1,0,0,2017-08-24T00:00:00.000Z,8/24/2017 6:30:00 PM,At Intersection (intersection related),51,PEDALCYCLIST STRUCK MOTOR VEHICLE FRONT END AT ANGLE,,N,Clear or Partly Cloudy,Dry,Daylight,,,,45.0,Vehicle - Pedalcyclist,9359,0,N,POINT (1277782.270009249 227043.597980544),1178.0,0.0,Clear or Partly Cloudy
187778,247721,248301,E702795,Matched,Block,,UNIVERSITY WAY NE BETWEEN NE 41ST ST AND NE 42ND ST,,,2,Injury Collision,Cycles,2,0,1,1,1,0,0,2017-08-10T00:00:00.000Z,8/10/2017 1:14:00 PM,Mid-Block (not related to intersection),18,"MOTOR VEHICLE STRUCK PEDALCYCLIST, FRONT END AT ANGLE",,N,Clear or Partly Cloudy,Dry,Daylight,,,,45.0,Vehicle - Pedalcyclist,0,0,N,POINT (1275730.08427915 243369.0820932686),6723.0,1.076717241162441e-05,Clear or Partly Cloudy
187801,247897,248477,E705703,Matched,Intersection,29219.0,26TH AVE E AND E WARD ST,,,2,Injury Collision,Cycles,2,0,1,1,1,0,0,2017-08-14T00:00:00.000Z,8/14/2017 6:35:00 PM,At Intersection (intersection related),18,"MOTOR VEHICLE STRUCK PEDALCYCLIST, FRONT END AT ANGLE",,N,Clear or Partly Cloudy,Dry,Daylight,Y,,,45.0,Vehicle - Pedalcyclist,0,0,N,POINT (1279095.175482586 232298.9679699242),220.0,0.0,Clear or Partly Cloudy
187827,248275,248855,3736664,Matched,Block,,LINDEN AVE N BETWEEN N 130TH ST AND N 135TH ST,,,2,Injury Collision,Cycles,0,0,1,1,1,0,0,2017-09-14T00:00:00.000Z,9/14/2017 8:03:00 PM,Driveway Junction,51,PEDALCYCLIST STRUCK MOTOR VEHICLE FRONT END AT ANGLE,,N,Clear or Partly Cloudy,Dry,Dusk,,,,45.0,Vehicle - Pedalcyclist,40839,0,N,POINT (1267662.791086882 268139.4151106328),20586.0,2.602739777230382e-06,Clear or Partly Cloudy
187869,249306,249906,E706785,Matched,Block,,ROOSEVELT WAY NE BETWEEN NE 42ND N ST AND NE 43RD S ST,,,2,Injury Collision,Cycles,0,0,1,1,1,0,0,2017-08-29T00:00:00.000Z,8/29/2017 6:35:00 AM,Mid-Block (not related to intersection),11,"MOTOR VEHICLE STRUCK MOTOR VEHICLE, FRONT END AT ANGLE",,N,Clear or Partly Cloudy,Dry,Daylight,,,,45.0,Vehicle - Pedalcyclist,45532,0,N,POINT (1274621.021750003 243878.6222537905),19030.0,1.4612336307282194e-05,Clear or Partly Cloudy
187874,246048,246628,3772019,Matched,Intersection,29851.0,BOREN AVE AND STEWART ST,,,2,Injury Collision,Cycles,2,0,1,1,1,0,0,2017-08-09T00:00:00.000Z,8/9/2017 8:18:00 PM,At Intersection (intersection related),18,"MOTOR VEHICLE STRUCK PEDALCYCLIST, FRONT END AT ANGLE",,N,Clear or Partly Cloudy,Dry,Dusk,,,,45.0,Vehicle - Pedalcyclist,0,522453,N,POINT (1270638.711345926 228645.0983981937),3393.0,0.0,Clear or Partly Cloudy
187908,247551,248131,E701425,Matched,Intersection,27130.0,ROOSEVELT WAY NE AND NE 40TH ALLEY ST,,,2,Injury Collision,Cycles,3,0,1,1,1,0,0,2017-08-11T00:00:00.000Z,8/11/2017 6:25:00 AM,At Intersection (intersection related),18,"MOTOR VEHICLE STRUCK PEDALCYCLIST, FRONT END AT ANGLE",Y,N,Clear or Partly Cloudy,Dry,Daylight,,,,45.0,Vehicle - Pedalcyclist,45488,0,N,POINT (1274585.836853966 242927.3043648154),3740.0,0.0,Clear or Partly Cloudy
187951,248470,249050,3753566,Matched,Block,,BOREN AVE BETWEEN UNIVERSITY ST AND UNION ST,,,1,Property Damage Only Collision,Cycles,0,0,1,1,0,0,0,2017-09-19T00:00:00.000Z,9/19/2017 3:48:00 PM,Mid-Block (not related to intersection),18,"MOTOR VEHICLE STRUCK PEDALCYCLIST, FRONT END AT ANGLE",,N,Raining,Wet,Daylight,,,,45.0,Vehicle - Pedalcyclist,25227,0,N,POINT (1271877.709107205 226808.0344603062),18906.0,6.412048187529819e-09,Raining
189022,248389,248969,E709110,Matched,Intersection,35794.0,LINDEN AVE N AND N 141ST ST,,,1,Property Damage Only Collision,Cycles,0,0,1,1,0,0,0,2017-09-03T00:00:00.000Z,9/3/2017 8:03:00 AM,At Intersection (but not related to intersection),18,"MOTOR VEHICLE STRUCK PEDALCYCLIST, FRONT END AT ANGLE",,N,Clear or Partly Cloudy,Dry,Daylight,,,,45.0,Vehicle - Pedalcyclist,15295,0,N,POINT (1267747.506222963 270327.6031448692),817.0,0.0,Clear or Partly Cloudy
189049,249411,250011,E717603,Matched,Intersection,29757.0,BROADWAY AND E UNION ST,,,2,Injury Collision,Cycles,0,0,1,1,1,0,0,2017-09-21T00:00:00.000Z,9/21/2017 5:08:00 PM,At Intersection (intersection related),51,PEDALCYCLIST STRUCK MOTOR VEHICLE FRONT END AT ANGLE,,N,Clear or Partly Cloudy,Dry,Daylight,,,,45.0,Vehicle - Pedalcyclist,41380,0,N,POINT (1273558.806836918 227135.8089246452),6210.0,0.0,Clear or Partly Cloudy
189050,249009,249609,E714118,Matched,Intersection,29882.0,8TH AVE AND PINE ST,,,2,Injury Collision,Cycles,0,0,1,1,1,0,0,2017-09-15T00:00:00.000Z,9/15/2017 10:47:00 AM,At Intersection (intersection related),18,"MOTOR VEHICLE STRUCK PEDALCYCLIST, FRONT END AT ANGLE",,N,Clear or Partly Cloudy,Dry,Daylight,,,,45.0,Vehicle - Pedalcyclist,0,523151,N,POINT (1270503.986225799 227231.7984287441),564.0,0.0,Clear or Partly Cloudy
189075,246804,247384,3774007,Matched,Intersection,30602.0,M L KING JR WAY S AND S JACKSON ST,,,2,Injury Collision,Cycles,0,0,1,1,1,0,0,2017-08-25T00:00:00.000Z,8/25/2017 10:00:00 PM,At Intersection (intersection related),18,"MOTOR VEHICLE STRUCK PEDALCYCLIST, FRONT END AT ANGLE",,N,Clear or Partly Cloudy,Dry,Dark - Street Lights On,,,,45.0,Vehicle - Pedalcyclist,11302,0,N,POINT (1279221.278266713 222017.8720234036),3639.0,0.0,Clear or Partly Cloudy
189109,247661,248241,3764443,Matched,Block,,RAINIER AVE S BETWEEN S KEPPLER ST AND S PILGRIM ST,,,2,Injury Collision,Cycles,2,0,1,1,1,0,0,2017-07-30T00:00:00.000Z,7/30/2017 5:00:00 PM,Mid-Block (not related to intersection),11,"MOTOR VEHICLE STRUCK MOTOR VEHICLE, FRONT END AT ANGLE",,Y,Clear or Partly Cloudy,Dry,Daylight,,,,45.0,Vehicle - Pedalcyclist,0,0,N,POINT (1289201.161092937 191889.4117045552),9803.0,1.6618460299253133e-05,Clear or Partly Cloudy
189111,247831,248411,E693035,Matched,Intersection,27184.0,EASTERN AVE N AND N 45TH ST,,,2,Injury Collision,Cycles,2,0,1,1,1,0,0,2017-07-12T00:00:00.000Z,7/12/2017 7:11:00 PM,At Intersection (intersection related),51,PEDALCYCLIST STRUCK MOTOR VEHICLE FRONT END AT ANGLE,,N,Clear or Partly Cloudy,Dry,Daylight,,,,45.0,Vehicle - Pedalcyclist,6523,0,N,POINT (1271878.001203194 244826.3482067585),9056.0,0.0,Clear or Partly Cloudy
189136,247061,247661,E705048,Matched,Intersection,37243.0,9TH AVE NW AND NW 92ND ST,,,2,Injury Collision,Cycles,0,0,1,1,1,0,0,2017-08-24T00:00:00.000Z,8/24/2017 4:54:00 PM,At Intersection (intersection related),18,"MOTOR VEHICLE STRUCK PEDALCYCLIST, FRONT END AT ANGLE",,N,Clear or Partly Cloudy,Dry,Daylight,,,,45.0,Vehicle - Pedalcyclist,0,0,N,POINT (1262337.887529433 257674.2289239168),4384.0,0.0,Clear or Partly Cloudy
189146,248220,248800,E711157,Matched,Intersection,30543.0,MAYNARD AVE S AND S DEARBORN ST,,,2,Injury Collision,Cycles,0,0,1,1,1,0,0,2017-09-13T00:00:00.000Z,9/13/2017 8:20:00 AM,At Intersection (intersection related),18,"MOTOR VEHICLE STRUCK PEDALCYCLIST, FRONT END AT ANGLE",,N,Clear or Partly Cloudy,Dry,Daylight,,,,45.0,Vehicle - Pedalcyclist,5820,0,N,POINT (1272375.796019703 220909.8349022716),3657.0,0.0,Clear or Partly Cloudy
189156,248403,248983,E709136,Matched,Block,,4TH AVE BETWEEN COLUMBIA ST AND MARION ST,,,1,Property Damage Only Collision,Cycles,0,0,1,1,0,0,0,2017-09-05T00:00:00.000Z,9/5/2017 12:43:00 PM,Mid-Block (but intersection related),51,PEDALCYCLIST STRUCK MOTOR VEHICLE FRONT END AT ANGLE,,N,Clear or Partly Cloudy,Dry,Daylight,,,,45.0,Vehicle - Pedalcyclist,12651,0,N,POINT (1270748.243378043 224291.5698177367),11803.0,2.613301437232427e-09,Clear or Partly Cloudy
189191,249210,249810,E713584,Matched,Intersection,25588.0,PHINNEY AVE N AND N 63RD ST,,,1,Property Damage Only Collision,Cycles,0,0,1,1,0,0,0,2017-09-09T00:00:00.000Z,9/9/2017 9:14:00 AM,At Intersection (intersection related),51,PEDALCYCLIST STRUCK MOTOR VEHICLE FRONT END AT ANGLE,,N,Overcast,Dry,Daylight,,,,45.0,Vehicle - Pedalcyclist,0,25588,N,POINT (1265717.072684899 249765.4345478117),888.0,0.0,Overcast
189276,248229,248809,3774057,Matched,Block,,12TH AVE BETWEEN E SPRUCE ST AND E ALDER ST,,,2,Injury Collision,Cycles,0,0,1,1,1,0,0,2017-09-13T00:00:00.000Z,9/13/2017 10:47:00 PM,Mid-Block (not related to intersection),18,"MOTOR VEHICLE STRUCK PEDALCYCLIST, FRONT END AT ANGLE",,N,Clear or Partly Cloudy,Dry,Dark - Street Lights On,,,,45.0,Vehicle - Pedalcyclist,10576,0,N,POINT (1274477.104949862 223825.0646012574),2319.0,3.192059844127744e-05,Clear or Partly Cloudy
189280,248607,249187,3756559,Matched,Intersection,31343.0,OCCIDENTAL AVE S AND S MASSACHUSETTS ST,,,2,Injury Collision,Cycles,0,0,1,1,1,0,0,2017-09-19T00:00:00.000Z,9/19/2017 10:59:00 PM,At Intersection (intersection related),51,PEDALCYCLIST STRUCK MOTOR VEHICLE FRONT END AT ANGLE,,N,Raining,Wet,Dark - Street Lights On,,,,45.0,Vehicle - Pedalcyclist,0,0,N,POINT (1270299.875889584 218174.9049794674),874.0,0.0,Raining
189342,246819,247399,3739113,Matched,Block,,GREENWOOD AVE N BETWEEN N 72ND N ST AND N 73RD ST,,,2,Injury Collision,Cycles,0,0,1,1,1,0,0,2017-08-23T00:00:00.000Z,8/23/2017 5:09:00 PM,Mid-Block (not related to intersection),56,PEDALCYCLIST STRUCK MOTOR VEHICLE LEFT SIDE SIDESWIPE,,N,Clear or Partly Cloudy,Dry,Daylight,,,,45.0,Vehicle - Pedalcyclist,4449,0,N,POINT (1265534.164524704 252271.0808223784),14794.0,2.565370729398349e-05,Clear or Partly Cloudy
189353,246822,247402,3739471,Matched,Block,,SW ANDOVER ST BETWEEN DELRIDGE WAY SW AND 26TH AVE SW,,,2,Injury Collision,Cycles,0,0,1,1,1,0,0,2017-08-17T00:00:00.000Z,8/17/2017 6:56:00 AM,Mid-Block (but intersection related),21,"MOTOR VEHICLE STRUCK PEDALCYCLIST, REAR END",,N,Clear or Partly Cloudy,Dry,Daylight,,,,45.0,Vehicle - Pedalcyclist,41443,0,N,POINT (1262484.617513582 211075.0112121999),20963.0,1.0187671280015767e-05,Clear or Partly Cloudy
189365,246662,247242,3694268,Matched,Intersection,25408.0,8TH AVE NW AND NW 58TH ST,,,2,Injury Collision,Cycles,0,0,1,1,1,0,0,2017-08-24T00:00:00.000Z,8/24/2017 8:43:00 AM,At Intersection (intersection related),51,PEDALCYCLIST STRUCK MOTOR VEHICLE FRONT END AT ANGLE,,N,Clear or Partly Cloudy,Dry,Daylight,,,,45.0,Vehicle - Pedalcyclist,2438,0,N,POINT (1262780.853545889 248481.0054904968),1583.0,0.0,Clear or Partly Cloudy
189416,248617,249197,E711407,Matched,Block,,S DEARBORN ST BETWEEN 7TH AVE S AND 8TH AVE S,,,2,Injury Collision,Cycles,0,0,1,1,1,0,0,2017-09-11T00:00:00.000Z,9/11/2017 8:06:00 AM,Driveway Junction,18,"MOTOR VEHICLE STRUCK PEDALCYCLIST, FRONT END AT ANGLE",,N,Clear or Partly Cloudy,Dry,Daylight,,,,45.0,Vehicle - Pedalcyclist,5835,0,N,POINT (1272858.619828209 220899.3477982581),13978.0,1.948371687125159e-05,Clear or Partly Cloudy
189431,248016,248596,E695942,Matched,Block,,PALATINE AVE N BETWEEN N 90TH ST AND N 92ND ST,,,1,Property Damage Only Collision,Cycles,2,0,1,1,0,0,0,2017-07-17T00:00:00.000Z,7/17/2017 4:57:00 PM,Mid-Block (not related to intersection),54,PEDALCYCLIST STRUCK MOTOR VEHICLE REAR END,Y,N,Clear or Partly Cloudy,Dry,Daylight,,,,45.0,Vehicle - Pedalcyclist,0,0,N,POINT (1265292.27134046 257273.3347155005),8876.0,1.6646867074277154e-05,Clear or Partly Cloudy
189433,248015,248595,E695940,Matched,Block,,PALATINE AVE N BETWEEN N 87TH ST AND N 90TH ST,,,1,Property Damage Only Collision,Cycles,2,0,1,1,0,0,0,2017-07-17T00:00:00.000Z,7/17/2017 4:57:00 PM,Mid-Block (not related to intersection),21,"MOTOR VEHICLE STRUCK PEDALCYCLIST, REAR END",Y,N,Clear or Partly Cloudy,Dry,Daylight,,,,45.0,Vehicle - Pedalcyclist,0,0,Y,POINT (1265283.869612455 256615.6918988228),3694.0,1.9790759728164373e-05,Clear or Partly Cloudy
189435,247849,248429,E695534,Matched,Intersection,25401.0,14TH AVE NW AND NW 59TH ST,,,2,Injury Collision,Cycles,2,0,1,1,1,0,0,2017-07-26T00:00:00.000Z,7/26/2017 6:46:00 PM,At Intersection (intersection related),51,PEDALCYCLIST STRUCK MOTOR VEHICLE FRONT END AT ANGLE,,N,Clear or Partly Cloudy,Dry,Daylight,,,,45.0,Vehicle - Pedalcyclist,26765,0,N,POINT (1260961.675048023 248786.9428988099),5077.0,0.0,Clear or Partly Cloudy
189455,249255,249855,E705727,Matched,Intersection,25659.0,DAYTON AVE N AND N 50TH ST,,,2,Injury Collision,Cycles,0,0,1,1,1,0,0,2017-08-16T00:00:00.000Z,8/16/2017 3:45:00 PM,At Intersection (intersection related),18,"MOTOR VEHICLE STRUCK PEDALCYCLIST, FRONT END AT ANGLE",,N,Clear or Partly Cloudy,Dry,Daylight,,,,45.0,Vehicle - Pedalcyclist,9723,0,N,POINT (1266054.975533232 246273.6367842406),1264.0,0.0,Clear or Partly Cloudy
189499,246675,247255,3746372,Matched,Intersection,28763.0,MERCER SR ST AND TERRY AVE N,,,2,Injury Collision,Cycles,0,0,1,1,1,0,0,2017-08-25T00:00:00.000Z,8/25/2017 2:35:00 PM,At Intersection (intersection related),18,"MOTOR VEHICLE STRUCK PEDALCYCLIST, FRONT END AT ANGLE",,N,Clear or Partly Cloudy,Dry,Daylight,,,,45.0,Vehicle - Pedalcyclist,0,699723,N,POINT (1269604.613424867 231439.0442570448),3663.0,0.0,Clear or Partly Cloudy
189507,246672,247252,3744040,Matched,Intersection,30996.0,CALIFORNIA AVE SW AND SW SEATTLE ST,,,2,Injury Collision,Cycles,0,0,1,1,1,0,0,2017-08-23T00:00:00.000Z,8/23/2017 5:42:00 PM,At Intersection (intersection related),51,PEDALCYCLIST STRUCK MOTOR VEHICLE FRONT END AT ANGLE,,N,Clear or Partly Cloudy,Dry,Daylight,,,,45.0,Vehicle - Pedalcyclist,32622,0,N,POINT (1257239.824420214 218832.5223881453),12549.0,0.0,Clear or Partly Cloudy
189510,246670,247250,3731783,Matched,Block,,HARBOR AVE SW BETWEEN FAIRMOUNT AVE SW AND SW BRONSON WAY,,,2,Injury Collision,Cycles,0,0,1,1,1,0,0,2017-08-27T00:00:00.000Z,8/27/2017 7:25:00 PM,Driveway Junction,18,"MOTOR VEHICLE STRUCK PEDALCYCLIST, FRONT END AT ANGLE",,N,Clear or Partly Cloudy,Dry,Daylight,,,,45.0,Vehicle - Pedalcyclist,0,0,N,POINT (1259473.453222498 217705.7627069801),6405.0,1.0078684760016538e-05,Clear or Partly Cloudy
189535,247688,248268,E699182,Matched,Block,,34TH AVE S BETWEEN S SPOKANE ST AND S CHARLESTOWN ST,,,2,Injury Collision,Cycles,3,0,1,1,1,0,0,2017-08-04T00:00:00.000Z,8/4/2017 3:46:00 PM,Mid-Block (not related to intersection),18,"MOTOR VEHICLE STRUCK PEDALCYCLIST, FRONT END AT ANGLE",,N,Clear or Partly Cloudy,Dry,Daylight,,,,45.0,Vehicle - Pedalcyclist,0,0,N,POINT (1280868.485564411 211567.8194047064),2836.0,2.2894149261888392e-10,Clear or Partly Cloudy
189549,247425,248005,E700250,Matched,Intersection,30403.0,12TH AVE AND E FIR ST,,,2,Injury Collision,Cycles,2,0,1,1,1,0,0,2017-07-07T00:00:00.000Z,7/7/2017 5:36:00 PM,At Intersection (intersection related),18,"MOTOR VEHICLE STRUCK PEDALCYCLIST, FRONT END AT ANGLE",Y,N,Clear or Partly Cloudy,Dry,Daylight,,,,45.0,Vehicle - Pedalcyclist,10566,0,N,POINT (1274468.18949385 223368.6972407848),1080.0,0.0,Clear or Partly Cloudy