OBJECTID,INCKEY,COLDETKEY,REPORTNO,STATUS,ADDRTYPE,INTKEY,LOCATION,EXCEPTRSNC,EXCEPTRSND,SEVERITYCO,SEVERITYDE,COLLISIONT,PERSONCOUN,PEDCOUNT,PEDCYLCOUN,VEHCOUNT,INJURIES,SERIOUSINJ,FATALITIES,INCDATE,INCDTTM,JUNCTIONTY,SDOT_COLCO,SDOT_COLDE,INATTENTIO,UNDERINFL,WEATHER,ROADCOND,LIGHTCOND,PEDROWNOTG,SDOTCOLNUM,SPEEDING,ST_COLCODE,ST_COLDESC,SEGLANEKEY,CROSSWALKK,HITPARKEDC,geometry,near_str_index,min_length,weather_group
188874,247812,248392,3706621,Matched,Intersection,26241.0,44TH AVE NE AND NE 50TH ST,,,2,Injury Collision,Cycles,0,0,1,1,1,0,0,2017-09-10T00:00:00.000Z,9/10/2017 7:01:00 AM,At Intersection (intersection related),18,"MOTOR VEHICLE STRUCK PEDALCYCLIST, FRONT END AT ANGLE",,N,Clear or Partly Cloudy,Dry,Dawn,,,,45.0,Vehicle - Pedalcyclist,0,0,N,POINT (1283847.845183462 245886.0389598459),1412.0,0.0,Clear or Partly Cloudy
188890,248582,249162,3736668,Matched,Block,,DENSMORE AVE N BETWEEN N 125TH ST AND N 128TH ST,,,2,Injury Collision,Cycles,0,0,1,1,1,0,0,2017-09-20T00:00:00.000Z,9/20/2017 6:52:00 PM,Mid-Block (not related to intersection),51,PEDALCYCLIST STRUCK MOTOR VEHICLE FRONT END AT ANGLE,,N,Overcast,Dry,Dusk,,,,45.0,Vehicle - Pedalcyclist,5615,0,N,POINT (1270081.373873368 266542.976004988),12566.0,1.6643213156969885e-05,Overcast
188933,249403,250003,E717104,Matched,Intersection,26815.0,STONE WAY N AND N 43RD ST,,,2,Injury Collision,Cycles,0,0,1,1,1,0,0,2017-09-28T00:00:00.000Z,9/28/2017 9:38:00 AM,At Intersection (intersection related),18,"MOTOR VEHICLE STRUCK PEDALCYCLIST, FRONT END AT ANGLE",,N,Clear or Partly Cloudy,Dry,Daylight,,,,45.0,Vehicle - Pedalcyclist,0,0,N,POINT (1268588.764207825 244095.1809740067),14396.0,0.0,Clear or Partly Cloudy
188937,248790,249370,3773994,Matched,Block,,18TH AVE BETWEEN E PINE ST AND E MADISON ST,,,2,Injury Collision,Cycles,0,0,1,1,1,0,0,2017-09-25T00:00:00.000Z,9/25/2017 11:50:00 PM,Mid-Block (not related to intersection),18,"MOTOR VEHICLE STRUCK PEDALCYCLIST, FRONT END AT ANGLE",,N,Clear or Partly Cloudy,Dry,Dark - Street Lights On,,,,45.0,Vehicle - Pedalcyclist,0,0,N,POINT (1276516.924983948 228077.9308456033),2463.0,2.196790070516909e-05,Clear or Partly Cloudy
188977,247327,247908,3764354,Matched,Block,,ROOSEVELT WAY NE BETWEEN NE 65TH ST AND NE 66TH ST,,,1,Property Damage Only Collision,Cycles,0,0,1,1,0,0,0,2017-09-03T00:00:00.000Z,9/3/2017 4:23:00 PM,Mid-Block (not related to intersection),0,NOT ENOUGH INFORMATION / NOT APPLICABLE,,N,Clear or Partly Cloudy,Dry,Daylight,,,,45.0,Vehicle - Pedalcyclist,0,0,Y,POINT (1274840.561206236 250178.4389002323),19914.0,1.460111674327663e-05,Clear or Partly Cloudy
188988,247321,247902,3744356,Matched,Block,,DELRIDGE WAY SW BETWEEN PUGET BLVD SW AND SW BRANDON ST,,,2,Injury Collision,Cycles,0,0,1,1,2,0,0,2017-09-02T00:00:00.000Z,9/2/2017 9:50:00 PM,Driveway Junction,51,PEDALCYCLIST STRUCK MOTOR VEHICLE FRONT END AT ANGLE,,N,Clear or Partly Cloudy,Dry,Dark - Street Lights On,,,,45.0,Vehicle - Pedalcyclist,0,0,N,POINT (1262730.180265829 206012.9168710113),6282.0,2.9606611604310356e-05,Clear or Partly Cloudy
190045,249696,250296,E704711,Matched,Intersection,33108.0,AIRPORT WAY S AND CORSON AVE S,,,2,Injury Collision,Cycles,0,0,1,1,1,0,0,2017-08-21T00:00:00.000Z,8/21/2017 7:00:00 AM,At Intersection (intersection related),18,"MOTOR VEHICLE STRUCK PEDALCYCLIST, FRONT END AT ANGLE",,N,Clear or Partly Cloudy,Dry,Daylight,,,,45.0,Vehicle - Pedalcyclist,5633,0,N,POINT (1273378.571828738 204927.7095738947),10299.0,0.0,Clear or Partly Cloudy
190088,250577,251177,E719718,Matched,Block,,ELLIOTT AVE W BETWEEN W THOMAS N ST AND 4TH AVE W,,,1,Property Damage Only Collision,Cycles,0,0,1,1,0,0,0,2017-10-05T00:00:00.000Z,10/5/2017 10:05:00 AM,Mid-Block (not related to intersection),21,"MOTOR VEHICLE STRUCK PEDALCYCLIST, REAR END",,N,Clear or Partly Cloudy,Dry,Daylight,,,,45.0,Vehicle - Pedalcyclist,19154,0,N,POINT (1263535.516330659 230361.6763199419),14782.0,0.0,Clear or Partly Cloudy
190141,249507,250107,E709130,Matched,Block,,S SPOKANE NR ST BETWEEN EAST MARGINAL ER WAY S AND COLORADO AVE S,,,2,Injury Collision,Cycles,0,0,1,1,1,0,0,2017-08-31T00:00:00.000Z,8/31/2017 8:39:00 AM,Mid-Block (not related to intersection),18,"MOTOR VEHICLE STRUCK PEDALCYCLIST, FRONT END AT ANGLE",,N,Clear or Partly Cloudy,Wet,Daylight,,,,45.0,Vehicle - Pedalcyclist,0,0,N,POINT (1268983.018864229 212176.5948933214),7873.0,3.053965667656462e-05,Clear or Partly Cloudy
190144,253838,254478,E733047,Matched,Block,,DEXTER AVE N BETWEEN PROSPECT ST AND HIGHLAND DR,,,2,Injury Collision,Cycles,2,0,1,1,1,0,0,2017-11-03T00:00:00.000Z,11/3/2017 8:50:00 AM,Mid-Block (not related to intersection),51,PEDALCYCLIST STRUCK MOTOR VEHICLE FRONT END AT ANGLE,Y,N,Overcast,Wet,Daylight,,,,45.0,Vehicle - Pedalcyclist,43016,0,N,POINT (1268362.522095606 233198.6153948456),11638.0,3.3647344968827175e-06,Overcast
190149,249502,250102,E708935,Matched,Intersection,29862.0,BELLEVUE AVE AND E PINE ST,,,2,Injury Collision,Cycles,0,0,1,1,1,0,0,2017-08-26T00:00:00.000Z,8/26/2017 2:50:00 PM,At Intersection (intersection related),18,"MOTOR VEHICLE STRUCK PEDALCYCLIST, FRONT END AT ANGLE",,N,Clear or Partly Cloudy,Dry,Daylight,,,,45.0,Vehicle - Pedalcyclist,10342,0,N,POINT (1272084.808499411 227986.9833255112),633.0,0.0,Clear or Partly Cloudy
190163,253103,253743,E732758,Matched,Intersection,35490.0,BAY ST AND WESTERN AVE,,,2,Injury Collision,Cycles,3,0,1,1,1,0,0,2017-10-31T00:00:00.000Z,10/31/2017 4:21:00 PM,At Intersection (intersection related),51,PEDALCYCLIST STRUCK MOTOR VEHICLE FRONT END AT ANGLE,,Y,Clear or Partly Cloudy,Dry,Daylight,,,,45.0,Vehicle - Pedalcyclist,0,0,N,POINT (1264905.846060067 229070.5197106302),3826.0,0.0,Clear or Partly Cloudy
190195,250598,251198,E724933,Matched,Intersection,28422.0,24TH AVE E AND E MCGRAW ST,,,2b,Serious Injury Collision,Cycles,0,0,1,1,1,1,0,2017-10-15T00:00:00.000Z,10/15/2017 3:33:00 PM,At Intersection (intersection related),18,"MOTOR VEHICLE STRUCK PEDALCYCLIST, FRONT END AT ANGLE",,N,Clear or Partly Cloudy,Dry,Daylight,,,,45.0,Vehicle - Pedalcyclist,22310,0,N,POINT (1278357.945913836 237001.8597507477),8497.0,0.0,Clear or Partly Cloudy
190248,251457,252057,3753632,Matched,Intersection,29950.0,3RD AVE AND SPRING ST,,,2,Injury Collision,Cycles,3,0,1,1,1,0,0,2017-10-30T00:00:00.000Z,10/30/2017 5:23:00 PM,At Intersection (intersection related),18,"MOTOR VEHICLE STRUCK PEDALCYCLIST, FRONT END AT ANGLE",,N,Clear or Partly Cloudy,Dry,Daylight,,,,45.0,Vehicle - Pedalcyclist,0,523604,N,POINT (1270081.554225355 224785.9475462288),9627.0,0.0,Clear or Partly Cloudy
190285,252044,252644,E729516,Matched,Intersection,29028.0,12TH AVE E AND E HARRISON ST,,,2,Injury Collision,Cycles,2,0,1,1,1,0,0,2017-10-25T00:00:00.000Z,10/25/2017 7:02:00 AM,At Intersection (intersection related),21,"MOTOR VEHICLE STRUCK PEDALCYCLIST, REAR END",,N,Clear or Partly Cloudy,Dry,Dark - Street Lights On,,,,45.0,Vehicle - Pedalcyclist,10929,0,N,POINT (1274605.915189996 230399.9712319821),2323.0,0.0,Clear or Partly Cloudy
190312,249728,250328,3783176,Matched,Intersection,32340.0,1ST AVE S AND S SPOKANE SR ST,,,2b,Serious Injury Collision,Cycles,0,0,1,1,1,1,0,2017-10-10T00:00:00.000Z,10/10/2017 2:43:00 PM,At Intersection (intersection related),18,"MOTOR VEHICLE STRUCK PEDALCYCLIST, FRONT END AT ANGLE",,N,Clear or Partly Cloudy,Dry,Daylight,,,,45.0,Vehicle - Pedalcyclist,0,525374,N,POINT (1269950.822961226 212039.4382211864),12913.0,0.0,Clear or Partly Cloudy
190414,252054,252654,E729928,Matched,Intersection,25691.0,AURORA AVE N AND N 46 UPPER ST,,,2,Injury Collision,Cycles,2,0,1,1,1,0,0,2017-11-01T00:00:00.000Z,11/1/2017 9:00:00 AM,At Intersection (intersection related),18,"MOTOR VEHICLE STRUCK PEDALCYCLIST, FRONT END AT ANGLE",Y,N,Clear or Partly Cloudy,Wet,Daylight,,,,45.0,Vehicle - Pedalcyclist,22137,0,N,POINT (1267358.509102568 245194.8471511304),1256.0,0.0,Clear or Partly Cloudy
190469,249736,250336,E715284,Matched,Intersection,33963.0,DELRIDGE WAY SW AND SW ORCHARD ST,,,2,Injury Collision,Cycles,0,0,1,1,1,0,0,2017-09-21T00:00:00.000Z,9/21/2017 3:32:00 PM,At Intersection (intersection related),18,"MOTOR VEHICLE STRUCK PEDALCYCLIST, FRONT END AT ANGLE",,N,Clear or Partly Cloudy,Dry,Daylight,,,,45.0,Vehicle - Pedalcyclist,0,525434,N,POINT (1263070.140970185 199975.3299208283),8775.0,0.0,Clear or Partly Cloudy
190535,251297,251897,E727885,Matched,Intersection,35813.0,LINDEN AVE N AND N 135TH ST,,,2,Injury Collision,Cycles,2,0,1,1,1,0,0,2017-10-27T00:00:00.000Z,10/27/2017 5:05:00 PM,At Intersection (intersection related),18,"MOTOR VEHICLE STRUCK PEDALCYCLIST, FRONT END AT ANGLE",,N,Clear or Partly Cloudy,Dry,Daylight,,,,45.0,Vehicle - Pedalcyclist,7611,0,N,POINT (1267729.966126949 268803.4820553064),1210.0,0.0,Clear or Partly Cloudy
190538,252085,252685,E730316,Matched,Block,,2ND AV ET S BETWEEN S JACKSON ST AND S MAIN ST,,,2,Injury Collision,Cycles,3,0,1,1,1,0,0,2017-10-27T00:00:00.000Z,10/27/2017 3:56:00 PM,Mid-Block (not related to intersection),18,"MOTOR VEHICLE STRUCK PEDALCYCLIST, FRONT END AT ANGLE",,Y,Clear or Partly Cloudy,Dry,Daylight,,,,45.0,Vehicle - Pedalcyclist,35950,0,N,POINT (1271183.316146493 222304.5042156875),10135.0,3.5431266009836825e-09,Clear or Partly Cloudy
190548,252082,252682,E730284,Matched,Block,,ELLIOTT AVE W BETWEEN W MERCER ST AND W MERCER PL,,,2,Injury Collision,Cycles,2,0,1,1,1,0,0,2017-10-24T00:00:00.000Z,10/24/2017 1:12:00 PM,Mid-Block (not related to intersection),18,"MOTOR VEHICLE STRUCK PEDALCYCLIST, FRONT END AT ANGLE",Y,N,Clear or Partly Cloudy,Dry,Daylight,,,,45.0,Vehicle - Pedalcyclist,0,0,N,POINT (1262242.290793329 231965.5804495811),21791.0,7.915761365491244e-06,Clear or Partly Cloudy
190552,253299,253939,3579039,Matched,Intersection,484920.0,M L KING JR ER WAY S AND S EDMUNDS ST,,,2,Injury Collision,Cycles,2,0,1,1,1,0,0,2017-10-25T00:00:00.000Z,10/25/2017 2:51:00 PM,At Intersection (intersection related),18,"MOTOR VEHICLE STRUCK PEDALCYCLIST, FRONT END AT ANGLE",,N,Overcast,Dry,Daylight,Y,,,45.0,Vehicle - Pedalcyclist,0,544863,N,POINT (1280297.616187826 207200.341640234),2228.0,0.0,Overcast
190557,249553,250153,3702057,Matched,Block,,ALASKAN WAY BETWEEN CLAY ST AND BROAD ST,,,2,Injury Collision,Cycles,0,0,1,1,1,0,0,2017-10-05T00:00:00.000Z,10/5/2017 7:02:00 PM,Driveway Junction,51,PEDALCYCLIST STRUCK MOTOR VEHICLE FRONT END AT ANGLE,,N,Clear or Partly Cloudy,Dry,Dusk,,,,45.0,Vehicle - Pedalcyclist,20766,0,N,POINT (1265252.220780417 227935.6119334549),6111.0,2.6849740543234957e-06,Clear or Partly Cloudy
190565,254025,254665,E735152,Matched,Block,,E YESLER WAY BETWEEN 13TH AVE AND 14TH AVE,,,2,Injury Collision,Cycles,2,0,1,1,1,0,0,2017-11-07T00:00:00.000Z,11/7/2017 5:10:00 PM,Driveway Junction,51,PEDALCYCLIST STRUCK MOTOR VEHICLE FRONT END AT ANGLE,,N,Overcast,Wet,Dusk,,,,45.0,Vehicle - Pedalcyclist,10005,0,N,POINT (1275012.367926404 222994.6847604066),15843.0,1.3497342686374126e-05,Overcast
190587,253321,253961,3705781,Matched,Intersection,27181.0,THACKERAY PL NE AND NE 45TH ST,,,2,Injury Collision,Cycles,2,0,1,1,1,0,0,2017-11-10T00:00:00.000Z,11/10/2017 9:44:00 AM,At Intersection (intersection related),18,"MOTOR VEHICLE STRUCK PEDALCYCLIST, FRONT END AT ANGLE",Y,N,Clear or Partly Cloudy,Dry,Daylight,Y,,,45.0,Vehicle - Pedalcyclist,0,524678,N,POINT (1272565.388851911 244807.9126227349),6711.0,0.0,Clear or Partly Cloudy
190666,250861,251461,E726535,Matched,Block,,ROOSEVELT WAY NE BETWEEN NE 42ND N ST AND NE 43RD S ST,,,2,Injury Collision,Cycles,4,0,1,1,1,0,0,2017-10-24T00:00:00.000Z,10/24/2017 12:00:00 PM,Mid-Block (not related to intersection),18,"MOTOR VEHICLE STRUCK PEDALCYCLIST, FRONT END AT ANGLE",,N,Clear or Partly Cloudy,Dry,Daylight,,,,45.0,Vehicle - Pedalcyclist,45532,0,N,POINT (1274621.021750003 243878.6222537905),19030.0,1.4612336307282194e-05,Clear or Partly Cloudy
190678,251521,252121,E728851,Matched,Intersection,24760.0,20TH AVE NE AND NE 75TH ST,,,2,Injury Collision,Cycles,3,0,1,1,1,0,0,2017-10-30T00:00:00.000Z,10/30/2017 12:26:00 PM,At Intersection (intersection related),18,"MOTOR VEHICLE STRUCK PEDALCYCLIST, FRONT END AT ANGLE",,N,Clear or Partly Cloudy,Dry,Daylight,Y,,,45.0,Vehicle - Pedalcyclist,33174,0,N,POINT (1277518.932280973 252628.4361507446),4228.0,0.0,Clear or Partly Cloudy
190739,250183,250783,E723389,Matched,Block,,E MADISON ST BETWEEN 29TH E AVE E AND LAKE WASHINGTON BLVD E,,,2,Injury Collision,Cycles,0,0,1,1,1,0,0,2017-10-11T00:00:00.000Z,10/11/2017 1:08:00 PM,Mid-Block (not related to intersection),11,"MOTOR VEHICLE STRUCK MOTOR VEHICLE, FRONT END AT ANGLE",,N,Clear or Partly Cloudy,Dry,Daylight,,,,45.0,Vehicle - Pedalcyclist,34635,0,N,POINT (1280297.665083826 231438.7772490531),14873.0,2.0743495050343788e-05,Clear or Partly Cloudy
190741,250182,250782,E723382,Matched,Intersection,29860.0,SUMMIT AVE AND E PINE ST,,,2,Injury Collision,Cycles,0,0,1,1,1,0,0,2017-10-11T00:00:00.000Z,10/11/2017 8:47:00 AM,At Intersection (intersection related),18,"MOTOR VEHICLE STRUCK PEDALCYCLIST, FRONT END AT ANGLE",,N,Overcast,Dry,Daylight,,,,45.0,Vehicle - Pedalcyclist,10354,0,N,POINT (1272399.309875742 227981.0989095122),1148.0,0.0,Overcast
190747,250179,250779,E723362,Matched,Intersection,36690.0,23RD AVE NE AND NE 125TH ST,,,2,Injury Collision,Cycles,0,0,1,1,1,0,0,2017-10-03T00:00:00.000Z,10/3/2017 8:26:00 AM,At Intersection (intersection related),18,"MOTOR VEHICLE STRUCK PEDALCYCLIST, FRONT END AT ANGLE",,N,Clear or Partly Cloudy,Dry,Daylight,,,,45.0,Vehicle - Pedalcyclist,7893,0,N,POINT (1278294.190649778 265854.7716522962),186.0,0.0,Clear or Partly Cloudy
190864,254798,255438,3784717,Matched,Block,,EASTLAKE AVE E BETWEEN E ROANOKE ST AND E EDGAR ST,,,2,Injury Collision,Cycles,3,0,1,1,1,0,0,2017-11-17T00:00:00.000Z,11/17/2017 8:28:00 PM,Mid-Block (not related to intersection),51,PEDALCYCLIST STRUCK MOTOR VEHICLE FRONT END AT ANGLE,,N,Overcast,Dry,Dark - Street Lights On,,,,45.0,Vehicle - Pedalcyclist,24709,0,N,POINT (1272514.014387846 238421.0841362029),18944.0,1.9745095301494484e-05,Overcast
190865,249796,250396,3753630,Matched,Block,,DEXTER AVE N BETWEEN HAYES ST AND HOWE ST,,,2,Injury Collision,Cycles,0,0,1,1,1,0,0,2017-10-09T00:00:00.000Z,10/9/2017 7:08:00 PM,Mid-Block (not related to intersection),51,PEDALCYCLIST STRUCK MOTOR VEHICLE FRONT END AT ANGLE,,N,Clear or Partly Cloudy,Dry,Dusk,,,,45.0,Vehicle - Pedalcyclist,12989,0,N,POINT (1268408.639919654 235271.560932979),15565.0,6.7242681277130444e-06,Clear or Partly Cloudy
190875,249793,250393,3753419,Matched,Block,,PINE ST BETWEEN 6TH AVE AND 7TH AVE,,,2,Injury Collision,Cycles,2,0,1,1,1,0,0,2017-10-09T00:00:00.000Z,10/9/2017 8:48:00 AM,Mid-Block (not related to intersection),54,PEDALCYCLIST STRUCK MOTOR VEHICLE REAR END,,N,Clear or Partly Cloudy,Dry,Daylight,,,,45.0,Vehicle - Pedalcyclist,45832,0,N,POINT (1270087.975409374 226985.9126684815),6591.0,1.941003615641538e-05,Clear or Partly Cloudy
190961,252850,253450,E731372,Matched,Intersection,24581.0,EAST GREEN LAKE DR N AND NE RAVENNA EB BV,,,2,Injury Collision,Cycles,2,0,1,1,1,0,0,2017-11-04T00:00:00.000Z,11/4/2017 2:03:00 PM,At Intersection (intersection related),18,"MOTOR VEHICLE STRUCK PEDALCYCLIST, FRONT END AT ANGLE",,N,Raining,Wet,Daylight,Y,,,45.0,Vehicle - Pedalcyclist,0,524088,N,POINT (1272810.842420161 251540.7730456293),3880.0,0.0,Raining
191030,249805,250405,3740349,Matched,Intersection,30511.0,6TH AVE S AND S JACKSON ST,,,2,Injury Collision,Cycles,0,0,1,1,1,0,0,2017-05-02T00:00:00.000Z,5/2/2017 6:34:00 AM,At Intersection (intersection related),18,"MOTOR VEHICLE STRUCK PEDALCYCLIST, FRONT END AT ANGLE",,N,Clear or Partly Cloudy,Dry,Daylight,,,,45.0,Vehicle - Pedalcyclist,0,521928,N,POINT (1272080.813875407 222140.4535275251),1803.0,0.0,Clear or Partly Cloudy
191078,250222,250822,E723729,Matched,Intersection,29940.0,BOREN AVE AND COLUMBIA ST,,,2,Injury Collision,Cycles,2,0,1,1,1,0,0,2017-10-16T00:00:00.000Z,10/16/2017 4:09:00 PM,At Intersection (intersection related),18,"MOTOR VEHICLE STRUCK PEDALCYCLIST, FRONT END AT ANGLE",Y,N,Clear or Partly Cloudy,Dry,Daylight,,,,45.0,Vehicle - Pedalcyclist,0,29940,N,POINT (1272765.505588114 225307.8803467751),9741.0,0.0,Clear or Partly Cloudy
191196,250497,251097,E723673,Matched,Intersection,27079.0,ROOSEVELT WAY NE AND NE 43RD S ST,,,1,Property Damage Only Collision,Cycles,0,0,1,1,0,0,0,2017-10-13T00:00:00.000Z,10/13/2017 4:15:00 PM,At Intersection (intersection related),51,PEDALCYCLIST STRUCK MOTOR VEHICLE FRONT END AT ANGLE,,N,Clear or Partly Cloudy,Dry,Daylight,,,,45.0,Vehicle - Pedalcyclist,45540,0,N,POINT (1274628.363574013 244077.2041419894),1396.0,0.0,Clear or Partly Cloudy
191265,251115,251715,3737487,Matched,Block,,FREMONT AVE N BETWEEN N 36TH ST AND N 38TH ST,,,2,Injury Collision,Cycles,2,0,1,1,1,0,0,2017-10-24T00:00:00.000Z,10/24/2017 8:56:00 AM,Mid-Block (not related to intersection),51,PEDALCYCLIST STRUCK MOTOR VEHICLE FRONT END AT ANGLE,Y,N,Clear or Partly Cloudy,Dry,Daylight,,,,45.0,Vehicle - Pedalcyclist,8360,0,N,POINT (1266647.413421839 241526.9393073767),15191.0,7.447914690328972e-09,Clear or Partly Cloudy
191310,254816,255456,E736840,Matched,Block,,E UNION ST BETWEEN 18TH AVE AND 19TH AVE,,,2,Injury Collision,Cycles,2,0,1,1,1,0,0,2017-11-16T00:00:00.000Z,11/16/2017 8:30:00 PM,Driveway Junction,18,"MOTOR VEHICLE STRUCK PEDALCYCLIST, FRONT END AT ANGLE",,N,Overcast,Dry,Dark - Street Lights On,,,,45.0,Vehicle - Pedalcyclist,9334,0,N,POINT (1276660.086328104 227053.0027165562),16269.0,7.411635155469193e-06,Overcast
191428,253637,254277,E733045,Matched,Intersection,34289.0,28TH AVE S AND S EDDY ST,,,2,Injury Collision,Cycles,2,0,1,1,1,0,0,2017-11-03T00:00:00.000Z,11/3/2017 8:20:00 AM,At Intersection (intersection related),18,"MOTOR VEHICLE STRUCK PEDALCYCLIST, FRONT END AT ANGLE",Y,N,Overcast,Wet,Daylight,,,,45.0,Vehicle - Pedalcyclist,0,0,N,POINT (1278976.895546466 202353.3500192612),1739.0,0.0,Overcast
191496,250265,250865,3705711,Matched,Intersection,27079.0,ROOSEVELT WAY NE AND NE 43RD S ST,,,1,Property Damage Only Collision,Cycles,0,0,1,1,0,0,0,2017-10-13T00:00:00.000Z,10/13/2017 4:15:00 PM,At Intersection (intersection related),51,PEDALCYCLIST STRUCK MOTOR VEHICLE FRONT END AT ANGLE,,N,Clear or Partly Cloudy,Dry,Daylight,,,,45.0,Vehicle - Pedalcyclist,45540,0,N,POINT (1274628.363574013 244077.2041419894),1396.0,0.0,Clear or Partly Cloudy
191670,250750,251350,3705651,Matched,Intersection,24499.0,ROOSEVELT WAY NE AND NE 66TH ST,,,2,Injury Collision,Cycles,2,0,1,1,1,0,0,2017-10-19T00:00:00.000Z,10/19/2017 8:42:00 AM,At Intersection (intersection related),51,PEDALCYCLIST STRUCK MOTOR VEHICLE FRONT END AT ANGLE,Y,N,Raining,Wet,Daylight,,,,45.0,Vehicle - Pedalcyclist,9394,0,N,POINT (1274841.88523823 250311.1781643778),4208.0,0.0,Raining
191683,253008,253608,3373084,Matched,Intersection,34147.0,16TH AVE SW AND SW HOLDEN ST,,,1,Property Damage Only Collision,Cycles,2,0,1,1,0,0,0,2017-11-07T00:00:00.000Z,11/7/2017 11:59:00 AM,At Intersection (intersection related),18,"MOTOR VEHICLE STRUCK PEDALCYCLIST, FRONT END AT ANGLE",Y,N,Clear or Partly Cloudy,Dry,Daylight,,,,45.0,Vehicle - Pedalcyclist,0,525249,N,POINT (1264535.759659678 198387.0721272081),4698.0,0.0,Clear or Partly Cloudy
191710,255117,255757,E737762,Matched,Intersection,30368.0,1ST AVE S AND S KING ST,,,2,Injury Collision,Cycles,2,0,1,1,1,0,0,2017-11-20T00:00:00.000Z,11/20/2017 7:37:00 AM,At Intersection (intersection related),18,"MOTOR VEHICLE STRUCK PEDALCYCLIST, FRONT END AT ANGLE",Y,N,Raining,Wet,Dawn,,,,45.0,Vehicle - Pedalcyclist,0,521027,N,POINT (1270142.79889743 221849.4258152246),1815.0,0.0,Raining
191720,255097,255737,3764567,Matched,Intersection,337616.0,1ST AVE S AND S ANDOVER ST,,,3,Fatality Collision,Cycles,3,0,1,2,0,0,1,2017-11-21T00:00:00.000Z,11/21/2017 5:42:00 AM,At Intersection (intersection related),18,"MOTOR VEHICLE STRUCK PEDALCYCLIST, FRONT END AT ANGLE",,N,Raining,Wet,Dark - Street Lights On,,,Y,45.0,Vehicle - Pedalcyclist,0,337616,N,POINT (1269926.314801201 210942.7237240672),8294.0,0.0,Raining
191791,251407,252007,3506014,Matched,Intersection,29587.0,3RD AVE AND PIKE ST,,,2,Injury Collision,Cycles,2,1,1,0,1,0,0,2017-10-27T00:00:00.000Z,10/27/2017 3:39:00 PM,At Intersection (intersection related),64,PEDALCYCLIST STRUCK PEDESTRIAN,,N,Clear or Partly Cloudy,Dry,Daylight,,,,45.0,Vehicle - Pedalcyclist,23691,523695,N,POINT (1269336.03102459 226045.4631955326),10901.0,0.0,Clear or Partly Cloudy
191838,253020,253620,E732390,Matched,Intersection,30359.0,WESTERN AVE AND YESLER WAY,,,2,Injury Collision,Cycles,2,0,1,1,1,0,0,2017-10-24T00:00:00.000Z,10/24/2017 5:10:00 PM,At Intersection (intersection related),18,"MOTOR VEHICLE STRUCK PEDALCYCLIST, FRONT END AT ANGLE",Y,N,Clear or Partly Cloudy,Dry,Daylight,,,,45.0,Vehicle - Pedalcyclist,43961,0,N,POINT (1269832.176177099 223107.0667765141),6797.0,0.0,Clear or Partly Cloudy
193012,265138,265918,E757849,Matched,Intersection,33026.0,1ST AVE S AND S DAWSON ST,,,2,Injury Collision,,2,0,1,1,2,0,0,2018-01-09T00:00:00.000Z,1/9/2018 12:59:00 PM,At Intersection (intersection related),51,PEDALCYCLIST STRUCK MOTOR VEHICLE FRONT END AT ANGLE,,N,Raining,Wet,Daylight,,,,,,0,0,N,POINT (1269833.799985111 206303.0529353023),4975.0,0.0,Raining
193055,258770,259430,3756172,Matched,Block,,RENTON AVE S BETWEEN 43RD AVE S AND S CHICAGO ST,,,2,Injury Collision,Cycles,2,0,1,1,1,0,0,2017-12-07T00:00:00.000Z,12/7/2017 5:12:00 PM,Mid-Block (not related to intersection),18,"MOTOR VEHICLE STRUCK PEDALCYCLIST, FRONT END AT ANGLE",Y,N,Overcast,Dry,Dusk,,,,45.0,Vehicle - Pedalcyclist,7623,0,N,POINT (1283382.406590983 197751.9559025466),12642.0,2.193452680569385e-05,Overcast
193073,256496,257136,E740836,Matched,Intersection,29631.0,ALASKAN WAY AND MADISON ST,,,2,Injury Collision,Cycles,3,0,1,1,1,0,0,2017-11-28T00:00:00.000Z,11/28/2017 9:17:00 AM,At Intersection (intersection related),51,PEDALCYCLIST STRUCK MOTOR VEHICLE FRONT END AT ANGLE,,N,Raining,Wet,Daylight,Y,,,45.0,Vehicle - Pedalcyclist,0,523626,N,POINT (1269137.794096395 223871.8634493053),3315.0,0.0,Raining
193137,262357,263137,E751635,Matched,Block,,ASHWORTH AVE N BETWEEN N 130TH ST AND N 131ST ST,,,1,Property Damage Only Collision,Cycles,2,0,1,1,0,0,0,2017-12-08T00:00:00.000Z,12/8/2017 8:45:00 AM,Mid-Block (not related to intersection),18,"MOTOR VEHICLE STRUCK PEDALCYCLIST, FRONT END AT ANGLE",,N,Clear or Partly Cloudy,Dry,Daylight,,,,45.0,Vehicle - Pedalcyclist,0,0,N,POINT (1269707.17611298 267606.0901820809),12528.0,8.488195568594282e-06,Clear or Partly Cloudy
193173,265142,265922,E757882,Matched,Intersection,31345.0,1ST AVE S AND S HOLGATE ST,,,2,Injury Collision,Cycles,2,0,1,1,1,0,0,2017-12-29T00:00:00.000Z,12/29/2017 4:34:00 PM,At Intersection (intersection related),18,"MOTOR VEHICLE STRUCK PEDALCYCLIST, FRONT END AT ANGLE",,N,Raining,Wet,Dark - Street Lights On,,,,45.0,Vehicle - Pedalcyclist,0,524947,N,POINT (1270054.451761335 217404.5661626756),4503.0,0.0,Raining