OBJECTID,INCKEY,COLDETKEY,REPORTNO,STATUS,ADDRTYPE,INTKEY,LOCATION,EXCEPTRSNC,EXCEPTRSND,SEVERITYCO,SEVERITYDE,COLLISIONT,PERSONCOUN,PEDCOUNT,PEDCYLCOUN,VEHCOUNT,INJURIES,SERIOUSINJ,FATALITIES,INCDATE,INCDTTM,JUNCTIONTY,SDOT_COLCO,SDOT_COLDE,INATTENTIO,UNDERINFL,WEATHER,ROADCOND,LIGHTCOND,PEDROWNOTG,SDOTCOLNUM,SPEEDING,ST_COLCODE,ST_COLDESC,SEGLANEKEY,CROSSWALKK,HITPARKEDC,geometry,near_str_index,min_length,weather_group
193344,257311,257957,E741997,Matched,Block,,MONTLAKE BLVD NE BETWEEN NE PACIFIC PL AND 25TH AVE NE,,,2,Injury Collision,Cycles,2,0,1,1,1,0,0,2017-11-30T00:00:00.000Z,11/30/2017 6:21:00 AM,Mid-Block (not related to intersection),14,"MOTOR VEHICLE STRUCK MOTOR VEHICLE, REAR END",Y,N,Raining,Wet,Dark - Street Lights On,,,,45.0,Vehicle - Pedalcyclist,26828,0,N,POINT (1278397.274745882 242377.4575802535),11972.0,1.566339122045271e-05,Raining
193427,265181,265961,E757814,Matched,Intersection,27815.0,1ST AVE W AND W MCGRAW ST,,,2,Injury Collision,,3,0,1,1,1,0,0,2018-01-08T00:00:00.000Z,1/8/2018 1:43:00 PM,At Intersection (intersection related),18,"MOTOR VEHICLE STRUCK PEDALCYCLIST, FRONT END AT ANGLE",,N,Overcast,Wet,Daylight,,,,,,0,0,N,POINT (1264506.356267646 237029.6610947698),8376.0,0.0,Overcast
193503,258837,259497,E745325,Matched,Block,,NW 80TH ST BETWEEN JONES AVE NW AND 24TH AVE NW,,,2,Injury Collision,Cycles,3,0,1,2,1,0,0,2017-12-09T00:00:00.000Z,12/9/2017 3:58:00 PM,Mid-Block (not related to intersection),54,PEDALCYCLIST STRUCK MOTOR VEHICLE REAR END,,N,Clear or Partly Cloudy,Dry,Daylight,,,,45.0,Vehicle - Pedalcyclist,27492,0,N,POINT (1257760.456804737 254388.8225845546),22257.0,2.245394264354857e-05,Clear or Partly Cloudy
193616,257405,258065,E731071,Matched,Intersection,29612.0,2ND AVE AND SENECA ST,,,2,Injury Collision,Cycles,2,0,1,1,1,0,0,2017-09-27T00:00:00.000Z,9/27/2017 3:50:00 PM,At Intersection (intersection related),18,"MOTOR VEHICLE STRUCK PEDALCYCLIST, FRONT END AT ANGLE",Y,N,Clear or Partly Cloudy,Dry,Daylight,,,,45.0,Vehicle - Pedalcyclist,42184,0,N,POINT (1269648.583728924 224885.0384903401),2490.0,0.0,Clear or Partly Cloudy
193723,264464,265244,E756193,Matched,Intersection,27038.0,EVANSTON AVE N AND N 34TH ST,,,2,Injury Collision,,2,0,1,1,1,0,0,2018-01-05T00:00:00.000Z,1/5/2018 5:23:00 PM,At Intersection (intersection related),11,"MOTOR VEHICLE STRUCK MOTOR VEHICLE, FRONT END AT ANGLE",,N,Raining,Wet,Dark - Street Lights On,,,,,,0,0,N,POINT (1266292.377389476 240725.5026345551),1222.0,0.0,Raining
192042,256048,256688,E740351,Matched,Intersection,28617.0,1ST AVE W AND W ROY ST,,,2,Injury Collision,Cycles,2,0,1,1,1,0,0,2017-11-22T00:00:00.000Z,11/22/2017 12:45:00 PM,At Intersection (intersection related),18,"MOTOR VEHICLE STRUCK PEDALCYCLIST, FRONT END AT ANGLE",Y,N,Overcast,Wet,Daylight,,,,45.0,Vehicle - Pedalcyclist,30599,0,N,POINT (1264465.723179609 231967.1512655914),17.0,0.0,Overcast
192049,265998,266798,3753785,Matched,Intersection,28783.0,DEXTER AVE N AND HARRISON ST,,,2,Injury Collision,,2,0,1,1,1,0,0,2018-01-17T00:00:00.000Z,1/17/2018 8:50:00 AM,At Intersection (intersection related),18,"MOTOR VEHICLE STRUCK PEDALCYCLIST, FRONT END AT ANGLE",,N,Overcast,Wet,Daylight,Y,,,,,0,0,N,POINT (1268294.844463527 230555.517344147),6407.0,0.0,Overcast
192061,259229,259889,3746652,Matched,Block,,5TH AVE N BETWEEN TAYLOR AVE N AND HOWE ST,,,2,Injury Collision,Cycles,3,0,1,1,1,0,0,2017-12-10T00:00:00.000Z,12/10/2017 1:43:00 PM,Mid-Block (not related to intersection),18,"MOTOR VEHICLE STRUCK PEDALCYCLIST, FRONT END AT ANGLE",,N,Clear or Partly Cloudy,Dry,Daylight,,,,45.0,Vehicle - Pedalcyclist,11160,0,N,POINT (1267087.47460629 235406.4212851077),20855.0,7.0806437187037234e-06,Clear or Partly Cloudy
192179,258367,259027,E744256,Matched,Block,,DEXTER AVE N BETWEEN PROSPECT ST AND HIGHLAND DR,,,2,Injury Collision,Cycles,2,0,1,1,1,0,0,2017-12-06T00:00:00.000Z,12/6/2017 6:50:00 PM,Mid-Block (not related to intersection),18,"MOTOR VEHICLE STRUCK PEDALCYCLIST, FRONT END AT ANGLE",Y,N,Clear or Partly Cloudy,Dry,Dark - Street Lights On,,,,45.0,Vehicle - Pedalcyclist,12783,0,N,POINT (1268362.522095606 233198.6153948456),11638.0,3.3647344968827175e-06,Clear or Partly Cloudy
192269,263706,264486,E741495,Matched,Intersection,287161.0,BURKE GILMAN TRL AND PEND OREILLE RD NE,,,2,Injury Collision,Cycles,2,0,1,1,1,0,0,2017-11-29T00:00:00.000Z,11/29/2017 6:20:00 PM,At Intersection (intersection related),18,"MOTOR VEHICLE STRUCK PEDALCYCLIST, FRONT END AT ANGLE",Y,N,Clear or Partly Cloudy,Dry,Dark - Street Lights On,,,,45.0,Vehicle - Pedalcyclist,0,0,N,POINT (1278554.990138039 244254.8148941696),9546.0,0.0,Clear or Partly Cloudy
192316,265357,266157,3705689,Matched,Intersection,24351.0,PHINNEY AVE N AND N 67TH S ST,,,2,Injury Collision,,2,0,1,1,1,0,0,2018-01-09T00:00:00.000Z,1/9/2018 10:13:00 AM,At Intersection (intersection related),18,"MOTOR VEHICLE STRUCK PEDALCYCLIST, FRONT END AT ANGLE",,N,Raining,Wet,Daylight,,,,,,4288,0,N,POINT (1265661.63306883 250896.8344849795),3701.0,0.0,Raining
192322,264110,264890,E744984,Matched,Intersection,27281.0,MERIDIAN AVE N AND N NORTHLAKE WAY,,,2,Injury Collision,Cycles,2,0,1,1,1,0,0,2017-10-11T00:00:00.000Z,10/11/2017 9:15:00 AM,At Intersection (intersection related),18,"MOTOR VEHICLE STRUCK PEDALCYCLIST, FRONT END AT ANGLE",Y,N,Clear or Partly Cloudy,Dry,Daylight,,,,45.0,Vehicle - Pedalcyclist,0,630857,N,POINT (1270553.529905841 239563.4763933718),17978.0,0.0,Clear or Partly Cloudy
192331,259260,259920,3705879,Matched,Intersection,25409.0,8TH AVE NW AND NW 57TH ST,,,2,Injury Collision,Cycles,2,0,1,1,1,0,0,2017-12-08T00:00:00.000Z,12/8/2017 7:53:00 AM,At Intersection (intersection related),51,PEDALCYCLIST STRUCK MOTOR VEHICLE FRONT END AT ANGLE,,N,Clear or Partly Cloudy,Dry,Dawn,,,,45.0,Vehicle - Pedalcyclist,2433,0,N,POINT (1262775.431721881 248214.9021942317),10265.0,0.0,Clear or Partly Cloudy
192601,264857,265637,E756951,Matched,Intersection,24294.0,FREMONT AVE N AND N 78TH ST,,,2,Injury Collision,Cycles,2,0,1,1,1,0,0,2018-01-09T00:00:00.000Z,1/9/2018 5:13:00 PM,At Intersection (intersection related),18,"MOTOR VEHICLE STRUCK PEDALCYCLIST, FRONT END AT ANGLE",,N,Raining,Wet,Dark - Street Lights On,,,,5.0,Vehicle Strikes Pedalcyclist,0,0,N,POINT (1266895.599918097 253725.9578158706),733.0,0.0,Raining
192608,265404,266204,3818399,Matched,Intersection,31580.0,24TH AVE S AND S COLLEGE ST,,,2,Injury Collision,Cycles,2,0,1,1,1,0,0,2018-01-10T00:00:00.000Z,1/10/2018 7:16:00 AM,At Intersection (intersection related),51,PEDALCYCLIST STRUCK MOTOR VEHICLE FRONT END AT ANGLE,Y,N,Overcast,Dry,Dawn,,,,5.0,Vehicle Strikes Pedalcyclist,0,0,N,POINT (1277881.587257355 216100.5372333378),10621.0,0.0,Overcast
192609,258637,259297,E744635,Matched,Block,,2ND AVE BETWEEN PIKE ST AND PINE ST,,,2,Injury Collision,Cycles,2,0,1,1,1,0,0,2017-12-06T00:00:00.000Z,12/6/2017 2:46:00 PM,Mid-Block (not related to intersection),18,"MOTOR VEHICLE STRUCK PEDALCYCLIST, FRONT END AT ANGLE",,N,Clear or Partly Cloudy,Dry,Daylight,Y,,,45.0,Vehicle - Pedalcyclist,12179,0,N,POINT (1268950.511472195 226064.2551955432),9591.0,1.6780158607627556e-05,Clear or Partly Cloudy
192685,259377,260037,E745680,Matched,Block,,UNIVERSITY WAY NE BETWEEN NE 47TH ST AND NE 50TH ST,,,2,Injury Collision,Cycles,2,0,1,1,1,0,0,2017-12-10T00:00:00.000Z,12/10/2017 4:48:00 PM,Mid-Block (not related to intersection),51,PEDALCYCLIST STRUCK MOTOR VEHICLE FRONT END AT ANGLE,,N,Clear or Partly Cloudy,Dry,Dark - Street Lights On,,,,45.0,Vehicle - Pedalcyclist,5622,0,N,POINT (1275809.299383223 245710.9149916619),999.0,0.0,Clear or Partly Cloudy
192708,264221,265001,3705804,Matched,Intersection,25875.0,BAGLEY AVE N AND N 46TH ST,,,2,Injury Collision,,2,0,1,1,1,0,0,2018-01-05T00:00:00.000Z,1/5/2018 2:50:00 PM,At Intersection (intersection related),18,"MOTOR VEHICLE STRUCK PEDALCYCLIST, FRONT END AT ANGLE",,N,Raining,Wet,Daylight,,,Y,,,0,0,N,POINT (1271007.759666309 245304.2507992536),7057.0,0.0,Raining
192900,255598,256238,3284336,Matched,Intersection,287169.0,40TH AVE NE AND BURKE GILMAN TRL,,,2,Injury Collision,Cycles,2,0,1,1,1,0,0,2017-11-25T00:00:00.000Z,11/25/2017 9:58:00 AM,At Intersection (intersection related),18,"MOTOR VEHICLE STRUCK PEDALCYCLIST, FRONT END AT ANGLE",,N,Overcast,Dry,Daylight,,,,45.0,Vehicle - Pedalcyclist,0,521972,N,POINT (1282799.440702379 246786.1656807661),2983.0,0.0,Overcast
192910,256480,257120,3705770,Matched,Intersection,28741.0,DEXTER AVE N AND ROY ST,,,2,Injury Collision,Cycles,2,0,1,1,1,0,0,2017-11-29T00:00:00.000Z,11/29/2017 6:15:00 PM,At Intersection (intersection related),51,PEDALCYCLIST STRUCK MOTOR VEHICLE FRONT END AT ANGLE,,N,Overcast,Wet,Dark - Street Lights On,,,,45.0,Vehicle - Pedalcyclist,12677,0,N,POINT (1268326.078767568 231776.213409394),6297.0,0.0,Overcast
192916,258737,259397,3818302,Matched,Intersection,30388.0,1ST AVE S AND S ATLANTIC ST,,,2,Injury Collision,Cycles,2,0,1,1,1,0,0,2017-12-09T00:00:00.000Z,12/9/2017 10:40:00 AM,At Intersection (intersection related),18,"MOTOR VEHICLE STRUCK PEDALCYCLIST, FRONT END AT ANGLE",,N,Clear or Partly Cloudy,Wet,Daylight,Y,,,45.0,Vehicle - Pedalcyclist,0,605830,N,POINT (1270084.977969363 218939.3383882493),14.0,0.0,Clear or Partly Cloudy
192925,257861,258521,3769415,Matched,Block,,ROOSEVELT WAY NE BETWEEN NE 43RD N ST AND NE 45TH ST,,,2,Injury Collision,Cycles,2,0,1,1,1,0,0,2017-12-05T00:00:00.000Z,12/5/2017 6:59:00 AM,Driveway Junction,18,"MOTOR VEHICLE STRUCK PEDALCYCLIST, FRONT END AT ANGLE",Y,N,Clear or Partly Cloudy,Dry,Dawn,Y,,,45.0,Vehicle - Pedalcyclist,45553,0,N,POINT (1274643.41477403 244486.5489104092),22683.0,1.6744602144952038e-05,Clear or Partly Cloudy
192936,258763,259423,3753714,Matched,Block,,9TH AVE N BETWEEN JOHN ST AND THOMAS ST,,,2,Injury Collision,Cycles,2,0,1,1,1,0,0,2017-12-08T00:00:00.000Z,12/8/2017 3:15:00 PM,Mid-Block (not related to intersection),51,PEDALCYCLIST STRUCK MOTOR VEHICLE FRONT END AT ANGLE,,N,Clear or Partly Cloudy,Dry,Daylight,,,,45.0,Vehicle - Pedalcyclist,15955,0,N,POINT (1268922.815024167 229900.2245434672),3289.0,1.5684030659053574e-05,Clear or Partly Cloudy
192940,258761,259421,3753711,Matched,Block,,4TH AVE BETWEEN PIKE ST AND PINE ST,,,1,Property Damage Only Collision,Cycles,2,0,1,1,0,0,0,2017-12-07T00:00:00.000Z,12/7/2017 6:36:00 AM,Mid-Block (not related to intersection),18,"MOTOR VEHICLE STRUCK PEDALCYCLIST, FRONT END AT ANGLE",,N,Clear or Partly Cloudy,Dry,Dark - Street Lights On,,,,45.0,Vehicle - Pedalcyclist,12762,0,N,POINT (1269504.661232769 226392.3005718738),20509.0,2.416863267144483e-06,Clear or Partly Cloudy
192961,261441,262181,E749963,Matched,Block,,1ST AVE S BETWEEN RAILROAD S WAY S AND S ROYAL BROUGHAM WAY,,,2,Injury Collision,Cycles,2,0,1,1,1,0,0,2017-12-12T00:00:00.000Z,12/12/2017 8:15:00 AM,Mid-Block (not related to intersection),51,PEDALCYCLIST STRUCK MOTOR VEHICLE FRONT END AT ANGLE,,N,Clear or Partly Cloudy,Dry,Daylight,,,,45.0,Vehicle - Pedalcyclist,4956,0,N,POINT (1270112.277553394 220298.7504856437),18587.0,0.0,Clear or Partly Cloudy
195006,267682,268462,3769416,Matched,Intersection,27143.0,UNIVERSITY WAY NE AND NE CAMPUS WB PY,,,2,Injury Collision,,3,0,1,1,1,0,0,2018-01-25T00:00:00.000Z,1/25/2018 8:23:00 AM,At Intersection (intersection related),18,"MOTOR VEHICLE STRUCK PEDALCYCLIST, FRONT END AT ANGLE",,N,Overcast,Unknown,Daylight,Y,,,,,0,0,N,POINT (1275711.785015121 242874.075564757),12102.0,0.0,Overcast
195120,275957,276797,E774910,Matched,Block,,EAST MARGINAL WAY S BETWEEN S HINDS ST AND S SPOKANE NR ST,,,2,Injury Collision,Cycles,2,0,1,1,1,0,0,2018-02-27T00:00:00.000Z,2/27/2018 3:34:00 PM,Driveway Junction,18,"MOTOR VEHICLE STRUCK PEDALCYCLIST, FRONT END AT ANGLE",,N,Raining,Wet,Daylight,,,,5.0,Vehicle Strikes Pedalcyclist,0,0,N,POINT (1268603.29975985 212544.0880136937),1120.0,1.723141448264869e-05,Raining
195142,266998,267778,3754157,Matched,Intersection,27298.0,NE PACIFIC PL AND NE PACIFIC ST,,,1,Property Damage Only Collision,Cycles,2,0,1,1,0,0,0,2018-01-23T00:00:00.000Z,1/23/2018 6:56:00 AM,At Intersection (intersection related),18,"MOTOR VEHICLE STRUCK PEDALCYCLIST, FRONT END AT ANGLE",,N,Overcast,Wet,Dark - Street Lights On,,,,5.0,Vehicle Strikes Pedalcyclist,0,0,N,POINT (1277063.34904851 240778.7539626062),4282.0,0.0,Overcast
195157,278387,279287,E777317,Matched,Intersection,25772.0,ROOSEVELT WAY NE AND NE 53RD ST,,,2,Injury Collision,Cycles,2,0,1,1,1,0,0,2018-03-08T00:00:00.000Z,3/8/2018 9:05:00 AM,At Intersection (intersection related),51,PEDALCYCLIST STRUCK MOTOR VEHICLE FRONT END AT ANGLE,,N,Raining,Wet,Daylight,,,,5.0,Vehicle Strikes Pedalcyclist,9143,0,N,POINT (1274773.80562216 246865.5261928439),935.0,0.0,Raining
195201,268218,268998,3754279,Matched,Intersection,27065.0,11TH AVE NE AND NE 45TH ST,,,2,Injury Collision,Cycles,2,0,1,1,1,0,0,2018-01-19T00:00:00.000Z,1/19/2018 2:23:00 PM,At Intersection (intersection related),18,"MOTOR VEHICLE STRUCK PEDALCYCLIST, FRONT END AT ANGLE",Y,N,Overcast,Wet,Daylight,,,,5.0,Vehicle Strikes Pedalcyclist,0,0,N,POINT (1274930.22776632 244741.2228306681),2303.0,0.0,Overcast
195261,274646,275506,E774522,Matched,Intersection,29583.0,VIRGINIA ST AND WESTERN AVE,,,2,Injury Collision,,3,0,1,1,1,0,0,2018-02-28T00:00:00.000Z,2/28/2018 10:25:00 AM,At Intersection (intersection related),14,"MOTOR VEHICLE STRUCK MOTOR VEHICLE, REAR END",,N,Raining,Wet,Daylight,,,,,,0,0,N,POINT (1267898.953775123 226281.8666517735),13478.0,0.0,Raining
195309,266399,267199,E760034,Matched,Intersection,28788.0,DEXTER AVE N AND THOMAS ST,,,2,Injury Collision,Cycles,2,0,1,1,1,0,0,2018-01-18T00:00:00.000Z,1/18/2018 8:25:00 AM,At Intersection (intersection related),18,"MOTOR VEHICLE STRUCK PEDALCYCLIST, FRONT END AT ANGLE",Y,N,Clear or Partly Cloudy,Dry,Daylight,,,,5.0,Vehicle Strikes Pedalcyclist,0,0,N,POINT (1268283.993903518 230129.8392637074),3489.0,0.0,Clear or Partly Cloudy
195399,272157,272997,3702429,Matched,Intersection,29735.0,HARVARD AVE AND E PINE ST,,,2,Injury Collision,,1,0,1,0,1,0,0,2018-02-22T00:00:00.000Z,2/22/2018 8:25:00 AM,At Intersection (intersection related),18,"MOTOR VEHICLE STRUCK PEDALCYCLIST, FRONT END AT ANGLE",,N,Clear or Partly Cloudy,Ice,Daylight,,,,,,0,0,N,POINT (1273237.528628588 227967.5365414917),9007.0,0.0,Clear or Partly Cloudy
195511,273736,274576,E764702,Matched,Block,,NE 145TH ST BETWEEN 30TH AVE NE AND 31ST AVE NE,,,2,Injury Collision,Cycles,2,0,1,1,1,0,0,2018-01-25T00:00:00.000Z,1/25/2018 10:13:00 PM,Mid-Block (not related to intersection),21,"MOTOR VEHICLE STRUCK PEDALCYCLIST, REAR END",,N,Clear or Partly Cloudy,Wet,Dark - Street Lights On,Y,,,5.0,Vehicle Strikes Pedalcyclist,0,0,N,POINT (1280542.256636068 271079.9483616352),4143.0,1.1150578172473212e-05,Clear or Partly Cloudy
195578,276337,277177,E775257,Matched,Intersection,34216.0,7TH AVE S AND S MICHIGAN ST,,,2,Injury Collision,Cycles,2,0,1,1,1,0,0,2018-02-14T00:00:00.000Z,2/14/2018 9:15:00 PM,At Intersection (intersection related),18,"MOTOR VEHICLE STRUCK PEDALCYCLIST, FRONT END AT ANGLE",,N,Raining,Wet,Dark - Street Lights On,,,,5.0,Vehicle Strikes Pedalcyclist,0,0,N,POINT (1272035.397171363 202934.4057638645),1843.0,0.0,Raining
195619,270529,271349,3581268,Matched,Intersection,30833.0,LAKE WASHINGTON BLVD S AND S MASSACHUSETTS ST,,,2,Injury Collision,Cycles,2,0,1,1,1,0,0,2018-02-12T00:00:00.000Z,2/12/2018 9:07:00 AM,At Intersection (intersection related),18,"MOTOR VEHICLE STRUCK PEDALCYCLIST, FRONT END AT ANGLE",,N,Clear or Partly Cloudy,Dry,Daylight,,,,5.0,Vehicle Strikes Pedalcyclist,0,0,N,POINT (1281143.621692687 217767.2487870455),1836.0,0.0,Clear or Partly Cloudy
195629,274803,275646,3702504,Matched,Intersection,30177.0,19TH AVE AND E CHERRY ST,,,2,Injury Collision,Cycles,2,0,1,1,1,0,0,2018-03-02T00:00:00.000Z,3/2/2018 11:13:00 AM,At Intersection (intersection related),51,PEDALCYCLIST STRUCK MOTOR VEHICLE FRONT END AT ANGLE,Y,N,Overcast,Dry,Daylight,,,,5.0,Vehicle Strikes Pedalcyclist,0,0,N,POINT (1276764.647992209 225271.0035467297),2476.0,0.0,Overcast
195654,274837,275677,E774216,Matched,Intersection,26092.0,17TH NB AVE NE AND NE 45TH ST,,,2,Injury Collision,,2,0,1,1,1,0,0,2018-02-27T00:00:00.000Z,2/27/2018 1:51:00 PM,At Intersection (intersection related),51,PEDALCYCLIST STRUCK MOTOR VEHICLE FRONT END AT ANGLE,,N,Clear or Partly Cloudy,Dry,Daylight,,,,,,0,0,N,POINT (1276671.089464113 244695.8127826303),1401.0,0.0,Clear or Partly Cloudy
195662,274807,275650,3745433,Matched,Intersection,34876.0,25TH AVE SW AND SW BARTON ST,,,2,Injury Collision,Cycles,3,0,1,1,1,0,0,2018-03-02T00:00:00.000Z,3/2/2018 7:09:00 AM,At Intersection (intersection related),18,"MOTOR VEHICLE STRUCK PEDALCYCLIST, FRONT END AT ANGLE",Y,N,Overcast,Wet,Daylight,,,,5.0,Vehicle Strikes Pedalcyclist,0,0,N,POINT (1262093.778473184 193817.7286345214),7947.0,0.0,Overcast
195721,268398,269178,3754259,Matched,Intersection,24696.0,26TH AVE NE AND NE 65TH ST,,,2,Injury Collision,Cycles,2,0,1,1,1,0,0,2018-01-30T00:00:00.000Z,1/30/2018 5:51:00 AM,At Intersection (intersection related),51,PEDALCYCLIST STRUCK MOTOR VEHICLE FRONT END AT ANGLE,,N,Overcast,Dry,Dark - Street Lights On,,,,5.0,Vehicle Strikes Pedalcyclist,0,0,N,POINT (1279215.195194706 249943.1156999916),2645.0,0.0,Overcast
195755,270579,271399,3753394,Matched,Intersection,29084.0,EASTLAKE AVE E AND E NELSON PL,,,,Unknown,,2,0,1,1,0,0,0,2018-02-14T00:00:00.000Z,2/14/2018 7:50:00 AM,At Intersection (intersection related),18,"MOTOR VEHICLE STRUCK PEDALCYCLIST, FRONT END AT ANGLE",,N,Overcast,Wet,Daylight,,,,,,0,0,N,POINT (1271986.260531306 233599.5022432655),1134.0,0.0,Overcast
195781,274937,275777,E774902,Matched,Intersection,33029.0,1ST AVE S AND S BRANDON ST,,,1,Property Damage Only Collision,,2,0,1,1,0,0,0,2018-02-08T00:00:00.000Z,2/8/2018 6:40:00 PM,At Intersection (intersection related),18,"MOTOR VEHICLE STRUCK PEDALCYCLIST, FRONT END AT ANGLE",,N,Raining,Wet,Dark - No Street Lights,,,,,,0,0,N,POINT (1269822.985777095 205757.1529027522),14463.0,0.0,Raining
195809,278342,279242,E780826,Matched,Intersection,28237.0,10TH AVE E AND E LYNN ST,,,2,Injury Collision,Cycles,2,0,1,1,1,0,0,2018-03-21T00:00:00.000Z,3/21/2018 6:22:00 AM,At Intersection (intersection related),51,PEDALCYCLIST STRUCK MOTOR VEHICLE FRONT END AT ANGLE,,N,Clear or Partly Cloudy,Dry,Dark - Street Lights On,,,,5.0,Vehicle Strikes Pedalcyclist,0,0,N,POINT (1273918.633013293 236827.4961025715),22.0,0.0,Clear or Partly Cloudy
195820,277241,278141,3756092,Matched,Block,,15TH AVE S BETWEEN S OREGON ST AND S SNOQUALMIE ST,,,1,Property Damage Only Collision,Parked Car,2,0,1,1,0,0,0,2018-03-02T00:00:00.000Z,3/2/2018 6:33:00 PM,Mid-Block (not related to intersection),56,PEDALCYCLIST STRUCK MOTOR VEHICLE LEFT SIDE SIDESWIPE,,Y,Clear or Partly Cloudy,Dry,Dark - Street Lights On,,,,32.0,One parked--one moving,15524,0,N,POINT (1274990.409014389 208734.6581857949),23263.0,1.645889373941939e-05,Clear or Partly Cloudy
195822,267219,267999,E761058,Matched,Intersection,577500.0,LAKE UNION PARK ACCESS RD AND VALLEY ST,,,2,Injury Collision,Cycles,2,0,1,1,1,0,0,2018-01-18T00:00:00.000Z,1/18/2018 3:48:00 PM,At Intersection (intersection related),18,"MOTOR VEHICLE STRUCK PEDALCYCLIST, FRONT END AT ANGLE",,N,Raining,Wet,Daylight,,,,5.0,Vehicle Strikes Pedalcyclist,25339,0,N,POINT (1269842.736945122 231886.2061135024),6730.0,0.0,Raining
195829,266678,267458,3563140,Matched,Block,,15TH AVE S BETWEEN S DAWSON ST AND S BENNETT ST,,,2,Injury Collision,,2,0,1,1,1,0,0,2018-01-14T00:00:00.000Z,1/14/2018 11:28:00 PM,Mid-Block (not related to intersection),14,"MOTOR VEHICLE STRUCK MOTOR VEHICLE, REAR END",Y,N,Clear or Partly Cloudy,Dry,Dark - Street Lights On,,,,,,0,0,N,POINT (1274954.431158349 206032.1545030326),18623.0,0.0,Clear or Partly Cloudy
195832,266677,267457,3476719,Matched,Intersection,29946.0,6TH AVE AND MARION ST,,,2,Injury Collision,Cycles,2,0,1,1,1,0,0,2017-08-21T00:00:00.000Z,8/21/2017 12:00:00 PM,At Intersection (intersection related),18,"MOTOR VEHICLE STRUCK PEDALCYCLIST, FRONT END AT ANGLE",,N,Clear or Partly Cloudy,Dry,Daylight,,,,45.0,Vehicle - Pedalcyclist,0,0,N,POINT (1271223.872306526 224750.8786181957),532.0,0.0,Clear or Partly Cloudy
195912,274997,275837,3754707,Matched,Block,,AIRPORT WAY S BETWEEN CITY LIMITS C AND S NORFOLK ST,,,2b,Serious Injury Collision,Cycles,2,0,1,1,2,2,0,2018-03-10T00:00:00.000Z,3/10/2018 4:46:00 PM,Mid-Block (not related to intersection),54,PEDALCYCLIST STRUCK MOTOR VEHICLE REAR END,,Y,Clear or Partly Cloudy,Dry,Daylight,,,,5.0,Vehicle Strikes Pedalcyclist,0,0,N,POINT (1280551.312636077 191773.9178804308),6105.0,9.02666592184732e-06,Clear or Partly Cloudy
195914,272477,273318,E771959,Matched,Intersection,29809.0,12TH AVE AND E JEFFERSON ST,,,2,Injury Collision,Cycles,4,0,1,1,1,0,0,2018-02-20T00:00:00.000Z,2/20/2018 8:35:00 PM,At Intersection (intersection related),18,"MOTOR VEHICLE STRUCK PEDALCYCLIST, FRONT END AT ANGLE",,N,Clear or Partly Cloudy,Dry,Dark - Street Lights On,,,,5.0,Vehicle Strikes Pedalcyclist,0,0,N,POINT (1274493.248053879 224651.3819140941),2320.0,0.0,Clear or Partly Cloudy
195991,267317,268097,E761354,Matched,Block,,S JACKSON ST BETWEEN 20TH PL S AND 22ND AVE S,,,2,Injury Collision,Cycles,3,0,1,1,1,0,0,2018-01-03T00:00:00.000Z,1/3/2018 7:45:00 AM,Mid-Block (not related to intersection),18,"MOTOR VEHICLE STRUCK PEDALCYCLIST, FRONT END AT ANGLE",Y,Y,Clear or Partly Cloudy,Dry,Daylight,,,,5.0,Vehicle Strikes Pedalcyclist,0,0,N,POINT (1277611.016057074 222062.2398954481),13009.0,2.7620857969300287e-05,Clear or Partly Cloudy
194003,265246,266017,3753782,Matched,Block,,FAIRVIEW AVE N BETWEEN VALLEY UPPER ST AND FAIRVIEW PL N,,,1,Property Damage Only Collision,Cycles,2,0,1,1,0,0,0,2018-01-10T00:00:00.000Z,1/10/2018 7:47:00 AM,Mid-Block (not related to intersection),56,PEDALCYCLIST STRUCK MOTOR VEHICLE LEFT SIDE SIDESWIPE,,N,Overcast,Dry,Dawn,,,,5.0,Vehicle Strikes Pedalcyclist,0,0,N,POINT (1270337.779889628 232003.7510736287),720.0,1.875372175773733e-05,Overcast
194045,257622,258297,E737499,Matched,Block,,QUEEN ANNE DR BETWEEN 2ND AVE N AND NOB HILL AVE N,,,2,Injury Collision,Cycles,2,0,1,1,1,0,0,2017-10-30T00:00:00.000Z,10/30/2017 7:46:00 AM,Mid-Block (not related to intersection),18,"MOTOR VEHICLE STRUCK PEDALCYCLIST, FRONT END AT ANGLE",,N,Clear or Partly Cloudy,Dry,Daylight,,,,45.0,Vehicle - Pedalcyclist,27156,0,N,POINT (1266060.785005242 237981.1321357489),907.0,1.622206198883234e-05,Clear or Partly Cloudy
194051,257620,258280,E741185,Matched,Block,,ALASKAN WAY BETWEEN PINE ST AND VIRGINIA ST,,,2,Injury Collision,Cycles,2,0,1,1,1,0,0,2017-11-10T00:00:00.000Z,11/10/2017 6:03:00 PM,Mid-Block (not related to intersection),24,MOTOR VEHCILE STRUCK PEDESTRIAN,,N,Clear or Partly Cloudy,Dry,Dark - Street Lights On,,,,45.0,Vehicle - Pedalcyclist,0,522582,N,POINT (1267690.167342916 225768.2349072397),19727.0,0.0,Clear or Partly Cloudy