OBJECTID,INCKEY,COLDETKEY,REPORTNO,STATUS,ADDRTYPE,INTKEY,LOCATION,EXCEPTRSNC,EXCEPTRSND,SEVERITYCO,SEVERITYDE,COLLISIONT,PERSONCOUN,PEDCOUNT,PEDCYLCOUN,VEHCOUNT,INJURIES,SERIOUSINJ,FATALITIES,INCDATE,INCDTTM,JUNCTIONTY,SDOT_COLCO,SDOT_COLDE,INATTENTIO,UNDERINFL,WEATHER,ROADCOND,LIGHTCOND,PEDROWNOTG,SDOTCOLNUM,SPEEDING,ST_COLCODE,ST_COLDESC,SEGLANEKEY,CROSSWALKK,HITPARKEDC,geometry,near_str_index,min_length,weather_group
194075,265837,266637,E759014,Matched,Intersection,25226.0,28TH AVE NW AND NW MARKET ST,,,1,Property Damage Only Collision,Cycles,2,0,1,1,0,0,0,2018-01-15T00:00:00.000Z,1/15/2018 5:27:00 PM,At Intersection (intersection related),18,"MOTOR VEHICLE STRUCK PEDALCYCLIST, FRONT END AT ANGLE",Y,N,Clear or Partly Cloudy,Dry,Dark - Street Lights On,,,,5.0,Vehicle Strikes Pedalcyclist,0,0,N,POINT (1256191.168291137 247797.9854577929),1669.0,0.0,Clear or Partly Cloudy
194076,258099,258759,E743640,Matched,Intersection,28887.0,4TH AVE N AND ROY ST,,,2,Injury Collision,Cycles,2,0,1,1,1,0,0,2017-12-05T00:00:00.000Z,12/5/2017 8:00:00 AM,At Intersection (intersection related),18,"MOTOR VEHICLE STRUCK PEDALCYCLIST, FRONT END AT ANGLE",Y,N,Fog/Smog/Smoke,Wet,Daylight,,,,45.0,Vehicle - Pedalcyclist,12417,0,N,POINT (1266716.852013916 231816.8075854331),3748.0,0.0,Raining
194165,265297,266077,3754152,Matched,Block,,SEAVIEW AVE NW BETWEEN NW 67TH ST AND NW 75TH ST,,,3,Fatality Collision,Cycles,2,0,1,1,0,0,1,2018-01-14T00:00:00.000Z,1/14/2018 4:30:00 AM,Mid-Block (not related to intersection),18,"MOTOR VEHICLE STRUCK PEDALCYCLIST, FRONT END AT ANGLE",,N,Clear or Partly Cloudy,Dry,Dark - Street Lights On,,,,5.0,Vehicle Strikes Pedalcyclist,0,0,N,POINT (1253322.913632199 251958.9091740549),15209.0,5.453353437859593e-06,Clear or Partly Cloudy
194307,278011,278911,3702403,Matched,Block,,E PINE ST BETWEEN BOYLSTON AVE AND HARVARD AVE,,,2,Injury Collision,Cycles,4,0,1,1,1,0,0,2018-03-23T00:00:00.000Z,3/23/2018 2:13:00 AM,Mid-Block (not related to intersection),56,PEDALCYCLIST STRUCK MOTOR VEHICLE LEFT SIDE SIDESWIPE,Y,N,Overcast,Wet,Dark - Street Lights On,,,,45.0,Vehicle - Pedalcyclist,0,0,N,POINT (1273078.540276423 227971.5406374931),9007.0,7.33977464862744e-06,Overcast
194436,273497,274317,3753799,Matched,Intersection,28788.0,DEXTER AVE N AND THOMAS ST,,,2,Injury Collision,,2,0,1,1,1,0,0,2018-02-28T00:00:00.000Z,2/28/2018 7:08:00 PM,At Intersection (intersection related),18,"MOTOR VEHICLE STRUCK PEDALCYCLIST, FRONT END AT ANGLE",,N,Raining,Wet,Dark - Street Lights On,Y,,,,,42777,0,N,POINT (1268283.993903518 230129.8392637074),3489.0,0.0,Raining
194475,277437,278337,E779044,Matched,Intersection,26870.0,STONE WAY N AND N 38TH ST,,,2,Injury Collision,Cycles,2,0,1,1,1,0,0,2018-03-07T00:00:00.000Z,3/7/2018 7:50:00 AM,At Intersection (intersection related),18,"MOTOR VEHICLE STRUCK PEDALCYCLIST, FRONT END AT ANGLE",Y,N,Clear or Partly Cloudy,Dry,Daylight,,,,45.0,Vehicle - Pedalcyclist,0,0,N,POINT (1268463.857455701 241734.6945715845),4009.0,0.0,Clear or Partly Cloudy
194480,269579,270379,E766391,Matched,Intersection,29614.0,2ND AVE AND MADISON ST,,,1,Property Damage Only Collision,Cycles,3,0,1,1,0,0,0,2018-02-02T00:00:00.000Z,2/2/2018 10:50:00 AM,At Intersection (intersection related),18,"MOTOR VEHICLE STRUCK PEDALCYCLIST, FRONT END AT ANGLE",,N,Overcast,Wet,Daylight,,,,5.0,Vehicle Strikes Pedalcyclist,0,0,N,POINT (1269960.271153241 224358.5271297991),2489.0,0.0,Overcast
194490,267537,268317,E762231,Matched,Intersection,29968.0,2ND AVE AND MARION ST,,,1,Property Damage Only Collision,Cycles,3,0,1,1,0,0,0,2018-01-23T00:00:00.000Z,1/23/2018 5:13:00 PM,At Intersection (intersection related),18,"MOTOR VEHICLE STRUCK PEDALCYCLIST, FRONT END AT ANGLE",,N,Raining,Wet,Dark - Street Lights On,,,,5.0,Vehicle Strikes Pedalcyclist,0,0,N,POINT (1270116.020785391 224095.4131455272),2489.0,0.0,Raining
194504,268861,269661,3773746,Matched,Intersection,29863.0,MELROSE AVE AND PINE ST,,,2,Injury Collision,Cycles,3,0,1,1,1,0,0,2018-02-01T00:00:00.000Z,2/1/2018 7:27:00 AM,At Intersection (intersection related),51,PEDALCYCLIST STRUCK MOTOR VEHICLE FRONT END AT ANGLE,,N,Overcast,Dry,Daylight,,,,5.0,Vehicle Strikes Pedalcyclist,10336,0,N,POINT (1271813.802035138 227999.6394535303),897.0,0.0,Overcast
194569,275502,276342,E774854,Matched,Intersection,34637.0,SEWARD PARK AVE S AND WILSON AVE S,,,2,Injury Collision,Cycles,2,0,1,1,1,0,0,2018-02-11T00:00:00.000Z,2/11/2018 1:38:00 PM,At Intersection (intersection related),18,"MOTOR VEHICLE STRUCK PEDALCYCLIST, FRONT END AT ANGLE",Y,N,Clear or Partly Cloudy,Dry,Daylight,,,,5.0,Vehicle Strikes Pedalcyclist,0,0,N,POINT (1287072.649282753 201916.4458268136),1039.0,0.0,Clear or Partly Cloudy
194597,277637,278537,E779047,Matched,Block,,DEXTER AVE N BETWEEN NEWTON ST AND DEXTER WAY N,,,2,Injury Collision,Cycles,2,0,1,1,1,0,0,2018-03-06T00:00:00.000Z,3/6/2018 9:50:00 AM,Mid-Block (not related to intersection),18,"MOTOR VEHICLE STRUCK PEDALCYCLIST, FRONT END AT ANGLE",Y,N,Clear or Partly Cloudy,Dry,Daylight,,,,45.0,Vehicle - Pedalcyclist,0,0,N,POINT (1268229.089647457 236059.6660217792),22377.0,1.7651623790494374e-05,Clear or Partly Cloudy
194608,276949,277829,3702522,Matched,Block,,M L KING JR WAY E BETWEEN E ARTHUR PL AND E MADISON ST,,,2,Injury Collision,Cycles,2,0,1,1,1,0,0,2018-03-14T00:00:00.000Z,3/14/2018 2:22:00 PM,Mid-Block (not related to intersection),18,"MOTOR VEHICLE STRUCK PEDALCYCLIST, FRONT END AT ANGLE",,N,Clear or Partly Cloudy,Dry,Daylight,,,Y,45.0,Vehicle - Pedalcyclist,0,0,N,POINT (1279657.068411171 230704.3764162958),12612.0,1.7430097834894927e-05,Clear or Partly Cloudy
194670,269585,270385,E766424,Matched,Intersection,28744.0,WESTLAKE AVE N AND VALLEY ST,,,2,Injury Collision,Cycles,2,0,1,1,1,0,0,2018-01-22T00:00:00.000Z,1/22/2018 9:00:00 AM,At Intersection (intersection related),18,"MOTOR VEHICLE STRUCK PEDALCYCLIST, FRONT END AT ANGLE",Y,N,Clear or Partly Cloudy,Dry,Daylight,,,,5.0,Vehicle Strikes Pedalcyclist,0,0,N,POINT (1269242.945584506 231901.4393935204),3828.0,0.0,Clear or Partly Cloudy
194720,277739,278639,3705696,Matched,Intersection,37731.0,23RD AVE NE AND NE 95TH ST,,,2,Injury Collision,Cycles,2,0,1,1,1,0,0,2018-03-11T00:00:00.000Z,3/11/2018 5:55:00 PM,At Intersection (intersection related),51,PEDALCYCLIST STRUCK MOTOR VEHICLE FRONT END AT ANGLE,,N,Clear or Partly Cloudy,Dry,Daylight,,,,45.0,Vehicle - Pedalcyclist,0,0,N,POINT (1278237.778745711 257909.1562841535),12808.0,0.0,Clear or Partly Cloudy
194722,277738,278638,E779051,Matched,Block,,10TH AVE E BETWEEN E BOSTON ST AND E LYNN ST,,,2,Injury Collision,Cycles,2,0,1,1,1,0,0,2018-03-10T00:00:00.000Z,3/10/2018 11:00:00 PM,Mid-Block (not related to intersection),18,"MOTOR VEHICLE STRUCK PEDALCYCLIST, FRONT END AT ANGLE",,N,Unknown,Unknown,Dark - Street Lights On,,,,45.0,Vehicle - Pedalcyclist,0,0,N,POINT (1273913.552501291 236618.430758357),22.0,2.8939394933405378e-05,
194822,272717,273557,E772296,Matched,Block,,E PINE ST BETWEEN NAGLE PL AND 10TH AVE,,,2,Injury Collision,,2,0,1,1,1,0,0,2018-02-23T00:00:00.000Z,2/23/2018 2:43:00 PM,Mid-Block (not related to intersection),51,PEDALCYCLIST STRUCK MOTOR VEHICLE FRONT END AT ANGLE,,N,Overcast,Dry,Daylight,,,,,,0,0,N,POINT (1273826.789941192 227962.3168294877),11240.0,5.823046443286912e-11,Overcast
194826,277024,277904,3694139,Matched,Block,,NE 40 UPPER ST BETWEEN 8TH AVE NE AND 9TH AVE NE,,,2b,Serious Injury Collision,Cycles,2,1,1,0,1,1,0,2018-03-16T00:00:00.000Z,3/16/2018 3:20:00 PM,Mid-Block (not related to intersection),64,PEDALCYCLIST STRUCK PEDESTRIAN,Y,N,Clear or Partly Cloudy,Unknown,Daylight,,,,7.0,Pedalcyclist Strikes Pedalcyclist or Pedestrian,0,0,N,POINT (1274220.247349605 242748.5655486286),1389.0,1.582772143290006e-09,Clear or Partly Cloudy
194828,274603,275463,3754033,Matched,Intersection,36586.0,1ST AVE NE AND NE NORTHGATE WAY,,,2,Injury Collision,Cycles,3,0,1,1,1,0,0,2018-03-06T00:00:00.000Z,3/6/2018 6:37:00 PM,At Intersection (but not related to intersection),21,"MOTOR VEHICLE STRUCK PEDALCYCLIST, REAR END",,N,Clear or Partly Cloudy,Dry,Dark - Street Lights On,Y,,,5.0,Vehicle Strikes Pedalcyclist,0,0,N,POINT (1272295.527987629 262062.2952324003),2277.0,0.0,Clear or Partly Cloudy
194837,277019,277899,E777001,Matched,Block,,2ND AVE BETWEEN UNION ST AND PIKE ST,,,2,Injury Collision,Cycles,2,0,1,1,1,0,0,2018-03-06T00:00:00.000Z,3/6/2018 4:33:00 PM,Mid-Block (not related to intersection),18,"MOTOR VEHICLE STRUCK PEDALCYCLIST, FRONT END AT ANGLE",,N,Clear or Partly Cloudy,Dry,Daylight,,,,5.0,Vehicle Strikes Pedalcyclist,0,0,N,POINT (1269167.241392419 225698.1291791648),135.0,1.0206619767903732e-08,Clear or Partly Cloudy
194852,275697,276537,E775266,Matched,Block,,ROOSEVELT WAY NE BETWEEN NE 45TH ST AND NE 47TH ST,,,2,Injury Collision,Cycles,2,0,1,1,1,0,0,2018-03-02T00:00:00.000Z,3/2/2018 9:28:00 AM,Mid-Block (not related to intersection),18,"MOTOR VEHICLE STRUCK PEDALCYCLIST, FRONT END AT ANGLE",,N,Clear or Partly Cloudy,Dry,Daylight,,,,5.0,Vehicle Strikes Pedalcyclist,0,0,N,POINT (1274721.706934109 245075.8127190173),19913.0,2.0544237593272437e-05,Clear or Partly Cloudy
194866,266934,267714,3762859,Matched,Intersection,25710.0,ROOSEVELT WAY NE AND NE 63RD ST,,,2,Injury Collision,Cycles,2,0,1,1,1,0,0,2018-01-19T00:00:00.000Z,1/19/2018 7:29:00 AM,At Intersection (intersection related),51,PEDALCYCLIST STRUCK MOTOR VEHICLE FRONT END AT ANGLE,,N,Overcast,Wet,Daylight,Y,,,5.0,Vehicle Strikes Pedalcyclist,9207,0,N,POINT (1274827.456566215 249436.7405314744),6643.0,0.0,Overcast
194950,272857,273697,E772599,Matched,Intersection,28788.0,DEXTER AVE N AND THOMAS ST,,,2,Injury Collision,Cycles,2,0,1,1,1,0,0,2018-02-01T00:00:00.000Z,2/1/2018 6:49:00 PM,At Intersection (intersection related),18,"MOTOR VEHICLE STRUCK PEDALCYCLIST, FRONT END AT ANGLE",,Y,Raining,Wet,Dark - No Street Lights,Y,,,5.0,Vehicle Strikes Pedalcyclist,0,0,N,POINT (1268283.993903518 230129.8392637074),3489.0,0.0,Raining
194974,277878,278778,3754213,Matched,Intersection,28773.0,9TH AVE N AND REPUBLICAN ST,,,2,Injury Collision,Cycles,2,0,1,1,1,0,0,2018-03-16T00:00:00.000Z,3/16/2018 7:52:00 PM,At Intersection (intersection related),51,PEDALCYCLIST STRUCK MOTOR VEHICLE FRONT END AT ANGLE,,N,Clear or Partly Cloudy,Dry,Dusk,,,,45.0,Vehicle - Pedalcyclist,15966,0,N,POINT (1268949.189424202 230965.2919365615),8903.0,0.0,Clear or Partly Cloudy
197001,286119,286979,3706102,Matched,Block,,15TH AVE NE BETWEEN NE 42ND ST AND NE 43RD ST,,,2b,Serious Injury Collision,Cycles,3,0,1,2,1,1,0,2018-05-09T00:00:00.000Z,5/9/2018 10:08:00 AM,Mid-Block (not related to intersection),14,"MOTOR VEHICLE STRUCK MOTOR VEHICLE, REAR END",,N,Clear or Partly Cloudy,Dry,Daylight,,,,8.0,Pedalcyclist All Other Involvements ONE UNIT - PEDALCYCLIST ONLY or PEDALCYCLIST STR,0,0,Y,POINT (1276029.831287459 243898.441389814),17655.0,1.2156376741700304e-05,Clear or Partly Cloudy
197018,288987,289866,E800886,Matched,Intersection,28970.0,15TH AVE E AND E ALOHA ST,,,2,Injury Collision,Cycles,2,0,1,1,1,0,0,2018-05-22T00:00:00.000Z,5/22/2018 5:30:00 PM,At Intersection (intersection related),18,"MOTOR VEHICLE STRUCK PEDALCYCLIST, FRONT END AT ANGLE",Y,N,Clear or Partly Cloudy,Dry,Daylight,,,,5.0,Vehicle Strikes Pedalcyclist,0,0,N,POINT (1275676.959543094 232171.6102737933),5093.0,0.0,Clear or Partly Cloudy
197028,289637,290497,3812157,Matched,Block,,DENNY WAY BETWEEN STEWART ST AND MELROSE AVE,,,1,Property Damage Only Collision,Cycles,2,0,1,1,0,0,0,2018-05-31T00:00:00.000Z,5/31/2018 7:00:00 PM,Mid-Block (but intersection related),54,PEDALCYCLIST STRUCK MOTOR VEHICLE REAR END,,N,Clear or Partly Cloudy,Dry,Dusk,,,,6.0,Pedalcyclist Strikes Moving Vehicle,0,0,N,POINT (1271494.205362812 229177.3080627322),17903.0,1.1697567150221174e-05,Clear or Partly Cloudy
197063,281798,282658,3581274,Matched,Intersection,32672.0,RAINIER AVE S AND S CHARLESTOWN ST,,,2,Injury Collision,Angles,2,0,1,1,1,0,0,2018-04-12T00:00:00.000Z,4/12/2018 3:25:00 PM,At Intersection (intersection related),18,"MOTOR VEHICLE STRUCK PEDALCYCLIST, FRONT END AT ANGLE",,N,Clear or Partly Cloudy,Dry,Daylight,Y,,,10.0,Entering at angle,0,524336,N,POINT (1280674.396732211 211241.5609723628),912.0,0.0,Clear or Partly Cloudy
197074,281799,282659,3644345,Matched,Intersection,28788.0,DEXTER AVE N AND THOMAS ST,,,2,Injury Collision,Cycles,2,0,1,1,1,0,0,2018-04-11T00:00:00.000Z,4/11/2018 3:25:00 PM,At Intersection (intersection related),18,"MOTOR VEHICLE STRUCK PEDALCYCLIST, FRONT END AT ANGLE",,N,Overcast,Wet,Daylight,,,,5.0,Vehicle Strikes Pedalcyclist,42777,0,N,POINT (1268283.993903518 230129.8392637074),3489.0,0.0,Overcast
197084,285538,286398,E793047,Matched,Block,,N 34TH ST BETWEEN WOODLAND PARK AVE N AND STONE WAY N,,,2,Injury Collision,Cycles,2,0,1,1,1,0,0,2018-04-28T00:00:00.000Z,4/28/2018 12:48:00 PM,Driveway Junction,18,"MOTOR VEHICLE STRUCK PEDALCYCLIST, FRONT END AT ANGLE",Y,N,Overcast,Wet,Daylight,,,Y,6.0,Pedalcyclist Strikes Moving Vehicle,8850,0,N,POINT (1268229.432751462 240254.514986068),16565.0,7.2360952601115865e-09,Overcast
197121,286124,286984,3753962,Matched,Intersection,25804.0,UNIVERSITY WAY NE AND NE 47TH ST,,,2,Injury Collision,Cycles,2,0,1,1,1,0,0,2018-05-09T00:00:00.000Z,5/9/2018 9:07:00 PM,At Intersection (intersection related),18,"MOTOR VEHICLE STRUCK PEDALCYCLIST, FRONT END AT ANGLE",,N,Clear or Partly Cloudy,Dry,Dusk,Y,,,5.0,Vehicle Strikes Pedalcyclist,0,0,N,POINT (1275799.556919217 245381.1224793196),999.0,0.0,Clear or Partly Cloudy
197244,286717,287577,3742389,Matched,Block,,ALKI AVE SW BETWEEN SW HAMPSHIRE ST AND SW ILLINOIS ST,,,2,Injury Collision,Cycles,2,1,1,0,1,0,0,2018-05-12T00:00:00.000Z,5/12/2018 10:12:00 AM,Mid-Block (not related to intersection),64,PEDALCYCLIST STRUCK PEDESTRIAN,,N,Clear or Partly Cloudy,Dry,Daylight,Y,,,7.0,Pedalcyclist Strikes Pedalcyclist or Pedestrian,0,0,N,POINT (1254607.176289514 218098.2482113838),11038.0,1.9168791654107425e-05,Clear or Partly Cloudy
197288,287359,288239,E797398,Matched,Block,,15TH AVE BETWEEN E SPRING ST AND E UNION ST,,,2,Injury Collision,Cycles,3,0,1,1,1,0,0,2018-05-08T00:00:00.000Z,5/8/2018 3:50:00 PM,Mid-Block (not related to intersection),18,"MOTOR VEHICLE STRUCK PEDALCYCLIST, FRONT END AT ANGLE",,N,Clear or Partly Cloudy,Dry,Daylight,,,,5.0,Vehicle Strikes Pedalcyclist,0,0,N,POINT (1275518.825142935 226830.3269403279),5090.0,1.1843291925095766e-05,Clear or Partly Cloudy
197363,281817,282677,3754225,Matched,Intersection,30359.0,WESTERN AVE AND YESLER WAY,,,2,Injury Collision,Cycles,2,0,1,1,1,0,0,2018-04-10T00:00:00.000Z,4/10/2018 9:08:00 AM,At Intersection (intersection related),18,"MOTOR VEHICLE STRUCK PEDALCYCLIST, FRONT END AT ANGLE",,N,Raining,Wet,Daylight,,,,5.0,Vehicle Strikes Pedalcyclist,0,0,N,POINT (1269832.176177099 223107.0667765141),6797.0,0.0,Raining
197371,286798,287678,E795977,Matched,Intersection,25408.0,8TH AVE NW AND NW 58TH ST,,,2,Injury Collision,Cycles,2,0,1,1,1,0,0,2018-05-08T00:00:00.000Z,5/8/2018 7:21:00 AM,At Intersection (intersection related),18,"MOTOR VEHICLE STRUCK PEDALCYCLIST, FRONT END AT ANGLE",Y,N,Clear or Partly Cloudy,Dry,Daylight,,,,6.0,Pedalcyclist Strikes Moving Vehicle,0,0,N,POINT (1262780.853545889 248481.0054904968),1583.0,0.0,Clear or Partly Cloudy
197401,285565,286425,3812038,Matched,Intersection,29698.0,WALL ST AND WESTERN AVE,,,2,Injury Collision,Cycles,2,0,1,1,1,0,0,2018-05-01T00:00:00.000Z,5/1/2018 5:28:00 AM,At Intersection (intersection related),18,"MOTOR VEHICLE STRUCK PEDALCYCLIST, FRONT END AT ANGLE",,N,Clear or Partly Cloudy,Dry,Daylight,,,,5.0,Vehicle Strikes Pedalcyclist,0,523794,N,POINT (1266453.412909642 227664.0828451812),1011.0,0.0,Clear or Partly Cloudy
197429,288623,289483,E798624,Matched,Intersection,26925.0,FREMONT AVE N AND N 45TH ST,,,2,Injury Collision,Cycles,2,0,1,1,1,0,0,2018-05-15T00:00:00.000Z,5/15/2018 6:06:00 PM,At Intersection (intersection related),18,"MOTOR VEHICLE STRUCK PEDALCYCLIST, FRONT END AT ANGLE",,N,Clear or Partly Cloudy,Dry,Daylight,,,,5.0,Vehicle Strikes Pedalcyclist,0,0,N,POINT (1266687.00190188 244939.2966868728),7050.0,0.0,Clear or Partly Cloudy
197532,284977,285857,E790863,Matched,Intersection,26911.0,STONE WAY N AND N NORTHLAKE WAY,,,2,Injury Collision,Cycles,2,0,1,1,1,0,0,2018-04-20T00:00:00.000Z,4/20/2018 4:55:00 PM,At Intersection (intersection related),18,"MOTOR VEHICLE STRUCK PEDALCYCLIST, FRONT END AT ANGLE",,N,Overcast,Dry,Daylight,,,,5.0,Vehicle Strikes Pedalcyclist,0,0,N,POINT (1268377.505327612 240079.1889058948),15602.0,0.0,Overcast
197552,289104,289964,E801056,Matched,Intersection,29859.0,BELMONT AVE AND E PINE ST,,,2,Injury Collision,Cycles,5,0,1,1,1,0,0,2018-05-11T00:00:00.000Z,5/11/2018 6:54:00 PM,At Intersection (intersection related),18,"MOTOR VEHICLE STRUCK PEDALCYCLIST, FRONT END AT ANGLE",,N,Clear or Partly Cloudy,Dry,Daylight,Y,,,6.0,Pedalcyclist Strikes Moving Vehicle,0,0,N,POINT (1272659.811123997 227978.3315495104),6178.0,0.0,Clear or Partly Cloudy
197555,287499,288379,3613274,Matched,Block,,SAND POINT WAY NE BETWEEN NOAA DR AND BURKE GILMAN SAND POINT TRL,,,2b,Serious Injury Collision,Cycles,2,0,1,1,1,1,0,2018-05-17T00:00:00.000Z,5/17/2018 7:22:00 AM,Mid-Block (not related to intersection),51,PEDALCYCLIST STRUCK MOTOR VEHICLE FRONT END AT ANGLE,,N,Overcast,Dry,Daylight,,,,6.0,Pedalcyclist Strikes Moving Vehicle,0,0,N,POINT (1287757.189955458 253795.4037039429),19920.0,0.0,Overcast
197581,288020,288880,3754357,Matched,Block,,GREENWOOD AVE N BETWEEN N 90TH ST AND N 92ND ST,,,2,Injury Collision,Cycles,2,0,1,1,1,0,0,2018-05-21T00:00:00.000Z,5/21/2018 5:29:00 PM,Mid-Block (but intersection related),51,PEDALCYCLIST STRUCK MOTOR VEHICLE FRONT END AT ANGLE,,N,Clear or Partly Cloudy,Dry,Daylight,,,,5.0,Vehicle Strikes Pedalcyclist,4686,0,N,POINT (1265622.201900795 257265.4976594895),8812.0,7.54523032121273e-09,Clear or Partly Cloudy
197634,282571,283431,E789393,Matched,Intersection,29617.0,SPRING ST AND WESTERN AVE,,,2,Injury Collision,Cycles,3,0,1,1,1,0,0,2018-04-11T00:00:00.000Z,4/11/2018 3:33:00 PM,At Intersection (intersection related),18,"MOTOR VEHICLE STRUCK PEDALCYCLIST, FRONT END AT ANGLE",,N,Overcast,Wet,Daylight,,,,6.0,Pedalcyclist Strikes Moving Vehicle,0,0,N,POINT (1269250.42360051 224293.6400897354),6761.0,0.0,Overcast
197674,286917,287797,3754506,Matched,Intersection,37292.0,COLLEGE WAY N AND N 100TH ST,,,2,Injury Collision,Cycles,2,0,1,1,1,0,0,2018-05-05T00:00:00.000Z,5/5/2018 9:48:00 AM,At Intersection (intersection related),51,PEDALCYCLIST STRUCK MOTOR VEHICLE FRONT END AT ANGLE,,N,Clear or Partly Cloudy,Dry,Daylight,,,,5.0,Vehicle Strikes Pedalcyclist,8108,0,N,POINT (1270650.132529944 259461.2568937391),3440.0,0.0,Clear or Partly Cloudy
197690,286360,287220,E795437,Matched,Intersection,27299.0,MONTLAKE BLVD NE AND NE PACIFIC ST,,,2,Injury Collision,Cycles,2,0,1,1,1,0,0,2018-04-22T00:00:00.000Z,4/22/2018 2:31:00 PM,At Intersection (intersection related),18,"MOTOR VEHICLE STRUCK PEDALCYCLIST, FRONT END AT ANGLE",,N,Clear or Partly Cloudy,Dry,Daylight,,,,5.0,Vehicle Strikes Pedalcyclist,0,0,N,POINT (1277798.016569257 240200.7080100179),12233.0,0.0,Clear or Partly Cloudy
197753,281292,282172,3754217,Matched,Block,,DENNY WAY BETWEEN 7TH NB AVE N AND DEXTER AVE,,,1,Property Damage Only Collision,Cycles,2,0,1,1,0,0,0,2018-03-19T00:00:00.000Z,3/19/2018 10:43:00 AM,Mid-Block (not related to intersection),18,"MOTOR VEHICLE STRUCK PEDALCYCLIST, FRONT END AT ANGLE",,N,Clear or Partly Cloudy,Dry,Daylight,,,,5.0,Vehicle Strikes Pedalcyclist,0,0,N,POINT (1268108.431535333 229281.3890868425),16844.0,8.790341737579293e-07,Clear or Partly Cloudy
197756,281867,282727,3782622,Matched,Block,,SW ADMIRAL WAY BETWEEN 60TH AVE SW AND 61ST AVE SW,,,2,Injury Collision,Cycles,2,0,1,1,1,0,0,2018-04-11T00:00:00.000Z,4/11/2018 9:13:00 AM,Driveway Junction,18,"MOTOR VEHICLE STRUCK PEDALCYCLIST, FRONT END AT ANGLE",,N,Overcast,Dry,Daylight,,,,6.0,Pedalcyclist Strikes Moving Vehicle,0,0,N,POINT (1251253.636126086 214056.8226712495),22117.0,3.1405660024784245e-05,Overcast
197804,283417,284297,E790078,Matched,Block,,MALDEN AVE E BETWEEN E HARRISON ST AND E REPUBLICAN ST,,,1,Property Damage Only Collision,Cycles,5,0,1,1,0,0,0,2018-04-02T00:00:00.000Z,4/2/2018 8:55:00 PM,Mid-Block (not related to intersection),18,"MOTOR VEHICLE STRUCK PEDALCYCLIST, FRONT END AT ANGLE",,N,Clear or Partly Cloudy,Dry,Dark - Street Lights On,,,,5.0,Vehicle Strikes Pedalcyclist,0,0,N,POINT (1275382.309942782 230589.1910721809),17972.0,2.8222179804523292e-05,Clear or Partly Cloudy
197812,288701,289561,E799185,Matched,Intersection,29134.0,MINOR AVE N AND REPUBLICAN ST,,,2,Injury Collision,Cycles,2,0,1,1,1,0,0,2018-05-14T00:00:00.000Z,5/14/2018 3:34:00 PM,At Intersection (intersection related),11,"MOTOR VEHICLE STRUCK MOTOR VEHICLE, FRONT END AT ANGLE",Y,N,Clear or Partly Cloudy,Dry,Daylight,,,,5.0,Vehicle Strikes Pedalcyclist,0,0,N,POINT (1270613.107249901 230897.0141764879),860.0,0.0,Clear or Partly Cloudy
197829,286939,287819,3811960,Matched,Block,,S DEARBORN ST BETWEEN 7TH AVE S AND 8TH AVE S,,,2,Injury Collision,Cycles,2,0,1,1,1,0,0,2018-05-08T00:00:00.000Z,5/8/2018 7:18:00 AM,Driveway Junction,51,PEDALCYCLIST STRUCK MOTOR VEHICLE FRONT END AT ANGLE,,N,Clear or Partly Cloudy,Dry,Daylight,,,,5.0,Vehicle Strikes Pedalcyclist,5843,0,N,POINT (1272858.619828209 220899.3477982581),13978.0,1.948371687125159e-05,Clear or Partly Cloudy
197835,288050,288910,E798601,Matched,Intersection,25163.0,20TH AVE NW AND LEARY AVE NW,,,2,Injury Collision,Cycles,2,0,1,1,1,0,0,2018-05-03T00:00:00.000Z,5/3/2018 8:00:00 AM,At Intersection (intersection related),18,"MOTOR VEHICLE STRUCK PEDALCYCLIST, FRONT END AT ANGLE",,N,Clear or Partly Cloudy,Dry,Daylight,,,,6.0,Pedalcyclist Strikes Moving Vehicle,0,0,N,POINT (1258818.769445822 247022.7168489993),5242.0,0.0,Clear or Partly Cloudy
197884,289286,290146,3702543,Matched,Intersection,30410.0,12TH AVE AND E YESLER WAY,,,2,Injury Collision,Cycles,2,0,1,1,1,0,0,2018-05-25T00:00:00.000Z,5/25/2018 7:10:00 PM,At Intersection (intersection related),51,PEDALCYCLIST STRUCK MOTOR VEHICLE FRONT END AT ANGLE,,N,Clear or Partly Cloudy,Dry,Dusk,,,,6.0,Pedalcyclist Strikes Moving Vehicle,42680,0,N,POINT (1274461.188917845 223006.7211764157),8412.0,0.0,Clear or Partly Cloudy
197896,282660,283520,E777521,Matched,Block,,1ST AVE S BETWEEN S HUDSON ST AND S DAWSON ST,,,1,Property Damage Only Collision,,2,0,1,1,0,0,0,2018-01-04T00:00:00.000Z,1/4/2018 4:13:00 PM,Mid-Block (not related to intersection),11,"MOTOR VEHICLE STRUCK MOTOR VEHICLE, FRONT END AT ANGLE",,N,Overcast,Wet,Dusk,,,,,,0,0,N,POINT (1269840.128881112 206622.5468236357),4975.0,8.682776596522296e-06,Overcast
197951,285617,286477,3289394,Matched,Block,,4TH AVE BETWEEN LENORA ST AND BLANCHARD ST,,,1,Property Damage Only Collision,Cycles,2,0,1,1,0,0,0,2018-05-01T00:00:00.000Z,5/1/2018 6:57:00 PM,Mid-Block (not related to intersection),18,"MOTOR VEHICLE STRUCK PEDALCYCLIST, FRONT END AT ANGLE",,N,Clear or Partly Cloudy,Dry,Daylight,Y,,,5.0,Vehicle Strikes Pedalcyclist,0,0,N,POINT (1268334.815471575 227694.1134372205),2956.0,1.6949357724880093e-05,Clear or Partly Cloudy