OBJECTID,INCKEY,COLDETKEY,REPORTNO,STATUS,ADDRTYPE,INTKEY,LOCATION,EXCEPTRSNC,EXCEPTRSND,SEVERITYCO,SEVERITYDE,COLLISIONT,PERSONCOUN,PEDCOUNT,PEDCYLCOUN,VEHCOUNT,INJURIES,SERIOUSINJ,FATALITIES,INCDATE,INCDTTM,JUNCTIONTY,SDOT_COLCO,SDOT_COLDE,INATTENTIO,UNDERINFL,WEATHER,ROADCOND,LIGHTCOND,PEDROWNOTG,SDOTCOLNUM,SPEEDING,ST_COLCODE,ST_COLDESC,SEGLANEKEY,CROSSWALKK,HITPARKEDC,geometry,near_str_index,min_length,weather_group
197983,289897,290757,E802849,Matched,Block,,2ND AVE BETWEEN UNIVERSITY ST AND UNION ST,,,2,Injury Collision,Cycles,2,0,1,1,1,0,0,2018-05-29T00:00:00.000Z,5/29/2018 8:50:00 AM,Driveway Junction,18,"MOTOR VEHICLE STRUCK PEDALCYCLIST, FRONT END AT ANGLE",Y,N,Clear or Partly Cloudy,Dry,Daylight,,,,6.0,Pedalcyclist Strikes Moving Vehicle,0,0,N,POINT (1269384.209328651 225331.5899147987),16946.0,0.0,Clear or Partly Cloudy
197984,288706,289566,E799241,Matched,Block,,LAKE WASHINGTON BLVD S BETWEEN S FRINK PL AND S DEARBORN ST,,,2,Injury Collision,Cycles,2,0,1,1,1,0,0,2018-05-12T00:00:00.000Z,5/12/2018 12:04:00 PM,Mid-Block (not related to intersection),18,"MOTOR VEHICLE STRUCK PEDALCYCLIST, FRONT END AT ANGLE",Y,N,Clear or Partly Cloudy,Dry,Daylight,,,,6.0,Pedalcyclist Strikes Moving Vehicle,0,0,N,POINT (1281005.931836545 221576.1223269552),17951.0,2.260769606324659e-05,Clear or Partly Cloudy
197990,289320,290180,3705741,Matched,Intersection,27145.0,15TH AVE NE AND NE CAMPUS WB PY,,,2,Injury Collision,Cycles,2,0,1,1,1,0,0,2018-05-26T00:00:00.000Z,5/26/2018 11:26:00 PM,At Intersection (intersection related),18,"MOTOR VEHICLE STRUCK PEDALCYCLIST, FRONT END AT ANGLE",,N,Clear or Partly Cloudy,Dry,Dark - Street Lights On,,,,5.0,Vehicle Strikes Pedalcyclist,0,0,N,POINT (1275991.585847408 242865.1393727511),8428.0,0.0,Clear or Partly Cloudy
196012,269204,270004,E764987,Matched,Intersection,504366.0,3RD AVE NE AND NE 103RD ST,,,2,Injury Collision,Cycles,2,0,1,1,1,0,0,2018-01-23T00:00:00.000Z,1/23/2018 2:40:00 PM,At Intersection (intersection related),11,"MOTOR VEHICLE STRUCK MOTOR VEHICLE, FRONT END AT ANGLE",,N,Clear or Partly Cloudy,Wet,Daylight,Y,,,5.0,Vehicle Strikes Pedalcyclist,0,0,N,POINT (1272944.378932297 260054.6055023521),7147.0,0.0,Clear or Partly Cloudy
196041,272503,273343,3583921,Matched,Intersection,29134.0,MINOR AVE N AND REPUBLICAN ST,,,2,Injury Collision,Cycles,2,0,1,1,1,0,0,2018-02-24T00:00:00.000Z,2/24/2018 4:47:00 PM,At Intersection (intersection related),21,"MOTOR VEHICLE STRUCK PEDALCYCLIST, REAR END",,N,Clear or Partly Cloudy,Dry,Daylight,,,,5.0,Vehicle Strikes Pedalcyclist,0,0,N,POINT (1270613.107249901 230897.0141764879),860.0,0.0,Clear or Partly Cloudy
196068,277256,278156,3818407,Matched,Block,,ELLIS AVE S BETWEEN S WILLOW ST AND S MYRTLE ST,,,2,Injury Collision,Cycles,2,0,1,1,1,0,0,2018-03-11T00:00:00.000Z,3/11/2018 7:27:00 AM,Driveway Junction,51,PEDALCYCLIST STRUCK MOTOR VEHICLE FRONT END AT ANGLE,,N,Clear or Partly Cloudy,Dry,Dark - Street Lights On,,,,45.0,Vehicle - Pedalcyclist,1189,0,N,POINT (1273197.818036556 200584.8017934561),6325.0,0.0,Clear or Partly Cloudy
196107,267923,268703,3811927,Matched,Intersection,29601.0,3RD AVE AND UNIVERSITY ST,,,1,Property Damage Only Collision,,3,0,1,1,0,0,0,2018-01-27T00:00:00.000Z,1/27/2018 3:20:00 PM,At Intersection (intersection related),51,PEDALCYCLIST STRUCK MOTOR VEHICLE FRONT END AT ANGLE,,N,Overcast,Dry,Daylight,,,,,,0,0,N,POINT (1269770.026033044 225312.2180107683),2713.0,0.0,Overcast
196262,267997,268777,E762758,Matched,Intersection,25545.0,STONE WAY N AND N 49TH ST,,,2,Injury Collision,Cycles,2,0,1,1,1,0,0,2018-01-22T00:00:00.000Z,1/22/2018 10:52:00 AM,At Intersection (intersection related),18,"MOTOR VEHICLE STRUCK PEDALCYCLIST, FRONT END AT ANGLE",Y,N,Clear or Partly Cloudy,Dry,Daylight,,,,5.0,Vehicle Strikes Pedalcyclist,0,0,N,POINT (1269011.817264259 245949.9749599099),1263.0,0.0,Clear or Partly Cloudy
196394,277280,278180,3577049,Matched,Intersection,26711.0,11TH AVE NW AND NW 45TH ST,,,2,Injury Collision,Cycles,2,0,1,1,1,0,0,2018-03-14T00:00:00.000Z,3/14/2018 7:21:00 PM,At Intersection (intersection related),18,"MOTOR VEHICLE STRUCK PEDALCYCLIST, FRONT END AT ANGLE",,N,Clear or Partly Cloudy,Dry,Dark - Street Lights On,,,,5.0,Vehicle Strikes Pedalcyclist,0,0,N,POINT (1261580.185640648 245068.0060629994),31.0,0.0,Clear or Partly Cloudy
196429,286586,287446,E795447,Matched,Block,,RAVENNA PL NE BETWEEN NE BLAKELEY ST AND 24TH AVE NE,,,2,Injury Collision,Cycles,3,0,2,1,2,0,0,2018-05-05T00:00:00.000Z,5/5/2018 12:16:00 PM,Mid-Block (not related to intersection),51,PEDALCYCLIST STRUCK MOTOR VEHICLE FRONT END AT ANGLE,,N,Clear or Partly Cloudy,Dry,Daylight,,,,8.0,Pedalcyclist All Other Involvements ONE UNIT - PEDALCYCLIST ONLY or PEDALCYCLIST STR,0,0,N,POINT (1278656.290682137 246625.0737126023),6626.0,1.248815562258188e-05,Clear or Partly Cloudy
196432,284719,285599,E791902,Matched,Intersection,28788.0,DEXTER AVE N AND THOMAS ST,,,2,Injury Collision,Angles,2,0,1,1,1,0,0,2018-04-13T00:00:00.000Z,4/13/2018 5:15:00 PM,At Intersection (intersection related),51,PEDALCYCLIST STRUCK MOTOR VEHICLE FRONT END AT ANGLE,,N,Clear or Partly Cloudy,Wet,Daylight,,,,10.0,Entering at angle,0,0,N,POINT (1268283.993903518 230129.8392637074),3489.0,0.0,Clear or Partly Cloudy
196438,286583,287443,E795440,Matched,Block,,ROOSEVELT WAY NE BETWEEN NE 43RD N ST AND NE 45TH ST,,,2,Injury Collision,Cycles,2,0,1,1,1,0,0,2018-04-26T00:00:00.000Z,4/26/2018 11:30:00 AM,Driveway Junction,18,"MOTOR VEHICLE STRUCK PEDALCYCLIST, FRONT END AT ANGLE",,N,Clear or Partly Cloudy,Dry,Daylight,,,,5.0,Vehicle Strikes Pedalcyclist,0,0,N,POINT (1274643.41477403 244486.5489104092),22683.0,1.6744602144952038e-05,Clear or Partly Cloudy
196487,288357,289217,E798617,Matched,Block,,2ND AVE NW BETWEEN NW 107TH ST AND NW 110TH ST,,,2,Injury Collision,Cycles,2,0,1,1,1,0,0,2018-05-12T00:00:00.000Z,5/12/2018 10:28:00 AM,Driveway Junction,18,"MOTOR VEHICLE STRUCK PEDALCYCLIST, FRONT END AT ANGLE",,N,Clear or Partly Cloudy,Dry,Daylight,,,,5.0,Vehicle Strikes Pedalcyclist,0,0,N,POINT (1264699.247403845 261919.924032256),14595.0,7.365254316172878e-09,Clear or Partly Cloudy
196493,288320,289180,E798588,Matched,Block,,STONE WAY N BETWEEN N 36TH ST AND N 38TH ST,,,2,Injury Collision,Cycles,2,0,1,1,1,0,0,2018-05-03T00:00:00.000Z,5/3/2018 6:10:00 PM,Mid-Block (not related to intersection),18,"MOTOR VEHICLE STRUCK PEDALCYCLIST, FRONT END AT ANGLE",Y,N,Clear or Partly Cloudy,Dry,Daylight,,,,5.0,Vehicle Strikes Pedalcyclist,0,0,N,POINT (1268443.36548768 241338.2046511918),21604.0,1.4776690813661218e-05,Clear or Partly Cloudy
196502,281554,282414,E785086,Matched,Intersection,30428.0,BOREN AVE S AND RAINIER AVE S,,,2,Injury Collision,Cycles,3,0,2,1,1,0,0,2018-04-02T00:00:00.000Z,4/2/2018 11:31:00 AM,At Intersection (intersection related),51,PEDALCYCLIST STRUCK MOTOR VEHICLE FRONT END AT ANGLE,,N,Clear or Partly Cloudy,Dry,Daylight,,,,5.0,Vehicle Strikes Pedalcyclist,0,0,N,POINT (1275096.091702491 222088.5095914751),1804.0,0.0,Clear or Partly Cloudy
196542,281557,282417,E785124,Matched,Intersection,27929.0,10TH AVE W AND W MCGRAW ST,,,2,Injury Collision,Cycles,2,0,1,1,1,0,0,2018-03-13T00:00:00.000Z,3/13/2018 7:34:00 PM,At Intersection (intersection related),51,PEDALCYCLIST STRUCK MOTOR VEHICLE FRONT END AT ANGLE,Y,N,Raining,Wet,Dark - Street Lights On,,,,45.0,Vehicle - Pedalcyclist,0,0,N,POINT (1261535.844904616 237088.8329348266),2129.0,0.0,Raining
196556,285315,286175,3812080,Matched,Intersection,29912.0,6TH AVE AND UNION ST,,,2,Injury Collision,Cycles,3,0,1,1,1,0,0,2018-04-25T00:00:00.000Z,4/25/2018 12:01:00 PM,At Intersection (intersection related),51,PEDALCYCLIST STRUCK MOTOR VEHICLE FRONT END AT ANGLE,,N,Clear or Partly Cloudy,Dry,Daylight,,,,5.0,Vehicle Strikes Pedalcyclist,0,0,N,POINT (1270383.780913666 226170.9782036543),3199.0,0.0,Clear or Partly Cloudy
196564,285312,286172,3742331,Matched,Intersection,31919.0,40TH AVE SW AND SW ALASKA ST,,,2,Injury Collision,Cycles,2,0,1,1,1,0,0,2018-04-25T00:00:00.000Z,4/25/2018 7:07:00 AM,At Intersection (intersection related),18,"MOTOR VEHICLE STRUCK PEDALCYCLIST, FRONT END AT ANGLE",,N,Clear or Partly Cloudy,Dry,Dawn,Y,,,5.0,Vehicle Strikes Pedalcyclist,28404,0,N,POINT (1257874.684708863 208508.4066655636),416.0,0.0,Clear or Partly Cloudy
196571,285310,286170,3812058,Matched,Block,,STEWART ST BETWEEN TERRY AVE AND BOREN AVE,,,2,Injury Collision,Cycles,2,0,1,1,1,0,0,2018-05-01T00:00:00.000Z,5/1/2018 2:18:00 PM,Driveway Junction,51,PEDALCYCLIST STRUCK MOTOR VEHICLE FRONT END AT ANGLE,Y,N,Overcast,Dry,Daylight,,,,6.0,Pedalcyclist Strikes Moving Vehicle,0,0,N,POINT (1270530.444337815 228526.0448300689),13801.0,0.0,Overcast
196616,288398,289258,3751052,Matched,Intersection,24815.0,52ND AVE NE AND NE 75TH ST,,,2,Injury Collision,Cycles,4,0,1,1,1,0,0,2018-05-15T00:00:00.000Z,5/15/2018 8:08:00 AM,At Intersection (intersection related),18,"MOTOR VEHICLE STRUCK PEDALCYCLIST, FRONT END AT ANGLE",,N,Overcast,Dry,Daylight,Y,,,6.0,Pedalcyclist Strikes Moving Vehicle,0,0,N,POINT (1286135.530817807 252458.4347425699),9698.0,0.0,Overcast
196711,288406,289266,3702534,Matched,Intersection,29739.0,11TH AVE AND E PINE ST,,,2,Injury Collision,Cycles,2,0,1,1,1,0,0,2018-05-17T00:00:00.000Z,5/17/2018 8:54:00 PM,At Intersection (intersection related),18,"MOTOR VEHICLE STRUCK PEDALCYCLIST, FRONT END AT ANGLE",,N,Clear or Partly Cloudy,Dry,Dusk,,,,5.0,Vehicle Strikes Pedalcyclist,10420,0,N,POINT (1274216.837429598 227958.9433894902),28.0,0.0,Clear or Partly Cloudy
196725,286619,287479,E795613,Matched,Intersection,28187.0,HARVARD AVE E AND E SHELBY ST,,,2,Injury Collision,Cycles,2,0,1,1,1,0,0,2018-04-23T00:00:00.000Z,4/23/2018 6:59:00 AM,At Intersection (intersection related),21,"MOTOR VEHICLE STRUCK PEDALCYCLIST, REAR END",Y,N,Clear or Partly Cloudy,Dry,Daylight,,,,5.0,Vehicle Strikes Pedalcyclist,0,0,N,POINT (1273467.817012832 239526.792873323),3578.0,0.0,Clear or Partly Cloudy
196746,288411,289271,3702539,Matched,Intersection,30173.0,23RD AVE AND E CHERRY ST,,,2,Injury Collision,Cycles,2,0,1,1,1,0,0,2018-05-21T00:00:00.000Z,5/21/2018 6:06:00 PM,At Intersection (intersection related),51,PEDALCYCLIST STRUCK MOTOR VEHICLE FRONT END AT ANGLE,,N,Clear or Partly Cloudy,Dry,Daylight,,,,5.0,Vehicle Strikes Pedalcyclist,0,0,N,POINT (1277961.390393436 225243.6924427003),6816.0,0.0,Clear or Partly Cloudy
196794,279817,280717,E783821,Matched,Block,,N NORTHLAKE WAY BETWEEN MERIDIAN AVE N AND CORLISS AVE N,,,1,Property Damage Only Collision,Cycles,2,0,1,1,0,0,0,2018-03-27T00:00:00.000Z,3/27/2018 5:00:00 PM,Mid-Block (not related to intersection),18,"MOTOR VEHICLE STRUCK PEDALCYCLIST, FRONT END AT ANGLE",,N,Overcast,Wet,Daylight,,,,5.0,Vehicle Strikes Pedalcyclist,0,0,N,POINT (1270916.775282219 240077.715625897),22585.0,3.591360688882168e-05,Overcast
196795,288948,289808,E800607,Matched,Block,,PINE ST BETWEEN 3RD AVE AND 4TH AVE,,,2,Injury Collision,Cycles,2,0,1,1,1,0,0,2018-05-22T00:00:00.000Z,5/22/2018 2:31:00 PM,Mid-Block (not related to intersection),18,"MOTOR VEHICLE STRUCK PEDALCYCLIST, FRONT END AT ANGLE",,N,Clear or Partly Cloudy,Dry,Daylight,,,,6.0,Pedalcyclist Strikes Moving Vehicle,0,0,N,POINT (1269257.508272514 226494.0783639848),6590.0,3.796763925557738e-09,Clear or Partly Cloudy
196833,285329,286189,E792860,Matched,Block,,WILSON AVE S BETWEEN S FINDLAY ST AND S ORCAS ST,,,1,Property Damage Only Collision,Cycles,2,0,1,1,0,0,0,2018-04-24T00:00:00.000Z,4/24/2018 5:27:00 PM,Mid-Block (not related to intersection),23,"MOTOR VEHICLE STRUCK PEDALCYCLIST, LEFT SIDE SIDESWIPE",,N,Clear or Partly Cloudy,Dry,Daylight,,,,5.0,Vehicle Strikes Pedalcyclist,0,0,N,POINT (1286577.337922245 204464.0417334288),3835.0,4.528347703274834e-06,Clear or Partly Cloudy
196839,286037,286897,E792992,Matched,Intersection,25789.0,ROOSEVELT WAY NE AND NE 50TH ST,,,2,Injury Collision,Cycles,2,1,1,0,1,0,0,2018-04-03T00:00:00.000Z,4/3/2018 7:38:00 AM,At Intersection (intersection related),64,PEDALCYCLIST STRUCK PEDESTRIAN,Y,N,Clear or Partly Cloudy,Dry,Daylight,,,,45.0,Vehicle - Pedalcyclist,0,0,N,POINT (1274752.641334146 246074.6052320302),7253.0,0.0,Clear or Partly Cloudy
196987,286664,287524,3605969,Matched,Block,,FAUNTLEROY WAY SW BETWEEN SW THISTLE ST AND FAUNTLEROY PL SW,,,2,Injury Collision,Cycles,3,0,1,1,1,0,0,2018-05-13T00:00:00.000Z,5/13/2018 11:18:00 AM,Mid-Block (not related to intersection),18,"MOTOR VEHICLE STRUCK PEDALCYCLIST, FRONT END AT ANGLE",,N,Clear or Partly Cloudy,Dry,Daylight,,,,6.0,Pedalcyclist Strikes Moving Vehicle,0,0,N,POINT (1255186.260898113 196701.4430694729),13330.0,3.758916450614326e-07,Clear or Partly Cloudy
199020,294997,296097,E813171,Matched,Block,,2ND AVE BETWEEN UNION ST AND PIKE ST,,,2,Injury Collision,Cycles,2,0,1,1,1,0,0,2018-06-26T00:00:00.000Z,6/26/2018 7:20:00 AM,Driveway Junction,18,"MOTOR VEHICLE STRUCK PEDALCYCLIST, FRONT END AT ANGLE",,N,Clear or Partly Cloudy,Dry,Daylight,,,,6.0,Pedalcyclist Strikes Moving Vehicle,0,0,N,POINT (1269167.241392419 225698.1291791648),135.0,1.0206619767903732e-08,Clear or Partly Cloudy
199033,296079,297199,E814611,Matched,Intersection,24393.0,8TH AVE NE AND NE 80TH ST,,,2,Injury Collision,Cycles,3,0,1,1,1,0,0,2018-07-04T00:00:00.000Z,7/4/2018 12:14:00 PM,At Intersection (intersection related),18,"MOTOR VEHICLE STRUCK PEDALCYCLIST, FRONT END AT ANGLE",,N,Clear or Partly Cloudy,Dry,Daylight,,,,6.0,Pedalcyclist Strikes Moving Vehicle,0,0,N,POINT (1274204.682037577 254046.7398961931),9924.0,0.0,Clear or Partly Cloudy
199035,298041,299177,E818161,Matched,Block,,DEXTER AVE N BETWEEN ALOHA ST AND WARD ST,,,2,Injury Collision,Cycles,2,0,1,1,1,0,0,2018-06-29T00:00:00.000Z,6/29/2018 5:42:00 PM,Mid-Block (not related to intersection),18,"MOTOR VEHICLE STRUCK PEDALCYCLIST, FRONT END AT ANGLE",Y,N,Clear or Partly Cloudy,Dry,Daylight,,,,5.0,Vehicle Strikes Pedalcyclist,0,0,N,POINT (1268346.33867158 232567.0792662054),8358.0,1.5963086344222312e-05,Clear or Partly Cloudy
199052,298017,299137,E818152,Matched,Intersection,29019.0,BROADWAY E AND E REPUBLICAN ST,,,1,Property Damage Only Collision,Other,2,0,1,1,0,0,0,2018-06-30T00:00:00.000Z,6/30/2018 4:52:00 PM,At Intersection (intersection related),18,"MOTOR VEHICLE STRUCK PEDALCYCLIST, FRONT END AT ANGLE",Y,N,Overcast,Dry,Daylight,,,,52.0,Vehicle overturned,0,0,N,POINT (1273590.55800496 230843.9305284321),651.0,0.0,Overcast
199142,291458,292358,3742375,Matched,Intersection,31793.0,61ST AVE SW AND SW HINDS ST,,,2b,Serious Injury Collision,Cycles,2,0,1,1,1,1,0,2018-06-08T00:00:00.000Z,6/8/2018 6:43:00 AM,At Intersection (intersection related),51,PEDALCYCLIST STRUCK MOTOR VEHICLE FRONT END AT ANGLE,,Y,Clear or Partly Cloudy,Dry,Daylight,Y,,,6.0,Pedalcyclist Strikes Moving Vehicle,0,0,N,POINT (1251065.785117894 213405.2274065763),3225.0,0.0,Clear or Partly Cloudy
199273,292458,293398,3746662,Matched,Block,,2ND AVE BETWEEN UNIVERSITY ST AND UNION ST,,,1,Property Damage Only Collision,Rear Ended,3,0,1,2,0,0,0,2018-06-13T00:00:00.000Z,6/13/2018 1:00:00 PM,Mid-Block (not related to intersection),14,"MOTOR VEHICLE STRUCK MOTOR VEHICLE, REAR END",Y,N,Raining,Wet,Daylight,,,,14.0,From same direction - both going straight - one stopped - rear-end,0,0,N,POINT (1269384.209328651 225331.5899147987),16946.0,0.0,Raining
199276,291479,292379,3702270,Matched,Intersection,29740.0,12TH AVE AND E PINE ST,,,1,Property Damage Only Collision,Cycles,2,0,1,1,0,0,0,2018-06-12T00:00:00.000Z,6/12/2018 1:32:00 PM,At Intersection (intersection related),18,"MOTOR VEHICLE STRUCK PEDALCYCLIST, FRONT END AT ANGLE",Y,N,Clear or Partly Cloudy,Dry,Daylight,Y,,,5.0,Vehicle Strikes Pedalcyclist,0,0,N,POINT (1274538.779701918 227956.2146854848),3935.0,0.0,Clear or Partly Cloudy
199281,296239,297359,E814831,Matched,Block,,M L KING JR ER WAY S BETWEEN S MYRTLE ST AND S OTHELLO ST,,,1,Property Damage Only Collision,Cycles,2,0,1,1,0,0,0,2018-06-27T00:00:00.000Z,6/27/2018 1:08:00 PM,Driveway Junction,18,"MOTOR VEHICLE STRUCK PEDALCYCLIST, FRONT END AT ANGLE",Y,N,Overcast,Dry,Daylight,,,,6.0,Pedalcyclist Strikes Moving Vehicle,0,0,N,POINT (1282715.117502302 199601.2161284536),2231.0,9.301419704446468e-09,Overcast
199289,298102,299242,3643063,Matched,Intersection,32385.0,6TH AVE S AND S SNOQUALMIE ST,,,1,Property Damage Only Collision,Cycles,2,0,1,1,0,0,0,2018-07-20T00:00:00.000Z,7/20/2018 10:41:00 AM,At Intersection (intersection related),18,"MOTOR VEHICLE STRUCK PEDALCYCLIST, FRONT END AT ANGLE",,N,Clear or Partly Cloudy,Dry,Daylight,,,,5.0,Vehicle Strikes Pedalcyclist,0,0,N,POINT (1271739.785523057 208576.3011936396),3215.0,0.0,Clear or Partly Cloudy
199293,298099,299239,3642606,Matched,Block,,18TH AVE BETWEEN E UNION ST AND E PIKE ST,,,2,Injury Collision,Cycles,2,0,1,1,1,0,0,2018-07-22T00:00:00.000Z,7/22/2018 2:00:00 PM,Mid-Block (not related to intersection),21,"MOTOR VEHICLE STRUCK PEDALCYCLIST, REAR END",,N,Other,Unknown,Daylight,,,,5.0,Vehicle Strikes Pedalcyclist,0,0,N,POINT (1276498.433079928 227275.3457567841),5175.0,6.664028860926132e-06,
199316,296959,298099,E816715,Matched,Intersection,34555.0,38TH AVE S AND S MYRTLE ST,,,2,Injury Collision,Cycles,2,0,1,1,1,0,0,2018-06-29T00:00:00.000Z,6/29/2018 5:12:00 PM,At Intersection (intersection related),18,"MOTOR VEHICLE STRUCK PEDALCYCLIST, FRONT END AT ANGLE",,Y,Clear or Partly Cloudy,Dry,Daylight,,,,6.0,Pedalcyclist Strikes Moving Vehicle,0,0,N,POINT (1281931.576637492 199948.241280809),4560.0,0.0,Clear or Partly Cloudy
199453,294188,295266,E812535,Matched,Intersection,27230.0,2ND AVE NE AND NE 40TH ST,,,2b,Serious Injury Collision,Cycles,2,0,1,1,1,1,0,2018-06-17T00:00:00.000Z,6/17/2018 2:46:00 PM,At Intersection (intersection related),18,"MOTOR VEHICLE STRUCK PEDALCYCLIST, FRONT END AT ANGLE",,N,Clear or Partly Cloudy,Dry,Daylight,,,,6.0,Pedalcyclist Strikes Moving Vehicle,0,0,N,POINT (1272365.715251699 242693.3779645711),138.0,0.0,Clear or Partly Cloudy
199457,299934,301134,E821630,Matched,Intersection,30851.0,LAKE PARK DR S AND LAKE WASHINGTON BLVD S,,,2,Injury Collision,Cycles,2,0,1,1,1,0,0,2018-07-18T00:00:00.000Z,7/18/2018 6:37:00 PM,At Intersection (intersection related),18,"MOTOR VEHICLE STRUCK PEDALCYCLIST, FRONT END AT ANGLE",Y,N,Clear or Partly Cloudy,Dry,Daylight,,,,5.0,Vehicle Strikes Pedalcyclist,0,0,N,POINT (1281515.573053062 216035.582865268),15824.0,0.0,Clear or Partly Cloudy
199458,298717,299877,E819106,Matched,Block,,STONE WAY N BETWEEN N 36TH ST AND N 38TH ST,,,2,Injury Collision,Cycles,2,0,1,1,1,0,0,2018-07-16T00:00:00.000Z,7/16/2018 7:17:00 AM,Mid-Block (not related to intersection),18,"MOTOR VEHICLE STRUCK PEDALCYCLIST, FRONT END AT ANGLE",,N,Clear or Partly Cloudy,Dry,Daylight,,,,5.0,Vehicle Strikes Pedalcyclist,0,0,N,POINT (1268443.36548768 241338.2046511918),21604.0,1.4776690813661218e-05,Clear or Partly Cloudy
199478,298112,299252,3702696,Matched,Intersection,29860.0,SUMMIT AVE AND E PINE ST,,,2,Injury Collision,Cycles,2,0,1,1,1,0,0,2018-07-16T00:00:00.000Z,7/16/2018 7:55:00 AM,At Intersection (intersection related),18,"MOTOR VEHICLE STRUCK PEDALCYCLIST, FRONT END AT ANGLE",,N,Clear or Partly Cloudy,Dry,Daylight,,,,5.0,Vehicle Strikes Pedalcyclist,0,0,N,POINT (1272399.309875742 227981.0989095122),1148.0,0.0,Clear or Partly Cloudy
199507,292597,293537,3818851,Matched,Block,,4TH AVE S BETWEEN S WALKER ST AND S STACY ST,,,2,Injury Collision,Cycles,2,0,1,1,1,0,0,2018-06-11T00:00:00.000Z,6/11/2018 10:04:00 PM,Driveway Junction,51,PEDALCYCLIST STRUCK MOTOR VEHICLE FRONT END AT ANGLE,,N,Clear or Partly Cloudy,Dry,Dark - Street Lights On,,,,5.0,Vehicle Strikes Pedalcyclist,0,0,N,POINT (1271301.020466611 216224.8089134693),5734.0,1.9886205954386023e-06,Clear or Partly Cloudy
199527,293144,294164,3329446,Matched,Intersection,31507.0,M L KING JR WAY S AND S BAYVIEW S ST,,,2,Injury Collision,Cycles,2,0,1,1,1,0,0,2018-06-22T00:00:00.000Z,6/22/2018 7:00:00 PM,At Intersection (intersection related),18,"MOTOR VEHICLE STRUCK PEDALCYCLIST, FRONT END AT ANGLE",,N,Unknown,Unknown,Unknown,,,,5.0,Vehicle Strikes Pedalcyclist,0,524859,N,POINT (1279201.229114696 215463.757712692),20194.0,0.0,
199566,298237,299377,3705911,Matched,Block,,3RD AVE BETWEEN VIRGINIA ST AND LENORA ST,,,2,Injury Collision,Cycles,4,0,1,2,1,0,0,2018-07-20T00:00:00.000Z,7/20/2018 5:20:00 PM,Mid-Block (not related to intersection),14,"MOTOR VEHICLE STRUCK MOTOR VEHICLE, REAR END",,N,Clear or Partly Cloudy,Dry,Daylight,,,,5.0,Vehicle Strikes Pedalcyclist,0,0,N,POINT (1268433.322735667 227169.2336286753),262.0,8.906124309209379e-06,Clear or Partly Cloudy
199608,299393,300573,E820183,Matched,Intersection,37385.0,GREENWOOD AVE N AND N 104TH ST,,,2,Injury Collision,Cycles,3,0,1,1,1,0,0,2018-07-20T00:00:00.000Z,7/20/2018 6:11:00 PM,At Intersection (intersection related),18,"MOTOR VEHICLE STRUCK PEDALCYCLIST, FRONT END AT ANGLE",,N,Clear or Partly Cloudy,Dry,Daylight,,,,6.0,Pedalcyclist Strikes Moving Vehicle,0,0,N,POINT (1265665.12951684 260634.5665909499),6393.0,0.0,Clear or Partly Cloudy
199677,292610,293606,3818864,Matched,Intersection,31543.0,21ST AVE S AND S HOLGATE ST,,,2,Injury Collision,Cycles,2,0,1,1,1,0,0,2018-06-19T00:00:00.000Z,6/19/2018 3:25:00 PM,At Intersection (intersection related),51,PEDALCYCLIST STRUCK MOTOR VEHICLE FRONT END AT ANGLE,,N,Clear or Partly Cloudy,Dry,Daylight,,,,5.0,Vehicle Strikes Pedalcyclist,0,0,N,POINT (1277128.364344582 217352.0400826186),5271.0,0.0,Clear or Partly Cloudy
199695,293149,294169,3745929,Matched,Intersection,33963.0,DELRIDGE WAY SW AND SW ORCHARD ST,,,2,Injury Collision,Cycles,2,0,1,1,1,0,0,2018-06-21T00:00:00.000Z,6/21/2018 1:40:00 PM,At Intersection (intersection related),51,PEDALCYCLIST STRUCK MOTOR VEHICLE FRONT END AT ANGLE,,N,Overcast,Dry,Daylight,,,,6.0,Pedalcyclist Strikes Moving Vehicle,24246,0,N,POINT (1263070.140970185 199975.3299208283),8775.0,0.0,Overcast
199704,296480,297600,E817083,Matched,Block,,2ND AVE BETWEEN UNION ST AND PIKE ST,,,2,Injury Collision,Cycles,2,0,1,1,1,0,0,2018-07-05T00:00:00.000Z,7/5/2018 9:15:00 AM,Mid-Block (not related to intersection),18,"MOTOR VEHICLE STRUCK PEDALCYCLIST, FRONT END AT ANGLE",Y,N,Clear or Partly Cloudy,Dry,Daylight,,,,6.0,Pedalcyclist Strikes Moving Vehicle,0,0,N,POINT (1269167.241392419 225698.1291791648),135.0,1.0206619767903732e-08,Clear or Partly Cloudy
199733,299728,300928,E820965,Matched,Block,,BURKE GILMAN TRL BETWEEN 11TH AVE NW AND 8TH AVE NW,,,2,Injury Collision,Cycles,2,0,1,1,1,0,0,2018-07-24T00:00:00.000Z,7/24/2018 5:29:00 PM,Mid-Block (but intersection related),18,"MOTOR VEHICLE STRUCK PEDALCYCLIST, FRONT END AT ANGLE",,N,Clear or Partly Cloudy,Dry,Daylight,,,,6.0,Pedalcyclist Strikes Moving Vehicle,0,0,N,POINT (1262276.463593364 244859.1235667914),22979.0,1.7689267698686192e-05,Clear or Partly Cloudy