OBJECTID,INCKEY,COLDETKEY,REPORTNO,STATUS,ADDRTYPE,INTKEY,LOCATION,EXCEPTRSNC,EXCEPTRSND,SEVERITYCO,SEVERITYDE,COLLISIONT,PERSONCOUN,PEDCOUNT,PEDCYLCOUN,VEHCOUNT,INJURIES,SERIOUSINJ,FATALITIES,INCDATE,INCDTTM,JUNCTIONTY,SDOT_COLCO,SDOT_COLDE,INATTENTIO,UNDERINFL,WEATHER,ROADCOND,LIGHTCOND,PEDROWNOTG,SDOTCOLNUM,SPEEDING,ST_COLCODE,ST_COLDESC,SEGLANEKEY,CROSSWALKK,HITPARKEDC,geometry,near_str_index,min_length,weather_group
204573,307203,308483,E863229,Matched,Intersection,29086.0,BELMONT AVE E AND LAKEVIEW BLVD E,,,2,Injury Collision,Cycles,2,0,1,1,1,0,0,2018-11-08T00:00:00.000Z,11/8/2018 5:43:00 PM,At Intersection (intersection related),51,PEDALCYCLIST STRUCK MOTOR VEHICLE FRONT END AT ANGLE,,N,Clear or Partly Cloudy,Dry,Dark - Street Lights On,,,,5.0,Vehicle Strikes Pedalcyclist,0,0,N,POINT (1272104.67205143 232768.242594406),17954.0,0.0,Clear or Partly Cloudy
204588,308161,309441,3746025,Matched,Intersection,32833.0,35TH AVE SW AND SW RAYMOND ST,,,1,Property Damage Only Collision,Cycles,2,0,1,1,0,0,0,2018-12-11T00:00:00.000Z,12/11/2018 3:21:00 PM,At Intersection (intersection related),51,PEDALCYCLIST STRUCK MOTOR VEHICLE FRONT END AT ANGLE,,N,Raining,Wet,Dark - Street Lights On,Y,,,5.0,Vehicle Strikes Pedalcyclist,0,0,N,POINT (1259372.972070396 203832.0666927844),2866.0,0.0,Raining
204635,309309,310589,E881913,Matched,Intersection,27043.0,TROLL AVE N AND N 34TH ST,,,1,Property Damage Only Collision,Cycles,2,0,1,1,0,0,0,2019-01-04T00:00:00.000Z,1/4/2019 5:56:00 PM,At Intersection (intersection related),18,"MOTOR VEHICLE STRUCK PEDALCYCLIST, FRONT END AT ANGLE",,N,Overcast,Dry,Dark - Street Lights On,,,,5.0,Vehicle Strikes Pedalcyclist,0,0,N,POINT (1267245.477678463 240493.9652263224),1223.0,0.0,Overcast
204650,308511,309791,3812485,Matched,Intersection,29870.0,9TH AVE AND OLIVE WAY,,,1,Property Damage Only Collision,Cycles,2,0,1,1,0,0,0,2018-12-19T00:00:00.000Z,12/19/2018 12:00:00 PM,At Intersection (intersection related),51,PEDALCYCLIST STRUCK MOTOR VEHICLE FRONT END AT ANGLE,Y,N,Overcast,Unknown,Daylight,,,,5.0,Vehicle Strikes Pedalcyclist,0,0,N,POINT (1270564.238385856 227762.2340132892),584.0,0.0,Overcast
204686,309514,310794,3810083,Matched,Intersection,24349.0,GREENWOOD AVE N AND N 68TH ST,,,2,Injury Collision,Cycles,2,0,1,1,1,0,0,2019-01-15T00:00:00.000Z,1/15/2019 4:48:00 PM,At Intersection (intersection related),51,PEDALCYCLIST STRUCK MOTOR VEHICLE FRONT END AT ANGLE,,N,Clear or Partly Cloudy,Dry,Dusk,,,,5.0,Vehicle Strikes Pedalcyclist,4308,0,N,POINT (1265511.903788686 251288.7172373682),16695.0,0.0,Clear or Partly Cloudy
204691,310913,312233,3752432,Matched,Intersection,35066.0,8TH AVE SW AND SW ROXBURY ST,,,2,Injury Collision,Cycles,2,0,1,1,1,0,0,2019-01-18T00:00:00.000Z,1/18/2019 3:38:00 PM,At Intersection (intersection related),18,"MOTOR VEHICLE STRUCK PEDALCYCLIST, FRONT END AT ANGLE",,N,Overcast,Wet,Daylight,,,,5.0,Vehicle Strikes Pedalcyclist,0,521998,N,POINT (1266791.68567799 192367.6872890443),2043.0,0.0,Overcast
204760,307833,309113,3811238,Matched,Intersection,28744.0,WESTLAKE AVE N AND VALLEY ST,,,2,Injury Collision,Cycles,2,0,1,1,1,0,0,2018-11-28T00:00:00.000Z,11/28/2018 4:51:00 AM,At Intersection (intersection related),18,"MOTOR VEHICLE STRUCK PEDALCYCLIST, FRONT END AT ANGLE",,N,Raining,Wet,Dark - Street Lights On,,,,6.0,Pedalcyclist Strikes Moving Vehicle,0,0,N,POINT (1269242.945584506 231901.4393935204),3828.0,0.0,Raining
204789,308722,310002,E874087,Matched,Block,,DEXTER AVE N BETWEEN 4TH S AVE N AND WESTLAKE AVE N,,,2,Injury Collision,Rear Ended,4,0,2,2,1,0,0,2018-12-10T00:00:00.000Z,12/10/2018 5:24:00 PM,Mid-Block (but intersection related),14,"MOTOR VEHICLE STRUCK MOTOR VEHICLE, REAR END",Y,N,Overcast,Dry,Dark - Street Lights On,,,,14.0,From same direction - both going straight - one stopped - rear-end,0,0,N,POINT (1266671.273261875 239292.6068250835),18940.0,6.826981298624172e-06,Overcast
204793,309118,310398,E858620,Matched,Block,,20TH AVE BETWEEN E UNION ST AND E PINE ST,NEI,"Not Enough Information, or Insufficient Location Information",1,Property Damage Only Collision,Cycles,2,0,1,1,0,0,0,2018-11-08T00:00:00.000Z,11/8/2018 5:15:00 PM,Mid-Block (not related to intersection),0,NOT ENOUGH INFORMATION / NOT APPLICABLE,,N,Clear or Partly Cloudy,Dry,Unknown,,,,5.0,Vehicle Strikes Pedalcyclist,0,0,N,POINT (1277154.094392598 227478.6439969987),14597.0,1.914266009584744e-05,Clear or Partly Cloudy
204832,310926,312246,3814536,Matched,Intersection,29907.0,BOREN AVE AND SENECA ST,,,1,Property Damage Only Collision,Cycles,2,0,1,1,0,0,0,2019-01-16T00:00:00.000Z,1/16/2019 4:07:00 PM,At Intersection (intersection related),51,PEDALCYCLIST STRUCK MOTOR VEHICLE FRONT END AT ANGLE,Y,N,Clear or Partly Cloudy,Dry,Daylight,Y,,,5.0,Vehicle Strikes Pedalcyclist,0,0,N,POINT (1272142.052147478 226361.3700118512),6663.0,0.0,Clear or Partly Cloudy
204834,310925,312245,3812606,Matched,Intersection,28632.0,MERCER ST AND QUEEN ANNE AVE N,,,2,Injury Collision,Cycles,2,0,1,1,1,0,0,2019-01-18T00:00:00.000Z,1/18/2019 5:30:00 PM,At Intersection (intersection related),18,"MOTOR VEHICLE STRUCK PEDALCYCLIST, FRONT END AT ANGLE",Y,N,Raining,Wet,Dark - Street Lights On,,,,5.0,Vehicle Strikes Pedalcyclist,0,0,N,POINT (1264777.956907928 231546.8404811621),904.0,0.0,Raining
204885,308182,309462,E871199,Matched,Intersection,27162.0,HARVARD AVE E AND E ALLISON ST,,,2b,Serious Injury Collision,Cycles,2,0,1,1,1,1,0,2018-12-07T00:00:00.000Z,12/7/2018 9:24:00 AM,At Intersection (intersection related),51,PEDALCYCLIST STRUCK MOTOR VEHICLE FRONT END AT ANGLE,Y,N,Clear or Partly Cloudy,Dry,Daylight,,,,5.0,Vehicle Strikes Pedalcyclist,6051,0,N,POINT (1273481.408564836 240179.1131300032),762.0,0.0,Clear or Partly Cloudy
204922,309131,310411,E858811,Matched,Intersection,27149.0,15TH AVE NE AND NE PACIFIC ST,,,2,Injury Collision,Cycles,3,0,1,1,1,0,0,2018-11-06T00:00:00.000Z,11/6/2018 3:26:00 PM,At Intersection (intersection related),18,"MOTOR VEHICLE STRUCK PEDALCYCLIST, FRONT END AT ANGLE",,N,Clear or Partly Cloudy,Dry,Daylight,,,,5.0,Vehicle Strikes Pedalcyclist,0,0,N,POINT (1275885.728567302 241688.8779955506),1534.0,0.0,Clear or Partly Cloudy
204927,309126,310406,E858803,Matched,Intersection,25152.0,20TH AVE NW AND NW MARKET ST,,,2,Injury Collision,Cycles,3,0,1,1,1,0,0,2018-11-05T00:00:00.000Z,11/5/2018 11:53:00 AM,At Intersection (intersection related),18,"MOTOR VEHICLE STRUCK PEDALCYCLIST, FRONT END AT ANGLE",,N,Clear or Partly Cloudy,Dry,Daylight,,,,5.0,Vehicle Strikes Pedalcyclist,0,0,N,POINT (1258834.132005841 247752.2459377497),1668.0,0.0,Clear or Partly Cloudy
204967,309530,310810,E869835,Matched,Intersection,33026.0,1ST AVE S AND S DAWSON ST,,,1,Property Damage Only Collision,Cycles,2,0,1,1,0,0,0,2018-11-14T00:00:00.000Z,11/14/2018 12:08:00 PM,At Intersection (intersection related),18,"MOTOR VEHICLE STRUCK PEDALCYCLIST, FRONT END AT ANGLE",,N,Raining,Wet,Daylight,,,,5.0,Vehicle Strikes Pedalcyclist,0,0,N,POINT (1269833.799985111 206303.0529353023),4975.0,0.0,Raining
203011,305749,307029,3756036,Matched,Block,,5TH AVE BETWEEN SPRING ST AND SENECA ST,,,2,Injury Collision,Sideswipe,4,0,1,1,1,0,0,2018-10-11T00:00:00.000Z,10/11/2018 5:14:00 PM,Mid-Block (not related to intersection),14,"MOTOR VEHICLE STRUCK MOTOR VEHICLE, REAR END",,N,Clear or Partly Cloudy,Dry,Daylight,,,,12.0,From same direction - both going straight - one stopped - sideswipe,0,0,N,POINT (1270557.812401846 225245.666714713),14245.0,2.614208950965105e-09,Clear or Partly Cloudy
203014,304511,305771,E836068,Matched,Intersection,37430.0,DAYTON AVE N AND N 92ND ST,,,2,Injury Collision,Cycles,2,0,1,1,1,0,0,2018-08-02T00:00:00.000Z,8/2/2018 8:27:00 AM,At Intersection (intersection related),18,"MOTOR VEHICLE STRUCK PEDALCYCLIST, FRONT END AT ANGLE",,N,Clear or Partly Cloudy,Dry,Daylight,,,,5.0,Vehicle Strikes Pedalcyclist,0,0,N,POINT (1266288.91422148 257579.906747818),6277.0,0.0,Clear or Partly Cloudy
203064,307106,308386,E861130,Matched,Block,,5TH AVE NE BETWEEN NE 71ST ST AND NE 72ND ST,,,2,Injury Collision,Cycles,2,0,1,1,1,0,0,2018-11-09T00:00:00.000Z,11/9/2018 4:52:00 PM,Mid-Block (not related to intersection),18,"MOTOR VEHICLE STRUCK PEDALCYCLIST, FRONT END AT ANGLE",Y,N,Overcast,Dry,Dark - Street Lights On,,,,6.0,Pedalcyclist Strikes Moving Vehicle,0,0,N,POINT (1273517.188404873 251784.309429884),9689.0,1.7466961944254702e-05,Overcast
203100,303979,305239,3811438,Matched,Intersection,29168.0,DENNY WAY AND STEWART ST,,,2,Injury Collision,Cycles,2,0,1,1,1,0,0,2018-10-02T00:00:00.000Z,10/2/2018 7:28:00 AM,At Intersection (intersection related),18,"MOTOR VEHICLE STRUCK PEDALCYCLIST, FRONT END AT ANGLE",,N,Clear or Partly Cloudy,Dry,Daylight,,,,6.0,Pedalcyclist Strikes Moving Vehicle,0,0,N,POINT (1271141.683762446 229199.6351027489),14776.0,0.0,Clear or Partly Cloudy
203152,304560,305820,3767482,Matched,Block,,LINDEN AVE N BETWEEN N 130TH ST AND N 135TH ST,,,2,Injury Collision,Cycles,2,0,1,1,1,0,0,2018-09-27T00:00:00.000Z,9/27/2018 6:32:00 AM,Driveway Junction,18,"MOTOR VEHICLE STRUCK PEDALCYCLIST, FRONT END AT ANGLE",,N,Clear or Partly Cloudy,Dry,Dawn,Y,,,5.0,Vehicle Strikes Pedalcyclist,40851,0,N,POINT (1267662.791086882 268139.4151106328),20586.0,2.602739777230382e-06,Clear or Partly Cloudy
203198,307109,308389,3811377,Matched,Block,,EASTLAKE AVE E BETWEEN E HAMLIN ST AND E SHELBY ST,,,1,Property Damage Only Collision,Cycles,2,0,1,1,0,0,0,2018-10-29T00:00:00.000Z,10/29/2018 6:08:00 PM,Mid-Block (not related to intersection),56,PEDALCYCLIST STRUCK MOTOR VEHICLE LEFT SIDE SIDESWIPE,,N,Clear or Partly Cloudy,Dry,Dusk,,,,5.0,Vehicle Strikes Pedalcyclist,0,0,N,POINT (1272702.002292037 239389.2466971874),17015.0,1.5392845377242473e-05,Clear or Partly Cloudy
203231,304579,305839,3811602,Matched,Block,,ELLIOTT AVE W BETWEEN W MERCER ST AND W MERCER PL,,,2b,Serious Injury Collision,Cycles,2,0,1,1,1,1,0,2018-09-23T00:00:00.000Z,9/23/2018 4:53:00 PM,Driveway Junction,51,PEDALCYCLIST STRUCK MOTOR VEHICLE FRONT END AT ANGLE,,N,Clear or Partly Cloudy,Dry,Daylight,,,,5.0,Vehicle Strikes Pedalcyclist,0,0,N,POINT (1262242.290793329 231965.5804495811),21791.0,7.915761365491244e-06,Clear or Partly Cloudy
203394,304623,305883,E837350,Matched,Block,,VIRGINIA ST BETWEEN 3RD AVE AND 4TH AVE,NEI,"Not Enough Information, or Insufficient Location Information",2,Injury Collision,Cycles,2,0,1,1,1,0,0,2018-07-18T00:00:00.000Z,7/18/2018 2:55:00 PM,Mid-Block (not related to intersection),0,NOT ENOUGH INFORMATION / NOT APPLICABLE,,N,Unknown,Unknown,Daylight,,,,5.0,Vehicle Strikes Pedalcyclist,0,0,N,POINT (1268698.563247949 227144.9819166511),18051.0,6.21754121994438e-06,
203416,305777,307057,3693203,Matched,Intersection,29592.0,2ND AVE AND PIKE ST,,,2,Injury Collision,Cycles,2,0,1,1,1,0,0,2018-10-19T00:00:00.000Z,10/19/2018 10:00:00 PM,At Intersection (intersection related),18,"MOTOR VEHICLE STRUCK PEDALCYCLIST, FRONT END AT ANGLE",Y,N,Unknown,Dry,Dark - Street Lights On,,,,5.0,Vehicle Strikes Pedalcyclist,0,523691,N,POINT (1269058.773296311 225881.3874193579),135.0,0.0,
203436,305460,306740,3814196,Matched,Intersection,29055.0,12TH AVE E AND E JOHN ST,,,2,Injury Collision,Cycles,6,0,1,1,1,0,0,2018-10-13T00:00:00.000Z,10/13/2018 11:01:00 PM,At Intersection (intersection related),24,MOTOR VEHCILE STRUCK PEDESTRIAN,,N,Clear or Partly Cloudy,Dry,Dark - Street Lights On,,,,5.0,Vehicle Strikes Pedalcyclist,0,521047,N,POINT (1274553.345845938 229660.7164472342),10813.0,0.0,Clear or Partly Cloudy
203438,306180,307460,E854334,Matched,Block,,12TH AVE BETWEEN E JAMES CT AND E CHERRY ST,,,2,Injury Collision,Cycles,2,0,1,1,1,0,0,2018-10-03T00:00:00.000Z,10/3/2018 6:19:00 PM,Mid-Block (not related to intersection),18,"MOTOR VEHICLE STRUCK PEDALCYCLIST, FRONT END AT ANGLE",,N,Overcast,Dry,Dusk,,,,5.0,Vehicle Strikes Pedalcyclist,0,0,N,POINT (1274504.182645887 225212.4613386691),11653.0,3.047921913200608e-05,Overcast
203516,303479,304739,3811326,Matched,Block,,2ND AVE BETWEEN UNIVERSITY ST AND UNION ST,,,2,Injury Collision,Cycles,2,0,1,1,1,0,0,2018-09-24T00:00:00.000Z,9/24/2018 4:14:00 PM,Mid-Block (not related to intersection),18,"MOTOR VEHICLE STRUCK PEDALCYCLIST, FRONT END AT ANGLE",,N,Clear or Partly Cloudy,Dry,Daylight,,,,6.0,Pedalcyclist Strikes Moving Vehicle,0,0,N,POINT (1269384.209328651 225331.5899147987),16946.0,0.0,Clear or Partly Cloudy
203527,303019,304259,E839660,Matched,Intersection,35973.0,CORLISS AVE N AND N 128TH ST,,,2,Injury Collision,Cycles,2,0,1,1,1,0,0,2018-09-13T00:00:00.000Z,9/13/2018 5:59:00 PM,At Intersection (intersection related),51,PEDALCYCLIST STRUCK MOTOR VEHICLE FRONT END AT ANGLE,,N,Clear or Partly Cloudy,Dry,Daylight,,,,5.0,Vehicle Strikes Pedalcyclist,0,0,N,POINT (1271807.794995129 266945.7243574113),9034.0,0.0,Clear or Partly Cloudy
203546,304228,305468,3811769,Matched,Intersection,29562.0,2ND AVE AND VIRGINIA ST,,,2,Injury Collision,Cycles,2,0,1,1,1,0,0,2018-10-05T00:00:00.000Z,10/5/2018 6:38:00 PM,At Intersection (intersection related),18,"MOTOR VEHICLE STRUCK PEDALCYCLIST, FRONT END AT ANGLE",Y,N,Raining,Wet,Dark - Street Lights On,Y,,,5.0,Vehicle Strikes Pedalcyclist,12197,0,N,POINT (1268373.661231607 226787.9028762877),8939.0,0.0,Raining
203579,306396,307676,3754917,Matched,Intersection,29955.0,6TH AVE AND COLUMBIA ST,,,2,Injury Collision,Cycles,4,0,1,1,1,0,0,2018-11-07T00:00:00.000Z,11/7/2018 4:35:00 PM,At Intersection (intersection related),51,PEDALCYCLIST STRUCK MOTOR VEHICLE FRONT END AT ANGLE,,N,Clear or Partly Cloudy,Dry,Daylight,,,,5.0,Vehicle Strikes Pedalcyclist,0,0,N,POINT (1271379.84107469 224487.7536259294),3198.0,0.0,Clear or Partly Cloudy
203581,306395,307675,3754916,Matched,Intersection,30474.0,DEARBORN ST OFF RP AND S DEARBORN ST,,,2,Injury Collision,Cycles,2,0,1,1,1,0,0,2018-11-06T00:00:00.000Z,11/6/2018 5:00:00 PM,At Intersection (intersection related),18,"MOTOR VEHICLE STRUCK PEDALCYCLIST, FRONT END AT ANGLE",Y,N,Clear or Partly Cloudy,Dry,Dark - Street Lights On,,,,5.0,Vehicle Strikes Pedalcyclist,5884,520802,N,POINT (1273819.595573187 220878.1180382371),7667.0,0.0,Clear or Partly Cloudy
203597,306599,307879,E844747,Matched,Intersection,24135.0,9TH AVE NW AND NW 80TH ST,,,2,Injury Collision,Cycles,2,0,1,1,1,0,0,2018-09-30T00:00:00.000Z,9/30/2018 5:20:00 PM,At Intersection (intersection related),18,"MOTOR VEHICLE STRUCK PEDALCYCLIST, FRONT END AT ANGLE",,N,Clear or Partly Cloudy,Dry,Daylight,,,,5.0,Vehicle Strikes Pedalcyclist,0,0,N,POINT (1262366.056233466 254339.2426805049),588.0,0.0,Clear or Partly Cloudy
203682,303083,304323,3751495,Matched,Block,,NE 45TH ST BETWEEN UNIVERSITY WAY NE AND 15TH AVE NE,,,2,Injury Collision,Cycles,2,0,1,1,1,0,0,2018-09-21T00:00:00.000Z,9/21/2018 3:05:00 PM,Mid-Block (not related to intersection),18,"MOTOR VEHICLE STRUCK PEDALCYCLIST, FRONT END AT ANGLE",Y,N,Clear or Partly Cloudy,Dry,Daylight,,,,5.0,Vehicle Strikes Pedalcyclist,0,0,N,POINT (1275919.362807333 244712.5918546468),16279.0,1.2081009833932566e-05,Clear or Partly Cloudy
203707,305972,307252,E853004,Matched,Intersection,30486.0,6TH AVE AND YESLER WAY,,,2,Injury Collision,Cycles,3,0,1,1,1,0,0,2018-10-19T00:00:00.000Z,10/19/2018 4:43:00 PM,At Intersection (intersection related),18,"MOTOR VEHICLE STRUCK PEDALCYCLIST, FRONT END AT ANGLE",,N,Clear or Partly Cloudy,Dry,Daylight,,,,6.0,Pedalcyclist Strikes Moving Vehicle,0,0,N,POINT (1272101.018675432 223058.4262644649),540.0,0.0,Clear or Partly Cloudy
203783,304857,306137,3811032,Matched,Intersection,34228.0,5TH AVE S AND S RIVER ST,,,1,Property Damage Only Collision,Cycles,2,0,1,1,0,0,0,2018-10-09T00:00:00.000Z,10/9/2018 6:10:00 AM,At Intersection (intersection related),18,"MOTOR VEHICLE STRUCK PEDALCYCLIST, FRONT END AT ANGLE",Y,N,Raining,Wet,Dark - No Street Lights,,,,5.0,Vehicle Strikes Pedalcyclist,0,0,N,POINT (1271186.414642498 201919.1169308126),5905.0,0.0,Raining
203829,305635,306915,3789034,Matched,Intersection,29530.0,6TH AVE AND BELL ST,,,2,Injury Collision,Cycles,4,0,1,1,1,0,0,2018-10-19T00:00:00.000Z,10/19/2018 6:40:00 AM,At Intersection (intersection related),18,"MOTOR VEHICLE STRUCK PEDALCYCLIST, FRONT END AT ANGLE",,N,Clear or Partly Cloudy,Dry,Dark - Street Lights On,,,,5.0,Vehicle Strikes Pedalcyclist,0,521733,N,POINT (1268295.29297553 228600.9017901421),3201.0,0.0,Clear or Partly Cloudy
203832,306412,307692,3814386,Matched,Intersection,29158.0,BELMONT AVE E AND E DENNY WAY,,,2,Injury Collision,Cycles,2,0,1,1,1,0,0,2018-10-28T00:00:00.000Z,10/28/2018 1:53:00 AM,At Intersection (intersection related),51,PEDALCYCLIST STRUCK MOTOR VEHICLE FRONT END AT ANGLE,Y,Y,Raining,Wet,Dark - Street Lights On,,,,6.0,Pedalcyclist Strikes Moving Vehicle,0,0,N,POINT (1272798.197556138 229164.4179507196),1074.0,0.0,Raining
203849,305647,306927,3756142,Matched,Block,,BLANCHARD ST BETWEEN 4TH AVE AND 5TH AVE,,,1,Property Damage Only Collision,Cycles,2,0,1,1,0,0,0,2018-09-30T00:00:00.000Z,9/30/2018 11:00:00 AM,Mid-Block (not related to intersection),11,"MOTOR VEHICLE STRUCK MOTOR VEHICLE, FRONT END AT ANGLE",,N,Unknown,Unknown,Unknown,,,,6.0,Pedalcyclist Strikes Moving Vehicle,0,0,N,POINT (1268285.103151515 227956.9664294869),11904.0,5.5122105781612946e-09,
203863,306416,307696,3814466,Matched,Intersection,29053.0,10TH AVE E AND E JOHN ST,,,1,Property Damage Only Collision,Cycles,2,0,1,1,0,0,0,2018-11-06T00:00:00.000Z,11/6/2018 7:00:00 AM,At Intersection (intersection related),51,PEDALCYCLIST STRUCK MOTOR VEHICLE FRONT END AT ANGLE,,N,Overcast,Dry,Dawn,,,,6.0,Pedalcyclist Strikes Moving Vehicle,0,0,N,POINT (1273909.412661284 229666.025887236),2286.0,0.0,Overcast
203944,303117,304357,E842136,Matched,Intersection,29579.0,4TH AVE AND PINE ST,,,2,Injury Collision,Cycles,2,1,1,0,1,0,0,2018-08-29T00:00:00.000Z,8/29/2018 10:00:00 AM,At Intersection (intersection related),64,PEDALCYCLIST STRUCK PEDESTRIAN,,N,Clear or Partly Cloudy,Dry,Daylight,Y,,,7.0,Pedalcyclist Strikes Pedalcyclist or Pedestrian,0,523145,N,POINT (1269395.978288665 226576.0889880657),895.0,0.0,Clear or Partly Cloudy
203976,305654,306934,3791190,Matched,Block,,FAIRVIEW AVE E BETWEEN E LYNN ST AND E ROANOKE ST,,,2,Injury Collision,Cycles,2,0,1,1,1,0,0,2018-09-28T00:00:00.000Z,9/28/2018 9:12:00 AM,Mid-Block (not related to intersection),51,PEDALCYCLIST STRUCK MOTOR VEHICLE FRONT END AT ANGLE,,N,Overcast,Dry,Daylight,,,,5.0,Vehicle Strikes Pedalcyclist,0,0,N,POINT (1271629.318002939 237590.9240713418),17916.0,1.1042993322283299e-05,Overcast
205095,309143,310423,E879234,Matched,Block,,DEXTER AVE N BETWEEN HAYES ST AND HOWE ST,,,2,Injury Collision,Cycles,2,0,1,1,1,0,0,2019-01-03T00:00:00.000Z,1/3/2019 9:05:00 AM,Mid-Block (not related to intersection),18,"MOTOR VEHICLE STRUCK PEDALCYCLIST, FRONT END AT ANGLE",,N,Clear or Partly Cloudy,Wet,Daylight,,,,6.0,Pedalcyclist Strikes Moving Vehicle,0,0,N,POINT (1268408.639919654 235271.560932979),15565.0,6.7242681277130444e-06,Clear or Partly Cloudy
205103,309137,310417,E858848,Matched,Intersection,34423.0,44TH AVE S AND S HOLLY ST,,,1,Property Damage Only Collision,Cycles,2,0,1,1,0,0,0,2018-10-29T00:00:00.000Z,10/29/2018 4:24:00 PM,At Intersection (intersection related),18,"MOTOR VEHICLE STRUCK PEDALCYCLIST, FRONT END AT ANGLE",Y,N,Overcast,Dry,Daylight,,,,5.0,Vehicle Strikes Pedalcyclist,0,0,N,POINT (1283594.949439198 201219.4773781002),1789.0,0.0,Overcast
205135,307465,308745,3745698,Matched,Block,,HARBOR AVE SW BETWEEN FAIRMOUNT AVE SW AND SW BRONSON WAY,,,1,Property Damage Only Collision,Cycles,2,0,1,1,0,0,0,2018-10-15T00:00:00.000Z,10/15/2018 11:58:00 AM,Mid-Block (not related to intersection),18,"MOTOR VEHICLE STRUCK PEDALCYCLIST, FRONT END AT ANGLE",,N,Clear or Partly Cloudy,Dry,Daylight,,,,6.0,Pedalcyclist Strikes Moving Vehicle,0,0,N,POINT (1259473.453222498 217705.7627069801),6405.0,1.0078684760016538e-05,Clear or Partly Cloudy
205212,309998,311278,E884645,Matched,Intersection,26896.0,STONE WAY N AND N 34TH ST,,,2,Injury Collision,Cycles,2,0,1,1,1,0,0,2019-01-11T00:00:00.000Z,1/11/2019 5:20:00 PM,At Intersection (intersection related),51,PEDALCYCLIST STRUCK MOTOR VEHICLE FRONT END AT ANGLE,,N,Clear or Partly Cloudy,Dry,Dark - Street Lights On,,,Y,6.0,Pedalcyclist Strikes Moving Vehicle,0,0,N,POINT (1268384.754735619 240216.4179620296),4878.0,0.0,Clear or Partly Cloudy
205250,307265,308545,E861436,Matched,Block,,LATONA AVE NE BETWEEN NE 77TH ST AND DEAD END 2,,,2,Injury Collision,Cycles,2,0,1,1,1,0,0,2018-11-14T00:00:00.000Z,11/14/2018 9:30:00 AM,Mid-Block (not related to intersection),18,"MOTOR VEHICLE STRUCK PEDALCYCLIST, FRONT END AT ANGLE",,N,Clear or Partly Cloudy,Wet,Daylight,,,,5.0,Vehicle Strikes Pedalcyclist,0,0,N,POINT (1272871.988724217 253540.0472876728),23167.0,2.221136293396879e-06,Clear or Partly Cloudy
205310,307480,308760,3814421,Matched,Intersection,30152.0,16TH AVE AND E SPRING ST,,,2,Injury Collision,Cycles,2,0,1,1,1,0,0,2018-11-29T00:00:00.000Z,11/29/2018 10:16:00 AM,At Intersection (intersection related),18,"MOTOR VEHICLE STRUCK PEDALCYCLIST, FRONT END AT ANGLE",,N,Clear or Partly Cloudy,Dry,Daylight,,,,5.0,Vehicle Strikes Pedalcyclist,0,0,N,POINT (1275838.298167259 226573.9483160675),2413.0,0.0,Clear or Partly Cloudy
205313,307878,309158,E867126,Matched,Block,,EASTLAKE AVE E BETWEEN PROSPECT ST AND E NELSON PL,,,2,Injury Collision,Cycles,2,0,1,1,1,0,0,2018-11-27T00:00:00.000Z,11/27/2018 5:16:00 PM,Driveway Junction,18,"MOTOR VEHICLE STRUCK PEDALCYCLIST, FRONT END AT ANGLE",,N,Raining,Wet,Dark - No Street Lights,,,,6.0,Pedalcyclist Strikes Moving Vehicle,0,0,N,POINT (1271741.66072306 233260.7382109165),18550.0,3.084540861953878e-05,Raining
205382,310117,311397,3701368,Matched,Block,,BOREN AVE BETWEEN E YESLER WAY AND E FIR ST,,,1,Property Damage Only Collision,Cycles,2,0,1,1,0,0,0,2019-01-09T00:00:00.000Z,1/9/2019 3:23:00 PM,Mid-Block (not related to intersection),21,"MOTOR VEHICLE STRUCK PEDALCYCLIST, REAR END",,N,Raining,Wet,Daylight,,,,5.0,Vehicle Strikes Pedalcyclist,0,0,N,POINT (1274080.981365457 223196.7472886145),13107.0,2.2910966541212344e-05,Raining
205595,308241,309521,3707721,Matched,Intersection,27093.0,ROOSEVELT WAY NE AND NE 42ND S ST,,,2,Injury Collision,Cycles,2,0,1,1,1,0,0,2018-12-13T00:00:00.000Z,12/13/2018 9:29:00 AM,At Intersection (intersection related),18,"MOTOR VEHICLE STRUCK PEDALCYCLIST, FRONT END AT ANGLE",,N,Overcast,Wet,Daylight,,,,6.0,Pedalcyclist Strikes Moving Vehicle,45509,0,N,POINT (1274602.278453991 243369.3024452627),15971.0,0.0,Overcast
205624,309176,310456,E879716,Matched,Block,,GREENWOOD AVE N BETWEEN N 81ST ST AND N 82ND ST,,,2b,Serious Injury Collision,Cycles,3,0,1,2,1,1,0,2019-01-03T00:00:00.000Z,1/3/2019 6:24:00 PM,Mid-Block (not related to intersection),18,"MOTOR VEHICLE STRUCK PEDALCYCLIST, FRONT END AT ANGLE",,N,Overcast,Wet,Dark - Street Lights On,,,,5.0,Vehicle Strikes Pedalcyclist,0,0,Y,POINT (1265582.972140759 254677.3912888467),18968.0,2.6935423721765407e-05,Overcast