OBJECTID,INCKEY,COLDETKEY,REPORTNO,STATUS,ADDRTYPE,INTKEY,LOCATION,EXCEPTRSNC,EXCEPTRSND,SEVERITYCO,SEVERITYDE,COLLISIONT,PERSONCOUN,PEDCOUNT,PEDCYLCOUN,VEHCOUNT,INJURIES,SERIOUSINJ,FATALITIES,INCDATE,INCDTTM,JUNCTIONTY,SDOT_COLCO,SDOT_COLDE,INATTENTIO,UNDERINFL,WEATHER,ROADCOND,LIGHTCOND,PEDROWNOTG,SDOTCOLNUM,SPEEDING,ST_COLCODE,ST_COLDESC,SEGLANEKEY,CROSSWALKK,HITPARKEDC,geometry,near_str_index,min_length,weather_group
205686,307301,308581,E862656,Matched,Block,,2ND AVE BETWEEN UNION ST AND PIKE ST,,,2,Injury Collision,Cycles,2,0,1,1,1,0,0,2018-11-19T00:00:00.000Z,11/19/2018 9:16:00 AM,Mid-Block (not related to intersection),18,"MOTOR VEHICLE STRUCK PEDALCYCLIST, FRONT END AT ANGLE",,N,Clear or Partly Cloudy,Dry,Daylight,,,,6.0,Pedalcyclist Strikes Moving Vehicle,0,0,N,POINT (1269167.241392419 225698.1291791648),135.0,1.0206619767903732e-08,Clear or Partly Cloudy
205712,308245,309525,3751587,Matched,Intersection,27069.0,8TH AVE NE AND NE 45TH W ST,,,2,Injury Collision,Cycles,2,0,1,1,1,0,0,2018-12-15T00:00:00.000Z,12/15/2018 5:06:00 PM,At Intersection (intersection related),18,"MOTOR VEHICLE STRUCK PEDALCYCLIST, FRONT END AT ANGLE",,N,Overcast,Dry,Dark - Street Lights On,,,,5.0,Vehicle Strikes Pedalcyclist,0,0,N,POINT (1274143.453749523 244763.9899346977),11023.0,0.0,Overcast
205735,307908,309188,3809933,Matched,Intersection,26631.0,6TH AVE NW AND LEARY N WAY NW,,,2,Injury Collision,Cycles,2,0,1,1,1,0,0,2018-12-04T00:00:00.000Z,12/4/2018 2:48:00 PM,At Intersection (intersection related),18,"MOTOR VEHICLE STRUCK PEDALCYCLIST, FRONT END AT ANGLE",,N,Clear or Partly Cloudy,Dry,Daylight,,,,5.0,Vehicle Strikes Pedalcyclist,0,0,N,POINT (1263228.07453835 243838.85764575),803.0,0.0,Clear or Partly Cloudy
205839,307916,309196,3811118,Matched,Intersection,35299.0,RENTON AVE S AND S FLETCHER ST,,,2b,Serious Injury Collision,Cycles,2,0,1,1,1,1,0,2018-12-03T00:00:00.000Z,12/3/2018 3:44:00 PM,At Intersection (intersection related),18,"MOTOR VEHICLE STRUCK PEDALCYCLIST, FRONT END AT ANGLE",,N,Clear or Partly Cloudy,Dry,Daylight,,,,6.0,Pedalcyclist Strikes Moving Vehicle,0,0,N,POINT (1285066.384960711 192653.9480253309),6633.0,0.0,Clear or Partly Cloudy
207062,312317,313737,3750376,Matched,Intersection,29625.0,ALASKAN E RDWY WAY AND SPRING ST,,,2,Injury Collision,Cycles,2,0,1,1,1,0,0,2019-01-25T00:00:00.000Z,1/25/2019 3:54:00 PM,At Intersection (intersection related),18,"MOTOR VEHICLE STRUCK PEDALCYCLIST, FRONT END AT ANGLE",,N,Clear or Partly Cloudy,Dry,Daylight,,,,5.0,Vehicle Strikes Pedalcyclist,0,0,N,POINT (1269077.616176337 224190.5322496295),600.0,0.0,Clear or Partly Cloudy
207154,313344,314784,3811594,Matched,Intersection,29529.0,7TH AVE AND BLANCHARD ST,,,1,Property Damage Only Collision,Cycles,3,0,1,1,0,0,0,2019-02-03T00:00:00.000Z,2/3/2019 1:23:00 AM,At Intersection (intersection related),18,"MOTOR VEHICLE STRUCK PEDALCYCLIST, FRONT END AT ANGLE",,N,Clear or Partly Cloudy,Dry,Dark - Street Lights On,,,,6.0,Pedalcyclist Strikes Moving Vehicle,13719,0,N,POINT (1268827.045424074 228552.6893100888),6026.0,0.0,Clear or Partly Cloudy
207214,312923,314363,E883361,Matched,Block,,PEND OREILLE RD NE BETWEEN BURKE GILMAN TRL AND 25TH AVE NE,,,2,Injury Collision,Cycles,2,0,1,1,1,0,0,2018-12-11T00:00:00.000Z,12/11/2018 6:00:00 PM,Mid-Block (not related to intersection),18,"MOTOR VEHICLE STRUCK PEDALCYCLIST, FRONT END AT ANGLE",Y,N,Clear or Partly Cloudy,Wet,Dark - Street Lights On,,,,5.0,Vehicle Strikes Pedalcyclist,0,0,N,POINT (1278660.251834139 244341.0189262629),9546.0,1.9963212470470585e-05,Clear or Partly Cloudy
207256,317648,319148,3810454,Matched,Block,,STONE WAY N BETWEEN N 46TH ST AND N 47TH ST,,,2,Injury Collision,Cycles,2,0,1,1,1,0,0,2019-04-04T00:00:00.000Z,4/4/2019 4:14:00 PM,Driveway Junction,51,PEDALCYCLIST STRUCK MOTOR VEHICLE FRONT END AT ANGLE,,N,Clear or Partly Cloudy,Dry,Daylight,Y,,,6.0,Pedalcyclist Strikes Moving Vehicle,6397,0,N,POINT (1268719.197871968 245295.9559512436),8922.0,1.98515369615876e-05,Clear or Partly Cloudy
207257,312324,313744,3750476,Matched,Intersection,28731.0,DEXTER AVE N AND ALOHA ST,,,2,Injury Collision,Cycles,3,0,1,1,1,0,0,2019-01-29T00:00:00.000Z,1/29/2019 4:20:00 PM,At Intersection (intersection related),51,PEDALCYCLIST STRUCK MOTOR VEHICLE FRONT END AT ANGLE,,N,Clear or Partly Cloudy,Dry,Daylight,Y,,,6.0,Pedalcyclist Strikes Moving Vehicle,12729,0,N,POINT (1268342.286383584 232408.9135700464),604.0,0.0,Clear or Partly Cloudy
207258,317465,318965,3813253,Matched,Intersection,29619.0,MADISON ST AND WESTERN AVE,,,1,Property Damage Only Collision,Cycles,3,0,1,1,0,0,0,2019-03-28T00:00:00.000Z,3/28/2019 10:55:00 AM,At Intersection (intersection related),18,"MOTOR VEHICLE STRUCK PEDALCYCLIST, FRONT END AT ANGLE",,N,Clear or Partly Cloudy,Dry,Daylight,,,,6.0,Pedalcyclist Strikes Moving Vehicle,0,523751,N,POINT (1269406.242608666 224030.3988734633),6761.0,0.0,Clear or Partly Cloudy
207288,315063,316543,E894001,Matched,Intersection,29961.0,8TH AVE AND JAMES ST,,,2,Injury Collision,Cycles,2,0,1,1,1,0,0,2018-10-11T00:00:00.000Z,10/11/2018 9:25:00 AM,At Intersection (intersection related),11,"MOTOR VEHICLE STRUCK MOTOR VEHICLE, FRONT END AT ANGLE",,N,Clear or Partly Cloudy,Dry,Daylight,,,,5.0,Vehicle Strikes Pedalcyclist,0,0,N,POINT (1272246.090035573 224288.7625217289),6042.0,0.0,Clear or Partly Cloudy
207303,316118,317618,3752537,Matched,Block,,DELRIDGE WAY SW BETWEEN SW HUDSON ST AND PUGET BLVD SW,,,2,Injury Collision,Cycles,2,0,1,1,1,0,0,2019-03-13T00:00:00.000Z,3/13/2019 5:36:00 PM,Driveway Junction,51,PEDALCYCLIST STRUCK MOTOR VEHICLE FRONT END AT ANGLE,,N,Clear or Partly Cloudy,Dry,Daylight,Y,,,5.0,Vehicle Strikes Pedalcyclist,0,0,N,POINT (1262749.241513848 206695.2727117091),20561.0,1.7890722705304323e-05,Clear or Partly Cloudy
207355,316614,318114,3812951,Matched,Block,,4TH AVE BETWEEN PINE ST AND OLIVE WAY,,,2,Injury Collision,Cycles,2,0,1,1,1,0,0,2019-03-25T00:00:00.000Z,3/25/2019 5:50:00 PM,Mid-Block (not related to intersection),18,"MOTOR VEHICLE STRUCK PEDALCYCLIST, FRONT END AT ANGLE",,N,Raining,Wet,Dusk,Y,,,5.0,Vehicle Strikes Pedalcyclist,0,0,N,POINT (1269287.139696553 226760.0164122581),14680.0,1.2206134968122607e-05,Raining
207371,312342,313762,E888462,Matched,Intersection,29603.0,2ND AVE AND UNIVERSITY ST,,,2,Injury Collision,Cycles,2,0,1,1,1,0,0,2019-01-23T00:00:00.000Z,1/23/2019 10:29:00 AM,At Intersection (intersection related),18,"MOTOR VEHICLE STRUCK PEDALCYCLIST, FRONT END AT ANGLE",Y,N,Overcast,Wet,Daylight,,,,6.0,Pedalcyclist Strikes Moving Vehicle,0,0,N,POINT (1269492.709168762 225148.3088906109),2490.0,0.0,Overcast
207387,317658,319158,E909955,Matched,Intersection,36456.0,5TH AVE NE AND NE 120TH ST,,,2,Injury Collision,Cycles,2,0,1,1,1,0,0,2019-04-05T00:00:00.000Z,4/5/2019 12:30:00 PM,At Intersection (intersection related),18,"MOTOR VEHICLE STRUCK PEDALCYCLIST, FRONT END AT ANGLE",,N,Raining,Wet,Daylight,,,,5.0,Vehicle Strikes Pedalcyclist,0,0,N,POINT (1273613.750324979 264674.6167710871),4116.0,0.0,Raining
207452,316848,318348,3796015,Matched,Intersection,29913.0,5TH AVE AND UNION ST,,,2,Injury Collision,Cycles,2,0,1,1,1,0,0,2019-03-21T00:00:00.000Z,3/21/2019 1:33:00 PM,At Intersection (intersection related),18,"MOTOR VEHICLE STRUCK PEDALCYCLIST, FRONT END AT ANGLE",,N,Clear or Partly Cloudy,Dry,Daylight,,,,6.0,Pedalcyclist Strikes Moving Vehicle,0,0,N,POINT (1270106.840369388 226006.9446674883),6718.0,0.0,Clear or Partly Cloudy
207473,317288,318788,E908164,Matched,Block,,2ND AVE BETWEEN UNION ST AND PIKE ST,,,2,Injury Collision,Cycles,2,0,1,1,1,0,0,2019-03-29T00:00:00.000Z,3/29/2019 7:45:00 AM,Mid-Block (not related to intersection),18,"MOTOR VEHICLE STRUCK PEDALCYCLIST, FRONT END AT ANGLE",Y,N,Clear or Partly Cloudy,Dry,Daylight,,,,6.0,Pedalcyclist Strikes Moving Vehicle,0,0,N,POINT (1269167.241392419 225698.1291791648),135.0,1.0206619767903732e-08,Clear or Partly Cloudy
207475,316849,318349,3796016,Matched,Block,,DEXTER AVE N BETWEEN HARRISON ST AND REPUBLICAN ST,,,2,Injury Collision,Cycles,2,0,1,1,1,0,0,2019-03-25T00:00:00.000Z,3/25/2019 9:33:00 AM,Mid-Block (not related to intersection),18,"MOTOR VEHICLE STRUCK PEDALCYCLIST, FRONT END AT ANGLE",Y,N,Clear or Partly Cloudy,Dry,Daylight,Y,,,6.0,Pedalcyclist Strikes Moving Vehicle,0,0,N,POINT (1268300.280687541 230767.9765443653),12567.0,2.557776577818591e-05,Clear or Partly Cloudy
207483,317069,318569,E892737,Matched,Intersection,25134.0,20TH AVE NW AND NW 58TH ST,,,2,Injury Collision,Cycles,2,0,1,1,1,0,0,2019-01-14T00:00:00.000Z,1/14/2019 7:15:00 AM,At Intersection (intersection related),51,PEDALCYCLIST STRUCK MOTOR VEHICLE FRONT END AT ANGLE,Y,N,Clear or Partly Cloudy,Dry,Dawn,,,,6.0,Pedalcyclist Strikes Moving Vehicle,0,0,N,POINT (1258851.888677865 248566.6441465914),11701.0,0.0,Clear or Partly Cloudy
207493,312377,313817,3812608,Matched,Block,,S JACKSON ST BETWEEN 9TH AVE S AND 10TH AVE S,,,2b,Serious Injury Collision,Pedestrian,3,0,1,1,1,1,0,2019-01-24T00:00:00.000Z,1/24/2019 7:32:00 PM,Mid-Block (not related to intersection),24,MOTOR VEHCILE STRUCK PEDESTRIAN,,Y,Clear or Partly Cloudy,Dry,Dark - Street Lights On,,,,4.0,Vehicle hits Pedestrian - All Other Actions,0,0,N,POINT (1273567.360820934 222109.692503497),19383.0,5.719859997677105e-06,Clear or Partly Cloudy
207508,317664,319164,E909959,Matched,Block,,MERIDIAN AVE N BETWEEN N 113TH ST AND N 115TH ST,,,2,Injury Collision,Cycles,2,0,1,1,1,0,0,2019-04-05T00:00:00.000Z,4/5/2019 2:39:00 PM,Mid-Block (not related to intersection),18,"MOTOR VEHICLE STRUCK PEDALCYCLIST, FRONT END AT ANGLE",,N,Overcast,Dry,Daylight,,,,6.0,Pedalcyclist Strikes Moving Vehicle,0,0,N,POINT (1270984.338482291 263093.0929294676),13775.0,2.398570531137305e-06,Overcast
207538,312417,313857,E888466,Matched,Intersection,28767.0,DEXTER AVE N AND MERCER ST,,,2,Injury Collision,Cycles,2,0,1,1,1,0,0,2019-01-10T00:00:00.000Z,1/10/2019 6:44:00 AM,At Intersection (intersection related),18,"MOTOR VEHICLE STRUCK PEDALCYCLIST, FRONT END AT ANGLE",,N,Raining,Wet,Dark - Street Lights On,,,,5.0,Vehicle Strikes Pedalcyclist,0,0,N,POINT (1268318.102319553 231464.9540170729),696.0,0.0,Raining
207610,316854,318354,3814678,Matched,Intersection,30410.0,12TH AVE AND E YESLER WAY,,,2b,Serious Injury Collision,Cycles,2,0,1,1,1,1,0,2019-03-31T00:00:00.000Z,3/31/2019 6:51:00 PM,At Intersection (intersection related),18,"MOTOR VEHICLE STRUCK PEDALCYCLIST, FRONT END AT ANGLE",,N,Clear or Partly Cloudy,Dry,Dusk,Y,,,5.0,Vehicle Strikes Pedalcyclist,0,0,N,POINT (1274461.188917845 223006.7211764157),8412.0,0.0,Clear or Partly Cloudy
207611,316853,318353,3796132,Matched,Intersection,27043.0,TROLL AVE N AND N 34TH ST,,,2b,Serious Injury Collision,Cycles,2,0,1,1,1,1,0,2019-04-02T00:00:00.000Z,4/2/2019 5:04:00 PM,At Intersection (intersection related),18,"MOTOR VEHICLE STRUCK PEDALCYCLIST, FRONT END AT ANGLE",Y,N,Clear or Partly Cloudy,Standing Water,Daylight,,,,5.0,Vehicle Strikes Pedalcyclist,0,0,N,POINT (1267245.477678463 240493.9652263224),1223.0,0.0,Clear or Partly Cloudy
207623,317489,318989,3706098,Matched,Block,,GREENWOOD AVE N BETWEEN N 122ND ST AND RIDGEMONT WAY N,,,2,Injury Collision,Cycles,2,0,1,1,1,0,0,2019-04-02T00:00:00.000Z,4/2/2019 10:43:00 PM,Mid-Block (not related to intersection),18,"MOTOR VEHICLE STRUCK PEDALCYCLIST, FRONT END AT ANGLE",,N,Unknown,Dry,Dark - Street Lights On,,,,6.0,Pedalcyclist Strikes Moving Vehicle,0,0,N,POINT (1265745.180332914 265785.6082602143),14795.0,7.323047198690369e-09,
207629,316636,318136,3810302,Matched,Intersection,27093.0,ROOSEVELT WAY NE AND NE 42ND S ST,,,2,Injury Collision,Cycles,1,0,1,0,1,0,0,2019-03-26T00:00:00.000Z,3/26/2019 7:47:00 AM,At Intersection (intersection related),51,PEDALCYCLIST STRUCK MOTOR VEHICLE FRONT END AT ANGLE,,N,Overcast,Wet,Dawn,,,,8.0,Pedalcyclist All Other Involvements ONE UNIT - PEDALCYCLIST ONLY or PEDALCYCLIST STR,45509,0,N,POINT (1274602.278453991 243369.3024452627),15971.0,0.0,Overcast
207632,316634,318134,3769462,Matched,Intersection,27018.0,FREMONT WAY N AND N 38TH ST,,,2,Injury Collision,Cycles,2,0,1,1,1,0,0,2019-03-26T00:00:00.000Z,3/26/2019 2:42:00 PM,At Intersection (intersection related),18,"MOTOR VEHICLE STRUCK PEDALCYCLIST, FRONT END AT ANGLE",,N,Clear or Partly Cloudy,Dry,Daylight,,,,5.0,Vehicle Strikes Pedalcyclist,0,0,N,POINT (1266982.135086194 241771.4725556225),3543.0,0.0,Clear or Partly Cloudy
207670,317495,318995,3750606,Matched,Block,,W DRAVUS ST BETWEEN 20TH AVE W AND 21ST AVE W,,,2,Injury Collision,Cycles,3,0,1,2,1,0,0,2019-04-03T00:00:00.000Z,4/3/2019 2:50:00 PM,Mid-Block (not related to intersection),54,PEDALCYCLIST STRUCK MOTOR VEHICLE REAR END,,N,Overcast,Dry,Daylight,,,,6.0,Pedalcyclist Strikes Moving Vehicle,0,0,N,POINT (1258553.197989553 240381.2529702038),12968.0,2.4371530744858216e-06,Overcast
207714,315577,317077,E899944,Matched,Intersection,27043.0,TROLL AVE N AND N 34TH ST,,,2,Injury Collision,Cycles,2,0,1,1,1,0,0,2019-03-05T00:00:00.000Z,3/5/2019 8:00:00 AM,At Intersection (intersection related),18,"MOTOR VEHICLE STRUCK PEDALCYCLIST, FRONT END AT ANGLE",Y,N,Clear or Partly Cloudy,Dry,Daylight,,,,5.0,Vehicle Strikes Pedalcyclist,0,0,N,POINT (1267245.477678463 240493.9652263224),1223.0,0.0,Clear or Partly Cloudy
207730,315085,316565,E897424,Matched,Intersection,29757.0,BROADWAY AND E UNION ST,,,2,Injury Collision,Cycles,2,0,1,1,1,0,0,2019-02-26T00:00:00.000Z,2/26/2019 3:08:00 PM,At Intersection (intersection related),18,"MOTOR VEHICLE STRUCK PEDALCYCLIST, FRONT END AT ANGLE",,N,Clear or Partly Cloudy,Dry,Daylight,,,,6.0,Pedalcyclist Strikes Moving Vehicle,0,0,N,POINT (1273558.806836918 227135.8089246452),6210.0,0.0,Clear or Partly Cloudy
207732,315584,317084,E900516,Matched,Intersection,30713.0,31ST AVE S AND S JUDKINS ST,,,2,Injury Collision,Cycles,2,0,1,1,1,0,0,2019-03-01T00:00:00.000Z,3/1/2019 10:14:00 AM,At Intersection (intersection related),18,"MOTOR VEHICLE STRUCK PEDALCYCLIST, FRONT END AT ANGLE",,N,Clear or Partly Cloudy,Dry,Daylight,,,,5.0,Vehicle Strikes Pedalcyclist,0,0,N,POINT (1280366.381115898 219406.7393487245),5523.0,0.0,Clear or Partly Cloudy
207744,316883,318383,E906142,Matched,Block,,BOYLSTON AVE BETWEEN E PINE ST AND E OLIVE ST,,,2,Injury Collision,Cycles,2,1,1,0,1,0,0,2019-03-07T00:00:00.000Z,3/7/2019 10:00:00 AM,Mid-Block (not related to intersection),24,MOTOR VEHCILE STRUCK PEDESTRIAN,,N,Clear or Partly Cloudy,Dry,Daylight,,,,7.0,Pedalcyclist Strikes Pedalcyclist or Pedestrian,0,0,N,POINT (1272921.799348265 228181.5650217086),21294.0,1.4915761876563904e-05,Clear or Partly Cloudy
207789,317314,318814,3774075,Matched,Intersection,29157.0,BELMONT AVE E AND E OLIVE WAY,,,2,Injury Collision,Cycles,2,0,1,1,1,0,0,2019-04-01T00:00:00.000Z,4/1/2019 10:41:00 PM,At Intersection (intersection related),18,"MOTOR VEHICLE STRUCK PEDALCYCLIST, FRONT END AT ANGLE",,N,Clear or Partly Cloudy,Dry,Dark - Street Lights On,,,,5.0,Vehicle Strikes Pedalcyclist,0,0,N,POINT (1272804.962100148 229595.8329911679),3379.0,0.0,Clear or Partly Cloudy
207869,316889,318389,E906146,Matched,Block,,7TH AVE BETWEEN VIRGINIA ST AND WESTLAKE AVE,,,2,Injury Collision,Cycles,2,0,1,1,1,0,0,2019-03-13T00:00:00.000Z,3/13/2019 7:05:00 AM,Mid-Block (not related to intersection),18,"MOTOR VEHICLE STRUCK PEDALCYCLIST, FRONT END AT ANGLE",Y,N,Clear or Partly Cloudy,Dry,Dawn,,,,5.0,Vehicle Strikes Pedalcyclist,0,0,N,POINT (1269411.367920682 228021.1856295466),554.0,5.44355312197914e-06,Clear or Partly Cloudy
207904,317321,318821,3814897,Matched,Block,,M L KING JR WR WAY S BETWEEN S MYRTLE ST AND S OTHELLO ST,,,2,Injury Collision,Cycles,3,0,1,1,1,0,0,2019-04-01T00:00:00.000Z,4/1/2019 7:28:00 AM,Mid-Block (not related to intersection),51,PEDALCYCLIST STRUCK MOTOR VEHICLE FRONT END AT ANGLE,,N,Clear or Partly Cloudy,Dry,Daylight,,,,6.0,Pedalcyclist Strikes Moving Vehicle,0,0,N,POINT (1282668.063486248 199600.0543364435),17617.0,1.780021799724469e-05,Clear or Partly Cloudy
207922,317688,319188,3750928,Matched,Block,,7TH AVE BETWEEN STEWART ST AND VIRGINIA ST,,,2,Injury Collision,Cycles,2,0,1,1,1,0,0,2019-04-08T00:00:00.000Z,4/8/2019 2:20:00 PM,Driveway Junction,18,"MOTOR VEHICLE STRUCK PEDALCYCLIST, FRONT END AT ANGLE",Y,N,Clear or Partly Cloudy,Dry,Daylight,,,,5.0,Vehicle Strikes Pedalcyclist,0,0,N,POINT (1269614.874800876 227835.9557413608),15808.0,5.014720122571429e-09,Clear or Partly Cloudy
207947,312493,313933,3815248,Matched,Intersection,29586.0,2ND AVE AND PINE ST,,,1,Property Damage Only Collision,Cycles,3,0,1,1,0,0,0,2019-01-30T00:00:00.000Z,1/30/2019 6:00:00 AM,At Intersection (intersection related),18,"MOTOR VEHICLE STRUCK PEDALCYCLIST, FRONT END AT ANGLE",,N,Clear or Partly Cloudy,Dry,Dark - Street Lights On,,,,6.0,Pedalcyclist Strikes Moving Vehicle,0,0,N,POINT (1268841.741360098 226247.9814677387),9591.0,0.0,Clear or Partly Cloudy
207948,312492,313932,3815245,Matched,Intersection,32340.0,1ST AVE S AND S SPOKANE SR ST,,,2,Injury Collision,Cycles,3,0,1,1,1,0,0,2019-01-27T00:00:00.000Z,1/27/2019 5:30:00 PM,At Intersection (intersection related),51,PEDALCYCLIST STRUCK MOTOR VEHICLE FRONT END AT ANGLE,,N,Clear or Partly Cloudy,Dry,Dark - Street Lights On,,,,6.0,Pedalcyclist Strikes Moving Vehicle,0,0,N,POINT (1269950.822961226 212039.4382211864),12913.0,0.0,Clear or Partly Cloudy
206005,307748,309028,E858715,Matched,Block,,4TH AVE S BETWEEN S HORTON ST AND S HINDS ST,,,2b,Serious Injury Collision,Cycles,2,0,1,1,1,1,0,2018-11-06T00:00:00.000Z,11/6/2018 1:00:00 PM,Mid-Block (not related to intersection),18,"MOTOR VEHICLE STRUCK PEDALCYCLIST, FRONT END AT ANGLE",,N,Clear or Partly Cloudy,Dry,Daylight,,,,6.0,Pedalcyclist Strikes Moving Vehicle,0,0,N,POINT (1271236.71499455 212981.2373261452),2973.0,1.8488030771784267e-05,Clear or Partly Cloudy
206009,307745,309025,E863402,Matched,Block,,4TH AVE S BETWEEN S LANDER ST AND S FOREST ST,,,2,Injury Collision,Cycles,3,0,1,1,1,0,0,2018-11-11T00:00:00.000Z,11/11/2018 9:43:00 AM,Mid-Block (not related to intersection),18,"MOTOR VEHICLE STRUCK PEDALCYCLIST, FRONT END AT ANGLE",,N,Clear or Partly Cloudy,Dry,Daylight,,,,5.0,Vehicle Strikes Pedalcyclist,0,0,N,POINT (1271270.849138573 214704.4554399103),18784.0,5.7110224092475025e-06,Clear or Partly Cloudy
206062,312177,313597,E885576,Matched,Intersection,163869.0,FAIRVIEW NR AVE N AND YALE AVE N,,,2,Injury Collision,Cycles,2,0,1,1,1,0,0,2019-01-18T00:00:00.000Z,1/18/2019 11:26:00 AM,At Intersection (intersection related),51,PEDALCYCLIST STRUCK MOTOR VEHICLE FRONT END AT ANGLE,,N,Clear or Partly Cloudy,Dry,Daylight,,,,5.0,Vehicle Strikes Pedalcyclist,0,0,N,POINT (1271147.019826457 233005.6815706491),13271.0,0.0,Clear or Partly Cloudy
206081,312178,313598,E885579,Matched,Intersection,32342.0,4TH AVE S AND S SPOKANE SR ST,,,2,Injury Collision,Cycles,3,0,1,1,1,0,0,2019-01-22T00:00:00.000Z,1/22/2019 7:49:00 AM,At Intersection (intersection related),51,PEDALCYCLIST STRUCK MOTOR VEHICLE FRONT END AT ANGLE,,N,Clear or Partly Cloudy,Dry,Daylight,,,,6.0,Pedalcyclist Strikes Moving Vehicle,0,521756,N,POINT (1271213.729586527 212025.1685251743),2974.0,0.0,Clear or Partly Cloudy
206084,310638,311958,E882197,Matched,Block,,NW MARKET ST BETWEEN NW 54TH ST AND 30TH AVE NW,,,2,Injury Collision,Cycles,2,0,1,1,1,0,0,2019-01-12T00:00:00.000Z,1/12/2019 1:45:00 PM,Mid-Block (not related to intersection),18,"MOTOR VEHICLE STRUCK PEDALCYCLIST, FRONT END AT ANGLE",,N,Clear or Partly Cloudy,Dry,Daylight,,,,6.0,Pedalcyclist Strikes Moving Vehicle,0,0,N,POINT (1255644.709282577 247805.6792178005),23090.0,3.111176436458512e-05,Clear or Partly Cloudy
206102,309602,310882,E881917,Matched,Intersection,37489.0,ROOSEVELT WAY NE AND NE 100TH ST,,,2,Injury Collision,Cycles,2,0,1,1,1,0,0,2019-01-09T00:00:00.000Z,1/9/2019 6:34:00 PM,At Intersection (intersection related),51,PEDALCYCLIST STRUCK MOTOR VEHICLE FRONT END AT ANGLE,Y,N,Overcast,Wet,Dark - Street Lights On,,,,6.0,Pedalcyclist Strikes Moving Vehicle,0,0,N,POINT (1274937.742902339 259332.8332136124),7142.0,0.0,Overcast
206103,309601,310881,E881650,Matched,Intersection,30752.0,18TH AVE S AND S JACKSON ST,,,2,Injury Collision,Cycles,2,0,1,1,1,0,0,2019-01-10T00:00:00.000Z,1/10/2019 4:35:00 PM,At Intersection (intersection related),18,"MOTOR VEHICLE STRUCK PEDALCYCLIST, FRONT END AT ANGLE",,N,Overcast,Wet,Dusk,,,,6.0,Pedalcyclist Strikes Moving Vehicle,11040,0,N,POINT (1276371.452727795 222074.5465834588),121.0,0.0,Overcast
206131,307758,309038,E860503,Matched,Intersection,29568.0,6TH AVE AND PINE ST,,,1,Property Damage Only Collision,Cycles,3,0,1,1,0,0,0,2018-07-13T00:00:00.000Z,7/13/2018 2:28:00 AM,At Intersection (intersection related),11,"MOTOR VEHICLE STRUCK MOTOR VEHICLE, FRONT END AT ANGLE",,N,Clear or Partly Cloudy,Dry,Dark - Street Lights On,,,,6.0,Pedalcyclist Strikes Moving Vehicle,0,0,N,POINT (1269949.79409723 226904.2331164032),3200.0,0.0,Clear or Partly Cloudy
206158,309068,310348,E858405,Matched,Intersection,29565.0,4TH AVE AND STEWART ST,,,1,Property Damage Only Collision,Cycles,3,0,1,1,0,0,0,2018-11-07T00:00:00.000Z,11/7/2018 9:00:00 AM,At Intersection (intersection related),18,"MOTOR VEHICLE STRUCK PEDALCYCLIST, FRONT END AT ANGLE",Y,N,Clear or Partly Cloudy,Dry,Daylight,,,,6.0,Pedalcyclist Strikes Moving Vehicle,0,0,N,POINT (1269122.478640378 226977.831324473),397.0,0.0,Clear or Partly Cloudy
206166,309225,310505,E879016,Matched,Block,,SW ADMIRAL WAY BETWEEN 37TH W AVE SW AND BELVIDERE AVE SW,,,2,Injury Collision,Cycles,2,0,1,1,1,0,0,2018-12-22T00:00:00.000Z,12/22/2018 3:00:00 PM,Mid-Block (not related to intersection),21,"MOTOR VEHICLE STRUCK PEDALCYCLIST, REAR END",,N,Overcast,Dry,Daylight,,,,5.0,Vehicle Strikes Pedalcyclist,0,0,N,POINT (1259062.676646084 215806.9508010447),1933.0,3.189381011466049e-05,Overcast
206168,309066,310346,3795958,Matched,Block,,3RD AVE BETWEEN UNIVERSITY ST AND UNION ST,,,1,Property Damage Only Collision,Cycles,3,0,1,1,0,0,0,2018-12-27T00:00:00.000Z,12/27/2018 9:34:00 AM,Mid-Block (not related to intersection),51,PEDALCYCLIST STRUCK MOTOR VEHICLE FRONT END AT ANGLE,Y,N,Clear or Partly Cloudy,Dry,Daylight,,,,6.0,Pedalcyclist Strikes Moving Vehicle,0,0,N,POINT (1269661.493680924 225495.4872589558),2713.0,6.410780211733589e-09,Clear or Partly Cloudy
206185,309067,310347,E858404,Matched,Intersection,30355.0,2ND AVE AND CHERRY ST,,,2,Injury Collision,Cycles,2,0,1,1,1,0,0,2018-11-06T00:00:00.000Z,11/6/2018 7:55:00 AM,At Intersection (intersection related),18,"MOTOR VEHICLE STRUCK PEDALCYCLIST, FRONT END AT ANGLE",Y,N,Clear or Partly Cloudy,Dry,Daylight,,,,5.0,Vehicle Strikes Pedalcyclist,42244,0,N,POINT (1270427.74891372 223568.6895609945),2488.0,0.0,Clear or Partly Cloudy