OBJECTID,INCKEY,COLDETKEY,REPORTNO,STATUS,ADDRTYPE,INTKEY,LOCATION,EXCEPTRSNC,EXCEPTRSND,SEVERITYCO,SEVERITYDE,COLLISIONT,PERSONCOUN,PEDCOUNT,PEDCYLCOUN,VEHCOUNT,INJURIES,SERIOUSINJ,FATALITIES,INCDATE,INCDTTM,JUNCTIONTY,SDOT_COLCO,SDOT_COLDE,INATTENTIO,UNDERINFL,WEATHER,ROADCOND,LIGHTCOND,PEDROWNOTG,SDOTCOLNUM,SPEEDING,ST_COLCODE,ST_COLDESC,SEGLANEKEY,CROSSWALKK,HITPARKEDC,geometry,near_str_index,min_length,weather_group
209830,318216,319716,E914274,Matched,Intersection,35274.0,RENTON AVE S AND S HENDERSON ST,,,2,Injury Collision,Cycles,4,0,1,1,1,0,0,2019-04-24T00:00:00.000Z,4/24/2019 4:48:00 PM,At Intersection (intersection related),18,"MOTOR VEHICLE STRUCK PEDALCYCLIST, FRONT END AT ANGLE",,N,Clear or Partly Cloudy,Dry,Daylight,,,,5.0,Vehicle Strikes Pedalcyclist,0,0,N,POINT (1283885.015359491 194231.6929229498),11160.0,0.0,Clear or Partly Cloudy
209843,319740,321240,3752784,Matched,Intersection,34270.0,5TH AVE S AND S PORTLAND ST,,,2b,Serious Injury Collision,Cycles,2,0,1,1,1,1,0,2019-06-03T00:00:00.000Z,6/3/2019 7:57:00 AM,At Intersection (intersection related),18,"MOTOR VEHICLE STRUCK PEDALCYCLIST, FRONT END AT ANGLE",,N,Clear or Partly Cloudy,Dry,Daylight,,,,5.0,Vehicle Strikes Pedalcyclist,0,626530,N,POINT (1271175.027506486 198161.6106229722),4933.0,0.0,Clear or Partly Cloudy
209898,320447,321947,E932209,Matched,Intersection,29660.0,2ND AVE AND DENNY WAY,,,1,Property Damage Only Collision,Cycles,2,0,1,1,0,0,0,2019-06-19T00:00:00.000Z,6/19/2019 9:03:00 AM,At Intersection (intersection related),18,"MOTOR VEHICLE STRUCK PEDALCYCLIST, FRONT END AT ANGLE",,N,Clear or Partly Cloudy,Dry,Daylight,,,,5.0,Vehicle Strikes Pedalcyclist,0,0,N,POINT (1265688.931628868 229343.1149109006),5208.0,0.0,Clear or Partly Cloudy
209910,320046,321546,3752814,Matched,Alley,,,,,2,Injury Collision,Cycles,2,0,1,1,1,0,0,2019-06-05T00:00:00.000Z,6/5/2019 3:30:00 PM,,0,NOT ENOUGH INFORMATION / NOT APPLICABLE,,N,Clear or Partly Cloudy,Dry,Daylight,Y,,,5.0,Vehicle Strikes Pedalcyclist,0,0,N,,,,Clear or Partly Cloudy
209917,317850,319350,3547952,Matched,Intersection,30430.0,12TH AVE S AND S KING ST,,,2,Injury Collision,Cycles,2,0,1,1,1,0,0,2019-04-15T00:00:00.000Z,4/15/2019 5:43:00 PM,At Intersection (intersection related),51,PEDALCYCLIST STRUCK MOTOR VEHICLE FRONT END AT ANGLE,Y,N,Clear or Partly Cloudy,Dry,Daylight,,,,5.0,Vehicle Strikes Pedalcyclist,0,0,N,POINT (1274327.555381715 221785.0008551627),9996.0,0.0,Clear or Partly Cloudy
209943,318908,320408,3750863,Matched,Block,,5TH AVE S BETWEEN S MAIN ST AND S JACKSON ST,,,1,Property Damage Only Collision,Cycles,2,0,1,1,0,0,0,2019-05-14T00:00:00.000Z,5/14/2019 4:43:00 PM,Mid-Block (not related to intersection),54,PEDALCYCLIST STRUCK MOTOR VEHICLE REAR END,,N,Clear or Partly Cloudy,Dry,Daylight,,,,8.0,Pedalcyclist All Other Involvements ONE UNIT - PEDALCYCLIST ONLY or PEDALCYCLIST STR,0,0,N,POINT (1271761.992499083 222301.0076396912),8664.0,1.4876261073610904e-05,Clear or Partly Cloudy
210054,320215,321715,E930351,Matched,Intersection,29872.0,BOREN AVE AND PINE ST,,,2,Injury Collision,Cycles,2,0,1,1,1,0,0,2019-06-09T00:00:00.000Z,6/9/2019 9:46:00 AM,At Intersection (intersection related),14,"MOTOR VEHICLE STRUCK MOTOR VEHICLE, REAR END",Y,N,Clear or Partly Cloudy,Dry,Daylight,,,,6.0,Pedalcyclist Strikes Moving Vehicle,0,0,N,POINT (1271335.12145865 227723.9425572455),896.0,0.0,Clear or Partly Cloudy
210066,320212,321712,3796439,Matched,Intersection,287172.0,BURKE GILMAN TRL AND NE 70TH ST,,,2,Injury Collision,Cycles,2,0,1,1,1,0,0,2019-06-11T00:00:00.000Z,6/11/2019 7:16:00 PM,At Intersection (intersection related),18,"MOTOR VEHICLE STRUCK PEDALCYCLIST, FRONT END AT ANGLE",,N,Clear or Partly Cloudy,Dry,Daylight,,,,5.0,Vehicle Strikes Pedalcyclist,0,0,N,POINT (1287683.49088338 251095.8747411817),9161.0,0.0,Clear or Partly Cloudy
210088,319099,320599,3750864,Matched,Intersection,28773.0,9TH AVE N AND REPUBLICAN ST,,,2,Injury Collision,Cycles,5,0,1,1,1,0,0,2019-05-18T00:00:00.000Z,5/18/2019 10:14:00 AM,At Intersection (intersection related),51,PEDALCYCLIST STRUCK MOTOR VEHICLE FRONT END AT ANGLE,Y,N,Clear or Partly Cloudy,Dry,Daylight,,,,5.0,Vehicle Strikes Pedalcyclist,15966,0,N,POINT (1268949.189424202 230965.2919365615),8903.0,0.0,Clear or Partly Cloudy
210106,319285,320785,3795881,Matched,Intersection,29537.0,8TH AVE AND VIRGINIA ST,,,2,Injury Collision,Cycles,3,0,1,1,1,0,0,2019-05-22T00:00:00.000Z,5/22/2019 4:05:00 PM,At Intersection (intersection related),18,"MOTOR VEHICLE STRUCK PEDALCYCLIST, FRONT END AT ANGLE",,N,Clear or Partly Cloudy,Dry,Daylight,Y,,,6.0,Pedalcyclist Strikes Moving Vehicle,14025,0,N,POINT (1269673.955120936 228217.4585897475),3808.0,0.0,Clear or Partly Cloudy
210137,317866,319366,3750880,Matched,Block,,1ST AVE BETWEEN UNION ST AND PIKE ST,,,2,Injury Collision,Cycles,2,0,1,1,1,0,0,2019-04-20T00:00:00.000Z,4/20/2019 9:39:00 PM,Mid-Block (not related to intersection),18,"MOTOR VEHICLE STRUCK PEDALCYCLIST, FRONT END AT ANGLE",Y,N,Clear or Partly Cloudy,Dry,Dark - Street Lights On,,,,5.0,Vehicle Strikes Pedalcyclist,0,0,N,POINT (1268890.208304137 225534.2326029986),16932.0,0.0,Clear or Partly Cloudy
210139,319764,321264,3810515,Matched,Intersection,25464.0,LEARY WAY NW AND NW 46TH ST,,,2,Injury Collision,Cycles,2,0,1,1,1,0,0,2019-05-30T00:00:00.000Z,5/30/2019 9:15:00 PM,At Intersection (intersection related),18,"MOTOR VEHICLE STRUCK PEDALCYCLIST, FRONT END AT ANGLE",,N,Clear or Partly Cloudy,Dry,Dusk,Y,,,5.0,Vehicle Strikes Pedalcyclist,0,0,N,POINT (1262301.018409386 245318.484655261),804.0,0.0,Clear or Partly Cloudy
210141,320218,321718,E930347,Matched,Intersection,35851.0,15TH AVE NE AND NE 145TH ST,,,2,Injury Collision,Cycles,2,0,1,1,1,0,0,2019-06-09T00:00:00.000Z,6/9/2019 2:44:00 PM,At Intersection (intersection related),18,"MOTOR VEHICLE STRUCK PEDALCYCLIST, FRONT END AT ANGLE",,N,Clear or Partly Cloudy,Dry,Daylight,,,,5.0,Vehicle Strikes Pedalcyclist,0,0,N,POINT (1276383.423799813 271221.9934177846),16518.0,0.0,Clear or Partly Cloudy
210180,317868,319368,3750906,Matched,Block,,PINE ST BETWEEN TERRY AVE AND BOREN AVE,,,2,Injury Collision,Cycles,3,0,1,1,1,0,0,2019-04-16T00:00:00.000Z,4/16/2019 5:38:00 PM,Mid-Block (not related to intersection),18,"MOTOR VEHICLE STRUCK PEDALCYCLIST, FRONT END AT ANGLE",,N,Raining,Wet,Daylight,,,,6.0,Pedalcyclist Strikes Moving Vehicle,0,0,N,POINT (1271196.708146498 227641.8041891605),896.0,1.3694657147413284e-05,Raining
210218,318244,319744,3780991,Matched,Intersection,32134.0,28TH AVE SW AND SW YANCY ST,,,2,Injury Collision,Cycles,2,0,1,1,1,0,0,2019-04-30T00:00:00.000Z,4/30/2019 7:55:00 AM,At Intersection (intersection related),18,"MOTOR VEHICLE STRUCK PEDALCYCLIST, FRONT END AT ANGLE",,N,Clear or Partly Cloudy,Dry,Daylight,,,,6.0,Pedalcyclist Strikes Moving Vehicle,0,0,N,POINT (1261557.258536637 210826.6348919421),5428.0,0.0,Clear or Partly Cloudy
210290,319924,321424,3751004,Matched,Block,,2ND AVE BETWEEN PIKE ST AND PINE ST,,,2,Injury Collision,Cycles,2,0,1,1,1,0,0,2019-06-07T00:00:00.000Z,6/7/2019 2:02:00 PM,Driveway Junction,18,"MOTOR VEHICLE STRUCK PEDALCYCLIST, FRONT END AT ANGLE",,N,Raining,Wet,Daylight,Y,,,6.0,Pedalcyclist Strikes Moving Vehicle,12179,0,N,POINT (1268950.511472195 226064.2551955432),9591.0,1.6780158607627556e-05,Raining
210298,320227,321727,3745610,Matched,Intersection,34030.0,30TH AVE SW AND SW MYRTLE ST,,,1,Property Damage Only Collision,Cycles,2,0,1,1,0,0,0,2019-06-14T00:00:00.000Z,6/14/2019 7:30:00 AM,At Intersection (intersection related),18,"MOTOR VEHICLE STRUCK PEDALCYCLIST, FRONT END AT ANGLE",,N,Clear or Partly Cloudy,Dry,Daylight,Y,,,5.0,Vehicle Strikes Pedalcyclist,0,0,N,POINT (1260584.262951642 200477.8343693465),2028.0,0.0,Clear or Partly Cloudy
210328,320231,321731,3753840,Matched,Intersection,36586.0,1ST AVE NE AND NE NORTHGATE WAY,,,2,Injury Collision,Cycles,3,0,1,1,1,0,0,2019-06-12T00:00:00.000Z,6/12/2019 8:30:00 PM,At Intersection (intersection related),18,"MOTOR VEHICLE STRUCK PEDALCYCLIST, FRONT END AT ANGLE",,N,Clear or Partly Cloudy,Dry,Daylight,,,,5.0,Vehicle Strikes Pedalcyclist,0,521147,N,POINT (1272295.527987629 262062.2952324003),2277.0,0.0,Clear or Partly Cloudy
210344,319118,320618,E921197,Matched,Intersection,287145.0,BURKE GILMAN TRL AND NW 41ST ST,,,2,Injury Collision,Cycles,2,0,1,1,1,0,0,2019-05-14T00:00:00.000Z,5/14/2019 10:17:00 AM,At Intersection (intersection related),18,"MOTOR VEHICLE STRUCK PEDALCYCLIST, FRONT END AT ANGLE",,N,Raining,Wet,Daylight,,,,5.0,Vehicle Strikes Pedalcyclist,0,0,N,POINT (1263230.42487435 243379.3082052767),11615.0,0.0,Raining
210348,318407,319907,3735149,Matched,Intersection,31341.0,4TH AVE S AND S MASSACHUSETTS ST,,,2,Injury Collision,Cycles,2,0,1,1,1,0,0,2019-03-29T00:00:00.000Z,3/29/2019 11:35:00 AM,At Intersection (intersection related),51,PEDALCYCLIST STRUCK MOTOR VEHICLE FRONT END AT ANGLE,,N,Clear or Partly Cloudy,Dry,Daylight,,,,5.0,Vehicle Strikes Pedalcyclist,0,0,N,POINT (1271339.313458651 218154.1776834428),7798.0,0.0,Clear or Partly Cloudy
210384,318091,319591,E911696,Matched,Intersection,30512.0,MAYNARD AVE S AND S JACKSON ST,,,2,Injury Collision,Cycles,2,0,1,1,1,0,0,2019-04-05T00:00:00.000Z,4/5/2019 7:15:00 AM,At Intersection (intersection related),18,"MOTOR VEHICLE STRUCK PEDALCYCLIST, FRONT END AT ANGLE",Y,N,Clear or Partly Cloudy,Dry,Daylight,,,,5.0,Vehicle Strikes Pedalcyclist,0,0,N,POINT (1272402.786099732 222133.4798315167),1803.0,0.0,Clear or Partly Cloudy
210396,319617,321117,3810459,Matched,Intersection,25845.0,1ST AVE NE AND NE 56TH ST,,,2,Injury Collision,Cycles,4,0,1,1,1,0,0,2019-05-28T00:00:00.000Z,5/28/2019 4:59:00 PM,At Intersection (intersection related),18,"MOTOR VEHICLE STRUCK PEDALCYCLIST, FRONT END AT ANGLE",,N,Clear or Partly Cloudy,Dry,Daylight,,,,6.0,Pedalcyclist Strikes Moving Vehicle,0,0,N,POINT (1272110.009139434 247741.3295857459),4951.0,0.0,Clear or Partly Cloudy
210403,319620,321120,3750873,Matched,Block,,CLAY ST BETWEEN WESTERN AVE AND 1ST AVE,,,2,Injury Collision,Cycles,3,0,1,1,1,0,0,2019-05-29T00:00:00.000Z,5/29/2019 7:18:00 PM,Driveway Junction,51,PEDALCYCLIST STRUCK MOTOR VEHICLE FRONT END AT ANGLE,Y,N,Clear or Partly Cloudy,Dry,Daylight,,,,6.0,Pedalcyclist Strikes Moving Vehicle,0,0,N,POINT (1265882.092973053 228401.0963499397),13451.0,9.255416468217838e-06,Clear or Partly Cloudy
210438,320237,321737,3796443,Matched,Block,,FAIRVIEW AVE N BETWEEN DENNY WAY AND JOHN ST,,,1,Property Damage Only Collision,Cycles,2,0,1,1,0,0,0,2019-06-14T00:00:00.000Z,6/14/2019 11:00:00 AM,Mid-Block (but intersection related),0,NOT ENOUGH INFORMATION / NOT APPLICABLE,,N,Clear or Partly Cloudy,Dry,Daylight,,,,6.0,Pedalcyclist Strikes Moving Vehicle,0,0,N,POINT (1270274.293937564 229435.1755829901),17386.0,7.568324792858787e-09,Clear or Partly Cloudy
210476,318093,319593,3547983,Matched,Alley,,,,,1,Property Damage Only Collision,Cycles,2,0,1,1,0,0,0,2019-04-20T00:00:00.000Z,4/20/2019 6:00:00 PM,,0,NOT ENOUGH INFORMATION / NOT APPLICABLE,,N,Unknown,Unknown,Unknown,Y,,,5.0,Vehicle Strikes Pedalcyclist,0,0,N,,,,
210485,318618,320118,E917912,Matched,Intersection,29283.0,24TH AVE E AND E MADISON ST,,,2b,Serious Injury Collision,Cycles,3,0,1,1,1,1,0,2019-04-11T00:00:00.000Z,4/11/2019 4:49:00 PM,At Intersection (intersection related),18,"MOTOR VEHICLE STRUCK PEDALCYCLIST, FRONT END AT ANGLE",,N,Overcast,Dry,Daylight,,,,5.0,Vehicle Strikes Pedalcyclist,0,0,N,POINT (1278453.456441939 229669.4145592302),195.0,0.0,Overcast
210509,318413,319913,3750534,Matched,Intersection,26496.0,28TH AVE W AND GILMAN AVE W,,,2,Injury Collision,Cycles,2,0,1,1,1,0,0,2019-05-01T00:00:00.000Z,5/1/2019 5:44:00 PM,At Intersection (intersection related),51,PEDALCYCLIST STRUCK MOTOR VEHICLE FRONT END AT ANGLE,,N,Clear or Partly Cloudy,Dry,Daylight,,,,6.0,Pedalcyclist Strikes Moving Vehicle,0,15485,N,POINT (1256134.366755083 244886.3684308231),4790.0,0.0,Clear or Partly Cloudy
210573,319789,321289,E912468,Matched,Intersection,28783.0,DEXTER AVE N AND HARRISON ST,,,2,Injury Collision,Cycles,2,0,1,1,1,0,0,2019-03-21T00:00:00.000Z,3/21/2019 2:59:00 PM,At Intersection (intersection related),18,"MOTOR VEHICLE STRUCK PEDALCYCLIST, FRONT END AT ANGLE",,N,Clear or Partly Cloudy,Dry,Daylight,,,,6.0,Pedalcyclist Strikes Moving Vehicle,0,0,N,POINT (1268294.844463527 230555.517344147),6407.0,0.0,Clear or Partly Cloudy
210592,320385,321885,3810308,Matched,Intersection,25756.0,ROOSEVELT WAY NE AND NE RAVENNA WB BV,,,2,Injury Collision,Cycles,2,0,1,1,1,0,0,2019-06-19T00:00:00.000Z,6/19/2019 7:14:00 AM,At Intersection (intersection related),51,PEDALCYCLIST STRUCK MOTOR VEHICLE FRONT END AT ANGLE,,N,Overcast,Dry,Daylight,Y,,,5.0,Vehicle Strikes Pedalcyclist,45748,0,N,POINT (1274814.161718205 248748.2492667735),936.0,0.0,Overcast
210597,317905,319405,3750883,Matched,Block,,ALASKAN WAY BETWEEN SENECA ST AND UNIVERSITY ST,,,2,Injury Collision,Cycles,3,0,1,1,1,0,0,2019-04-20T00:00:00.000Z,4/20/2019 4:50:00 PM,Mid-Block (not related to intersection),55,PEDALCYCLIST STRUCK MOTOR VEHICLE RIGHT SIDE SIDESWIPE,,N,Clear or Partly Cloudy,Dry,Daylight,,,,5.0,Vehicle Strikes Pedalcyclist,0,0,N,POINT (1268738.830383986 224523.0864899606),3316.0,3.6632624318571337e-09,Clear or Partly Cloudy
210682,319478,320978,E925178,Matched,Block,,15TH AVE NE BETWEEN NE 80TH ST AND LAKE CITY WAY NE,,,2b,Serious Injury Collision,Cycles,2,0,1,1,1,1,0,2019-05-03T00:00:00.000Z,5/3/2019 9:00:00 PM,Mid-Block (not related to intersection),18,"MOTOR VEHICLE STRUCK PEDALCYCLIST, FRONT END AT ANGLE",,N,Unknown,Unknown,Unknown,,,,6.0,Pedalcyclist Strikes Moving Vehicle,0,0,N,POINT (1276198.898423627 254130.6625202894),5099.0,1.9901351127586718e-05,
210684,319486,320986,E924769,Matched,Block,,SHILSHOLE AVE NW BETWEEN 22ND AVE NW AND 24TH AVE NW,,,2,Injury Collision,Cycles,2,0,1,1,1,0,0,2019-05-15T00:00:00.000Z,5/15/2019 5:25:00 PM,Mid-Block (not related to intersection),18,"MOTOR VEHICLE STRUCK PEDALCYCLIST, FRONT END AT ANGLE",,N,Raining,Wet,Daylight,,,,5.0,Vehicle Strikes Pedalcyclist,0,0,N,POINT (1257832.715556815 247319.013361305),3764.0,9.38293298868698e-06,Raining
210687,319799,321299,3705950,Matched,Block,,LAKE WASHINGTON BLVD S BETWEEN S GENESEE WAY AND 53RD AVE S,,,2,Injury Collision,Cycles,2,0,1,1,1,0,0,2019-06-01T00:00:00.000Z,6/1/2019 2:03:00 PM,Driveway Junction,18,"MOTOR VEHICLE STRUCK PEDALCYCLIST, FRONT END AT ANGLE",,N,Clear or Partly Cloudy,Dry,Daylight,,,,5.0,Vehicle Strikes Pedalcyclist,0,0,N,POINT (1286296.588929966 208353.8237534165),19852.0,2.5060064044416675e-05,Clear or Partly Cloudy
210697,319642,321142,E925382,Matched,Block,,EASTLAKE AVE E BETWEEN HARVARD AVE E AND FUHRMAN AVE E,,,2,Injury Collision,Cycles,1,0,1,0,1,0,0,2019-05-12T00:00:00.000Z,5/12/2019 5:41:00 PM,Mid-Block (not related to intersection),18,"MOTOR VEHICLE STRUCK PEDALCYCLIST, FRONT END AT ANGLE",,N,Other,Dry,Daylight,,,,8.0,Pedalcyclist All Other Involvements ONE UNIT - PEDALCYCLIST ONLY or PEDALCYCLIST STR,0,0,N,POINT (1273599.974708959 241029.8313388675),6317.0,1.4142158170737939e-05,
208005,316488,317988,3752541,Matched,Block,,DELRIDGE WAY SW BETWEEN SW GENESEE ST AND SW OREGON ST,,,2,Injury Collision,Cycles,2,0,1,1,1,0,0,2019-03-21T00:00:00.000Z,3/21/2019 7:55:00 AM,Mid-Block (not related to intersection),14,"MOTOR VEHICLE STRUCK MOTOR VEHICLE, REAR END",,N,Clear or Partly Cloudy,Dry,Daylight,,,,5.0,Vehicle Strikes Pedalcyclist,0,0,N,POINT (1262703.086313799 209417.2815465033),3473.0,1.814200912570215e-05,Clear or Partly Cloudy
208117,314122,315602,3811815,Matched,Block,,FAIRVIEW AVE N BETWEEN FAIRVIEW PL N AND ALOHA ST,,,2,Injury Collision,Cycles,3,0,1,2,1,0,0,2019-02-21T00:00:00.000Z,2/21/2019 5:39:00 PM,Mid-Block (not related to intersection),51,PEDALCYCLIST STRUCK MOTOR VEHICLE FRONT END AT ANGLE,,Y,Clear or Partly Cloudy,Dry,Daylight,,,,6.0,Pedalcyclist Strikes Moving Vehicle,0,0,N,POINT (1270539.368369833 232224.6647378504),16371.0,5.526436442688936e-09,Clear or Partly Cloudy
208184,316497,317997,3590635,Matched,Intersection,27230.0,2ND AVE NE AND NE 40TH ST,,,2,Injury Collision,Cycles,2,0,1,1,1,0,0,2019-03-21T00:00:00.000Z,3/21/2019 9:46:00 AM,At Intersection (intersection related),11,"MOTOR VEHICLE STRUCK MOTOR VEHICLE, FRONT END AT ANGLE",Y,N,Clear or Partly Cloudy,Dry,Daylight,,,,5.0,Vehicle Strikes Pedalcyclist,0,0,N,POINT (1272365.715251699 242693.3779645711),138.0,0.0,Clear or Partly Cloudy
208189,316307,317807,3750409,Matched,Intersection,29603.0,2ND AVE AND UNIVERSITY ST,,,2,Injury Collision,Cycles,2,0,1,1,1,0,0,2019-03-14T00:00:00.000Z,3/14/2019 7:42:00 PM,At Intersection (intersection related),18,"MOTOR VEHICLE STRUCK PEDALCYCLIST, FRONT END AT ANGLE",,N,Clear or Partly Cloudy,Dry,Dark - Street Lights On,Y,,Y,6.0,Pedalcyclist Strikes Moving Vehicle,42166,0,N,POINT (1269492.709168762 225148.3088906109),2490.0,0.0,Clear or Partly Cloudy
208211,317363,318863,E907755,Matched,Block,,1ST AVE S BETWEEN S HOLGATE ST AND S WALKER ST,,,2,Injury Collision,Cycles,3,0,1,1,1,0,0,2019-04-02T00:00:00.000Z,4/2/2019 9:19:00 AM,Mid-Block (not related to intersection),18,"MOTOR VEHICLE STRUCK PEDALCYCLIST, FRONT END AT ANGLE",,N,Overcast,Dry,Daylight,,,,5.0,Vehicle Strikes Pedalcyclist,0,0,N,POINT (1270046.790577322 217017.5948982835),8394.0,2.956445075362296e-05,Overcast
208239,313599,315059,E894030,Matched,Intersection,29859.0,BELMONT AVE AND E PINE ST,,,2,Injury Collision,Cycles,3,0,1,1,1,0,0,2019-02-16T00:00:00.000Z,2/16/2019 7:22:00 PM,At Intersection (intersection related),18,"MOTOR VEHICLE STRUCK PEDALCYCLIST, FRONT END AT ANGLE",,N,Raining,Wet,Dark - Street Lights On,Y,,,6.0,Pedalcyclist Strikes Moving Vehicle,0,0,N,POINT (1272659.811123997 227978.3315495104),6178.0,0.0,Raining
208262,313598,315058,E894029,Matched,Intersection,29734.0,BOYLSTON AVE AND E PINE ST,,,2,Injury Collision,Cycles,2,0,1,1,1,0,0,2019-02-14T00:00:00.000Z,2/14/2019 6:38:00 PM,At Intersection (intersection related),18,"MOTOR VEHICLE STRUCK PEDALCYCLIST, FRONT END AT ANGLE",,N,Raining,Wet,Dark - Street Lights On,,,,6.0,Pedalcyclist Strikes Moving Vehicle,0,0,N,POINT (1272920.548660263 227975.5196454972),6198.0,0.0,Raining
208295,314813,316313,3813202,Matched,Intersection,28221.0,10TH AVE E AND E MILLER ST,,,2,Injury Collision,Cycles,2,0,1,1,1,0,0,2019-02-26T00:00:00.000Z,2/26/2019 3:40:00 PM,At Intersection (intersection related),51,PEDALCYCLIST STRUCK MOTOR VEHICLE FRONT END AT ANGLE,Y,N,Clear or Partly Cloudy,Dry,Daylight,,,,6.0,Pedalcyclist Strikes Moving Vehicle,0,0,N,POINT (1273932.374837309 237486.8123272359),2294.0,0.0,Clear or Partly Cloudy
208320,317555,319055,3547980,Matched,Intersection,30148.0,22ND AVE AND E UNION ST,,,2,Injury Collision,Cycles,2,0,1,1,1,0,0,2019-04-15T00:00:00.000Z,4/15/2019 8:52:00 PM,At Intersection (intersection related),51,PEDALCYCLIST STRUCK MOTOR VEHICLE FRONT END AT ANGLE,Y,N,Overcast,Dry,Dark - Street Lights On,,,,5.0,Vehicle Strikes Pedalcyclist,9359,0,N,POINT (1277782.270009249 227043.597980544),1178.0,0.0,Overcast
208324,317373,318873,E907966,Matched,Intersection,25716.0,ROOSEVELT WAY NE AND NE 62ND ST,,,2,Injury Collision,Cycles,2,0,1,1,1,0,0,2019-04-03T00:00:00.000Z,4/3/2019 7:32:00 PM,At Intersection (intersection related),18,"MOTOR VEHICLE STRUCK PEDALCYCLIST, FRONT END AT ANGLE",,Y,Clear or Partly Cloudy,Dry,Dusk,,,,6.0,Pedalcyclist Strikes Moving Vehicle,0,0,N,POINT (1274821.663286209 249136.9402111769),7288.0,0.0,Clear or Partly Cloudy
208327,317376,318876,E907983,Matched,Intersection,29952.0,4TH AVE AND MADISON ST,,,2,Injury Collision,Cycles,2,0,1,1,1,0,0,2019-04-03T00:00:00.000Z,4/3/2019 7:00:00 PM,At Intersection (intersection related),18,"MOTOR VEHICLE STRUCK PEDALCYCLIST, FRONT END AT ANGLE",,N,Clear or Partly Cloudy,Dry,Daylight,,,,5.0,Vehicle Strikes Pedalcyclist,0,0,N,POINT (1270514.462769806 224686.4807941318),5719.0,0.0,Clear or Partly Cloudy
208364,317729,319229,E909973,Matched,Intersection,27094.0,9TH AVE NE AND NE 42ND ST,,,2,Injury Collision,Cycles,2,1,1,0,1,0,0,2019-04-09T00:00:00.000Z,4/9/2019 5:24:00 PM,At Intersection (intersection related),24,MOTOR VEHCILE STRUCK PEDESTRIAN,,N,Clear or Partly Cloudy,Dry,Dusk,,,,7.0,Pedalcyclist Strikes Pedalcyclist or Pedestrian,0,0,N,POINT (1274357.341237739 243374.6300612688),6079.0,0.0,Clear or Partly Cloudy
208476,317380,318880,3750787,Matched,Block,,CLISE PL W BETWEEN MAGNOLIA BLVD W AND W CROCKETT ST,,,2,Injury Collision,Cycles,2,0,1,1,1,0,0,2019-03-30T00:00:00.000Z,3/30/2019 9:14:00 PM,Mid-Block (not related to intersection),0,NOT ENOUGH INFORMATION / NOT APPLICABLE,,N,Clear or Partly Cloudy,Dry,Dark - Street Lights On,,,,8.0,Pedalcyclist All Other Involvements ONE UNIT - PEDALCYCLIST ONLY or PEDALCYCLIST STR,0,0,Y,POINT (1254711.375265628 236214.6172539443),18923.0,4.92498601424734e-11,Clear or Partly Cloudy
208484,316942,318442,E906629,Matched,Intersection,29862.0,BELLEVUE AVE AND E PINE ST,,,1,Property Damage Only Collision,Cycles,2,0,1,1,0,0,0,2019-03-30T00:00:00.000Z,3/30/2019 2:09:00 PM,At Intersection (intersection related),18,"MOTOR VEHICLE STRUCK PEDALCYCLIST, FRONT END AT ANGLE",,N,Clear or Partly Cloudy,Dry,Daylight,,,,5.0,Vehicle Strikes Pedalcyclist,0,0,N,POINT (1272084.808499411 227986.9833255112),633.0,0.0,Clear or Partly Cloudy
208485,317383,318883,E908165,Matched,Intersection,30125.0,19TH AVE AND E MADISON ST,,,2,Injury Collision,Cycles,2,0,1,1,1,0,0,2019-04-04T00:00:00.000Z,4/4/2019 8:41:00 AM,At Intersection (intersection related),18,"MOTOR VEHICLE STRUCK PEDALCYCLIST, FRONT END AT ANGLE",,N,Clear or Partly Cloudy,Dry,Daylight,,,,6.0,Pedalcyclist Strikes Moving Vehicle,0,0,N,POINT (1276878.160696328 228447.1312939823),127.0,0.0,Clear or Partly Cloudy
208584,318994,320494,E920772,Matched,Intersection,30355.0,2ND AVE AND CHERRY ST,,,2,Injury Collision,Cycles,2,0,1,1,1,0,0,2019-05-14T00:00:00.000Z,5/14/2019 11:17:00 AM,At Intersection (intersection related),18,"MOTOR VEHICLE STRUCK PEDALCYCLIST, FRONT END AT ANGLE",,N,Overcast,Wet,Daylight,,,,6.0,Pedalcyclist Strikes Moving Vehicle,0,0,N,POINT (1270427.74891372 223568.6895609945),2488.0,0.0,Overcast
208588,319329,320829,E923953,Matched,Intersection,24066.0,3RD AVE NW AND NW 77TH ST,,,2b,Serious Injury Collision,Cycles,2,0,1,1,1,1,0,2019-05-22T00:00:00.000Z,5/22/2019 2:55:00 PM,At Intersection (intersection related),18,"MOTOR VEHICLE STRUCK PEDALCYCLIST, FRONT END AT ANGLE",,N,Clear or Partly Cloudy,Dry,Daylight,,,,6.0,Pedalcyclist Strikes Moving Vehicle,0,0,N,POINT (1264241.256491378 253504.867255643),2724.0,0.0,Clear or Partly Cloudy
208589,318993,320493,3795936,Matched,Block,,11TH AVE BETWEEN E UNION ST AND E PIKE ST,,,2,Injury Collision,Cycles,2,0,1,1,1,0,0,2019-05-11T00:00:00.000Z,5/11/2019 9:59:00 AM,Mid-Block (not related to intersection),51,PEDALCYCLIST STRUCK MOTOR VEHICLE FRONT END AT ANGLE,,N,Clear or Partly Cloudy,Dry,Daylight,,,,5.0,Vehicle Strikes Pedalcyclist,0,0,N,POINT (1274211.425333589 227323.1737888306),15313.0,1.8297934042234045e-05,Clear or Partly Cloudy